person,direction,angle,yaw,illumination,filename,path,experiment,split,training_condition,abs_yaw,pose_group,yaw_status_for_model_b
person001,frontal,0,0,1,frontal_01.png,E:\Thesis\Dataset\correct_angle_all\person001\frontal\frontal_01.png,Model_A,train,frontal_only,0,frontal,seen_training_pose
person001,frontal,0,0,4,frontal_04.png,E:\Thesis\Dataset\correct_angle_all\person001\frontal\frontal_04.png,Model_A,train,frontal_only,0,frontal,seen_training_pose
person001,frontal,0,0,6,frontal_06.png,E:\Thesis\Dataset\correct_angle_all\person001\frontal\frontal_06.png,Model_A,train,frontal_only,0,frontal,seen_training_pose
person001,frontal,0,0,7,frontal_07.png,E:\Thesis\Dataset\correct_angle_all\person001\frontal\frontal_07.png,Model_A,train,frontal_only,0,frontal,seen_training_pose
person001,frontal,0,0,8,frontal_08.png,E:\Thesis\Dataset\correct_angle_all\person001\frontal\frontal_08.png,Model_A,train,frontal_only,0,frontal,seen_training_pose
person001,frontal,0,0,10,frontal_10.png,E:\Thesis\Dataset\correct_angle_all\person001\frontal\frontal_10.png,Model_A,train,frontal_only,0,frontal,seen_training_pose
person001,frontal,0,0,11,frontal_11.png,E:\Thesis\Dataset\correct_angle_all\person001\frontal\frontal_11.png,Model_A,train,frontal_only,0,frontal,seen_training_pose
person001,frontal,0,0,13,frontal_13.png,E:\Thesis\Dataset\correct_angle_all\person001\frontal\frontal_13.png,Model_A,train,frontal_only,0,frontal,seen_training_pose
person001,frontal,0,0,15,frontal_15.png,E:\Thesis\Dataset\correct_angle_all\person001\frontal\frontal_15.png,Model_A,train,frontal_only,0,frontal,seen_training_pose
person001,frontal,0,0,16,frontal_16.png,E:\Thesis\Dataset\correct_angle_all\person001\frontal\frontal_16.png,Model_A,train,frontal_only,0,frontal,seen_training_pose
person001,frontal,0,0,17,frontal_17.png,E:\Thesis\Dataset\correct_angle_all\person001\frontal\frontal_17.png,Model_A,train,frontal_only,0,frontal,seen_training_pose
person001,frontal,0,0,20,frontal_20.png,E:\Thesis\Dataset\correct_angle_all\person001\frontal\frontal_20.png,Model_A,train,frontal_only,0,frontal,seen_training_pose
person002,frontal,0,0,1,frontal_01.png,E:\Thesis\Dataset\correct_angle_all\person002\frontal\frontal_01.png,Model_A,train,frontal_only,0,frontal,seen_training_pose
person002,frontal,0,0,4,frontal_04.png,E:\Thesis\Dataset\correct_angle_all\person002\frontal\frontal_04.png,Model_A,train,frontal_only,0,frontal,seen_training_pose
person002,frontal,0,0,6,frontal_06.png,E:\Thesis\Dataset\correct_angle_all\person002\frontal\frontal_06.png,Model_A,train,frontal_only,0,frontal,seen_training_pose
person002,frontal,0,0,7,frontal_07.png,E:\Thesis\Dataset\correct_angle_all\person002\frontal\frontal_07.png,Model_A,train,frontal_only,0,frontal,seen_training_pose
person002,frontal,0,0,8,frontal_08.png,E:\Thesis\Dataset\correct_angle_all\person002\frontal\frontal_08.png,Model_A,train,frontal_only,0,frontal,seen_training_pose
person002,frontal,0,0,10,frontal_10.png,E:\Thesis\Dataset\correct_angle_all\person002\frontal\frontal_10.png,Model_A,train,frontal_only,0,frontal,seen_training_pose
person002,frontal,0,0,11,frontal_11.png,E:\Thesis\Dataset\correct_angle_all\person002\frontal\frontal_11.png,Model_A,train,frontal_only,0,frontal,seen_training_pose
person002,frontal,0,0,13,frontal_13.png,E:\Thesis\Dataset\correct_angle_all\person002\frontal\frontal_13.png,Model_A,train,frontal_only,0,frontal,seen_training_pose
person002,frontal,0,0,15,frontal_15.png,E:\Thesis\Dataset\correct_angle_all\person002\frontal\frontal_15.png,Model_A,train,frontal_only,0,frontal,seen_training_pose
person002,frontal,0,0,16,frontal_16.png,E:\Thesis\Dataset\correct_angle_all\person002\frontal\frontal_16.png,Model_A,train,frontal_only,0,frontal,seen_training_pose
person002,frontal,0,0,17,frontal_17.png,E:\Thesis\Dataset\correct_angle_all\person002\frontal\frontal_17.png,Model_A,train,frontal_only,0,frontal,seen_training_pose
person002,frontal,0,0,20,frontal_20.png,E:\Thesis\Dataset\correct_angle_all\person002\frontal\frontal_20.png,Model_A,train,frontal_only,0,frontal,seen_training_pose
person003,frontal,0,0,1,frontal_01.png,E:\Thesis\Dataset\correct_angle_all\person003\frontal\frontal_01.png,Model_A,train,frontal_only,0,frontal,seen_training_pose
person003,frontal,0,0,4,frontal_04.png,E:\Thesis\Dataset\correct_angle_all\person003\frontal\frontal_04.png,Model_A,train,frontal_only,0,frontal,seen_training_pose
person003,frontal,0,0,6,frontal_06.png,E:\Thesis\Dataset\correct_angle_all\person003\frontal\frontal_06.png,Model_A,train,frontal_only,0,frontal,seen_training_pose
person003,frontal,0,0,7,frontal_07.png,E:\Thesis\Dataset\correct_angle_all\person003\frontal\frontal_07.png,Model_A,train,frontal_only,0,frontal,seen_training_pose
person003,frontal,0,0,8,frontal_08.png,E:\Thesis\Dataset\correct_angle_all\person003\frontal\frontal_08.png,Model_A,train,frontal_only,0,frontal,seen_training_pose
person003,frontal,0,0,10,frontal_10.png,E:\Thesis\Dataset\correct_angle_all\person003\frontal\frontal_10.png,Model_A,train,frontal_only,0,frontal,seen_training_pose
person003,frontal,0,0,11,frontal_11.png,E:\Thesis\Dataset\correct_angle_all\person003\frontal\frontal_11.png,Model_A,train,frontal_only,0,frontal,seen_training_pose
person003,frontal,0,0,13,frontal_13.png,E:\Thesis\Dataset\correct_angle_all\person003\frontal\frontal_13.png,Model_A,train,frontal_only,0,frontal,seen_training_pose
person003,frontal,0,0,15,frontal_15.png,E:\Thesis\Dataset\correct_angle_all\person003\frontal\frontal_15.png,Model_A,train,frontal_only,0,frontal,seen_training_pose
person003,frontal,0,0,16,frontal_16.png,E:\Thesis\Dataset\correct_angle_all\person003\frontal\frontal_16.png,Model_A,train,frontal_only,0,frontal,seen_training_pose
person003,frontal,0,0,17,frontal_17.png,E:\Thesis\Dataset\correct_angle_all\person003\frontal\frontal_17.png,Model_A,train,frontal_only,0,frontal,seen_training_pose
person003,frontal,0,0,20,frontal_20.png,E:\Thesis\Dataset\correct_angle_all\person003\frontal\frontal_20.png,Model_A,train,frontal_only,0,frontal,seen_training_pose
person004,frontal,0,0,1,frontal_01.png,E:\Thesis\Dataset\correct_angle_all\person004\frontal\frontal_01.png,Model_A,train,frontal_only,0,frontal,seen_training_pose
person004,frontal,0,0,4,frontal_04.png,E:\Thesis\Dataset\correct_angle_all\person004\frontal\frontal_04.png,Model_A,train,frontal_only,0,frontal,seen_training_pose
person004,frontal,0,0,6,frontal_06.png,E:\Thesis\Dataset\correct_angle_all\person004\frontal\frontal_06.png,Model_A,train,frontal_only,0,frontal,seen_training_pose
person004,frontal,0,0,7,frontal_07.png,E:\Thesis\Dataset\correct_angle_all\person004\frontal\frontal_07.png,Model_A,train,frontal_only,0,frontal,seen_training_pose
person004,frontal,0,0,8,frontal_08.png,E:\Thesis\Dataset\correct_angle_all\person004\frontal\frontal_08.png,Model_A,train,frontal_only,0,frontal,seen_training_pose
person004,frontal,0,0,10,frontal_10.png,E:\Thesis\Dataset\correct_angle_all\person004\frontal\frontal_10.png,Model_A,train,frontal_only,0,frontal,seen_training_pose
person004,frontal,0,0,11,frontal_11.png,E:\Thesis\Dataset\correct_angle_all\person004\frontal\frontal_11.png,Model_A,train,frontal_only,0,frontal,seen_training_pose
person004,frontal,0,0,13,frontal_13.png,E:\Thesis\Dataset\correct_angle_all\person004\frontal\frontal_13.png,Model_A,train,frontal_only,0,frontal,seen_training_pose
person004,frontal,0,0,15,frontal_15.png,E:\Thesis\Dataset\correct_angle_all\person004\frontal\frontal_15.png,Model_A,train,frontal_only,0,frontal,seen_training_pose
person004,frontal,0,0,16,frontal_16.png,E:\Thesis\Dataset\correct_angle_all\person004\frontal\frontal_16.png,Model_A,train,frontal_only,0,frontal,seen_training_pose
person004,frontal,0,0,17,frontal_17.png,E:\Thesis\Dataset\correct_angle_all\person004\frontal\frontal_17.png,Model_A,train,frontal_only,0,frontal,seen_training_pose
person004,frontal,0,0,20,frontal_20.png,E:\Thesis\Dataset\correct_angle_all\person004\frontal\frontal_20.png,Model_A,train,frontal_only,0,frontal,seen_training_pose
person005,frontal,0,0,1,frontal_01.png,E:\Thesis\Dataset\correct_angle_all\person005\frontal\frontal_01.png,Model_A,train,frontal_only,0,frontal,seen_training_pose
person005,frontal,0,0,4,frontal_04.png,E:\Thesis\Dataset\correct_angle_all\person005\frontal\frontal_04.png,Model_A,train,frontal_only,0,frontal,seen_training_pose
person005,frontal,0,0,6,frontal_06.png,E:\Thesis\Dataset\correct_angle_all\person005\frontal\frontal_06.png,Model_A,train,frontal_only,0,frontal,seen_training_pose
person005,frontal,0,0,7,frontal_07.png,E:\Thesis\Dataset\correct_angle_all\person005\frontal\frontal_07.png,Model_A,train,frontal_only,0,frontal,seen_training_pose
person005,frontal,0,0,8,frontal_08.png,E:\Thesis\Dataset\correct_angle_all\person005\frontal\frontal_08.png,Model_A,train,frontal_only,0,frontal,seen_training_pose
person005,frontal,0,0,10,frontal_10.png,E:\Thesis\Dataset\correct_angle_all\person005\frontal\frontal_10.png,Model_A,train,frontal_only,0,frontal,seen_training_pose
person005,frontal,0,0,11,frontal_11.png,E:\Thesis\Dataset\correct_angle_all\person005\frontal\frontal_11.png,Model_A,train,frontal_only,0,frontal,seen_training_pose
person005,frontal,0,0,13,frontal_13.png,E:\Thesis\Dataset\correct_angle_all\person005\frontal\frontal_13.png,Model_A,train,frontal_only,0,frontal,seen_training_pose
person005,frontal,0,0,15,frontal_15.png,E:\Thesis\Dataset\correct_angle_all\person005\frontal\frontal_15.png,Model_A,train,frontal_only,0,frontal,seen_training_pose
person005,frontal,0,0,16,frontal_16.png,E:\Thesis\Dataset\correct_angle_all\person005\frontal\frontal_16.png,Model_A,train,frontal_only,0,frontal,seen_training_pose
person005,frontal,0,0,17,frontal_17.png,E:\Thesis\Dataset\correct_angle_all\person005\frontal\frontal_17.png,Model_A,train,frontal_only,0,frontal,seen_training_pose
person005,frontal,0,0,20,frontal_20.png,E:\Thesis\Dataset\correct_angle_all\person005\frontal\frontal_20.png,Model_A,train,frontal_only,0,frontal,seen_training_pose
person006,frontal,0,0,1,frontal_01.png,E:\Thesis\Dataset\correct_angle_all\person006\frontal\frontal_01.png,Model_A,train,frontal_only,0,frontal,seen_training_pose
person006,frontal,0,0,4,frontal_04.png,E:\Thesis\Dataset\correct_angle_all\person006\frontal\frontal_04.png,Model_A,train,frontal_only,0,frontal,seen_training_pose
person006,frontal,0,0,6,frontal_06.png,E:\Thesis\Dataset\correct_angle_all\person006\frontal\frontal_06.png,Model_A,train,frontal_only,0,frontal,seen_training_pose
person006,frontal,0,0,7,frontal_07.png,E:\Thesis\Dataset\correct_angle_all\person006\frontal\frontal_07.png,Model_A,train,frontal_only,0,frontal,seen_training_pose
person006,frontal,0,0,8,frontal_08.png,E:\Thesis\Dataset\correct_angle_all\person006\frontal\frontal_08.png,Model_A,train,frontal_only,0,frontal,seen_training_pose
person006,frontal,0,0,10,frontal_10.png,E:\Thesis\Dataset\correct_angle_all\person006\frontal\frontal_10.png,Model_A,train,frontal_only,0,frontal,seen_training_pose
person006,frontal,0,0,11,frontal_11.png,E:\Thesis\Dataset\correct_angle_all\person006\frontal\frontal_11.png,Model_A,train,frontal_only,0,frontal,seen_training_pose
person006,frontal,0,0,13,frontal_13.png,E:\Thesis\Dataset\correct_angle_all\person006\frontal\frontal_13.png,Model_A,train,frontal_only,0,frontal,seen_training_pose
person006,frontal,0,0,15,frontal_15.png,E:\Thesis\Dataset\correct_angle_all\person006\frontal\frontal_15.png,Model_A,train,frontal_only,0,frontal,seen_training_pose
person006,frontal,0,0,16,frontal_16.png,E:\Thesis\Dataset\correct_angle_all\person006\frontal\frontal_16.png,Model_A,train,frontal_only,0,frontal,seen_training_pose
person006,frontal,0,0,17,frontal_17.png,E:\Thesis\Dataset\correct_angle_all\person006\frontal\frontal_17.png,Model_A,train,frontal_only,0,frontal,seen_training_pose
person006,frontal,0,0,20,frontal_20.png,E:\Thesis\Dataset\correct_angle_all\person006\frontal\frontal_20.png,Model_A,train,frontal_only,0,frontal,seen_training_pose
person007,frontal,0,0,1,frontal_01.png,E:\Thesis\Dataset\correct_angle_all\person007\frontal\frontal_01.png,Model_A,train,frontal_only,0,frontal,seen_training_pose
person007,frontal,0,0,4,frontal_04.png,E:\Thesis\Dataset\correct_angle_all\person007\frontal\frontal_04.png,Model_A,train,frontal_only,0,frontal,seen_training_pose
person007,frontal,0,0,6,frontal_06.png,E:\Thesis\Dataset\correct_angle_all\person007\frontal\frontal_06.png,Model_A,train,frontal_only,0,frontal,seen_training_pose
person007,frontal,0,0,7,frontal_07.png,E:\Thesis\Dataset\correct_angle_all\person007\frontal\frontal_07.png,Model_A,train,frontal_only,0,frontal,seen_training_pose
person007,frontal,0,0,8,frontal_08.png,E:\Thesis\Dataset\correct_angle_all\person007\frontal\frontal_08.png,Model_A,train,frontal_only,0,frontal,seen_training_pose
person007,frontal,0,0,10,frontal_10.png,E:\Thesis\Dataset\correct_angle_all\person007\frontal\frontal_10.png,Model_A,train,frontal_only,0,frontal,seen_training_pose
person007,frontal,0,0,11,frontal_11.png,E:\Thesis\Dataset\correct_angle_all\person007\frontal\frontal_11.png,Model_A,train,frontal_only,0,frontal,seen_training_pose
person007,frontal,0,0,13,frontal_13.png,E:\Thesis\Dataset\correct_angle_all\person007\frontal\frontal_13.png,Model_A,train,frontal_only,0,frontal,seen_training_pose
person007,frontal,0,0,15,frontal_15.png,E:\Thesis\Dataset\correct_angle_all\person007\frontal\frontal_15.png,Model_A,train,frontal_only,0,frontal,seen_training_pose
person007,frontal,0,0,16,frontal_16.png,E:\Thesis\Dataset\correct_angle_all\person007\frontal\frontal_16.png,Model_A,train,frontal_only,0,frontal,seen_training_pose
person007,frontal,0,0,17,frontal_17.png,E:\Thesis\Dataset\correct_angle_all\person007\frontal\frontal_17.png,Model_A,train,frontal_only,0,frontal,seen_training_pose
person007,frontal,0,0,20,frontal_20.png,E:\Thesis\Dataset\correct_angle_all\person007\frontal\frontal_20.png,Model_A,train,frontal_only,0,frontal,seen_training_pose
person008,frontal,0,0,1,frontal_01.png,E:\Thesis\Dataset\correct_angle_all\person008\frontal\frontal_01.png,Model_A,train,frontal_only,0,frontal,seen_training_pose
person008,frontal,0,0,4,frontal_04.png,E:\Thesis\Dataset\correct_angle_all\person008\frontal\frontal_04.png,Model_A,train,frontal_only,0,frontal,seen_training_pose
person008,frontal,0,0,6,frontal_06.png,E:\Thesis\Dataset\correct_angle_all\person008\frontal\frontal_06.png,Model_A,train,frontal_only,0,frontal,seen_training_pose
person008,frontal,0,0,7,frontal_07.png,E:\Thesis\Dataset\correct_angle_all\person008\frontal\frontal_07.png,Model_A,train,frontal_only,0,frontal,seen_training_pose
person008,frontal,0,0,8,frontal_08.png,E:\Thesis\Dataset\correct_angle_all\person008\frontal\frontal_08.png,Model_A,train,frontal_only,0,frontal,seen_training_pose
person008,frontal,0,0,10,frontal_10.png,E:\Thesis\Dataset\correct_angle_all\person008\frontal\frontal_10.png,Model_A,train,frontal_only,0,frontal,seen_training_pose
person008,frontal,0,0,11,frontal_11.png,E:\Thesis\Dataset\correct_angle_all\person008\frontal\frontal_11.png,Model_A,train,frontal_only,0,frontal,seen_training_pose
person008,frontal,0,0,13,frontal_13.png,E:\Thesis\Dataset\correct_angle_all\person008\frontal\frontal_13.png,Model_A,train,frontal_only,0,frontal,seen_training_pose
person008,frontal,0,0,15,frontal_15.png,E:\Thesis\Dataset\correct_angle_all\person008\frontal\frontal_15.png,Model_A,train,frontal_only,0,frontal,seen_training_pose
person008,frontal,0,0,16,frontal_16.png,E:\Thesis\Dataset\correct_angle_all\person008\frontal\frontal_16.png,Model_A,train,frontal_only,0,frontal,seen_training_pose
person008,frontal,0,0,17,frontal_17.png,E:\Thesis\Dataset\correct_angle_all\person008\frontal\frontal_17.png,Model_A,train,frontal_only,0,frontal,seen_training_pose
person008,frontal,0,0,20,frontal_20.png,E:\Thesis\Dataset\correct_angle_all\person008\frontal\frontal_20.png,Model_A,train,frontal_only,0,frontal,seen_training_pose
person009,frontal,0,0,1,frontal_01.png,E:\Thesis\Dataset\correct_angle_all\person009\frontal\frontal_01.png,Model_A,train,frontal_only,0,frontal,seen_training_pose
person009,frontal,0,0,4,frontal_04.png,E:\Thesis\Dataset\correct_angle_all\person009\frontal\frontal_04.png,Model_A,train,frontal_only,0,frontal,seen_training_pose
person009,frontal,0,0,6,frontal_06.png,E:\Thesis\Dataset\correct_angle_all\person009\frontal\frontal_06.png,Model_A,train,frontal_only,0,frontal,seen_training_pose
person009,frontal,0,0,7,frontal_07.png,E:\Thesis\Dataset\correct_angle_all\person009\frontal\frontal_07.png,Model_A,train,frontal_only,0,frontal,seen_training_pose
person009,frontal,0,0,8,frontal_08.png,E:\Thesis\Dataset\correct_angle_all\person009\frontal\frontal_08.png,Model_A,train,frontal_only,0,frontal,seen_training_pose
person009,frontal,0,0,10,frontal_10.png,E:\Thesis\Dataset\correct_angle_all\person009\frontal\frontal_10.png,Model_A,train,frontal_only,0,frontal,seen_training_pose
person009,frontal,0,0,11,frontal_11.png,E:\Thesis\Dataset\correct_angle_all\person009\frontal\frontal_11.png,Model_A,train,frontal_only,0,frontal,seen_training_pose
person009,frontal,0,0,13,frontal_13.png,E:\Thesis\Dataset\correct_angle_all\person009\frontal\frontal_13.png,Model_A,train,frontal_only,0,frontal,seen_training_pose
person009,frontal,0,0,15,frontal_15.png,E:\Thesis\Dataset\correct_angle_all\person009\frontal\frontal_15.png,Model_A,train,frontal_only,0,frontal,seen_training_pose
person009,frontal,0,0,16,frontal_16.png,E:\Thesis\Dataset\correct_angle_all\person009\frontal\frontal_16.png,Model_A,train,frontal_only,0,frontal,seen_training_pose
person009,frontal,0,0,17,frontal_17.png,E:\Thesis\Dataset\correct_angle_all\person009\frontal\frontal_17.png,Model_A,train,frontal_only,0,frontal,seen_training_pose
person009,frontal,0,0,20,frontal_20.png,E:\Thesis\Dataset\correct_angle_all\person009\frontal\frontal_20.png,Model_A,train,frontal_only,0,frontal,seen_training_pose
person010,frontal,0,0,1,frontal_01.png,E:\Thesis\Dataset\correct_angle_all\person010\frontal\frontal_01.png,Model_A,train,frontal_only,0,frontal,seen_training_pose
person010,frontal,0,0,4,frontal_04.png,E:\Thesis\Dataset\correct_angle_all\person010\frontal\frontal_04.png,Model_A,train,frontal_only,0,frontal,seen_training_pose
person010,frontal,0,0,6,frontal_06.png,E:\Thesis\Dataset\correct_angle_all\person010\frontal\frontal_06.png,Model_A,train,frontal_only,0,frontal,seen_training_pose
person010,frontal,0,0,7,frontal_07.png,E:\Thesis\Dataset\correct_angle_all\person010\frontal\frontal_07.png,Model_A,train,frontal_only,0,frontal,seen_training_pose
person010,frontal,0,0,8,frontal_08.png,E:\Thesis\Dataset\correct_angle_all\person010\frontal\frontal_08.png,Model_A,train,frontal_only,0,frontal,seen_training_pose
person010,frontal,0,0,10,frontal_10.png,E:\Thesis\Dataset\correct_angle_all\person010\frontal\frontal_10.png,Model_A,train,frontal_only,0,frontal,seen_training_pose
person010,frontal,0,0,11,frontal_11.png,E:\Thesis\Dataset\correct_angle_all\person010\frontal\frontal_11.png,Model_A,train,frontal_only,0,frontal,seen_training_pose
person010,frontal,0,0,13,frontal_13.png,E:\Thesis\Dataset\correct_angle_all\person010\frontal\frontal_13.png,Model_A,train,frontal_only,0,frontal,seen_training_pose
person010,frontal,0,0,15,frontal_15.png,E:\Thesis\Dataset\correct_angle_all\person010\frontal\frontal_15.png,Model_A,train,frontal_only,0,frontal,seen_training_pose
person010,frontal,0,0,16,frontal_16.png,E:\Thesis\Dataset\correct_angle_all\person010\frontal\frontal_16.png,Model_A,train,frontal_only,0,frontal,seen_training_pose
person010,frontal,0,0,17,frontal_17.png,E:\Thesis\Dataset\correct_angle_all\person010\frontal\frontal_17.png,Model_A,train,frontal_only,0,frontal,seen_training_pose
person010,frontal,0,0,20,frontal_20.png,E:\Thesis\Dataset\correct_angle_all\person010\frontal\frontal_20.png,Model_A,train,frontal_only,0,frontal,seen_training_pose
person011,frontal,0,0,1,frontal_01.png,E:\Thesis\Dataset\correct_angle_all\person011\frontal\frontal_01.png,Model_A,train,frontal_only,0,frontal,seen_training_pose
person011,frontal,0,0,4,frontal_04.png,E:\Thesis\Dataset\correct_angle_all\person011\frontal\frontal_04.png,Model_A,train,frontal_only,0,frontal,seen_training_pose
person011,frontal,0,0,6,frontal_06.png,E:\Thesis\Dataset\correct_angle_all\person011\frontal\frontal_06.png,Model_A,train,frontal_only,0,frontal,seen_training_pose
person011,frontal,0,0,7,frontal_07.png,E:\Thesis\Dataset\correct_angle_all\person011\frontal\frontal_07.png,Model_A,train,frontal_only,0,frontal,seen_training_pose
person011,frontal,0,0,8,frontal_08.png,E:\Thesis\Dataset\correct_angle_all\person011\frontal\frontal_08.png,Model_A,train,frontal_only,0,frontal,seen_training_pose
person011,frontal,0,0,10,frontal_10.png,E:\Thesis\Dataset\correct_angle_all\person011\frontal\frontal_10.png,Model_A,train,frontal_only,0,frontal,seen_training_pose
person011,frontal,0,0,11,frontal_11.png,E:\Thesis\Dataset\correct_angle_all\person011\frontal\frontal_11.png,Model_A,train,frontal_only,0,frontal,seen_training_pose
person011,frontal,0,0,13,frontal_13.png,E:\Thesis\Dataset\correct_angle_all\person011\frontal\frontal_13.png,Model_A,train,frontal_only,0,frontal,seen_training_pose
person011,frontal,0,0,15,frontal_15.png,E:\Thesis\Dataset\correct_angle_all\person011\frontal\frontal_15.png,Model_A,train,frontal_only,0,frontal,seen_training_pose
person011,frontal,0,0,16,frontal_16.png,E:\Thesis\Dataset\correct_angle_all\person011\frontal\frontal_16.png,Model_A,train,frontal_only,0,frontal,seen_training_pose
person011,frontal,0,0,17,frontal_17.png,E:\Thesis\Dataset\correct_angle_all\person011\frontal\frontal_17.png,Model_A,train,frontal_only,0,frontal,seen_training_pose
person011,frontal,0,0,20,frontal_20.png,E:\Thesis\Dataset\correct_angle_all\person011\frontal\frontal_20.png,Model_A,train,frontal_only,0,frontal,seen_training_pose
person012,frontal,0,0,1,frontal_01.png,E:\Thesis\Dataset\correct_angle_all\person012\frontal\frontal_01.png,Model_A,train,frontal_only,0,frontal,seen_training_pose
person012,frontal,0,0,4,frontal_04.png,E:\Thesis\Dataset\correct_angle_all\person012\frontal\frontal_04.png,Model_A,train,frontal_only,0,frontal,seen_training_pose
person012,frontal,0,0,6,frontal_06.png,E:\Thesis\Dataset\correct_angle_all\person012\frontal\frontal_06.png,Model_A,train,frontal_only,0,frontal,seen_training_pose
person012,frontal,0,0,7,frontal_07.png,E:\Thesis\Dataset\correct_angle_all\person012\frontal\frontal_07.png,Model_A,train,frontal_only,0,frontal,seen_training_pose
person012,frontal,0,0,8,frontal_08.png,E:\Thesis\Dataset\correct_angle_all\person012\frontal\frontal_08.png,Model_A,train,frontal_only,0,frontal,seen_training_pose
person012,frontal,0,0,10,frontal_10.png,E:\Thesis\Dataset\correct_angle_all\person012\frontal\frontal_10.png,Model_A,train,frontal_only,0,frontal,seen_training_pose
person012,frontal,0,0,11,frontal_11.png,E:\Thesis\Dataset\correct_angle_all\person012\frontal\frontal_11.png,Model_A,train,frontal_only,0,frontal,seen_training_pose
person012,frontal,0,0,13,frontal_13.png,E:\Thesis\Dataset\correct_angle_all\person012\frontal\frontal_13.png,Model_A,train,frontal_only,0,frontal,seen_training_pose
person012,frontal,0,0,15,frontal_15.png,E:\Thesis\Dataset\correct_angle_all\person012\frontal\frontal_15.png,Model_A,train,frontal_only,0,frontal,seen_training_pose
person012,frontal,0,0,16,frontal_16.png,E:\Thesis\Dataset\correct_angle_all\person012\frontal\frontal_16.png,Model_A,train,frontal_only,0,frontal,seen_training_pose
person012,frontal,0,0,17,frontal_17.png,E:\Thesis\Dataset\correct_angle_all\person012\frontal\frontal_17.png,Model_A,train,frontal_only,0,frontal,seen_training_pose
person012,frontal,0,0,20,frontal_20.png,E:\Thesis\Dataset\correct_angle_all\person012\frontal\frontal_20.png,Model_A,train,frontal_only,0,frontal,seen_training_pose
person013,frontal,0,0,1,frontal_01.png,E:\Thesis\Dataset\correct_angle_all\person013\frontal\frontal_01.png,Model_A,train,frontal_only,0,frontal,seen_training_pose
person013,frontal,0,0,4,frontal_04.png,E:\Thesis\Dataset\correct_angle_all\person013\frontal\frontal_04.png,Model_A,train,frontal_only,0,frontal,seen_training_pose
person013,frontal,0,0,6,frontal_06.png,E:\Thesis\Dataset\correct_angle_all\person013\frontal\frontal_06.png,Model_A,train,frontal_only,0,frontal,seen_training_pose
person013,frontal,0,0,7,frontal_07.png,E:\Thesis\Dataset\correct_angle_all\person013\frontal\frontal_07.png,Model_A,train,frontal_only,0,frontal,seen_training_pose
person013,frontal,0,0,8,frontal_08.png,E:\Thesis\Dataset\correct_angle_all\person013\frontal\frontal_08.png,Model_A,train,frontal_only,0,frontal,seen_training_pose
person013,frontal,0,0,10,frontal_10.png,E:\Thesis\Dataset\correct_angle_all\person013\frontal\frontal_10.png,Model_A,train,frontal_only,0,frontal,seen_training_pose
person013,frontal,0,0,11,frontal_11.png,E:\Thesis\Dataset\correct_angle_all\person013\frontal\frontal_11.png,Model_A,train,frontal_only,0,frontal,seen_training_pose
person013,frontal,0,0,13,frontal_13.png,E:\Thesis\Dataset\correct_angle_all\person013\frontal\frontal_13.png,Model_A,train,frontal_only,0,frontal,seen_training_pose
person013,frontal,0,0,15,frontal_15.png,E:\Thesis\Dataset\correct_angle_all\person013\frontal\frontal_15.png,Model_A,train,frontal_only,0,frontal,seen_training_pose
person013,frontal,0,0,16,frontal_16.png,E:\Thesis\Dataset\correct_angle_all\person013\frontal\frontal_16.png,Model_A,train,frontal_only,0,frontal,seen_training_pose
person013,frontal,0,0,17,frontal_17.png,E:\Thesis\Dataset\correct_angle_all\person013\frontal\frontal_17.png,Model_A,train,frontal_only,0,frontal,seen_training_pose
person013,frontal,0,0,20,frontal_20.png,E:\Thesis\Dataset\correct_angle_all\person013\frontal\frontal_20.png,Model_A,train,frontal_only,0,frontal,seen_training_pose
person014,frontal,0,0,1,frontal_01.png,E:\Thesis\Dataset\correct_angle_all\person014\frontal\frontal_01.png,Model_A,train,frontal_only,0,frontal,seen_training_pose
person014,frontal,0,0,4,frontal_04.png,E:\Thesis\Dataset\correct_angle_all\person014\frontal\frontal_04.png,Model_A,train,frontal_only,0,frontal,seen_training_pose
person014,frontal,0,0,6,frontal_06.png,E:\Thesis\Dataset\correct_angle_all\person014\frontal\frontal_06.png,Model_A,train,frontal_only,0,frontal,seen_training_pose
person014,frontal,0,0,7,frontal_07.png,E:\Thesis\Dataset\correct_angle_all\person014\frontal\frontal_07.png,Model_A,train,frontal_only,0,frontal,seen_training_pose
person014,frontal,0,0,8,frontal_08.png,E:\Thesis\Dataset\correct_angle_all\person014\frontal\frontal_08.png,Model_A,train,frontal_only,0,frontal,seen_training_pose
person014,frontal,0,0,10,frontal_10.png,E:\Thesis\Dataset\correct_angle_all\person014\frontal\frontal_10.png,Model_A,train,frontal_only,0,frontal,seen_training_pose
person014,frontal,0,0,11,frontal_11.png,E:\Thesis\Dataset\correct_angle_all\person014\frontal\frontal_11.png,Model_A,train,frontal_only,0,frontal,seen_training_pose
person014,frontal,0,0,13,frontal_13.png,E:\Thesis\Dataset\correct_angle_all\person014\frontal\frontal_13.png,Model_A,train,frontal_only,0,frontal,seen_training_pose
person014,frontal,0,0,15,frontal_15.png,E:\Thesis\Dataset\correct_angle_all\person014\frontal\frontal_15.png,Model_A,train,frontal_only,0,frontal,seen_training_pose
person014,frontal,0,0,16,frontal_16.png,E:\Thesis\Dataset\correct_angle_all\person014\frontal\frontal_16.png,Model_A,train,frontal_only,0,frontal,seen_training_pose
person014,frontal,0,0,17,frontal_17.png,E:\Thesis\Dataset\correct_angle_all\person014\frontal\frontal_17.png,Model_A,train,frontal_only,0,frontal,seen_training_pose
person014,frontal,0,0,20,frontal_20.png,E:\Thesis\Dataset\correct_angle_all\person014\frontal\frontal_20.png,Model_A,train,frontal_only,0,frontal,seen_training_pose
person015,frontal,0,0,1,frontal_01.png,E:\Thesis\Dataset\correct_angle_all\person015\frontal\frontal_01.png,Model_A,train,frontal_only,0,frontal,seen_training_pose
person015,frontal,0,0,4,frontal_04.png,E:\Thesis\Dataset\correct_angle_all\person015\frontal\frontal_04.png,Model_A,train,frontal_only,0,frontal,seen_training_pose
person015,frontal,0,0,6,frontal_06.png,E:\Thesis\Dataset\correct_angle_all\person015\frontal\frontal_06.png,Model_A,train,frontal_only,0,frontal,seen_training_pose
person015,frontal,0,0,7,frontal_07.png,E:\Thesis\Dataset\correct_angle_all\person015\frontal\frontal_07.png,Model_A,train,frontal_only,0,frontal,seen_training_pose
person015,frontal,0,0,8,frontal_08.png,E:\Thesis\Dataset\correct_angle_all\person015\frontal\frontal_08.png,Model_A,train,frontal_only,0,frontal,seen_training_pose
person015,frontal,0,0,10,frontal_10.png,E:\Thesis\Dataset\correct_angle_all\person015\frontal\frontal_10.png,Model_A,train,frontal_only,0,frontal,seen_training_pose
person015,frontal,0,0,11,frontal_11.png,E:\Thesis\Dataset\correct_angle_all\person015\frontal\frontal_11.png,Model_A,train,frontal_only,0,frontal,seen_training_pose
person015,frontal,0,0,13,frontal_13.png,E:\Thesis\Dataset\correct_angle_all\person015\frontal\frontal_13.png,Model_A,train,frontal_only,0,frontal,seen_training_pose
person015,frontal,0,0,15,frontal_15.png,E:\Thesis\Dataset\correct_angle_all\person015\frontal\frontal_15.png,Model_A,train,frontal_only,0,frontal,seen_training_pose
person015,frontal,0,0,16,frontal_16.png,E:\Thesis\Dataset\correct_angle_all\person015\frontal\frontal_16.png,Model_A,train,frontal_only,0,frontal,seen_training_pose
person015,frontal,0,0,17,frontal_17.png,E:\Thesis\Dataset\correct_angle_all\person015\frontal\frontal_17.png,Model_A,train,frontal_only,0,frontal,seen_training_pose
person015,frontal,0,0,20,frontal_20.png,E:\Thesis\Dataset\correct_angle_all\person015\frontal\frontal_20.png,Model_A,train,frontal_only,0,frontal,seen_training_pose
person016,frontal,0,0,1,frontal_01.png,E:\Thesis\Dataset\correct_angle_all\person016\frontal\frontal_01.png,Model_A,train,frontal_only,0,frontal,seen_training_pose
person016,frontal,0,0,4,frontal_04.png,E:\Thesis\Dataset\correct_angle_all\person016\frontal\frontal_04.png,Model_A,train,frontal_only,0,frontal,seen_training_pose
person016,frontal,0,0,6,frontal_06.png,E:\Thesis\Dataset\correct_angle_all\person016\frontal\frontal_06.png,Model_A,train,frontal_only,0,frontal,seen_training_pose
person016,frontal,0,0,7,frontal_07.png,E:\Thesis\Dataset\correct_angle_all\person016\frontal\frontal_07.png,Model_A,train,frontal_only,0,frontal,seen_training_pose
person016,frontal,0,0,8,frontal_08.png,E:\Thesis\Dataset\correct_angle_all\person016\frontal\frontal_08.png,Model_A,train,frontal_only,0,frontal,seen_training_pose
person016,frontal,0,0,10,frontal_10.png,E:\Thesis\Dataset\correct_angle_all\person016\frontal\frontal_10.png,Model_A,train,frontal_only,0,frontal,seen_training_pose
person016,frontal,0,0,11,frontal_11.png,E:\Thesis\Dataset\correct_angle_all\person016\frontal\frontal_11.png,Model_A,train,frontal_only,0,frontal,seen_training_pose
person016,frontal,0,0,13,frontal_13.png,E:\Thesis\Dataset\correct_angle_all\person016\frontal\frontal_13.png,Model_A,train,frontal_only,0,frontal,seen_training_pose
person016,frontal,0,0,15,frontal_15.png,E:\Thesis\Dataset\correct_angle_all\person016\frontal\frontal_15.png,Model_A,train,frontal_only,0,frontal,seen_training_pose
person016,frontal,0,0,16,frontal_16.png,E:\Thesis\Dataset\correct_angle_all\person016\frontal\frontal_16.png,Model_A,train,frontal_only,0,frontal,seen_training_pose
person016,frontal,0,0,17,frontal_17.png,E:\Thesis\Dataset\correct_angle_all\person016\frontal\frontal_17.png,Model_A,train,frontal_only,0,frontal,seen_training_pose
person016,frontal,0,0,20,frontal_20.png,E:\Thesis\Dataset\correct_angle_all\person016\frontal\frontal_20.png,Model_A,train,frontal_only,0,frontal,seen_training_pose
person017,frontal,0,0,1,frontal_01.png,E:\Thesis\Dataset\correct_angle_all\person017\frontal\frontal_01.png,Model_A,train,frontal_only,0,frontal,seen_training_pose
person017,frontal,0,0,4,frontal_04.png,E:\Thesis\Dataset\correct_angle_all\person017\frontal\frontal_04.png,Model_A,train,frontal_only,0,frontal,seen_training_pose
person017,frontal,0,0,6,frontal_06.png,E:\Thesis\Dataset\correct_angle_all\person017\frontal\frontal_06.png,Model_A,train,frontal_only,0,frontal,seen_training_pose
person017,frontal,0,0,7,frontal_07.png,E:\Thesis\Dataset\correct_angle_all\person017\frontal\frontal_07.png,Model_A,train,frontal_only,0,frontal,seen_training_pose
person017,frontal,0,0,8,frontal_08.png,E:\Thesis\Dataset\correct_angle_all\person017\frontal\frontal_08.png,Model_A,train,frontal_only,0,frontal,seen_training_pose
person017,frontal,0,0,10,frontal_10.png,E:\Thesis\Dataset\correct_angle_all\person017\frontal\frontal_10.png,Model_A,train,frontal_only,0,frontal,seen_training_pose
person017,frontal,0,0,11,frontal_11.png,E:\Thesis\Dataset\correct_angle_all\person017\frontal\frontal_11.png,Model_A,train,frontal_only,0,frontal,seen_training_pose
person017,frontal,0,0,13,frontal_13.png,E:\Thesis\Dataset\correct_angle_all\person017\frontal\frontal_13.png,Model_A,train,frontal_only,0,frontal,seen_training_pose
person017,frontal,0,0,15,frontal_15.png,E:\Thesis\Dataset\correct_angle_all\person017\frontal\frontal_15.png,Model_A,train,frontal_only,0,frontal,seen_training_pose
person017,frontal,0,0,16,frontal_16.png,E:\Thesis\Dataset\correct_angle_all\person017\frontal\frontal_16.png,Model_A,train,frontal_only,0,frontal,seen_training_pose
person017,frontal,0,0,17,frontal_17.png,E:\Thesis\Dataset\correct_angle_all\person017\frontal\frontal_17.png,Model_A,train,frontal_only,0,frontal,seen_training_pose
person017,frontal,0,0,20,frontal_20.png,E:\Thesis\Dataset\correct_angle_all\person017\frontal\frontal_20.png,Model_A,train,frontal_only,0,frontal,seen_training_pose
person018,frontal,0,0,1,frontal_01.png,E:\Thesis\Dataset\correct_angle_all\person018\frontal\frontal_01.png,Model_A,train,frontal_only,0,frontal,seen_training_pose
person018,frontal,0,0,4,frontal_04.png,E:\Thesis\Dataset\correct_angle_all\person018\frontal\frontal_04.png,Model_A,train,frontal_only,0,frontal,seen_training_pose
person018,frontal,0,0,6,frontal_06.png,E:\Thesis\Dataset\correct_angle_all\person018\frontal\frontal_06.png,Model_A,train,frontal_only,0,frontal,seen_training_pose
person018,frontal,0,0,7,frontal_07.png,E:\Thesis\Dataset\correct_angle_all\person018\frontal\frontal_07.png,Model_A,train,frontal_only,0,frontal,seen_training_pose
person018,frontal,0,0,8,frontal_08.png,E:\Thesis\Dataset\correct_angle_all\person018\frontal\frontal_08.png,Model_A,train,frontal_only,0,frontal,seen_training_pose
person018,frontal,0,0,10,frontal_10.png,E:\Thesis\Dataset\correct_angle_all\person018\frontal\frontal_10.png,Model_A,train,frontal_only,0,frontal,seen_training_pose
person018,frontal,0,0,11,frontal_11.png,E:\Thesis\Dataset\correct_angle_all\person018\frontal\frontal_11.png,Model_A,train,frontal_only,0,frontal,seen_training_pose
person018,frontal,0,0,13,frontal_13.png,E:\Thesis\Dataset\correct_angle_all\person018\frontal\frontal_13.png,Model_A,train,frontal_only,0,frontal,seen_training_pose
person018,frontal,0,0,15,frontal_15.png,E:\Thesis\Dataset\correct_angle_all\person018\frontal\frontal_15.png,Model_A,train,frontal_only,0,frontal,seen_training_pose
person018,frontal,0,0,16,frontal_16.png,E:\Thesis\Dataset\correct_angle_all\person018\frontal\frontal_16.png,Model_A,train,frontal_only,0,frontal,seen_training_pose
person018,frontal,0,0,17,frontal_17.png,E:\Thesis\Dataset\correct_angle_all\person018\frontal\frontal_17.png,Model_A,train,frontal_only,0,frontal,seen_training_pose
person018,frontal,0,0,20,frontal_20.png,E:\Thesis\Dataset\correct_angle_all\person018\frontal\frontal_20.png,Model_A,train,frontal_only,0,frontal,seen_training_pose
person019,frontal,0,0,1,frontal_01.png,E:\Thesis\Dataset\correct_angle_all\person019\frontal\frontal_01.png,Model_A,train,frontal_only,0,frontal,seen_training_pose
person019,frontal,0,0,4,frontal_04.png,E:\Thesis\Dataset\correct_angle_all\person019\frontal\frontal_04.png,Model_A,train,frontal_only,0,frontal,seen_training_pose
person019,frontal,0,0,6,frontal_06.png,E:\Thesis\Dataset\correct_angle_all\person019\frontal\frontal_06.png,Model_A,train,frontal_only,0,frontal,seen_training_pose
person019,frontal,0,0,7,frontal_07.png,E:\Thesis\Dataset\correct_angle_all\person019\frontal\frontal_07.png,Model_A,train,frontal_only,0,frontal,seen_training_pose
person019,frontal,0,0,8,frontal_08.png,E:\Thesis\Dataset\correct_angle_all\person019\frontal\frontal_08.png,Model_A,train,frontal_only,0,frontal,seen_training_pose
person019,frontal,0,0,10,frontal_10.png,E:\Thesis\Dataset\correct_angle_all\person019\frontal\frontal_10.png,Model_A,train,frontal_only,0,frontal,seen_training_pose
person019,frontal,0,0,11,frontal_11.png,E:\Thesis\Dataset\correct_angle_all\person019\frontal\frontal_11.png,Model_A,train,frontal_only,0,frontal,seen_training_pose
person019,frontal,0,0,13,frontal_13.png,E:\Thesis\Dataset\correct_angle_all\person019\frontal\frontal_13.png,Model_A,train,frontal_only,0,frontal,seen_training_pose
person019,frontal,0,0,15,frontal_15.png,E:\Thesis\Dataset\correct_angle_all\person019\frontal\frontal_15.png,Model_A,train,frontal_only,0,frontal,seen_training_pose
person019,frontal,0,0,16,frontal_16.png,E:\Thesis\Dataset\correct_angle_all\person019\frontal\frontal_16.png,Model_A,train,frontal_only,0,frontal,seen_training_pose
person019,frontal,0,0,17,frontal_17.png,E:\Thesis\Dataset\correct_angle_all\person019\frontal\frontal_17.png,Model_A,train,frontal_only,0,frontal,seen_training_pose
person019,frontal,0,0,20,frontal_20.png,E:\Thesis\Dataset\correct_angle_all\person019\frontal\frontal_20.png,Model_A,train,frontal_only,0,frontal,seen_training_pose
person020,frontal,0,0,1,frontal_01.png,E:\Thesis\Dataset\correct_angle_all\person020\frontal\frontal_01.png,Model_A,train,frontal_only,0,frontal,seen_training_pose
person020,frontal,0,0,4,frontal_04.png,E:\Thesis\Dataset\correct_angle_all\person020\frontal\frontal_04.png,Model_A,train,frontal_only,0,frontal,seen_training_pose
person020,frontal,0,0,6,frontal_06.png,E:\Thesis\Dataset\correct_angle_all\person020\frontal\frontal_06.png,Model_A,train,frontal_only,0,frontal,seen_training_pose
person020,frontal,0,0,7,frontal_07.png,E:\Thesis\Dataset\correct_angle_all\person020\frontal\frontal_07.png,Model_A,train,frontal_only,0,frontal,seen_training_pose
person020,frontal,0,0,8,frontal_08.png,E:\Thesis\Dataset\correct_angle_all\person020\frontal\frontal_08.png,Model_A,train,frontal_only,0,frontal,seen_training_pose
person020,frontal,0,0,10,frontal_10.png,E:\Thesis\Dataset\correct_angle_all\person020\frontal\frontal_10.png,Model_A,train,frontal_only,0,frontal,seen_training_pose
person020,frontal,0,0,11,frontal_11.png,E:\Thesis\Dataset\correct_angle_all\person020\frontal\frontal_11.png,Model_A,train,frontal_only,0,frontal,seen_training_pose
person020,frontal,0,0,13,frontal_13.png,E:\Thesis\Dataset\correct_angle_all\person020\frontal\frontal_13.png,Model_A,train,frontal_only,0,frontal,seen_training_pose
person020,frontal,0,0,15,frontal_15.png,E:\Thesis\Dataset\correct_angle_all\person020\frontal\frontal_15.png,Model_A,train,frontal_only,0,frontal,seen_training_pose
person020,frontal,0,0,16,frontal_16.png,E:\Thesis\Dataset\correct_angle_all\person020\frontal\frontal_16.png,Model_A,train,frontal_only,0,frontal,seen_training_pose
person020,frontal,0,0,17,frontal_17.png,E:\Thesis\Dataset\correct_angle_all\person020\frontal\frontal_17.png,Model_A,train,frontal_only,0,frontal,seen_training_pose
person020,frontal,0,0,20,frontal_20.png,E:\Thesis\Dataset\correct_angle_all\person020\frontal\frontal_20.png,Model_A,train,frontal_only,0,frontal,seen_training_pose
person021,frontal,0,0,1,frontal_01.png,E:\Thesis\Dataset\correct_angle_all\person021\frontal\frontal_01.png,Model_A,train,frontal_only,0,frontal,seen_training_pose
person021,frontal,0,0,4,frontal_04.png,E:\Thesis\Dataset\correct_angle_all\person021\frontal\frontal_04.png,Model_A,train,frontal_only,0,frontal,seen_training_pose
person021,frontal,0,0,6,frontal_06.png,E:\Thesis\Dataset\correct_angle_all\person021\frontal\frontal_06.png,Model_A,train,frontal_only,0,frontal,seen_training_pose
person021,frontal,0,0,7,frontal_07.png,E:\Thesis\Dataset\correct_angle_all\person021\frontal\frontal_07.png,Model_A,train,frontal_only,0,frontal,seen_training_pose
person021,frontal,0,0,8,frontal_08.png,E:\Thesis\Dataset\correct_angle_all\person021\frontal\frontal_08.png,Model_A,train,frontal_only,0,frontal,seen_training_pose
person021,frontal,0,0,10,frontal_10.png,E:\Thesis\Dataset\correct_angle_all\person021\frontal\frontal_10.png,Model_A,train,frontal_only,0,frontal,seen_training_pose
person021,frontal,0,0,11,frontal_11.png,E:\Thesis\Dataset\correct_angle_all\person021\frontal\frontal_11.png,Model_A,train,frontal_only,0,frontal,seen_training_pose
person021,frontal,0,0,13,frontal_13.png,E:\Thesis\Dataset\correct_angle_all\person021\frontal\frontal_13.png,Model_A,train,frontal_only,0,frontal,seen_training_pose
person021,frontal,0,0,15,frontal_15.png,E:\Thesis\Dataset\correct_angle_all\person021\frontal\frontal_15.png,Model_A,train,frontal_only,0,frontal,seen_training_pose
person021,frontal,0,0,16,frontal_16.png,E:\Thesis\Dataset\correct_angle_all\person021\frontal\frontal_16.png,Model_A,train,frontal_only,0,frontal,seen_training_pose
person021,frontal,0,0,17,frontal_17.png,E:\Thesis\Dataset\correct_angle_all\person021\frontal\frontal_17.png,Model_A,train,frontal_only,0,frontal,seen_training_pose
person021,frontal,0,0,20,frontal_20.png,E:\Thesis\Dataset\correct_angle_all\person021\frontal\frontal_20.png,Model_A,train,frontal_only,0,frontal,seen_training_pose
person022,frontal,0,0,1,frontal_01.png,E:\Thesis\Dataset\correct_angle_all\person022\frontal\frontal_01.png,Model_A,train,frontal_only,0,frontal,seen_training_pose
person022,frontal,0,0,4,frontal_04.png,E:\Thesis\Dataset\correct_angle_all\person022\frontal\frontal_04.png,Model_A,train,frontal_only,0,frontal,seen_training_pose
person022,frontal,0,0,6,frontal_06.png,E:\Thesis\Dataset\correct_angle_all\person022\frontal\frontal_06.png,Model_A,train,frontal_only,0,frontal,seen_training_pose
person022,frontal,0,0,7,frontal_07.png,E:\Thesis\Dataset\correct_angle_all\person022\frontal\frontal_07.png,Model_A,train,frontal_only,0,frontal,seen_training_pose
person022,frontal,0,0,8,frontal_08.png,E:\Thesis\Dataset\correct_angle_all\person022\frontal\frontal_08.png,Model_A,train,frontal_only,0,frontal,seen_training_pose
person022,frontal,0,0,10,frontal_10.png,E:\Thesis\Dataset\correct_angle_all\person022\frontal\frontal_10.png,Model_A,train,frontal_only,0,frontal,seen_training_pose
person022,frontal,0,0,11,frontal_11.png,E:\Thesis\Dataset\correct_angle_all\person022\frontal\frontal_11.png,Model_A,train,frontal_only,0,frontal,seen_training_pose
person022,frontal,0,0,13,frontal_13.png,E:\Thesis\Dataset\correct_angle_all\person022\frontal\frontal_13.png,Model_A,train,frontal_only,0,frontal,seen_training_pose
person022,frontal,0,0,15,frontal_15.png,E:\Thesis\Dataset\correct_angle_all\person022\frontal\frontal_15.png,Model_A,train,frontal_only,0,frontal,seen_training_pose
person022,frontal,0,0,16,frontal_16.png,E:\Thesis\Dataset\correct_angle_all\person022\frontal\frontal_16.png,Model_A,train,frontal_only,0,frontal,seen_training_pose
person022,frontal,0,0,17,frontal_17.png,E:\Thesis\Dataset\correct_angle_all\person022\frontal\frontal_17.png,Model_A,train,frontal_only,0,frontal,seen_training_pose
person022,frontal,0,0,20,frontal_20.png,E:\Thesis\Dataset\correct_angle_all\person022\frontal\frontal_20.png,Model_A,train,frontal_only,0,frontal,seen_training_pose
person023,frontal,0,0,1,frontal_01.png,E:\Thesis\Dataset\correct_angle_all\person023\frontal\frontal_01.png,Model_A,train,frontal_only,0,frontal,seen_training_pose
person023,frontal,0,0,4,frontal_04.png,E:\Thesis\Dataset\correct_angle_all\person023\frontal\frontal_04.png,Model_A,train,frontal_only,0,frontal,seen_training_pose
person023,frontal,0,0,6,frontal_06.png,E:\Thesis\Dataset\correct_angle_all\person023\frontal\frontal_06.png,Model_A,train,frontal_only,0,frontal,seen_training_pose
person023,frontal,0,0,7,frontal_07.png,E:\Thesis\Dataset\correct_angle_all\person023\frontal\frontal_07.png,Model_A,train,frontal_only,0,frontal,seen_training_pose
person023,frontal,0,0,8,frontal_08.png,E:\Thesis\Dataset\correct_angle_all\person023\frontal\frontal_08.png,Model_A,train,frontal_only,0,frontal,seen_training_pose
person023,frontal,0,0,10,frontal_10.png,E:\Thesis\Dataset\correct_angle_all\person023\frontal\frontal_10.png,Model_A,train,frontal_only,0,frontal,seen_training_pose
person023,frontal,0,0,11,frontal_11.png,E:\Thesis\Dataset\correct_angle_all\person023\frontal\frontal_11.png,Model_A,train,frontal_only,0,frontal,seen_training_pose
person023,frontal,0,0,13,frontal_13.png,E:\Thesis\Dataset\correct_angle_all\person023\frontal\frontal_13.png,Model_A,train,frontal_only,0,frontal,seen_training_pose
person023,frontal,0,0,15,frontal_15.png,E:\Thesis\Dataset\correct_angle_all\person023\frontal\frontal_15.png,Model_A,train,frontal_only,0,frontal,seen_training_pose
person023,frontal,0,0,16,frontal_16.png,E:\Thesis\Dataset\correct_angle_all\person023\frontal\frontal_16.png,Model_A,train,frontal_only,0,frontal,seen_training_pose
person023,frontal,0,0,17,frontal_17.png,E:\Thesis\Dataset\correct_angle_all\person023\frontal\frontal_17.png,Model_A,train,frontal_only,0,frontal,seen_training_pose
person023,frontal,0,0,20,frontal_20.png,E:\Thesis\Dataset\correct_angle_all\person023\frontal\frontal_20.png,Model_A,train,frontal_only,0,frontal,seen_training_pose
person024,frontal,0,0,1,frontal_01.png,E:\Thesis\Dataset\correct_angle_all\person024\frontal\frontal_01.png,Model_A,train,frontal_only,0,frontal,seen_training_pose
person024,frontal,0,0,4,frontal_04.png,E:\Thesis\Dataset\correct_angle_all\person024\frontal\frontal_04.png,Model_A,train,frontal_only,0,frontal,seen_training_pose
person024,frontal,0,0,6,frontal_06.png,E:\Thesis\Dataset\correct_angle_all\person024\frontal\frontal_06.png,Model_A,train,frontal_only,0,frontal,seen_training_pose
person024,frontal,0,0,7,frontal_07.png,E:\Thesis\Dataset\correct_angle_all\person024\frontal\frontal_07.png,Model_A,train,frontal_only,0,frontal,seen_training_pose
person024,frontal,0,0,8,frontal_08.png,E:\Thesis\Dataset\correct_angle_all\person024\frontal\frontal_08.png,Model_A,train,frontal_only,0,frontal,seen_training_pose
person024,frontal,0,0,10,frontal_10.png,E:\Thesis\Dataset\correct_angle_all\person024\frontal\frontal_10.png,Model_A,train,frontal_only,0,frontal,seen_training_pose
person024,frontal,0,0,11,frontal_11.png,E:\Thesis\Dataset\correct_angle_all\person024\frontal\frontal_11.png,Model_A,train,frontal_only,0,frontal,seen_training_pose
person024,frontal,0,0,13,frontal_13.png,E:\Thesis\Dataset\correct_angle_all\person024\frontal\frontal_13.png,Model_A,train,frontal_only,0,frontal,seen_training_pose
person024,frontal,0,0,15,frontal_15.png,E:\Thesis\Dataset\correct_angle_all\person024\frontal\frontal_15.png,Model_A,train,frontal_only,0,frontal,seen_training_pose
person024,frontal,0,0,16,frontal_16.png,E:\Thesis\Dataset\correct_angle_all\person024\frontal\frontal_16.png,Model_A,train,frontal_only,0,frontal,seen_training_pose
person024,frontal,0,0,17,frontal_17.png,E:\Thesis\Dataset\correct_angle_all\person024\frontal\frontal_17.png,Model_A,train,frontal_only,0,frontal,seen_training_pose
person024,frontal,0,0,20,frontal_20.png,E:\Thesis\Dataset\correct_angle_all\person024\frontal\frontal_20.png,Model_A,train,frontal_only,0,frontal,seen_training_pose
person025,frontal,0,0,1,frontal_01.png,E:\Thesis\Dataset\correct_angle_all\person025\frontal\frontal_01.png,Model_A,train,frontal_only,0,frontal,seen_training_pose
person025,frontal,0,0,4,frontal_04.png,E:\Thesis\Dataset\correct_angle_all\person025\frontal\frontal_04.png,Model_A,train,frontal_only,0,frontal,seen_training_pose
person025,frontal,0,0,6,frontal_06.png,E:\Thesis\Dataset\correct_angle_all\person025\frontal\frontal_06.png,Model_A,train,frontal_only,0,frontal,seen_training_pose
person025,frontal,0,0,7,frontal_07.png,E:\Thesis\Dataset\correct_angle_all\person025\frontal\frontal_07.png,Model_A,train,frontal_only,0,frontal,seen_training_pose
person025,frontal,0,0,8,frontal_08.png,E:\Thesis\Dataset\correct_angle_all\person025\frontal\frontal_08.png,Model_A,train,frontal_only,0,frontal,seen_training_pose
person025,frontal,0,0,10,frontal_10.png,E:\Thesis\Dataset\correct_angle_all\person025\frontal\frontal_10.png,Model_A,train,frontal_only,0,frontal,seen_training_pose
person025,frontal,0,0,11,frontal_11.png,E:\Thesis\Dataset\correct_angle_all\person025\frontal\frontal_11.png,Model_A,train,frontal_only,0,frontal,seen_training_pose
person025,frontal,0,0,13,frontal_13.png,E:\Thesis\Dataset\correct_angle_all\person025\frontal\frontal_13.png,Model_A,train,frontal_only,0,frontal,seen_training_pose
person025,frontal,0,0,15,frontal_15.png,E:\Thesis\Dataset\correct_angle_all\person025\frontal\frontal_15.png,Model_A,train,frontal_only,0,frontal,seen_training_pose
person025,frontal,0,0,16,frontal_16.png,E:\Thesis\Dataset\correct_angle_all\person025\frontal\frontal_16.png,Model_A,train,frontal_only,0,frontal,seen_training_pose
person025,frontal,0,0,17,frontal_17.png,E:\Thesis\Dataset\correct_angle_all\person025\frontal\frontal_17.png,Model_A,train,frontal_only,0,frontal,seen_training_pose
person025,frontal,0,0,20,frontal_20.png,E:\Thesis\Dataset\correct_angle_all\person025\frontal\frontal_20.png,Model_A,train,frontal_only,0,frontal,seen_training_pose
person026,frontal,0,0,1,frontal_01.png,E:\Thesis\Dataset\correct_angle_all\person026\frontal\frontal_01.png,Model_A,train,frontal_only,0,frontal,seen_training_pose
person026,frontal,0,0,4,frontal_04.png,E:\Thesis\Dataset\correct_angle_all\person026\frontal\frontal_04.png,Model_A,train,frontal_only,0,frontal,seen_training_pose
person026,frontal,0,0,6,frontal_06.png,E:\Thesis\Dataset\correct_angle_all\person026\frontal\frontal_06.png,Model_A,train,frontal_only,0,frontal,seen_training_pose
person026,frontal,0,0,7,frontal_07.png,E:\Thesis\Dataset\correct_angle_all\person026\frontal\frontal_07.png,Model_A,train,frontal_only,0,frontal,seen_training_pose
person026,frontal,0,0,8,frontal_08.png,E:\Thesis\Dataset\correct_angle_all\person026\frontal\frontal_08.png,Model_A,train,frontal_only,0,frontal,seen_training_pose
person026,frontal,0,0,10,frontal_10.png,E:\Thesis\Dataset\correct_angle_all\person026\frontal\frontal_10.png,Model_A,train,frontal_only,0,frontal,seen_training_pose
person026,frontal,0,0,11,frontal_11.png,E:\Thesis\Dataset\correct_angle_all\person026\frontal\frontal_11.png,Model_A,train,frontal_only,0,frontal,seen_training_pose
person026,frontal,0,0,13,frontal_13.png,E:\Thesis\Dataset\correct_angle_all\person026\frontal\frontal_13.png,Model_A,train,frontal_only,0,frontal,seen_training_pose
person026,frontal,0,0,15,frontal_15.png,E:\Thesis\Dataset\correct_angle_all\person026\frontal\frontal_15.png,Model_A,train,frontal_only,0,frontal,seen_training_pose
person026,frontal,0,0,16,frontal_16.png,E:\Thesis\Dataset\correct_angle_all\person026\frontal\frontal_16.png,Model_A,train,frontal_only,0,frontal,seen_training_pose
person026,frontal,0,0,17,frontal_17.png,E:\Thesis\Dataset\correct_angle_all\person026\frontal\frontal_17.png,Model_A,train,frontal_only,0,frontal,seen_training_pose
person026,frontal,0,0,20,frontal_20.png,E:\Thesis\Dataset\correct_angle_all\person026\frontal\frontal_20.png,Model_A,train,frontal_only,0,frontal,seen_training_pose
person027,frontal,0,0,1,frontal_01.png,E:\Thesis\Dataset\correct_angle_all\person027\frontal\frontal_01.png,Model_A,train,frontal_only,0,frontal,seen_training_pose
person027,frontal,0,0,4,frontal_04.png,E:\Thesis\Dataset\correct_angle_all\person027\frontal\frontal_04.png,Model_A,train,frontal_only,0,frontal,seen_training_pose
person027,frontal,0,0,6,frontal_06.png,E:\Thesis\Dataset\correct_angle_all\person027\frontal\frontal_06.png,Model_A,train,frontal_only,0,frontal,seen_training_pose
person027,frontal,0,0,7,frontal_07.png,E:\Thesis\Dataset\correct_angle_all\person027\frontal\frontal_07.png,Model_A,train,frontal_only,0,frontal,seen_training_pose
person027,frontal,0,0,8,frontal_08.png,E:\Thesis\Dataset\correct_angle_all\person027\frontal\frontal_08.png,Model_A,train,frontal_only,0,frontal,seen_training_pose
person027,frontal,0,0,10,frontal_10.png,E:\Thesis\Dataset\correct_angle_all\person027\frontal\frontal_10.png,Model_A,train,frontal_only,0,frontal,seen_training_pose
person027,frontal,0,0,11,frontal_11.png,E:\Thesis\Dataset\correct_angle_all\person027\frontal\frontal_11.png,Model_A,train,frontal_only,0,frontal,seen_training_pose
person027,frontal,0,0,13,frontal_13.png,E:\Thesis\Dataset\correct_angle_all\person027\frontal\frontal_13.png,Model_A,train,frontal_only,0,frontal,seen_training_pose
person027,frontal,0,0,15,frontal_15.png,E:\Thesis\Dataset\correct_angle_all\person027\frontal\frontal_15.png,Model_A,train,frontal_only,0,frontal,seen_training_pose
person027,frontal,0,0,16,frontal_16.png,E:\Thesis\Dataset\correct_angle_all\person027\frontal\frontal_16.png,Model_A,train,frontal_only,0,frontal,seen_training_pose
person027,frontal,0,0,17,frontal_17.png,E:\Thesis\Dataset\correct_angle_all\person027\frontal\frontal_17.png,Model_A,train,frontal_only,0,frontal,seen_training_pose
person027,frontal,0,0,20,frontal_20.png,E:\Thesis\Dataset\correct_angle_all\person027\frontal\frontal_20.png,Model_A,train,frontal_only,0,frontal,seen_training_pose
person028,frontal,0,0,1,frontal_01.png,E:\Thesis\Dataset\correct_angle_all\person028\frontal\frontal_01.png,Model_A,train,frontal_only,0,frontal,seen_training_pose
person028,frontal,0,0,4,frontal_04.png,E:\Thesis\Dataset\correct_angle_all\person028\frontal\frontal_04.png,Model_A,train,frontal_only,0,frontal,seen_training_pose
person028,frontal,0,0,6,frontal_06.png,E:\Thesis\Dataset\correct_angle_all\person028\frontal\frontal_06.png,Model_A,train,frontal_only,0,frontal,seen_training_pose
person028,frontal,0,0,7,frontal_07.png,E:\Thesis\Dataset\correct_angle_all\person028\frontal\frontal_07.png,Model_A,train,frontal_only,0,frontal,seen_training_pose
person028,frontal,0,0,8,frontal_08.png,E:\Thesis\Dataset\correct_angle_all\person028\frontal\frontal_08.png,Model_A,train,frontal_only,0,frontal,seen_training_pose
person028,frontal,0,0,10,frontal_10.png,E:\Thesis\Dataset\correct_angle_all\person028\frontal\frontal_10.png,Model_A,train,frontal_only,0,frontal,seen_training_pose
person028,frontal,0,0,11,frontal_11.png,E:\Thesis\Dataset\correct_angle_all\person028\frontal\frontal_11.png,Model_A,train,frontal_only,0,frontal,seen_training_pose
person028,frontal,0,0,13,frontal_13.png,E:\Thesis\Dataset\correct_angle_all\person028\frontal\frontal_13.png,Model_A,train,frontal_only,0,frontal,seen_training_pose
person028,frontal,0,0,15,frontal_15.png,E:\Thesis\Dataset\correct_angle_all\person028\frontal\frontal_15.png,Model_A,train,frontal_only,0,frontal,seen_training_pose
person028,frontal,0,0,16,frontal_16.png,E:\Thesis\Dataset\correct_angle_all\person028\frontal\frontal_16.png,Model_A,train,frontal_only,0,frontal,seen_training_pose
person028,frontal,0,0,17,frontal_17.png,E:\Thesis\Dataset\correct_angle_all\person028\frontal\frontal_17.png,Model_A,train,frontal_only,0,frontal,seen_training_pose
person028,frontal,0,0,20,frontal_20.png,E:\Thesis\Dataset\correct_angle_all\person028\frontal\frontal_20.png,Model_A,train,frontal_only,0,frontal,seen_training_pose
person029,frontal,0,0,1,frontal_01.png,E:\Thesis\Dataset\correct_angle_all\person029\frontal\frontal_01.png,Model_A,train,frontal_only,0,frontal,seen_training_pose
person029,frontal,0,0,4,frontal_04.png,E:\Thesis\Dataset\correct_angle_all\person029\frontal\frontal_04.png,Model_A,train,frontal_only,0,frontal,seen_training_pose
person029,frontal,0,0,6,frontal_06.png,E:\Thesis\Dataset\correct_angle_all\person029\frontal\frontal_06.png,Model_A,train,frontal_only,0,frontal,seen_training_pose
person029,frontal,0,0,7,frontal_07.png,E:\Thesis\Dataset\correct_angle_all\person029\frontal\frontal_07.png,Model_A,train,frontal_only,0,frontal,seen_training_pose
person029,frontal,0,0,8,frontal_08.png,E:\Thesis\Dataset\correct_angle_all\person029\frontal\frontal_08.png,Model_A,train,frontal_only,0,frontal,seen_training_pose
person029,frontal,0,0,10,frontal_10.png,E:\Thesis\Dataset\correct_angle_all\person029\frontal\frontal_10.png,Model_A,train,frontal_only,0,frontal,seen_training_pose
person029,frontal,0,0,11,frontal_11.png,E:\Thesis\Dataset\correct_angle_all\person029\frontal\frontal_11.png,Model_A,train,frontal_only,0,frontal,seen_training_pose
person029,frontal,0,0,13,frontal_13.png,E:\Thesis\Dataset\correct_angle_all\person029\frontal\frontal_13.png,Model_A,train,frontal_only,0,frontal,seen_training_pose
person029,frontal,0,0,15,frontal_15.png,E:\Thesis\Dataset\correct_angle_all\person029\frontal\frontal_15.png,Model_A,train,frontal_only,0,frontal,seen_training_pose
person029,frontal,0,0,16,frontal_16.png,E:\Thesis\Dataset\correct_angle_all\person029\frontal\frontal_16.png,Model_A,train,frontal_only,0,frontal,seen_training_pose
person029,frontal,0,0,17,frontal_17.png,E:\Thesis\Dataset\correct_angle_all\person029\frontal\frontal_17.png,Model_A,train,frontal_only,0,frontal,seen_training_pose
person029,frontal,0,0,20,frontal_20.png,E:\Thesis\Dataset\correct_angle_all\person029\frontal\frontal_20.png,Model_A,train,frontal_only,0,frontal,seen_training_pose
person030,frontal,0,0,1,frontal_01.png,E:\Thesis\Dataset\correct_angle_all\person030\frontal\frontal_01.png,Model_A,train,frontal_only,0,frontal,seen_training_pose
person030,frontal,0,0,4,frontal_04.png,E:\Thesis\Dataset\correct_angle_all\person030\frontal\frontal_04.png,Model_A,train,frontal_only,0,frontal,seen_training_pose
person030,frontal,0,0,6,frontal_06.png,E:\Thesis\Dataset\correct_angle_all\person030\frontal\frontal_06.png,Model_A,train,frontal_only,0,frontal,seen_training_pose
person030,frontal,0,0,7,frontal_07.png,E:\Thesis\Dataset\correct_angle_all\person030\frontal\frontal_07.png,Model_A,train,frontal_only,0,frontal,seen_training_pose
person030,frontal,0,0,8,frontal_08.png,E:\Thesis\Dataset\correct_angle_all\person030\frontal\frontal_08.png,Model_A,train,frontal_only,0,frontal,seen_training_pose
person030,frontal,0,0,10,frontal_10.png,E:\Thesis\Dataset\correct_angle_all\person030\frontal\frontal_10.png,Model_A,train,frontal_only,0,frontal,seen_training_pose
person030,frontal,0,0,11,frontal_11.png,E:\Thesis\Dataset\correct_angle_all\person030\frontal\frontal_11.png,Model_A,train,frontal_only,0,frontal,seen_training_pose
person030,frontal,0,0,13,frontal_13.png,E:\Thesis\Dataset\correct_angle_all\person030\frontal\frontal_13.png,Model_A,train,frontal_only,0,frontal,seen_training_pose
person030,frontal,0,0,15,frontal_15.png,E:\Thesis\Dataset\correct_angle_all\person030\frontal\frontal_15.png,Model_A,train,frontal_only,0,frontal,seen_training_pose
person030,frontal,0,0,16,frontal_16.png,E:\Thesis\Dataset\correct_angle_all\person030\frontal\frontal_16.png,Model_A,train,frontal_only,0,frontal,seen_training_pose
person030,frontal,0,0,17,frontal_17.png,E:\Thesis\Dataset\correct_angle_all\person030\frontal\frontal_17.png,Model_A,train,frontal_only,0,frontal,seen_training_pose
person030,frontal,0,0,20,frontal_20.png,E:\Thesis\Dataset\correct_angle_all\person030\frontal\frontal_20.png,Model_A,train,frontal_only,0,frontal,seen_training_pose
person031,frontal,0,0,1,frontal_01.png,E:\Thesis\Dataset\correct_angle_all\person031\frontal\frontal_01.png,Model_A,train,frontal_only,0,frontal,seen_training_pose
person031,frontal,0,0,4,frontal_04.png,E:\Thesis\Dataset\correct_angle_all\person031\frontal\frontal_04.png,Model_A,train,frontal_only,0,frontal,seen_training_pose
person031,frontal,0,0,6,frontal_06.png,E:\Thesis\Dataset\correct_angle_all\person031\frontal\frontal_06.png,Model_A,train,frontal_only,0,frontal,seen_training_pose
person031,frontal,0,0,7,frontal_07.png,E:\Thesis\Dataset\correct_angle_all\person031\frontal\frontal_07.png,Model_A,train,frontal_only,0,frontal,seen_training_pose
person031,frontal,0,0,8,frontal_08.png,E:\Thesis\Dataset\correct_angle_all\person031\frontal\frontal_08.png,Model_A,train,frontal_only,0,frontal,seen_training_pose
person031,frontal,0,0,10,frontal_10.png,E:\Thesis\Dataset\correct_angle_all\person031\frontal\frontal_10.png,Model_A,train,frontal_only,0,frontal,seen_training_pose
person031,frontal,0,0,11,frontal_11.png,E:\Thesis\Dataset\correct_angle_all\person031\frontal\frontal_11.png,Model_A,train,frontal_only,0,frontal,seen_training_pose
person031,frontal,0,0,13,frontal_13.png,E:\Thesis\Dataset\correct_angle_all\person031\frontal\frontal_13.png,Model_A,train,frontal_only,0,frontal,seen_training_pose
person031,frontal,0,0,15,frontal_15.png,E:\Thesis\Dataset\correct_angle_all\person031\frontal\frontal_15.png,Model_A,train,frontal_only,0,frontal,seen_training_pose
person031,frontal,0,0,16,frontal_16.png,E:\Thesis\Dataset\correct_angle_all\person031\frontal\frontal_16.png,Model_A,train,frontal_only,0,frontal,seen_training_pose
person031,frontal,0,0,17,frontal_17.png,E:\Thesis\Dataset\correct_angle_all\person031\frontal\frontal_17.png,Model_A,train,frontal_only,0,frontal,seen_training_pose
person031,frontal,0,0,20,frontal_20.png,E:\Thesis\Dataset\correct_angle_all\person031\frontal\frontal_20.png,Model_A,train,frontal_only,0,frontal,seen_training_pose
person032,frontal,0,0,1,frontal_01.png,E:\Thesis\Dataset\correct_angle_all\person032\frontal\frontal_01.png,Model_A,train,frontal_only,0,frontal,seen_training_pose
person032,frontal,0,0,4,frontal_04.png,E:\Thesis\Dataset\correct_angle_all\person032\frontal\frontal_04.png,Model_A,train,frontal_only,0,frontal,seen_training_pose
person032,frontal,0,0,6,frontal_06.png,E:\Thesis\Dataset\correct_angle_all\person032\frontal\frontal_06.png,Model_A,train,frontal_only,0,frontal,seen_training_pose
person032,frontal,0,0,7,frontal_07.png,E:\Thesis\Dataset\correct_angle_all\person032\frontal\frontal_07.png,Model_A,train,frontal_only,0,frontal,seen_training_pose
person032,frontal,0,0,8,frontal_08.png,E:\Thesis\Dataset\correct_angle_all\person032\frontal\frontal_08.png,Model_A,train,frontal_only,0,frontal,seen_training_pose
person032,frontal,0,0,10,frontal_10.png,E:\Thesis\Dataset\correct_angle_all\person032\frontal\frontal_10.png,Model_A,train,frontal_only,0,frontal,seen_training_pose
person032,frontal,0,0,11,frontal_11.png,E:\Thesis\Dataset\correct_angle_all\person032\frontal\frontal_11.png,Model_A,train,frontal_only,0,frontal,seen_training_pose
person032,frontal,0,0,13,frontal_13.png,E:\Thesis\Dataset\correct_angle_all\person032\frontal\frontal_13.png,Model_A,train,frontal_only,0,frontal,seen_training_pose
person032,frontal,0,0,15,frontal_15.png,E:\Thesis\Dataset\correct_angle_all\person032\frontal\frontal_15.png,Model_A,train,frontal_only,0,frontal,seen_training_pose
person032,frontal,0,0,16,frontal_16.png,E:\Thesis\Dataset\correct_angle_all\person032\frontal\frontal_16.png,Model_A,train,frontal_only,0,frontal,seen_training_pose
person032,frontal,0,0,17,frontal_17.png,E:\Thesis\Dataset\correct_angle_all\person032\frontal\frontal_17.png,Model_A,train,frontal_only,0,frontal,seen_training_pose
person032,frontal,0,0,20,frontal_20.png,E:\Thesis\Dataset\correct_angle_all\person032\frontal\frontal_20.png,Model_A,train,frontal_only,0,frontal,seen_training_pose
person033,frontal,0,0,1,frontal_01.png,E:\Thesis\Dataset\correct_angle_all\person033\frontal\frontal_01.png,Model_A,train,frontal_only,0,frontal,seen_training_pose
person033,frontal,0,0,4,frontal_04.png,E:\Thesis\Dataset\correct_angle_all\person033\frontal\frontal_04.png,Model_A,train,frontal_only,0,frontal,seen_training_pose
person033,frontal,0,0,6,frontal_06.png,E:\Thesis\Dataset\correct_angle_all\person033\frontal\frontal_06.png,Model_A,train,frontal_only,0,frontal,seen_training_pose
person033,frontal,0,0,7,frontal_07.png,E:\Thesis\Dataset\correct_angle_all\person033\frontal\frontal_07.png,Model_A,train,frontal_only,0,frontal,seen_training_pose
person033,frontal,0,0,8,frontal_08.png,E:\Thesis\Dataset\correct_angle_all\person033\frontal\frontal_08.png,Model_A,train,frontal_only,0,frontal,seen_training_pose
person033,frontal,0,0,10,frontal_10.png,E:\Thesis\Dataset\correct_angle_all\person033\frontal\frontal_10.png,Model_A,train,frontal_only,0,frontal,seen_training_pose
person033,frontal,0,0,11,frontal_11.png,E:\Thesis\Dataset\correct_angle_all\person033\frontal\frontal_11.png,Model_A,train,frontal_only,0,frontal,seen_training_pose
person033,frontal,0,0,13,frontal_13.png,E:\Thesis\Dataset\correct_angle_all\person033\frontal\frontal_13.png,Model_A,train,frontal_only,0,frontal,seen_training_pose
person033,frontal,0,0,15,frontal_15.png,E:\Thesis\Dataset\correct_angle_all\person033\frontal\frontal_15.png,Model_A,train,frontal_only,0,frontal,seen_training_pose
person033,frontal,0,0,16,frontal_16.png,E:\Thesis\Dataset\correct_angle_all\person033\frontal\frontal_16.png,Model_A,train,frontal_only,0,frontal,seen_training_pose
person033,frontal,0,0,17,frontal_17.png,E:\Thesis\Dataset\correct_angle_all\person033\frontal\frontal_17.png,Model_A,train,frontal_only,0,frontal,seen_training_pose
person033,frontal,0,0,20,frontal_20.png,E:\Thesis\Dataset\correct_angle_all\person033\frontal\frontal_20.png,Model_A,train,frontal_only,0,frontal,seen_training_pose
person034,frontal,0,0,1,frontal_01.png,E:\Thesis\Dataset\correct_angle_all\person034\frontal\frontal_01.png,Model_A,train,frontal_only,0,frontal,seen_training_pose
person034,frontal,0,0,4,frontal_04.png,E:\Thesis\Dataset\correct_angle_all\person034\frontal\frontal_04.png,Model_A,train,frontal_only,0,frontal,seen_training_pose
person034,frontal,0,0,6,frontal_06.png,E:\Thesis\Dataset\correct_angle_all\person034\frontal\frontal_06.png,Model_A,train,frontal_only,0,frontal,seen_training_pose
person034,frontal,0,0,7,frontal_07.png,E:\Thesis\Dataset\correct_angle_all\person034\frontal\frontal_07.png,Model_A,train,frontal_only,0,frontal,seen_training_pose
person034,frontal,0,0,8,frontal_08.png,E:\Thesis\Dataset\correct_angle_all\person034\frontal\frontal_08.png,Model_A,train,frontal_only,0,frontal,seen_training_pose
person034,frontal,0,0,10,frontal_10.png,E:\Thesis\Dataset\correct_angle_all\person034\frontal\frontal_10.png,Model_A,train,frontal_only,0,frontal,seen_training_pose
person034,frontal,0,0,11,frontal_11.png,E:\Thesis\Dataset\correct_angle_all\person034\frontal\frontal_11.png,Model_A,train,frontal_only,0,frontal,seen_training_pose
person034,frontal,0,0,13,frontal_13.png,E:\Thesis\Dataset\correct_angle_all\person034\frontal\frontal_13.png,Model_A,train,frontal_only,0,frontal,seen_training_pose
person034,frontal,0,0,15,frontal_15.png,E:\Thesis\Dataset\correct_angle_all\person034\frontal\frontal_15.png,Model_A,train,frontal_only,0,frontal,seen_training_pose
person034,frontal,0,0,16,frontal_16.png,E:\Thesis\Dataset\correct_angle_all\person034\frontal\frontal_16.png,Model_A,train,frontal_only,0,frontal,seen_training_pose
person034,frontal,0,0,17,frontal_17.png,E:\Thesis\Dataset\correct_angle_all\person034\frontal\frontal_17.png,Model_A,train,frontal_only,0,frontal,seen_training_pose
person034,frontal,0,0,20,frontal_20.png,E:\Thesis\Dataset\correct_angle_all\person034\frontal\frontal_20.png,Model_A,train,frontal_only,0,frontal,seen_training_pose
person035,frontal,0,0,1,frontal_01.png,E:\Thesis\Dataset\correct_angle_all\person035\frontal\frontal_01.png,Model_A,train,frontal_only,0,frontal,seen_training_pose
person035,frontal,0,0,4,frontal_04.png,E:\Thesis\Dataset\correct_angle_all\person035\frontal\frontal_04.png,Model_A,train,frontal_only,0,frontal,seen_training_pose
person035,frontal,0,0,6,frontal_06.png,E:\Thesis\Dataset\correct_angle_all\person035\frontal\frontal_06.png,Model_A,train,frontal_only,0,frontal,seen_training_pose
person035,frontal,0,0,7,frontal_07.png,E:\Thesis\Dataset\correct_angle_all\person035\frontal\frontal_07.png,Model_A,train,frontal_only,0,frontal,seen_training_pose
person035,frontal,0,0,8,frontal_08.png,E:\Thesis\Dataset\correct_angle_all\person035\frontal\frontal_08.png,Model_A,train,frontal_only,0,frontal,seen_training_pose
person035,frontal,0,0,10,frontal_10.png,E:\Thesis\Dataset\correct_angle_all\person035\frontal\frontal_10.png,Model_A,train,frontal_only,0,frontal,seen_training_pose
person035,frontal,0,0,11,frontal_11.png,E:\Thesis\Dataset\correct_angle_all\person035\frontal\frontal_11.png,Model_A,train,frontal_only,0,frontal,seen_training_pose
person035,frontal,0,0,13,frontal_13.png,E:\Thesis\Dataset\correct_angle_all\person035\frontal\frontal_13.png,Model_A,train,frontal_only,0,frontal,seen_training_pose
person035,frontal,0,0,15,frontal_15.png,E:\Thesis\Dataset\correct_angle_all\person035\frontal\frontal_15.png,Model_A,train,frontal_only,0,frontal,seen_training_pose
person035,frontal,0,0,16,frontal_16.png,E:\Thesis\Dataset\correct_angle_all\person035\frontal\frontal_16.png,Model_A,train,frontal_only,0,frontal,seen_training_pose
person035,frontal,0,0,17,frontal_17.png,E:\Thesis\Dataset\correct_angle_all\person035\frontal\frontal_17.png,Model_A,train,frontal_only,0,frontal,seen_training_pose
person035,frontal,0,0,20,frontal_20.png,E:\Thesis\Dataset\correct_angle_all\person035\frontal\frontal_20.png,Model_A,train,frontal_only,0,frontal,seen_training_pose
person036,frontal,0,0,1,frontal_01.png,E:\Thesis\Dataset\correct_angle_all\person036\frontal\frontal_01.png,Model_A,train,frontal_only,0,frontal,seen_training_pose
person036,frontal,0,0,4,frontal_04.png,E:\Thesis\Dataset\correct_angle_all\person036\frontal\frontal_04.png,Model_A,train,frontal_only,0,frontal,seen_training_pose
person036,frontal,0,0,6,frontal_06.png,E:\Thesis\Dataset\correct_angle_all\person036\frontal\frontal_06.png,Model_A,train,frontal_only,0,frontal,seen_training_pose
person036,frontal,0,0,7,frontal_07.png,E:\Thesis\Dataset\correct_angle_all\person036\frontal\frontal_07.png,Model_A,train,frontal_only,0,frontal,seen_training_pose
person036,frontal,0,0,8,frontal_08.png,E:\Thesis\Dataset\correct_angle_all\person036\frontal\frontal_08.png,Model_A,train,frontal_only,0,frontal,seen_training_pose
person036,frontal,0,0,10,frontal_10.png,E:\Thesis\Dataset\correct_angle_all\person036\frontal\frontal_10.png,Model_A,train,frontal_only,0,frontal,seen_training_pose
person036,frontal,0,0,11,frontal_11.png,E:\Thesis\Dataset\correct_angle_all\person036\frontal\frontal_11.png,Model_A,train,frontal_only,0,frontal,seen_training_pose
person036,frontal,0,0,13,frontal_13.png,E:\Thesis\Dataset\correct_angle_all\person036\frontal\frontal_13.png,Model_A,train,frontal_only,0,frontal,seen_training_pose
person036,frontal,0,0,15,frontal_15.png,E:\Thesis\Dataset\correct_angle_all\person036\frontal\frontal_15.png,Model_A,train,frontal_only,0,frontal,seen_training_pose
person036,frontal,0,0,16,frontal_16.png,E:\Thesis\Dataset\correct_angle_all\person036\frontal\frontal_16.png,Model_A,train,frontal_only,0,frontal,seen_training_pose
person036,frontal,0,0,17,frontal_17.png,E:\Thesis\Dataset\correct_angle_all\person036\frontal\frontal_17.png,Model_A,train,frontal_only,0,frontal,seen_training_pose
person036,frontal,0,0,20,frontal_20.png,E:\Thesis\Dataset\correct_angle_all\person036\frontal\frontal_20.png,Model_A,train,frontal_only,0,frontal,seen_training_pose
person037,frontal,0,0,1,frontal_01.png,E:\Thesis\Dataset\correct_angle_all\person037\frontal\frontal_01.png,Model_A,train,frontal_only,0,frontal,seen_training_pose
person037,frontal,0,0,4,frontal_04.png,E:\Thesis\Dataset\correct_angle_all\person037\frontal\frontal_04.png,Model_A,train,frontal_only,0,frontal,seen_training_pose
person037,frontal,0,0,6,frontal_06.png,E:\Thesis\Dataset\correct_angle_all\person037\frontal\frontal_06.png,Model_A,train,frontal_only,0,frontal,seen_training_pose
person037,frontal,0,0,7,frontal_07.png,E:\Thesis\Dataset\correct_angle_all\person037\frontal\frontal_07.png,Model_A,train,frontal_only,0,frontal,seen_training_pose
person037,frontal,0,0,8,frontal_08.png,E:\Thesis\Dataset\correct_angle_all\person037\frontal\frontal_08.png,Model_A,train,frontal_only,0,frontal,seen_training_pose
person037,frontal,0,0,10,frontal_10.png,E:\Thesis\Dataset\correct_angle_all\person037\frontal\frontal_10.png,Model_A,train,frontal_only,0,frontal,seen_training_pose
person037,frontal,0,0,11,frontal_11.png,E:\Thesis\Dataset\correct_angle_all\person037\frontal\frontal_11.png,Model_A,train,frontal_only,0,frontal,seen_training_pose
person037,frontal,0,0,13,frontal_13.png,E:\Thesis\Dataset\correct_angle_all\person037\frontal\frontal_13.png,Model_A,train,frontal_only,0,frontal,seen_training_pose
person037,frontal,0,0,15,frontal_15.png,E:\Thesis\Dataset\correct_angle_all\person037\frontal\frontal_15.png,Model_A,train,frontal_only,0,frontal,seen_training_pose
person037,frontal,0,0,16,frontal_16.png,E:\Thesis\Dataset\correct_angle_all\person037\frontal\frontal_16.png,Model_A,train,frontal_only,0,frontal,seen_training_pose
person037,frontal,0,0,17,frontal_17.png,E:\Thesis\Dataset\correct_angle_all\person037\frontal\frontal_17.png,Model_A,train,frontal_only,0,frontal,seen_training_pose
person037,frontal,0,0,20,frontal_20.png,E:\Thesis\Dataset\correct_angle_all\person037\frontal\frontal_20.png,Model_A,train,frontal_only,0,frontal,seen_training_pose
person038,frontal,0,0,1,frontal_01.png,E:\Thesis\Dataset\correct_angle_all\person038\frontal\frontal_01.png,Model_A,train,frontal_only,0,frontal,seen_training_pose
person038,frontal,0,0,4,frontal_04.png,E:\Thesis\Dataset\correct_angle_all\person038\frontal\frontal_04.png,Model_A,train,frontal_only,0,frontal,seen_training_pose
person038,frontal,0,0,6,frontal_06.png,E:\Thesis\Dataset\correct_angle_all\person038\frontal\frontal_06.png,Model_A,train,frontal_only,0,frontal,seen_training_pose
person038,frontal,0,0,7,frontal_07.png,E:\Thesis\Dataset\correct_angle_all\person038\frontal\frontal_07.png,Model_A,train,frontal_only,0,frontal,seen_training_pose
person038,frontal,0,0,8,frontal_08.png,E:\Thesis\Dataset\correct_angle_all\person038\frontal\frontal_08.png,Model_A,train,frontal_only,0,frontal,seen_training_pose
person038,frontal,0,0,10,frontal_10.png,E:\Thesis\Dataset\correct_angle_all\person038\frontal\frontal_10.png,Model_A,train,frontal_only,0,frontal,seen_training_pose
person038,frontal,0,0,11,frontal_11.png,E:\Thesis\Dataset\correct_angle_all\person038\frontal\frontal_11.png,Model_A,train,frontal_only,0,frontal,seen_training_pose
person038,frontal,0,0,13,frontal_13.png,E:\Thesis\Dataset\correct_angle_all\person038\frontal\frontal_13.png,Model_A,train,frontal_only,0,frontal,seen_training_pose
person038,frontal,0,0,15,frontal_15.png,E:\Thesis\Dataset\correct_angle_all\person038\frontal\frontal_15.png,Model_A,train,frontal_only,0,frontal,seen_training_pose
person038,frontal,0,0,16,frontal_16.png,E:\Thesis\Dataset\correct_angle_all\person038\frontal\frontal_16.png,Model_A,train,frontal_only,0,frontal,seen_training_pose
person038,frontal,0,0,17,frontal_17.png,E:\Thesis\Dataset\correct_angle_all\person038\frontal\frontal_17.png,Model_A,train,frontal_only,0,frontal,seen_training_pose
person038,frontal,0,0,20,frontal_20.png,E:\Thesis\Dataset\correct_angle_all\person038\frontal\frontal_20.png,Model_A,train,frontal_only,0,frontal,seen_training_pose
person039,frontal,0,0,1,frontal_01.png,E:\Thesis\Dataset\correct_angle_all\person039\frontal\frontal_01.png,Model_A,train,frontal_only,0,frontal,seen_training_pose
person039,frontal,0,0,4,frontal_04.png,E:\Thesis\Dataset\correct_angle_all\person039\frontal\frontal_04.png,Model_A,train,frontal_only,0,frontal,seen_training_pose
person039,frontal,0,0,6,frontal_06.png,E:\Thesis\Dataset\correct_angle_all\person039\frontal\frontal_06.png,Model_A,train,frontal_only,0,frontal,seen_training_pose
person039,frontal,0,0,7,frontal_07.png,E:\Thesis\Dataset\correct_angle_all\person039\frontal\frontal_07.png,Model_A,train,frontal_only,0,frontal,seen_training_pose
person039,frontal,0,0,8,frontal_08.png,E:\Thesis\Dataset\correct_angle_all\person039\frontal\frontal_08.png,Model_A,train,frontal_only,0,frontal,seen_training_pose
person039,frontal,0,0,10,frontal_10.png,E:\Thesis\Dataset\correct_angle_all\person039\frontal\frontal_10.png,Model_A,train,frontal_only,0,frontal,seen_training_pose
person039,frontal,0,0,11,frontal_11.png,E:\Thesis\Dataset\correct_angle_all\person039\frontal\frontal_11.png,Model_A,train,frontal_only,0,frontal,seen_training_pose
person039,frontal,0,0,13,frontal_13.png,E:\Thesis\Dataset\correct_angle_all\person039\frontal\frontal_13.png,Model_A,train,frontal_only,0,frontal,seen_training_pose
person039,frontal,0,0,15,frontal_15.png,E:\Thesis\Dataset\correct_angle_all\person039\frontal\frontal_15.png,Model_A,train,frontal_only,0,frontal,seen_training_pose
person039,frontal,0,0,16,frontal_16.png,E:\Thesis\Dataset\correct_angle_all\person039\frontal\frontal_16.png,Model_A,train,frontal_only,0,frontal,seen_training_pose
person039,frontal,0,0,17,frontal_17.png,E:\Thesis\Dataset\correct_angle_all\person039\frontal\frontal_17.png,Model_A,train,frontal_only,0,frontal,seen_training_pose
person039,frontal,0,0,20,frontal_20.png,E:\Thesis\Dataset\correct_angle_all\person039\frontal\frontal_20.png,Model_A,train,frontal_only,0,frontal,seen_training_pose
person040,frontal,0,0,1,frontal_01.png,E:\Thesis\Dataset\correct_angle_all\person040\frontal\frontal_01.png,Model_A,train,frontal_only,0,frontal,seen_training_pose
person040,frontal,0,0,4,frontal_04.png,E:\Thesis\Dataset\correct_angle_all\person040\frontal\frontal_04.png,Model_A,train,frontal_only,0,frontal,seen_training_pose
person040,frontal,0,0,6,frontal_06.png,E:\Thesis\Dataset\correct_angle_all\person040\frontal\frontal_06.png,Model_A,train,frontal_only,0,frontal,seen_training_pose
person040,frontal,0,0,7,frontal_07.png,E:\Thesis\Dataset\correct_angle_all\person040\frontal\frontal_07.png,Model_A,train,frontal_only,0,frontal,seen_training_pose
person040,frontal,0,0,8,frontal_08.png,E:\Thesis\Dataset\correct_angle_all\person040\frontal\frontal_08.png,Model_A,train,frontal_only,0,frontal,seen_training_pose
person040,frontal,0,0,10,frontal_10.png,E:\Thesis\Dataset\correct_angle_all\person040\frontal\frontal_10.png,Model_A,train,frontal_only,0,frontal,seen_training_pose
person040,frontal,0,0,11,frontal_11.png,E:\Thesis\Dataset\correct_angle_all\person040\frontal\frontal_11.png,Model_A,train,frontal_only,0,frontal,seen_training_pose
person040,frontal,0,0,13,frontal_13.png,E:\Thesis\Dataset\correct_angle_all\person040\frontal\frontal_13.png,Model_A,train,frontal_only,0,frontal,seen_training_pose
person040,frontal,0,0,15,frontal_15.png,E:\Thesis\Dataset\correct_angle_all\person040\frontal\frontal_15.png,Model_A,train,frontal_only,0,frontal,seen_training_pose
person040,frontal,0,0,16,frontal_16.png,E:\Thesis\Dataset\correct_angle_all\person040\frontal\frontal_16.png,Model_A,train,frontal_only,0,frontal,seen_training_pose
person040,frontal,0,0,17,frontal_17.png,E:\Thesis\Dataset\correct_angle_all\person040\frontal\frontal_17.png,Model_A,train,frontal_only,0,frontal,seen_training_pose
person040,frontal,0,0,20,frontal_20.png,E:\Thesis\Dataset\correct_angle_all\person040\frontal\frontal_20.png,Model_A,train,frontal_only,0,frontal,seen_training_pose
person041,frontal,0,0,1,frontal_01.png,E:\Thesis\Dataset\correct_angle_all\person041\frontal\frontal_01.png,Model_A,train,frontal_only,0,frontal,seen_training_pose
person041,frontal,0,0,4,frontal_04.png,E:\Thesis\Dataset\correct_angle_all\person041\frontal\frontal_04.png,Model_A,train,frontal_only,0,frontal,seen_training_pose
person041,frontal,0,0,6,frontal_06.png,E:\Thesis\Dataset\correct_angle_all\person041\frontal\frontal_06.png,Model_A,train,frontal_only,0,frontal,seen_training_pose
person041,frontal,0,0,7,frontal_07.png,E:\Thesis\Dataset\correct_angle_all\person041\frontal\frontal_07.png,Model_A,train,frontal_only,0,frontal,seen_training_pose
person041,frontal,0,0,8,frontal_08.png,E:\Thesis\Dataset\correct_angle_all\person041\frontal\frontal_08.png,Model_A,train,frontal_only,0,frontal,seen_training_pose
person041,frontal,0,0,10,frontal_10.png,E:\Thesis\Dataset\correct_angle_all\person041\frontal\frontal_10.png,Model_A,train,frontal_only,0,frontal,seen_training_pose
person041,frontal,0,0,11,frontal_11.png,E:\Thesis\Dataset\correct_angle_all\person041\frontal\frontal_11.png,Model_A,train,frontal_only,0,frontal,seen_training_pose
person041,frontal,0,0,13,frontal_13.png,E:\Thesis\Dataset\correct_angle_all\person041\frontal\frontal_13.png,Model_A,train,frontal_only,0,frontal,seen_training_pose
person041,frontal,0,0,15,frontal_15.png,E:\Thesis\Dataset\correct_angle_all\person041\frontal\frontal_15.png,Model_A,train,frontal_only,0,frontal,seen_training_pose
person041,frontal,0,0,16,frontal_16.png,E:\Thesis\Dataset\correct_angle_all\person041\frontal\frontal_16.png,Model_A,train,frontal_only,0,frontal,seen_training_pose
person041,frontal,0,0,17,frontal_17.png,E:\Thesis\Dataset\correct_angle_all\person041\frontal\frontal_17.png,Model_A,train,frontal_only,0,frontal,seen_training_pose
person041,frontal,0,0,20,frontal_20.png,E:\Thesis\Dataset\correct_angle_all\person041\frontal\frontal_20.png,Model_A,train,frontal_only,0,frontal,seen_training_pose
person042,frontal,0,0,1,frontal_01.png,E:\Thesis\Dataset\correct_angle_all\person042\frontal\frontal_01.png,Model_A,train,frontal_only,0,frontal,seen_training_pose
person042,frontal,0,0,4,frontal_04.png,E:\Thesis\Dataset\correct_angle_all\person042\frontal\frontal_04.png,Model_A,train,frontal_only,0,frontal,seen_training_pose
person042,frontal,0,0,6,frontal_06.png,E:\Thesis\Dataset\correct_angle_all\person042\frontal\frontal_06.png,Model_A,train,frontal_only,0,frontal,seen_training_pose
person042,frontal,0,0,7,frontal_07.png,E:\Thesis\Dataset\correct_angle_all\person042\frontal\frontal_07.png,Model_A,train,frontal_only,0,frontal,seen_training_pose
person042,frontal,0,0,8,frontal_08.png,E:\Thesis\Dataset\correct_angle_all\person042\frontal\frontal_08.png,Model_A,train,frontal_only,0,frontal,seen_training_pose
person042,frontal,0,0,10,frontal_10.png,E:\Thesis\Dataset\correct_angle_all\person042\frontal\frontal_10.png,Model_A,train,frontal_only,0,frontal,seen_training_pose
person042,frontal,0,0,11,frontal_11.png,E:\Thesis\Dataset\correct_angle_all\person042\frontal\frontal_11.png,Model_A,train,frontal_only,0,frontal,seen_training_pose
person042,frontal,0,0,13,frontal_13.png,E:\Thesis\Dataset\correct_angle_all\person042\frontal\frontal_13.png,Model_A,train,frontal_only,0,frontal,seen_training_pose
person042,frontal,0,0,15,frontal_15.png,E:\Thesis\Dataset\correct_angle_all\person042\frontal\frontal_15.png,Model_A,train,frontal_only,0,frontal,seen_training_pose
person042,frontal,0,0,16,frontal_16.png,E:\Thesis\Dataset\correct_angle_all\person042\frontal\frontal_16.png,Model_A,train,frontal_only,0,frontal,seen_training_pose
person042,frontal,0,0,17,frontal_17.png,E:\Thesis\Dataset\correct_angle_all\person042\frontal\frontal_17.png,Model_A,train,frontal_only,0,frontal,seen_training_pose
person042,frontal,0,0,20,frontal_20.png,E:\Thesis\Dataset\correct_angle_all\person042\frontal\frontal_20.png,Model_A,train,frontal_only,0,frontal,seen_training_pose
person043,frontal,0,0,1,frontal_01.png,E:\Thesis\Dataset\correct_angle_all\person043\frontal\frontal_01.png,Model_A,train,frontal_only,0,frontal,seen_training_pose
person043,frontal,0,0,4,frontal_04.png,E:\Thesis\Dataset\correct_angle_all\person043\frontal\frontal_04.png,Model_A,train,frontal_only,0,frontal,seen_training_pose
person043,frontal,0,0,6,frontal_06.png,E:\Thesis\Dataset\correct_angle_all\person043\frontal\frontal_06.png,Model_A,train,frontal_only,0,frontal,seen_training_pose
person043,frontal,0,0,7,frontal_07.png,E:\Thesis\Dataset\correct_angle_all\person043\frontal\frontal_07.png,Model_A,train,frontal_only,0,frontal,seen_training_pose
person043,frontal,0,0,8,frontal_08.png,E:\Thesis\Dataset\correct_angle_all\person043\frontal\frontal_08.png,Model_A,train,frontal_only,0,frontal,seen_training_pose
person043,frontal,0,0,10,frontal_10.png,E:\Thesis\Dataset\correct_angle_all\person043\frontal\frontal_10.png,Model_A,train,frontal_only,0,frontal,seen_training_pose
person043,frontal,0,0,11,frontal_11.png,E:\Thesis\Dataset\correct_angle_all\person043\frontal\frontal_11.png,Model_A,train,frontal_only,0,frontal,seen_training_pose
person043,frontal,0,0,13,frontal_13.png,E:\Thesis\Dataset\correct_angle_all\person043\frontal\frontal_13.png,Model_A,train,frontal_only,0,frontal,seen_training_pose
person043,frontal,0,0,15,frontal_15.png,E:\Thesis\Dataset\correct_angle_all\person043\frontal\frontal_15.png,Model_A,train,frontal_only,0,frontal,seen_training_pose
person043,frontal,0,0,16,frontal_16.png,E:\Thesis\Dataset\correct_angle_all\person043\frontal\frontal_16.png,Model_A,train,frontal_only,0,frontal,seen_training_pose
person043,frontal,0,0,17,frontal_17.png,E:\Thesis\Dataset\correct_angle_all\person043\frontal\frontal_17.png,Model_A,train,frontal_only,0,frontal,seen_training_pose
person043,frontal,0,0,20,frontal_20.png,E:\Thesis\Dataset\correct_angle_all\person043\frontal\frontal_20.png,Model_A,train,frontal_only,0,frontal,seen_training_pose
person044,frontal,0,0,1,frontal_01.png,E:\Thesis\Dataset\correct_angle_all\person044\frontal\frontal_01.png,Model_A,train,frontal_only,0,frontal,seen_training_pose
person044,frontal,0,0,4,frontal_04.png,E:\Thesis\Dataset\correct_angle_all\person044\frontal\frontal_04.png,Model_A,train,frontal_only,0,frontal,seen_training_pose
person044,frontal,0,0,6,frontal_06.png,E:\Thesis\Dataset\correct_angle_all\person044\frontal\frontal_06.png,Model_A,train,frontal_only,0,frontal,seen_training_pose
person044,frontal,0,0,7,frontal_07.png,E:\Thesis\Dataset\correct_angle_all\person044\frontal\frontal_07.png,Model_A,train,frontal_only,0,frontal,seen_training_pose
person044,frontal,0,0,8,frontal_08.png,E:\Thesis\Dataset\correct_angle_all\person044\frontal\frontal_08.png,Model_A,train,frontal_only,0,frontal,seen_training_pose
person044,frontal,0,0,10,frontal_10.png,E:\Thesis\Dataset\correct_angle_all\person044\frontal\frontal_10.png,Model_A,train,frontal_only,0,frontal,seen_training_pose
person044,frontal,0,0,11,frontal_11.png,E:\Thesis\Dataset\correct_angle_all\person044\frontal\frontal_11.png,Model_A,train,frontal_only,0,frontal,seen_training_pose
person044,frontal,0,0,13,frontal_13.png,E:\Thesis\Dataset\correct_angle_all\person044\frontal\frontal_13.png,Model_A,train,frontal_only,0,frontal,seen_training_pose
person044,frontal,0,0,15,frontal_15.png,E:\Thesis\Dataset\correct_angle_all\person044\frontal\frontal_15.png,Model_A,train,frontal_only,0,frontal,seen_training_pose
person044,frontal,0,0,16,frontal_16.png,E:\Thesis\Dataset\correct_angle_all\person044\frontal\frontal_16.png,Model_A,train,frontal_only,0,frontal,seen_training_pose
person044,frontal,0,0,17,frontal_17.png,E:\Thesis\Dataset\correct_angle_all\person044\frontal\frontal_17.png,Model_A,train,frontal_only,0,frontal,seen_training_pose
person044,frontal,0,0,20,frontal_20.png,E:\Thesis\Dataset\correct_angle_all\person044\frontal\frontal_20.png,Model_A,train,frontal_only,0,frontal,seen_training_pose
person045,frontal,0,0,1,frontal_01.png,E:\Thesis\Dataset\correct_angle_all\person045\frontal\frontal_01.png,Model_A,train,frontal_only,0,frontal,seen_training_pose
person045,frontal,0,0,4,frontal_04.png,E:\Thesis\Dataset\correct_angle_all\person045\frontal\frontal_04.png,Model_A,train,frontal_only,0,frontal,seen_training_pose
person045,frontal,0,0,6,frontal_06.png,E:\Thesis\Dataset\correct_angle_all\person045\frontal\frontal_06.png,Model_A,train,frontal_only,0,frontal,seen_training_pose
person045,frontal,0,0,7,frontal_07.png,E:\Thesis\Dataset\correct_angle_all\person045\frontal\frontal_07.png,Model_A,train,frontal_only,0,frontal,seen_training_pose
person045,frontal,0,0,8,frontal_08.png,E:\Thesis\Dataset\correct_angle_all\person045\frontal\frontal_08.png,Model_A,train,frontal_only,0,frontal,seen_training_pose
person045,frontal,0,0,10,frontal_10.png,E:\Thesis\Dataset\correct_angle_all\person045\frontal\frontal_10.png,Model_A,train,frontal_only,0,frontal,seen_training_pose
person045,frontal,0,0,11,frontal_11.png,E:\Thesis\Dataset\correct_angle_all\person045\frontal\frontal_11.png,Model_A,train,frontal_only,0,frontal,seen_training_pose
person045,frontal,0,0,13,frontal_13.png,E:\Thesis\Dataset\correct_angle_all\person045\frontal\frontal_13.png,Model_A,train,frontal_only,0,frontal,seen_training_pose
person045,frontal,0,0,15,frontal_15.png,E:\Thesis\Dataset\correct_angle_all\person045\frontal\frontal_15.png,Model_A,train,frontal_only,0,frontal,seen_training_pose
person045,frontal,0,0,16,frontal_16.png,E:\Thesis\Dataset\correct_angle_all\person045\frontal\frontal_16.png,Model_A,train,frontal_only,0,frontal,seen_training_pose
person045,frontal,0,0,17,frontal_17.png,E:\Thesis\Dataset\correct_angle_all\person045\frontal\frontal_17.png,Model_A,train,frontal_only,0,frontal,seen_training_pose
person045,frontal,0,0,20,frontal_20.png,E:\Thesis\Dataset\correct_angle_all\person045\frontal\frontal_20.png,Model_A,train,frontal_only,0,frontal,seen_training_pose
person046,frontal,0,0,1,frontal_01.png,E:\Thesis\Dataset\correct_angle_all\person046\frontal\frontal_01.png,Model_A,train,frontal_only,0,frontal,seen_training_pose
person046,frontal,0,0,4,frontal_04.png,E:\Thesis\Dataset\correct_angle_all\person046\frontal\frontal_04.png,Model_A,train,frontal_only,0,frontal,seen_training_pose
person046,frontal,0,0,6,frontal_06.png,E:\Thesis\Dataset\correct_angle_all\person046\frontal\frontal_06.png,Model_A,train,frontal_only,0,frontal,seen_training_pose
person046,frontal,0,0,7,frontal_07.png,E:\Thesis\Dataset\correct_angle_all\person046\frontal\frontal_07.png,Model_A,train,frontal_only,0,frontal,seen_training_pose
person046,frontal,0,0,8,frontal_08.png,E:\Thesis\Dataset\correct_angle_all\person046\frontal\frontal_08.png,Model_A,train,frontal_only,0,frontal,seen_training_pose
person046,frontal,0,0,10,frontal_10.png,E:\Thesis\Dataset\correct_angle_all\person046\frontal\frontal_10.png,Model_A,train,frontal_only,0,frontal,seen_training_pose
person046,frontal,0,0,11,frontal_11.png,E:\Thesis\Dataset\correct_angle_all\person046\frontal\frontal_11.png,Model_A,train,frontal_only,0,frontal,seen_training_pose
person046,frontal,0,0,13,frontal_13.png,E:\Thesis\Dataset\correct_angle_all\person046\frontal\frontal_13.png,Model_A,train,frontal_only,0,frontal,seen_training_pose
person046,frontal,0,0,15,frontal_15.png,E:\Thesis\Dataset\correct_angle_all\person046\frontal\frontal_15.png,Model_A,train,frontal_only,0,frontal,seen_training_pose
person046,frontal,0,0,16,frontal_16.png,E:\Thesis\Dataset\correct_angle_all\person046\frontal\frontal_16.png,Model_A,train,frontal_only,0,frontal,seen_training_pose
person046,frontal,0,0,17,frontal_17.png,E:\Thesis\Dataset\correct_angle_all\person046\frontal\frontal_17.png,Model_A,train,frontal_only,0,frontal,seen_training_pose
person046,frontal,0,0,20,frontal_20.png,E:\Thesis\Dataset\correct_angle_all\person046\frontal\frontal_20.png,Model_A,train,frontal_only,0,frontal,seen_training_pose
person047,frontal,0,0,1,frontal_01.png,E:\Thesis\Dataset\correct_angle_all\person047\frontal\frontal_01.png,Model_A,train,frontal_only,0,frontal,seen_training_pose
person047,frontal,0,0,4,frontal_04.png,E:\Thesis\Dataset\correct_angle_all\person047\frontal\frontal_04.png,Model_A,train,frontal_only,0,frontal,seen_training_pose
person047,frontal,0,0,6,frontal_06.png,E:\Thesis\Dataset\correct_angle_all\person047\frontal\frontal_06.png,Model_A,train,frontal_only,0,frontal,seen_training_pose
person047,frontal,0,0,7,frontal_07.png,E:\Thesis\Dataset\correct_angle_all\person047\frontal\frontal_07.png,Model_A,train,frontal_only,0,frontal,seen_training_pose
person047,frontal,0,0,8,frontal_08.png,E:\Thesis\Dataset\correct_angle_all\person047\frontal\frontal_08.png,Model_A,train,frontal_only,0,frontal,seen_training_pose
person047,frontal,0,0,10,frontal_10.png,E:\Thesis\Dataset\correct_angle_all\person047\frontal\frontal_10.png,Model_A,train,frontal_only,0,frontal,seen_training_pose
person047,frontal,0,0,11,frontal_11.png,E:\Thesis\Dataset\correct_angle_all\person047\frontal\frontal_11.png,Model_A,train,frontal_only,0,frontal,seen_training_pose
person047,frontal,0,0,13,frontal_13.png,E:\Thesis\Dataset\correct_angle_all\person047\frontal\frontal_13.png,Model_A,train,frontal_only,0,frontal,seen_training_pose
person047,frontal,0,0,15,frontal_15.png,E:\Thesis\Dataset\correct_angle_all\person047\frontal\frontal_15.png,Model_A,train,frontal_only,0,frontal,seen_training_pose
person047,frontal,0,0,16,frontal_16.png,E:\Thesis\Dataset\correct_angle_all\person047\frontal\frontal_16.png,Model_A,train,frontal_only,0,frontal,seen_training_pose
person047,frontal,0,0,17,frontal_17.png,E:\Thesis\Dataset\correct_angle_all\person047\frontal\frontal_17.png,Model_A,train,frontal_only,0,frontal,seen_training_pose
person047,frontal,0,0,20,frontal_20.png,E:\Thesis\Dataset\correct_angle_all\person047\frontal\frontal_20.png,Model_A,train,frontal_only,0,frontal,seen_training_pose
person048,frontal,0,0,1,frontal_01.png,E:\Thesis\Dataset\correct_angle_all\person048\frontal\frontal_01.png,Model_A,train,frontal_only,0,frontal,seen_training_pose
person048,frontal,0,0,4,frontal_04.png,E:\Thesis\Dataset\correct_angle_all\person048\frontal\frontal_04.png,Model_A,train,frontal_only,0,frontal,seen_training_pose
person048,frontal,0,0,6,frontal_06.png,E:\Thesis\Dataset\correct_angle_all\person048\frontal\frontal_06.png,Model_A,train,frontal_only,0,frontal,seen_training_pose
person048,frontal,0,0,7,frontal_07.png,E:\Thesis\Dataset\correct_angle_all\person048\frontal\frontal_07.png,Model_A,train,frontal_only,0,frontal,seen_training_pose
person048,frontal,0,0,8,frontal_08.png,E:\Thesis\Dataset\correct_angle_all\person048\frontal\frontal_08.png,Model_A,train,frontal_only,0,frontal,seen_training_pose
person048,frontal,0,0,10,frontal_10.png,E:\Thesis\Dataset\correct_angle_all\person048\frontal\frontal_10.png,Model_A,train,frontal_only,0,frontal,seen_training_pose
person048,frontal,0,0,11,frontal_11.png,E:\Thesis\Dataset\correct_angle_all\person048\frontal\frontal_11.png,Model_A,train,frontal_only,0,frontal,seen_training_pose
person048,frontal,0,0,13,frontal_13.png,E:\Thesis\Dataset\correct_angle_all\person048\frontal\frontal_13.png,Model_A,train,frontal_only,0,frontal,seen_training_pose
person048,frontal,0,0,15,frontal_15.png,E:\Thesis\Dataset\correct_angle_all\person048\frontal\frontal_15.png,Model_A,train,frontal_only,0,frontal,seen_training_pose
person048,frontal,0,0,16,frontal_16.png,E:\Thesis\Dataset\correct_angle_all\person048\frontal\frontal_16.png,Model_A,train,frontal_only,0,frontal,seen_training_pose
person048,frontal,0,0,17,frontal_17.png,E:\Thesis\Dataset\correct_angle_all\person048\frontal\frontal_17.png,Model_A,train,frontal_only,0,frontal,seen_training_pose
person048,frontal,0,0,20,frontal_20.png,E:\Thesis\Dataset\correct_angle_all\person048\frontal\frontal_20.png,Model_A,train,frontal_only,0,frontal,seen_training_pose
person049,frontal,0,0,1,frontal_01.png,E:\Thesis\Dataset\correct_angle_all\person049\frontal\frontal_01.png,Model_A,train,frontal_only,0,frontal,seen_training_pose
person049,frontal,0,0,4,frontal_04.png,E:\Thesis\Dataset\correct_angle_all\person049\frontal\frontal_04.png,Model_A,train,frontal_only,0,frontal,seen_training_pose
person049,frontal,0,0,6,frontal_06.png,E:\Thesis\Dataset\correct_angle_all\person049\frontal\frontal_06.png,Model_A,train,frontal_only,0,frontal,seen_training_pose
person049,frontal,0,0,7,frontal_07.png,E:\Thesis\Dataset\correct_angle_all\person049\frontal\frontal_07.png,Model_A,train,frontal_only,0,frontal,seen_training_pose
person049,frontal,0,0,8,frontal_08.png,E:\Thesis\Dataset\correct_angle_all\person049\frontal\frontal_08.png,Model_A,train,frontal_only,0,frontal,seen_training_pose
person049,frontal,0,0,10,frontal_10.png,E:\Thesis\Dataset\correct_angle_all\person049\frontal\frontal_10.png,Model_A,train,frontal_only,0,frontal,seen_training_pose
person049,frontal,0,0,11,frontal_11.png,E:\Thesis\Dataset\correct_angle_all\person049\frontal\frontal_11.png,Model_A,train,frontal_only,0,frontal,seen_training_pose
person049,frontal,0,0,13,frontal_13.png,E:\Thesis\Dataset\correct_angle_all\person049\frontal\frontal_13.png,Model_A,train,frontal_only,0,frontal,seen_training_pose
person049,frontal,0,0,15,frontal_15.png,E:\Thesis\Dataset\correct_angle_all\person049\frontal\frontal_15.png,Model_A,train,frontal_only,0,frontal,seen_training_pose
person049,frontal,0,0,16,frontal_16.png,E:\Thesis\Dataset\correct_angle_all\person049\frontal\frontal_16.png,Model_A,train,frontal_only,0,frontal,seen_training_pose
person049,frontal,0,0,17,frontal_17.png,E:\Thesis\Dataset\correct_angle_all\person049\frontal\frontal_17.png,Model_A,train,frontal_only,0,frontal,seen_training_pose
person049,frontal,0,0,20,frontal_20.png,E:\Thesis\Dataset\correct_angle_all\person049\frontal\frontal_20.png,Model_A,train,frontal_only,0,frontal,seen_training_pose
person050,frontal,0,0,1,frontal_01.png,E:\Thesis\Dataset\correct_angle_all\person050\frontal\frontal_01.png,Model_A,train,frontal_only,0,frontal,seen_training_pose
person050,frontal,0,0,4,frontal_04.png,E:\Thesis\Dataset\correct_angle_all\person050\frontal\frontal_04.png,Model_A,train,frontal_only,0,frontal,seen_training_pose
person050,frontal,0,0,6,frontal_06.png,E:\Thesis\Dataset\correct_angle_all\person050\frontal\frontal_06.png,Model_A,train,frontal_only,0,frontal,seen_training_pose
person050,frontal,0,0,7,frontal_07.png,E:\Thesis\Dataset\correct_angle_all\person050\frontal\frontal_07.png,Model_A,train,frontal_only,0,frontal,seen_training_pose
person050,frontal,0,0,8,frontal_08.png,E:\Thesis\Dataset\correct_angle_all\person050\frontal\frontal_08.png,Model_A,train,frontal_only,0,frontal,seen_training_pose
person050,frontal,0,0,10,frontal_10.png,E:\Thesis\Dataset\correct_angle_all\person050\frontal\frontal_10.png,Model_A,train,frontal_only,0,frontal,seen_training_pose
person050,frontal,0,0,11,frontal_11.png,E:\Thesis\Dataset\correct_angle_all\person050\frontal\frontal_11.png,Model_A,train,frontal_only,0,frontal,seen_training_pose
person050,frontal,0,0,13,frontal_13.png,E:\Thesis\Dataset\correct_angle_all\person050\frontal\frontal_13.png,Model_A,train,frontal_only,0,frontal,seen_training_pose
person050,frontal,0,0,15,frontal_15.png,E:\Thesis\Dataset\correct_angle_all\person050\frontal\frontal_15.png,Model_A,train,frontal_only,0,frontal,seen_training_pose
person050,frontal,0,0,16,frontal_16.png,E:\Thesis\Dataset\correct_angle_all\person050\frontal\frontal_16.png,Model_A,train,frontal_only,0,frontal,seen_training_pose
person050,frontal,0,0,17,frontal_17.png,E:\Thesis\Dataset\correct_angle_all\person050\frontal\frontal_17.png,Model_A,train,frontal_only,0,frontal,seen_training_pose
person050,frontal,0,0,20,frontal_20.png,E:\Thesis\Dataset\correct_angle_all\person050\frontal\frontal_20.png,Model_A,train,frontal_only,0,frontal,seen_training_pose
person051,frontal,0,0,1,frontal_01.png,E:\Thesis\Dataset\correct_angle_all\person051\frontal\frontal_01.png,Model_A,train,frontal_only,0,frontal,seen_training_pose
person051,frontal,0,0,4,frontal_04.png,E:\Thesis\Dataset\correct_angle_all\person051\frontal\frontal_04.png,Model_A,train,frontal_only,0,frontal,seen_training_pose
person051,frontal,0,0,6,frontal_06.png,E:\Thesis\Dataset\correct_angle_all\person051\frontal\frontal_06.png,Model_A,train,frontal_only,0,frontal,seen_training_pose
person051,frontal,0,0,7,frontal_07.png,E:\Thesis\Dataset\correct_angle_all\person051\frontal\frontal_07.png,Model_A,train,frontal_only,0,frontal,seen_training_pose
person051,frontal,0,0,8,frontal_08.png,E:\Thesis\Dataset\correct_angle_all\person051\frontal\frontal_08.png,Model_A,train,frontal_only,0,frontal,seen_training_pose
person051,frontal,0,0,10,frontal_10.png,E:\Thesis\Dataset\correct_angle_all\person051\frontal\frontal_10.png,Model_A,train,frontal_only,0,frontal,seen_training_pose
person051,frontal,0,0,11,frontal_11.png,E:\Thesis\Dataset\correct_angle_all\person051\frontal\frontal_11.png,Model_A,train,frontal_only,0,frontal,seen_training_pose
person051,frontal,0,0,13,frontal_13.png,E:\Thesis\Dataset\correct_angle_all\person051\frontal\frontal_13.png,Model_A,train,frontal_only,0,frontal,seen_training_pose
person051,frontal,0,0,15,frontal_15.png,E:\Thesis\Dataset\correct_angle_all\person051\frontal\frontal_15.png,Model_A,train,frontal_only,0,frontal,seen_training_pose
person051,frontal,0,0,16,frontal_16.png,E:\Thesis\Dataset\correct_angle_all\person051\frontal\frontal_16.png,Model_A,train,frontal_only,0,frontal,seen_training_pose
person051,frontal,0,0,17,frontal_17.png,E:\Thesis\Dataset\correct_angle_all\person051\frontal\frontal_17.png,Model_A,train,frontal_only,0,frontal,seen_training_pose
person051,frontal,0,0,20,frontal_20.png,E:\Thesis\Dataset\correct_angle_all\person051\frontal\frontal_20.png,Model_A,train,frontal_only,0,frontal,seen_training_pose
person052,frontal,0,0,1,frontal_01.png,E:\Thesis\Dataset\correct_angle_all\person052\frontal\frontal_01.png,Model_A,train,frontal_only,0,frontal,seen_training_pose
person052,frontal,0,0,4,frontal_04.png,E:\Thesis\Dataset\correct_angle_all\person052\frontal\frontal_04.png,Model_A,train,frontal_only,0,frontal,seen_training_pose
person052,frontal,0,0,6,frontal_06.png,E:\Thesis\Dataset\correct_angle_all\person052\frontal\frontal_06.png,Model_A,train,frontal_only,0,frontal,seen_training_pose
person052,frontal,0,0,7,frontal_07.png,E:\Thesis\Dataset\correct_angle_all\person052\frontal\frontal_07.png,Model_A,train,frontal_only,0,frontal,seen_training_pose
person052,frontal,0,0,8,frontal_08.png,E:\Thesis\Dataset\correct_angle_all\person052\frontal\frontal_08.png,Model_A,train,frontal_only,0,frontal,seen_training_pose
person052,frontal,0,0,10,frontal_10.png,E:\Thesis\Dataset\correct_angle_all\person052\frontal\frontal_10.png,Model_A,train,frontal_only,0,frontal,seen_training_pose
person052,frontal,0,0,11,frontal_11.png,E:\Thesis\Dataset\correct_angle_all\person052\frontal\frontal_11.png,Model_A,train,frontal_only,0,frontal,seen_training_pose
person052,frontal,0,0,13,frontal_13.png,E:\Thesis\Dataset\correct_angle_all\person052\frontal\frontal_13.png,Model_A,train,frontal_only,0,frontal,seen_training_pose
person052,frontal,0,0,15,frontal_15.png,E:\Thesis\Dataset\correct_angle_all\person052\frontal\frontal_15.png,Model_A,train,frontal_only,0,frontal,seen_training_pose
person052,frontal,0,0,16,frontal_16.png,E:\Thesis\Dataset\correct_angle_all\person052\frontal\frontal_16.png,Model_A,train,frontal_only,0,frontal,seen_training_pose
person052,frontal,0,0,17,frontal_17.png,E:\Thesis\Dataset\correct_angle_all\person052\frontal\frontal_17.png,Model_A,train,frontal_only,0,frontal,seen_training_pose
person052,frontal,0,0,20,frontal_20.png,E:\Thesis\Dataset\correct_angle_all\person052\frontal\frontal_20.png,Model_A,train,frontal_only,0,frontal,seen_training_pose
person053,frontal,0,0,1,frontal_01.png,E:\Thesis\Dataset\correct_angle_all\person053\frontal\frontal_01.png,Model_A,train,frontal_only,0,frontal,seen_training_pose
person053,frontal,0,0,4,frontal_04.png,E:\Thesis\Dataset\correct_angle_all\person053\frontal\frontal_04.png,Model_A,train,frontal_only,0,frontal,seen_training_pose
person053,frontal,0,0,6,frontal_06.png,E:\Thesis\Dataset\correct_angle_all\person053\frontal\frontal_06.png,Model_A,train,frontal_only,0,frontal,seen_training_pose
person053,frontal,0,0,7,frontal_07.png,E:\Thesis\Dataset\correct_angle_all\person053\frontal\frontal_07.png,Model_A,train,frontal_only,0,frontal,seen_training_pose
person053,frontal,0,0,8,frontal_08.png,E:\Thesis\Dataset\correct_angle_all\person053\frontal\frontal_08.png,Model_A,train,frontal_only,0,frontal,seen_training_pose
person053,frontal,0,0,10,frontal_10.png,E:\Thesis\Dataset\correct_angle_all\person053\frontal\frontal_10.png,Model_A,train,frontal_only,0,frontal,seen_training_pose
person053,frontal,0,0,11,frontal_11.png,E:\Thesis\Dataset\correct_angle_all\person053\frontal\frontal_11.png,Model_A,train,frontal_only,0,frontal,seen_training_pose
person053,frontal,0,0,13,frontal_13.png,E:\Thesis\Dataset\correct_angle_all\person053\frontal\frontal_13.png,Model_A,train,frontal_only,0,frontal,seen_training_pose
person053,frontal,0,0,15,frontal_15.png,E:\Thesis\Dataset\correct_angle_all\person053\frontal\frontal_15.png,Model_A,train,frontal_only,0,frontal,seen_training_pose
person053,frontal,0,0,16,frontal_16.png,E:\Thesis\Dataset\correct_angle_all\person053\frontal\frontal_16.png,Model_A,train,frontal_only,0,frontal,seen_training_pose
person053,frontal,0,0,17,frontal_17.png,E:\Thesis\Dataset\correct_angle_all\person053\frontal\frontal_17.png,Model_A,train,frontal_only,0,frontal,seen_training_pose
person053,frontal,0,0,20,frontal_20.png,E:\Thesis\Dataset\correct_angle_all\person053\frontal\frontal_20.png,Model_A,train,frontal_only,0,frontal,seen_training_pose
person054,frontal,0,0,1,frontal_01.png,E:\Thesis\Dataset\correct_angle_all\person054\frontal\frontal_01.png,Model_A,train,frontal_only,0,frontal,seen_training_pose
person054,frontal,0,0,4,frontal_04.png,E:\Thesis\Dataset\correct_angle_all\person054\frontal\frontal_04.png,Model_A,train,frontal_only,0,frontal,seen_training_pose
person054,frontal,0,0,6,frontal_06.png,E:\Thesis\Dataset\correct_angle_all\person054\frontal\frontal_06.png,Model_A,train,frontal_only,0,frontal,seen_training_pose
person054,frontal,0,0,7,frontal_07.png,E:\Thesis\Dataset\correct_angle_all\person054\frontal\frontal_07.png,Model_A,train,frontal_only,0,frontal,seen_training_pose
person054,frontal,0,0,8,frontal_08.png,E:\Thesis\Dataset\correct_angle_all\person054\frontal\frontal_08.png,Model_A,train,frontal_only,0,frontal,seen_training_pose
person054,frontal,0,0,10,frontal_10.png,E:\Thesis\Dataset\correct_angle_all\person054\frontal\frontal_10.png,Model_A,train,frontal_only,0,frontal,seen_training_pose
person054,frontal,0,0,11,frontal_11.png,E:\Thesis\Dataset\correct_angle_all\person054\frontal\frontal_11.png,Model_A,train,frontal_only,0,frontal,seen_training_pose
person054,frontal,0,0,13,frontal_13.png,E:\Thesis\Dataset\correct_angle_all\person054\frontal\frontal_13.png,Model_A,train,frontal_only,0,frontal,seen_training_pose
person054,frontal,0,0,15,frontal_15.png,E:\Thesis\Dataset\correct_angle_all\person054\frontal\frontal_15.png,Model_A,train,frontal_only,0,frontal,seen_training_pose
person054,frontal,0,0,16,frontal_16.png,E:\Thesis\Dataset\correct_angle_all\person054\frontal\frontal_16.png,Model_A,train,frontal_only,0,frontal,seen_training_pose
person054,frontal,0,0,17,frontal_17.png,E:\Thesis\Dataset\correct_angle_all\person054\frontal\frontal_17.png,Model_A,train,frontal_only,0,frontal,seen_training_pose
person054,frontal,0,0,20,frontal_20.png,E:\Thesis\Dataset\correct_angle_all\person054\frontal\frontal_20.png,Model_A,train,frontal_only,0,frontal,seen_training_pose
person055,frontal,0,0,1,frontal_01.png,E:\Thesis\Dataset\correct_angle_all\person055\frontal\frontal_01.png,Model_A,train,frontal_only,0,frontal,seen_training_pose
person055,frontal,0,0,4,frontal_04.png,E:\Thesis\Dataset\correct_angle_all\person055\frontal\frontal_04.png,Model_A,train,frontal_only,0,frontal,seen_training_pose
person055,frontal,0,0,6,frontal_06.png,E:\Thesis\Dataset\correct_angle_all\person055\frontal\frontal_06.png,Model_A,train,frontal_only,0,frontal,seen_training_pose
person055,frontal,0,0,7,frontal_07.png,E:\Thesis\Dataset\correct_angle_all\person055\frontal\frontal_07.png,Model_A,train,frontal_only,0,frontal,seen_training_pose
person055,frontal,0,0,8,frontal_08.png,E:\Thesis\Dataset\correct_angle_all\person055\frontal\frontal_08.png,Model_A,train,frontal_only,0,frontal,seen_training_pose
person055,frontal,0,0,10,frontal_10.png,E:\Thesis\Dataset\correct_angle_all\person055\frontal\frontal_10.png,Model_A,train,frontal_only,0,frontal,seen_training_pose
person055,frontal,0,0,11,frontal_11.png,E:\Thesis\Dataset\correct_angle_all\person055\frontal\frontal_11.png,Model_A,train,frontal_only,0,frontal,seen_training_pose
person055,frontal,0,0,13,frontal_13.png,E:\Thesis\Dataset\correct_angle_all\person055\frontal\frontal_13.png,Model_A,train,frontal_only,0,frontal,seen_training_pose
person055,frontal,0,0,15,frontal_15.png,E:\Thesis\Dataset\correct_angle_all\person055\frontal\frontal_15.png,Model_A,train,frontal_only,0,frontal,seen_training_pose
person055,frontal,0,0,16,frontal_16.png,E:\Thesis\Dataset\correct_angle_all\person055\frontal\frontal_16.png,Model_A,train,frontal_only,0,frontal,seen_training_pose
person055,frontal,0,0,17,frontal_17.png,E:\Thesis\Dataset\correct_angle_all\person055\frontal\frontal_17.png,Model_A,train,frontal_only,0,frontal,seen_training_pose
person055,frontal,0,0,20,frontal_20.png,E:\Thesis\Dataset\correct_angle_all\person055\frontal\frontal_20.png,Model_A,train,frontal_only,0,frontal,seen_training_pose
person056,frontal,0,0,1,frontal_01.png,E:\Thesis\Dataset\correct_angle_all\person056\frontal\frontal_01.png,Model_A,train,frontal_only,0,frontal,seen_training_pose
person056,frontal,0,0,4,frontal_04.png,E:\Thesis\Dataset\correct_angle_all\person056\frontal\frontal_04.png,Model_A,train,frontal_only,0,frontal,seen_training_pose
person056,frontal,0,0,6,frontal_06.png,E:\Thesis\Dataset\correct_angle_all\person056\frontal\frontal_06.png,Model_A,train,frontal_only,0,frontal,seen_training_pose
person056,frontal,0,0,7,frontal_07.png,E:\Thesis\Dataset\correct_angle_all\person056\frontal\frontal_07.png,Model_A,train,frontal_only,0,frontal,seen_training_pose
person056,frontal,0,0,8,frontal_08.png,E:\Thesis\Dataset\correct_angle_all\person056\frontal\frontal_08.png,Model_A,train,frontal_only,0,frontal,seen_training_pose
person056,frontal,0,0,10,frontal_10.png,E:\Thesis\Dataset\correct_angle_all\person056\frontal\frontal_10.png,Model_A,train,frontal_only,0,frontal,seen_training_pose
person056,frontal,0,0,11,frontal_11.png,E:\Thesis\Dataset\correct_angle_all\person056\frontal\frontal_11.png,Model_A,train,frontal_only,0,frontal,seen_training_pose
person056,frontal,0,0,13,frontal_13.png,E:\Thesis\Dataset\correct_angle_all\person056\frontal\frontal_13.png,Model_A,train,frontal_only,0,frontal,seen_training_pose
person056,frontal,0,0,15,frontal_15.png,E:\Thesis\Dataset\correct_angle_all\person056\frontal\frontal_15.png,Model_A,train,frontal_only,0,frontal,seen_training_pose
person056,frontal,0,0,16,frontal_16.png,E:\Thesis\Dataset\correct_angle_all\person056\frontal\frontal_16.png,Model_A,train,frontal_only,0,frontal,seen_training_pose
person056,frontal,0,0,17,frontal_17.png,E:\Thesis\Dataset\correct_angle_all\person056\frontal\frontal_17.png,Model_A,train,frontal_only,0,frontal,seen_training_pose
person056,frontal,0,0,20,frontal_20.png,E:\Thesis\Dataset\correct_angle_all\person056\frontal\frontal_20.png,Model_A,train,frontal_only,0,frontal,seen_training_pose
person057,frontal,0,0,1,frontal_01.png,E:\Thesis\Dataset\correct_angle_all\person057\frontal\frontal_01.png,Model_A,train,frontal_only,0,frontal,seen_training_pose
person057,frontal,0,0,4,frontal_04.png,E:\Thesis\Dataset\correct_angle_all\person057\frontal\frontal_04.png,Model_A,train,frontal_only,0,frontal,seen_training_pose
person057,frontal,0,0,6,frontal_06.png,E:\Thesis\Dataset\correct_angle_all\person057\frontal\frontal_06.png,Model_A,train,frontal_only,0,frontal,seen_training_pose
person057,frontal,0,0,7,frontal_07.png,E:\Thesis\Dataset\correct_angle_all\person057\frontal\frontal_07.png,Model_A,train,frontal_only,0,frontal,seen_training_pose
person057,frontal,0,0,8,frontal_08.png,E:\Thesis\Dataset\correct_angle_all\person057\frontal\frontal_08.png,Model_A,train,frontal_only,0,frontal,seen_training_pose
person057,frontal,0,0,10,frontal_10.png,E:\Thesis\Dataset\correct_angle_all\person057\frontal\frontal_10.png,Model_A,train,frontal_only,0,frontal,seen_training_pose
person057,frontal,0,0,11,frontal_11.png,E:\Thesis\Dataset\correct_angle_all\person057\frontal\frontal_11.png,Model_A,train,frontal_only,0,frontal,seen_training_pose
person057,frontal,0,0,13,frontal_13.png,E:\Thesis\Dataset\correct_angle_all\person057\frontal\frontal_13.png,Model_A,train,frontal_only,0,frontal,seen_training_pose
person057,frontal,0,0,15,frontal_15.png,E:\Thesis\Dataset\correct_angle_all\person057\frontal\frontal_15.png,Model_A,train,frontal_only,0,frontal,seen_training_pose
person057,frontal,0,0,16,frontal_16.png,E:\Thesis\Dataset\correct_angle_all\person057\frontal\frontal_16.png,Model_A,train,frontal_only,0,frontal,seen_training_pose
person057,frontal,0,0,17,frontal_17.png,E:\Thesis\Dataset\correct_angle_all\person057\frontal\frontal_17.png,Model_A,train,frontal_only,0,frontal,seen_training_pose
person057,frontal,0,0,20,frontal_20.png,E:\Thesis\Dataset\correct_angle_all\person057\frontal\frontal_20.png,Model_A,train,frontal_only,0,frontal,seen_training_pose
person058,frontal,0,0,1,frontal_01.png,E:\Thesis\Dataset\correct_angle_all\person058\frontal\frontal_01.png,Model_A,train,frontal_only,0,frontal,seen_training_pose
person058,frontal,0,0,4,frontal_04.png,E:\Thesis\Dataset\correct_angle_all\person058\frontal\frontal_04.png,Model_A,train,frontal_only,0,frontal,seen_training_pose
person058,frontal,0,0,6,frontal_06.png,E:\Thesis\Dataset\correct_angle_all\person058\frontal\frontal_06.png,Model_A,train,frontal_only,0,frontal,seen_training_pose
person058,frontal,0,0,7,frontal_07.png,E:\Thesis\Dataset\correct_angle_all\person058\frontal\frontal_07.png,Model_A,train,frontal_only,0,frontal,seen_training_pose
person058,frontal,0,0,8,frontal_08.png,E:\Thesis\Dataset\correct_angle_all\person058\frontal\frontal_08.png,Model_A,train,frontal_only,0,frontal,seen_training_pose
person058,frontal,0,0,10,frontal_10.png,E:\Thesis\Dataset\correct_angle_all\person058\frontal\frontal_10.png,Model_A,train,frontal_only,0,frontal,seen_training_pose
person058,frontal,0,0,11,frontal_11.png,E:\Thesis\Dataset\correct_angle_all\person058\frontal\frontal_11.png,Model_A,train,frontal_only,0,frontal,seen_training_pose
person058,frontal,0,0,13,frontal_13.png,E:\Thesis\Dataset\correct_angle_all\person058\frontal\frontal_13.png,Model_A,train,frontal_only,0,frontal,seen_training_pose
person058,frontal,0,0,15,frontal_15.png,E:\Thesis\Dataset\correct_angle_all\person058\frontal\frontal_15.png,Model_A,train,frontal_only,0,frontal,seen_training_pose
person058,frontal,0,0,16,frontal_16.png,E:\Thesis\Dataset\correct_angle_all\person058\frontal\frontal_16.png,Model_A,train,frontal_only,0,frontal,seen_training_pose
person058,frontal,0,0,17,frontal_17.png,E:\Thesis\Dataset\correct_angle_all\person058\frontal\frontal_17.png,Model_A,train,frontal_only,0,frontal,seen_training_pose
person058,frontal,0,0,20,frontal_20.png,E:\Thesis\Dataset\correct_angle_all\person058\frontal\frontal_20.png,Model_A,train,frontal_only,0,frontal,seen_training_pose
person059,frontal,0,0,1,frontal_01.png,E:\Thesis\Dataset\correct_angle_all\person059\frontal\frontal_01.png,Model_A,train,frontal_only,0,frontal,seen_training_pose
person059,frontal,0,0,4,frontal_04.png,E:\Thesis\Dataset\correct_angle_all\person059\frontal\frontal_04.png,Model_A,train,frontal_only,0,frontal,seen_training_pose
person059,frontal,0,0,6,frontal_06.png,E:\Thesis\Dataset\correct_angle_all\person059\frontal\frontal_06.png,Model_A,train,frontal_only,0,frontal,seen_training_pose
person059,frontal,0,0,7,frontal_07.png,E:\Thesis\Dataset\correct_angle_all\person059\frontal\frontal_07.png,Model_A,train,frontal_only,0,frontal,seen_training_pose
person059,frontal,0,0,8,frontal_08.png,E:\Thesis\Dataset\correct_angle_all\person059\frontal\frontal_08.png,Model_A,train,frontal_only,0,frontal,seen_training_pose
person059,frontal,0,0,10,frontal_10.png,E:\Thesis\Dataset\correct_angle_all\person059\frontal\frontal_10.png,Model_A,train,frontal_only,0,frontal,seen_training_pose
person059,frontal,0,0,11,frontal_11.png,E:\Thesis\Dataset\correct_angle_all\person059\frontal\frontal_11.png,Model_A,train,frontal_only,0,frontal,seen_training_pose
person059,frontal,0,0,13,frontal_13.png,E:\Thesis\Dataset\correct_angle_all\person059\frontal\frontal_13.png,Model_A,train,frontal_only,0,frontal,seen_training_pose
person059,frontal,0,0,15,frontal_15.png,E:\Thesis\Dataset\correct_angle_all\person059\frontal\frontal_15.png,Model_A,train,frontal_only,0,frontal,seen_training_pose
person059,frontal,0,0,16,frontal_16.png,E:\Thesis\Dataset\correct_angle_all\person059\frontal\frontal_16.png,Model_A,train,frontal_only,0,frontal,seen_training_pose
person059,frontal,0,0,17,frontal_17.png,E:\Thesis\Dataset\correct_angle_all\person059\frontal\frontal_17.png,Model_A,train,frontal_only,0,frontal,seen_training_pose
person059,frontal,0,0,20,frontal_20.png,E:\Thesis\Dataset\correct_angle_all\person059\frontal\frontal_20.png,Model_A,train,frontal_only,0,frontal,seen_training_pose
person060,frontal,0,0,1,frontal_01.png,E:\Thesis\Dataset\correct_angle_all\person060\frontal\frontal_01.png,Model_A,train,frontal_only,0,frontal,seen_training_pose
person060,frontal,0,0,4,frontal_04.png,E:\Thesis\Dataset\correct_angle_all\person060\frontal\frontal_04.png,Model_A,train,frontal_only,0,frontal,seen_training_pose
person060,frontal,0,0,6,frontal_06.png,E:\Thesis\Dataset\correct_angle_all\person060\frontal\frontal_06.png,Model_A,train,frontal_only,0,frontal,seen_training_pose
person060,frontal,0,0,7,frontal_07.png,E:\Thesis\Dataset\correct_angle_all\person060\frontal\frontal_07.png,Model_A,train,frontal_only,0,frontal,seen_training_pose
person060,frontal,0,0,8,frontal_08.png,E:\Thesis\Dataset\correct_angle_all\person060\frontal\frontal_08.png,Model_A,train,frontal_only,0,frontal,seen_training_pose
person060,frontal,0,0,10,frontal_10.png,E:\Thesis\Dataset\correct_angle_all\person060\frontal\frontal_10.png,Model_A,train,frontal_only,0,frontal,seen_training_pose
person060,frontal,0,0,11,frontal_11.png,E:\Thesis\Dataset\correct_angle_all\person060\frontal\frontal_11.png,Model_A,train,frontal_only,0,frontal,seen_training_pose
person060,frontal,0,0,13,frontal_13.png,E:\Thesis\Dataset\correct_angle_all\person060\frontal\frontal_13.png,Model_A,train,frontal_only,0,frontal,seen_training_pose
person060,frontal,0,0,15,frontal_15.png,E:\Thesis\Dataset\correct_angle_all\person060\frontal\frontal_15.png,Model_A,train,frontal_only,0,frontal,seen_training_pose
person060,frontal,0,0,16,frontal_16.png,E:\Thesis\Dataset\correct_angle_all\person060\frontal\frontal_16.png,Model_A,train,frontal_only,0,frontal,seen_training_pose
person060,frontal,0,0,17,frontal_17.png,E:\Thesis\Dataset\correct_angle_all\person060\frontal\frontal_17.png,Model_A,train,frontal_only,0,frontal,seen_training_pose
person060,frontal,0,0,20,frontal_20.png,E:\Thesis\Dataset\correct_angle_all\person060\frontal\frontal_20.png,Model_A,train,frontal_only,0,frontal,seen_training_pose
person061,frontal,0,0,1,frontal_01.png,E:\Thesis\Dataset\correct_angle_all\person061\frontal\frontal_01.png,Model_A,train,frontal_only,0,frontal,seen_training_pose
person061,frontal,0,0,4,frontal_04.png,E:\Thesis\Dataset\correct_angle_all\person061\frontal\frontal_04.png,Model_A,train,frontal_only,0,frontal,seen_training_pose
person061,frontal,0,0,6,frontal_06.png,E:\Thesis\Dataset\correct_angle_all\person061\frontal\frontal_06.png,Model_A,train,frontal_only,0,frontal,seen_training_pose
person061,frontal,0,0,7,frontal_07.png,E:\Thesis\Dataset\correct_angle_all\person061\frontal\frontal_07.png,Model_A,train,frontal_only,0,frontal,seen_training_pose
person061,frontal,0,0,8,frontal_08.png,E:\Thesis\Dataset\correct_angle_all\person061\frontal\frontal_08.png,Model_A,train,frontal_only,0,frontal,seen_training_pose
person061,frontal,0,0,10,frontal_10.png,E:\Thesis\Dataset\correct_angle_all\person061\frontal\frontal_10.png,Model_A,train,frontal_only,0,frontal,seen_training_pose
person061,frontal,0,0,11,frontal_11.png,E:\Thesis\Dataset\correct_angle_all\person061\frontal\frontal_11.png,Model_A,train,frontal_only,0,frontal,seen_training_pose
person061,frontal,0,0,13,frontal_13.png,E:\Thesis\Dataset\correct_angle_all\person061\frontal\frontal_13.png,Model_A,train,frontal_only,0,frontal,seen_training_pose
person061,frontal,0,0,15,frontal_15.png,E:\Thesis\Dataset\correct_angle_all\person061\frontal\frontal_15.png,Model_A,train,frontal_only,0,frontal,seen_training_pose
person061,frontal,0,0,16,frontal_16.png,E:\Thesis\Dataset\correct_angle_all\person061\frontal\frontal_16.png,Model_A,train,frontal_only,0,frontal,seen_training_pose
person061,frontal,0,0,17,frontal_17.png,E:\Thesis\Dataset\correct_angle_all\person061\frontal\frontal_17.png,Model_A,train,frontal_only,0,frontal,seen_training_pose
person061,frontal,0,0,20,frontal_20.png,E:\Thesis\Dataset\correct_angle_all\person061\frontal\frontal_20.png,Model_A,train,frontal_only,0,frontal,seen_training_pose
person062,frontal,0,0,1,frontal_01.png,E:\Thesis\Dataset\correct_angle_all\person062\frontal\frontal_01.png,Model_A,train,frontal_only,0,frontal,seen_training_pose
person062,frontal,0,0,4,frontal_04.png,E:\Thesis\Dataset\correct_angle_all\person062\frontal\frontal_04.png,Model_A,train,frontal_only,0,frontal,seen_training_pose
person062,frontal,0,0,6,frontal_06.png,E:\Thesis\Dataset\correct_angle_all\person062\frontal\frontal_06.png,Model_A,train,frontal_only,0,frontal,seen_training_pose
person062,frontal,0,0,7,frontal_07.png,E:\Thesis\Dataset\correct_angle_all\person062\frontal\frontal_07.png,Model_A,train,frontal_only,0,frontal,seen_training_pose
person062,frontal,0,0,8,frontal_08.png,E:\Thesis\Dataset\correct_angle_all\person062\frontal\frontal_08.png,Model_A,train,frontal_only,0,frontal,seen_training_pose
person062,frontal,0,0,10,frontal_10.png,E:\Thesis\Dataset\correct_angle_all\person062\frontal\frontal_10.png,Model_A,train,frontal_only,0,frontal,seen_training_pose
person062,frontal,0,0,11,frontal_11.png,E:\Thesis\Dataset\correct_angle_all\person062\frontal\frontal_11.png,Model_A,train,frontal_only,0,frontal,seen_training_pose
person062,frontal,0,0,13,frontal_13.png,E:\Thesis\Dataset\correct_angle_all\person062\frontal\frontal_13.png,Model_A,train,frontal_only,0,frontal,seen_training_pose
person062,frontal,0,0,15,frontal_15.png,E:\Thesis\Dataset\correct_angle_all\person062\frontal\frontal_15.png,Model_A,train,frontal_only,0,frontal,seen_training_pose
person062,frontal,0,0,16,frontal_16.png,E:\Thesis\Dataset\correct_angle_all\person062\frontal\frontal_16.png,Model_A,train,frontal_only,0,frontal,seen_training_pose
person062,frontal,0,0,17,frontal_17.png,E:\Thesis\Dataset\correct_angle_all\person062\frontal\frontal_17.png,Model_A,train,frontal_only,0,frontal,seen_training_pose
person062,frontal,0,0,20,frontal_20.png,E:\Thesis\Dataset\correct_angle_all\person062\frontal\frontal_20.png,Model_A,train,frontal_only,0,frontal,seen_training_pose
person063,frontal,0,0,1,frontal_01.png,E:\Thesis\Dataset\correct_angle_all\person063\frontal\frontal_01.png,Model_A,train,frontal_only,0,frontal,seen_training_pose
person063,frontal,0,0,4,frontal_04.png,E:\Thesis\Dataset\correct_angle_all\person063\frontal\frontal_04.png,Model_A,train,frontal_only,0,frontal,seen_training_pose
person063,frontal,0,0,6,frontal_06.png,E:\Thesis\Dataset\correct_angle_all\person063\frontal\frontal_06.png,Model_A,train,frontal_only,0,frontal,seen_training_pose
person063,frontal,0,0,7,frontal_07.png,E:\Thesis\Dataset\correct_angle_all\person063\frontal\frontal_07.png,Model_A,train,frontal_only,0,frontal,seen_training_pose
person063,frontal,0,0,8,frontal_08.png,E:\Thesis\Dataset\correct_angle_all\person063\frontal\frontal_08.png,Model_A,train,frontal_only,0,frontal,seen_training_pose
person063,frontal,0,0,10,frontal_10.png,E:\Thesis\Dataset\correct_angle_all\person063\frontal\frontal_10.png,Model_A,train,frontal_only,0,frontal,seen_training_pose
person063,frontal,0,0,11,frontal_11.png,E:\Thesis\Dataset\correct_angle_all\person063\frontal\frontal_11.png,Model_A,train,frontal_only,0,frontal,seen_training_pose
person063,frontal,0,0,13,frontal_13.png,E:\Thesis\Dataset\correct_angle_all\person063\frontal\frontal_13.png,Model_A,train,frontal_only,0,frontal,seen_training_pose
person063,frontal,0,0,15,frontal_15.png,E:\Thesis\Dataset\correct_angle_all\person063\frontal\frontal_15.png,Model_A,train,frontal_only,0,frontal,seen_training_pose
person063,frontal,0,0,16,frontal_16.png,E:\Thesis\Dataset\correct_angle_all\person063\frontal\frontal_16.png,Model_A,train,frontal_only,0,frontal,seen_training_pose
person063,frontal,0,0,17,frontal_17.png,E:\Thesis\Dataset\correct_angle_all\person063\frontal\frontal_17.png,Model_A,train,frontal_only,0,frontal,seen_training_pose
person063,frontal,0,0,20,frontal_20.png,E:\Thesis\Dataset\correct_angle_all\person063\frontal\frontal_20.png,Model_A,train,frontal_only,0,frontal,seen_training_pose
person064,frontal,0,0,1,frontal_01.png,E:\Thesis\Dataset\correct_angle_all\person064\frontal\frontal_01.png,Model_A,train,frontal_only,0,frontal,seen_training_pose
person064,frontal,0,0,4,frontal_04.png,E:\Thesis\Dataset\correct_angle_all\person064\frontal\frontal_04.png,Model_A,train,frontal_only,0,frontal,seen_training_pose
person064,frontal,0,0,6,frontal_06.png,E:\Thesis\Dataset\correct_angle_all\person064\frontal\frontal_06.png,Model_A,train,frontal_only,0,frontal,seen_training_pose
person064,frontal,0,0,7,frontal_07.png,E:\Thesis\Dataset\correct_angle_all\person064\frontal\frontal_07.png,Model_A,train,frontal_only,0,frontal,seen_training_pose
person064,frontal,0,0,8,frontal_08.png,E:\Thesis\Dataset\correct_angle_all\person064\frontal\frontal_08.png,Model_A,train,frontal_only,0,frontal,seen_training_pose
person064,frontal,0,0,10,frontal_10.png,E:\Thesis\Dataset\correct_angle_all\person064\frontal\frontal_10.png,Model_A,train,frontal_only,0,frontal,seen_training_pose
person064,frontal,0,0,11,frontal_11.png,E:\Thesis\Dataset\correct_angle_all\person064\frontal\frontal_11.png,Model_A,train,frontal_only,0,frontal,seen_training_pose
person064,frontal,0,0,13,frontal_13.png,E:\Thesis\Dataset\correct_angle_all\person064\frontal\frontal_13.png,Model_A,train,frontal_only,0,frontal,seen_training_pose
person064,frontal,0,0,15,frontal_15.png,E:\Thesis\Dataset\correct_angle_all\person064\frontal\frontal_15.png,Model_A,train,frontal_only,0,frontal,seen_training_pose
person064,frontal,0,0,16,frontal_16.png,E:\Thesis\Dataset\correct_angle_all\person064\frontal\frontal_16.png,Model_A,train,frontal_only,0,frontal,seen_training_pose
person064,frontal,0,0,17,frontal_17.png,E:\Thesis\Dataset\correct_angle_all\person064\frontal\frontal_17.png,Model_A,train,frontal_only,0,frontal,seen_training_pose
person064,frontal,0,0,20,frontal_20.png,E:\Thesis\Dataset\correct_angle_all\person064\frontal\frontal_20.png,Model_A,train,frontal_only,0,frontal,seen_training_pose
person065,frontal,0,0,1,frontal_01.png,E:\Thesis\Dataset\correct_angle_all\person065\frontal\frontal_01.png,Model_A,train,frontal_only,0,frontal,seen_training_pose
person065,frontal,0,0,4,frontal_04.png,E:\Thesis\Dataset\correct_angle_all\person065\frontal\frontal_04.png,Model_A,train,frontal_only,0,frontal,seen_training_pose
person065,frontal,0,0,6,frontal_06.png,E:\Thesis\Dataset\correct_angle_all\person065\frontal\frontal_06.png,Model_A,train,frontal_only,0,frontal,seen_training_pose
person065,frontal,0,0,7,frontal_07.png,E:\Thesis\Dataset\correct_angle_all\person065\frontal\frontal_07.png,Model_A,train,frontal_only,0,frontal,seen_training_pose
person065,frontal,0,0,8,frontal_08.png,E:\Thesis\Dataset\correct_angle_all\person065\frontal\frontal_08.png,Model_A,train,frontal_only,0,frontal,seen_training_pose
person065,frontal,0,0,10,frontal_10.png,E:\Thesis\Dataset\correct_angle_all\person065\frontal\frontal_10.png,Model_A,train,frontal_only,0,frontal,seen_training_pose
person065,frontal,0,0,11,frontal_11.png,E:\Thesis\Dataset\correct_angle_all\person065\frontal\frontal_11.png,Model_A,train,frontal_only,0,frontal,seen_training_pose
person065,frontal,0,0,13,frontal_13.png,E:\Thesis\Dataset\correct_angle_all\person065\frontal\frontal_13.png,Model_A,train,frontal_only,0,frontal,seen_training_pose
person065,frontal,0,0,15,frontal_15.png,E:\Thesis\Dataset\correct_angle_all\person065\frontal\frontal_15.png,Model_A,train,frontal_only,0,frontal,seen_training_pose
person065,frontal,0,0,16,frontal_16.png,E:\Thesis\Dataset\correct_angle_all\person065\frontal\frontal_16.png,Model_A,train,frontal_only,0,frontal,seen_training_pose
person065,frontal,0,0,17,frontal_17.png,E:\Thesis\Dataset\correct_angle_all\person065\frontal\frontal_17.png,Model_A,train,frontal_only,0,frontal,seen_training_pose
person065,frontal,0,0,20,frontal_20.png,E:\Thesis\Dataset\correct_angle_all\person065\frontal\frontal_20.png,Model_A,train,frontal_only,0,frontal,seen_training_pose
person066,frontal,0,0,1,frontal_01.png,E:\Thesis\Dataset\correct_angle_all\person066\frontal\frontal_01.png,Model_A,train,frontal_only,0,frontal,seen_training_pose
person066,frontal,0,0,4,frontal_04.png,E:\Thesis\Dataset\correct_angle_all\person066\frontal\frontal_04.png,Model_A,train,frontal_only,0,frontal,seen_training_pose
person066,frontal,0,0,6,frontal_06.png,E:\Thesis\Dataset\correct_angle_all\person066\frontal\frontal_06.png,Model_A,train,frontal_only,0,frontal,seen_training_pose
person066,frontal,0,0,7,frontal_07.png,E:\Thesis\Dataset\correct_angle_all\person066\frontal\frontal_07.png,Model_A,train,frontal_only,0,frontal,seen_training_pose
person066,frontal,0,0,8,frontal_08.png,E:\Thesis\Dataset\correct_angle_all\person066\frontal\frontal_08.png,Model_A,train,frontal_only,0,frontal,seen_training_pose
person066,frontal,0,0,10,frontal_10.png,E:\Thesis\Dataset\correct_angle_all\person066\frontal\frontal_10.png,Model_A,train,frontal_only,0,frontal,seen_training_pose
person066,frontal,0,0,11,frontal_11.png,E:\Thesis\Dataset\correct_angle_all\person066\frontal\frontal_11.png,Model_A,train,frontal_only,0,frontal,seen_training_pose
person066,frontal,0,0,13,frontal_13.png,E:\Thesis\Dataset\correct_angle_all\person066\frontal\frontal_13.png,Model_A,train,frontal_only,0,frontal,seen_training_pose
person066,frontal,0,0,15,frontal_15.png,E:\Thesis\Dataset\correct_angle_all\person066\frontal\frontal_15.png,Model_A,train,frontal_only,0,frontal,seen_training_pose
person066,frontal,0,0,16,frontal_16.png,E:\Thesis\Dataset\correct_angle_all\person066\frontal\frontal_16.png,Model_A,train,frontal_only,0,frontal,seen_training_pose
person066,frontal,0,0,17,frontal_17.png,E:\Thesis\Dataset\correct_angle_all\person066\frontal\frontal_17.png,Model_A,train,frontal_only,0,frontal,seen_training_pose
person066,frontal,0,0,20,frontal_20.png,E:\Thesis\Dataset\correct_angle_all\person066\frontal\frontal_20.png,Model_A,train,frontal_only,0,frontal,seen_training_pose
person067,frontal,0,0,1,frontal_01.png,E:\Thesis\Dataset\correct_angle_all\person067\frontal\frontal_01.png,Model_A,train,frontal_only,0,frontal,seen_training_pose
person067,frontal,0,0,4,frontal_04.png,E:\Thesis\Dataset\correct_angle_all\person067\frontal\frontal_04.png,Model_A,train,frontal_only,0,frontal,seen_training_pose
person067,frontal,0,0,6,frontal_06.png,E:\Thesis\Dataset\correct_angle_all\person067\frontal\frontal_06.png,Model_A,train,frontal_only,0,frontal,seen_training_pose
person067,frontal,0,0,7,frontal_07.png,E:\Thesis\Dataset\correct_angle_all\person067\frontal\frontal_07.png,Model_A,train,frontal_only,0,frontal,seen_training_pose
person067,frontal,0,0,8,frontal_08.png,E:\Thesis\Dataset\correct_angle_all\person067\frontal\frontal_08.png,Model_A,train,frontal_only,0,frontal,seen_training_pose
person067,frontal,0,0,10,frontal_10.png,E:\Thesis\Dataset\correct_angle_all\person067\frontal\frontal_10.png,Model_A,train,frontal_only,0,frontal,seen_training_pose
person067,frontal,0,0,11,frontal_11.png,E:\Thesis\Dataset\correct_angle_all\person067\frontal\frontal_11.png,Model_A,train,frontal_only,0,frontal,seen_training_pose
person067,frontal,0,0,13,frontal_13.png,E:\Thesis\Dataset\correct_angle_all\person067\frontal\frontal_13.png,Model_A,train,frontal_only,0,frontal,seen_training_pose
person067,frontal,0,0,15,frontal_15.png,E:\Thesis\Dataset\correct_angle_all\person067\frontal\frontal_15.png,Model_A,train,frontal_only,0,frontal,seen_training_pose
person067,frontal,0,0,16,frontal_16.png,E:\Thesis\Dataset\correct_angle_all\person067\frontal\frontal_16.png,Model_A,train,frontal_only,0,frontal,seen_training_pose
person067,frontal,0,0,17,frontal_17.png,E:\Thesis\Dataset\correct_angle_all\person067\frontal\frontal_17.png,Model_A,train,frontal_only,0,frontal,seen_training_pose
person067,frontal,0,0,20,frontal_20.png,E:\Thesis\Dataset\correct_angle_all\person067\frontal\frontal_20.png,Model_A,train,frontal_only,0,frontal,seen_training_pose
person068,frontal,0,0,1,frontal_01.png,E:\Thesis\Dataset\correct_angle_all\person068\frontal\frontal_01.png,Model_A,train,frontal_only,0,frontal,seen_training_pose
person068,frontal,0,0,4,frontal_04.png,E:\Thesis\Dataset\correct_angle_all\person068\frontal\frontal_04.png,Model_A,train,frontal_only,0,frontal,seen_training_pose
person068,frontal,0,0,6,frontal_06.png,E:\Thesis\Dataset\correct_angle_all\person068\frontal\frontal_06.png,Model_A,train,frontal_only,0,frontal,seen_training_pose
person068,frontal,0,0,7,frontal_07.png,E:\Thesis\Dataset\correct_angle_all\person068\frontal\frontal_07.png,Model_A,train,frontal_only,0,frontal,seen_training_pose
person068,frontal,0,0,8,frontal_08.png,E:\Thesis\Dataset\correct_angle_all\person068\frontal\frontal_08.png,Model_A,train,frontal_only,0,frontal,seen_training_pose
person068,frontal,0,0,10,frontal_10.png,E:\Thesis\Dataset\correct_angle_all\person068\frontal\frontal_10.png,Model_A,train,frontal_only,0,frontal,seen_training_pose
person068,frontal,0,0,11,frontal_11.png,E:\Thesis\Dataset\correct_angle_all\person068\frontal\frontal_11.png,Model_A,train,frontal_only,0,frontal,seen_training_pose
person068,frontal,0,0,13,frontal_13.png,E:\Thesis\Dataset\correct_angle_all\person068\frontal\frontal_13.png,Model_A,train,frontal_only,0,frontal,seen_training_pose
person068,frontal,0,0,15,frontal_15.png,E:\Thesis\Dataset\correct_angle_all\person068\frontal\frontal_15.png,Model_A,train,frontal_only,0,frontal,seen_training_pose
person068,frontal,0,0,16,frontal_16.png,E:\Thesis\Dataset\correct_angle_all\person068\frontal\frontal_16.png,Model_A,train,frontal_only,0,frontal,seen_training_pose
person068,frontal,0,0,17,frontal_17.png,E:\Thesis\Dataset\correct_angle_all\person068\frontal\frontal_17.png,Model_A,train,frontal_only,0,frontal,seen_training_pose
person068,frontal,0,0,20,frontal_20.png,E:\Thesis\Dataset\correct_angle_all\person068\frontal\frontal_20.png,Model_A,train,frontal_only,0,frontal,seen_training_pose
person069,frontal,0,0,1,frontal_01.png,E:\Thesis\Dataset\correct_angle_all\person069\frontal\frontal_01.png,Model_A,train,frontal_only,0,frontal,seen_training_pose
person069,frontal,0,0,4,frontal_04.png,E:\Thesis\Dataset\correct_angle_all\person069\frontal\frontal_04.png,Model_A,train,frontal_only,0,frontal,seen_training_pose
person069,frontal,0,0,6,frontal_06.png,E:\Thesis\Dataset\correct_angle_all\person069\frontal\frontal_06.png,Model_A,train,frontal_only,0,frontal,seen_training_pose
person069,frontal,0,0,7,frontal_07.png,E:\Thesis\Dataset\correct_angle_all\person069\frontal\frontal_07.png,Model_A,train,frontal_only,0,frontal,seen_training_pose
person069,frontal,0,0,8,frontal_08.png,E:\Thesis\Dataset\correct_angle_all\person069\frontal\frontal_08.png,Model_A,train,frontal_only,0,frontal,seen_training_pose
person069,frontal,0,0,10,frontal_10.png,E:\Thesis\Dataset\correct_angle_all\person069\frontal\frontal_10.png,Model_A,train,frontal_only,0,frontal,seen_training_pose
person069,frontal,0,0,11,frontal_11.png,E:\Thesis\Dataset\correct_angle_all\person069\frontal\frontal_11.png,Model_A,train,frontal_only,0,frontal,seen_training_pose
person069,frontal,0,0,13,frontal_13.png,E:\Thesis\Dataset\correct_angle_all\person069\frontal\frontal_13.png,Model_A,train,frontal_only,0,frontal,seen_training_pose
person069,frontal,0,0,15,frontal_15.png,E:\Thesis\Dataset\correct_angle_all\person069\frontal\frontal_15.png,Model_A,train,frontal_only,0,frontal,seen_training_pose
person069,frontal,0,0,16,frontal_16.png,E:\Thesis\Dataset\correct_angle_all\person069\frontal\frontal_16.png,Model_A,train,frontal_only,0,frontal,seen_training_pose
person069,frontal,0,0,17,frontal_17.png,E:\Thesis\Dataset\correct_angle_all\person069\frontal\frontal_17.png,Model_A,train,frontal_only,0,frontal,seen_training_pose
person069,frontal,0,0,20,frontal_20.png,E:\Thesis\Dataset\correct_angle_all\person069\frontal\frontal_20.png,Model_A,train,frontal_only,0,frontal,seen_training_pose
person070,frontal,0,0,1,frontal_01.png,E:\Thesis\Dataset\correct_angle_all\person070\frontal\frontal_01.png,Model_A,train,frontal_only,0,frontal,seen_training_pose
person070,frontal,0,0,4,frontal_04.png,E:\Thesis\Dataset\correct_angle_all\person070\frontal\frontal_04.png,Model_A,train,frontal_only,0,frontal,seen_training_pose
person070,frontal,0,0,6,frontal_06.png,E:\Thesis\Dataset\correct_angle_all\person070\frontal\frontal_06.png,Model_A,train,frontal_only,0,frontal,seen_training_pose
person070,frontal,0,0,7,frontal_07.png,E:\Thesis\Dataset\correct_angle_all\person070\frontal\frontal_07.png,Model_A,train,frontal_only,0,frontal,seen_training_pose
person070,frontal,0,0,8,frontal_08.png,E:\Thesis\Dataset\correct_angle_all\person070\frontal\frontal_08.png,Model_A,train,frontal_only,0,frontal,seen_training_pose
person070,frontal,0,0,10,frontal_10.png,E:\Thesis\Dataset\correct_angle_all\person070\frontal\frontal_10.png,Model_A,train,frontal_only,0,frontal,seen_training_pose
person070,frontal,0,0,11,frontal_11.png,E:\Thesis\Dataset\correct_angle_all\person070\frontal\frontal_11.png,Model_A,train,frontal_only,0,frontal,seen_training_pose
person070,frontal,0,0,13,frontal_13.png,E:\Thesis\Dataset\correct_angle_all\person070\frontal\frontal_13.png,Model_A,train,frontal_only,0,frontal,seen_training_pose
person070,frontal,0,0,15,frontal_15.png,E:\Thesis\Dataset\correct_angle_all\person070\frontal\frontal_15.png,Model_A,train,frontal_only,0,frontal,seen_training_pose
person070,frontal,0,0,16,frontal_16.png,E:\Thesis\Dataset\correct_angle_all\person070\frontal\frontal_16.png,Model_A,train,frontal_only,0,frontal,seen_training_pose
person070,frontal,0,0,17,frontal_17.png,E:\Thesis\Dataset\correct_angle_all\person070\frontal\frontal_17.png,Model_A,train,frontal_only,0,frontal,seen_training_pose
person070,frontal,0,0,20,frontal_20.png,E:\Thesis\Dataset\correct_angle_all\person070\frontal\frontal_20.png,Model_A,train,frontal_only,0,frontal,seen_training_pose
person071,frontal,0,0,1,frontal_01.png,E:\Thesis\Dataset\correct_angle_all\person071\frontal\frontal_01.png,Model_A,train,frontal_only,0,frontal,seen_training_pose
person071,frontal,0,0,4,frontal_04.png,E:\Thesis\Dataset\correct_angle_all\person071\frontal\frontal_04.png,Model_A,train,frontal_only,0,frontal,seen_training_pose
person071,frontal,0,0,6,frontal_06.png,E:\Thesis\Dataset\correct_angle_all\person071\frontal\frontal_06.png,Model_A,train,frontal_only,0,frontal,seen_training_pose
person071,frontal,0,0,7,frontal_07.png,E:\Thesis\Dataset\correct_angle_all\person071\frontal\frontal_07.png,Model_A,train,frontal_only,0,frontal,seen_training_pose
person071,frontal,0,0,8,frontal_08.png,E:\Thesis\Dataset\correct_angle_all\person071\frontal\frontal_08.png,Model_A,train,frontal_only,0,frontal,seen_training_pose
person071,frontal,0,0,10,frontal_10.png,E:\Thesis\Dataset\correct_angle_all\person071\frontal\frontal_10.png,Model_A,train,frontal_only,0,frontal,seen_training_pose
person071,frontal,0,0,11,frontal_11.png,E:\Thesis\Dataset\correct_angle_all\person071\frontal\frontal_11.png,Model_A,train,frontal_only,0,frontal,seen_training_pose
person071,frontal,0,0,13,frontal_13.png,E:\Thesis\Dataset\correct_angle_all\person071\frontal\frontal_13.png,Model_A,train,frontal_only,0,frontal,seen_training_pose
person071,frontal,0,0,15,frontal_15.png,E:\Thesis\Dataset\correct_angle_all\person071\frontal\frontal_15.png,Model_A,train,frontal_only,0,frontal,seen_training_pose
person071,frontal,0,0,16,frontal_16.png,E:\Thesis\Dataset\correct_angle_all\person071\frontal\frontal_16.png,Model_A,train,frontal_only,0,frontal,seen_training_pose
person071,frontal,0,0,17,frontal_17.png,E:\Thesis\Dataset\correct_angle_all\person071\frontal\frontal_17.png,Model_A,train,frontal_only,0,frontal,seen_training_pose
person071,frontal,0,0,20,frontal_20.png,E:\Thesis\Dataset\correct_angle_all\person071\frontal\frontal_20.png,Model_A,train,frontal_only,0,frontal,seen_training_pose
person072,frontal,0,0,1,frontal_01.png,E:\Thesis\Dataset\correct_angle_all\person072\frontal\frontal_01.png,Model_A,train,frontal_only,0,frontal,seen_training_pose
person072,frontal,0,0,4,frontal_04.png,E:\Thesis\Dataset\correct_angle_all\person072\frontal\frontal_04.png,Model_A,train,frontal_only,0,frontal,seen_training_pose
person072,frontal,0,0,6,frontal_06.png,E:\Thesis\Dataset\correct_angle_all\person072\frontal\frontal_06.png,Model_A,train,frontal_only,0,frontal,seen_training_pose
person072,frontal,0,0,7,frontal_07.png,E:\Thesis\Dataset\correct_angle_all\person072\frontal\frontal_07.png,Model_A,train,frontal_only,0,frontal,seen_training_pose
person072,frontal,0,0,8,frontal_08.png,E:\Thesis\Dataset\correct_angle_all\person072\frontal\frontal_08.png,Model_A,train,frontal_only,0,frontal,seen_training_pose
person072,frontal,0,0,10,frontal_10.png,E:\Thesis\Dataset\correct_angle_all\person072\frontal\frontal_10.png,Model_A,train,frontal_only,0,frontal,seen_training_pose
person072,frontal,0,0,11,frontal_11.png,E:\Thesis\Dataset\correct_angle_all\person072\frontal\frontal_11.png,Model_A,train,frontal_only,0,frontal,seen_training_pose
person072,frontal,0,0,13,frontal_13.png,E:\Thesis\Dataset\correct_angle_all\person072\frontal\frontal_13.png,Model_A,train,frontal_only,0,frontal,seen_training_pose
person072,frontal,0,0,15,frontal_15.png,E:\Thesis\Dataset\correct_angle_all\person072\frontal\frontal_15.png,Model_A,train,frontal_only,0,frontal,seen_training_pose
person072,frontal,0,0,16,frontal_16.png,E:\Thesis\Dataset\correct_angle_all\person072\frontal\frontal_16.png,Model_A,train,frontal_only,0,frontal,seen_training_pose
person072,frontal,0,0,17,frontal_17.png,E:\Thesis\Dataset\correct_angle_all\person072\frontal\frontal_17.png,Model_A,train,frontal_only,0,frontal,seen_training_pose
person072,frontal,0,0,20,frontal_20.png,E:\Thesis\Dataset\correct_angle_all\person072\frontal\frontal_20.png,Model_A,train,frontal_only,0,frontal,seen_training_pose
person073,frontal,0,0,1,frontal_01.png,E:\Thesis\Dataset\correct_angle_all\person073\frontal\frontal_01.png,Model_A,train,frontal_only,0,frontal,seen_training_pose
person073,frontal,0,0,4,frontal_04.png,E:\Thesis\Dataset\correct_angle_all\person073\frontal\frontal_04.png,Model_A,train,frontal_only,0,frontal,seen_training_pose
person073,frontal,0,0,6,frontal_06.png,E:\Thesis\Dataset\correct_angle_all\person073\frontal\frontal_06.png,Model_A,train,frontal_only,0,frontal,seen_training_pose
person073,frontal,0,0,7,frontal_07.png,E:\Thesis\Dataset\correct_angle_all\person073\frontal\frontal_07.png,Model_A,train,frontal_only,0,frontal,seen_training_pose
person073,frontal,0,0,8,frontal_08.png,E:\Thesis\Dataset\correct_angle_all\person073\frontal\frontal_08.png,Model_A,train,frontal_only,0,frontal,seen_training_pose
person073,frontal,0,0,10,frontal_10.png,E:\Thesis\Dataset\correct_angle_all\person073\frontal\frontal_10.png,Model_A,train,frontal_only,0,frontal,seen_training_pose
person073,frontal,0,0,11,frontal_11.png,E:\Thesis\Dataset\correct_angle_all\person073\frontal\frontal_11.png,Model_A,train,frontal_only,0,frontal,seen_training_pose
person073,frontal,0,0,13,frontal_13.png,E:\Thesis\Dataset\correct_angle_all\person073\frontal\frontal_13.png,Model_A,train,frontal_only,0,frontal,seen_training_pose
person073,frontal,0,0,15,frontal_15.png,E:\Thesis\Dataset\correct_angle_all\person073\frontal\frontal_15.png,Model_A,train,frontal_only,0,frontal,seen_training_pose
person073,frontal,0,0,16,frontal_16.png,E:\Thesis\Dataset\correct_angle_all\person073\frontal\frontal_16.png,Model_A,train,frontal_only,0,frontal,seen_training_pose
person073,frontal,0,0,17,frontal_17.png,E:\Thesis\Dataset\correct_angle_all\person073\frontal\frontal_17.png,Model_A,train,frontal_only,0,frontal,seen_training_pose
person073,frontal,0,0,20,frontal_20.png,E:\Thesis\Dataset\correct_angle_all\person073\frontal\frontal_20.png,Model_A,train,frontal_only,0,frontal,seen_training_pose
person074,frontal,0,0,1,frontal_01.png,E:\Thesis\Dataset\correct_angle_all\person074\frontal\frontal_01.png,Model_A,train,frontal_only,0,frontal,seen_training_pose
person074,frontal,0,0,4,frontal_04.png,E:\Thesis\Dataset\correct_angle_all\person074\frontal\frontal_04.png,Model_A,train,frontal_only,0,frontal,seen_training_pose
person074,frontal,0,0,6,frontal_06.png,E:\Thesis\Dataset\correct_angle_all\person074\frontal\frontal_06.png,Model_A,train,frontal_only,0,frontal,seen_training_pose
person074,frontal,0,0,7,frontal_07.png,E:\Thesis\Dataset\correct_angle_all\person074\frontal\frontal_07.png,Model_A,train,frontal_only,0,frontal,seen_training_pose
person074,frontal,0,0,8,frontal_08.png,E:\Thesis\Dataset\correct_angle_all\person074\frontal\frontal_08.png,Model_A,train,frontal_only,0,frontal,seen_training_pose
person074,frontal,0,0,10,frontal_10.png,E:\Thesis\Dataset\correct_angle_all\person074\frontal\frontal_10.png,Model_A,train,frontal_only,0,frontal,seen_training_pose
person074,frontal,0,0,11,frontal_11.png,E:\Thesis\Dataset\correct_angle_all\person074\frontal\frontal_11.png,Model_A,train,frontal_only,0,frontal,seen_training_pose
person074,frontal,0,0,13,frontal_13.png,E:\Thesis\Dataset\correct_angle_all\person074\frontal\frontal_13.png,Model_A,train,frontal_only,0,frontal,seen_training_pose
person074,frontal,0,0,15,frontal_15.png,E:\Thesis\Dataset\correct_angle_all\person074\frontal\frontal_15.png,Model_A,train,frontal_only,0,frontal,seen_training_pose
person074,frontal,0,0,16,frontal_16.png,E:\Thesis\Dataset\correct_angle_all\person074\frontal\frontal_16.png,Model_A,train,frontal_only,0,frontal,seen_training_pose
person074,frontal,0,0,17,frontal_17.png,E:\Thesis\Dataset\correct_angle_all\person074\frontal\frontal_17.png,Model_A,train,frontal_only,0,frontal,seen_training_pose
person074,frontal,0,0,20,frontal_20.png,E:\Thesis\Dataset\correct_angle_all\person074\frontal\frontal_20.png,Model_A,train,frontal_only,0,frontal,seen_training_pose
person075,frontal,0,0,1,frontal_01.png,E:\Thesis\Dataset\correct_angle_all\person075\frontal\frontal_01.png,Model_A,train,frontal_only,0,frontal,seen_training_pose
person075,frontal,0,0,4,frontal_04.png,E:\Thesis\Dataset\correct_angle_all\person075\frontal\frontal_04.png,Model_A,train,frontal_only,0,frontal,seen_training_pose
person075,frontal,0,0,6,frontal_06.png,E:\Thesis\Dataset\correct_angle_all\person075\frontal\frontal_06.png,Model_A,train,frontal_only,0,frontal,seen_training_pose
person075,frontal,0,0,7,frontal_07.png,E:\Thesis\Dataset\correct_angle_all\person075\frontal\frontal_07.png,Model_A,train,frontal_only,0,frontal,seen_training_pose
person075,frontal,0,0,8,frontal_08.png,E:\Thesis\Dataset\correct_angle_all\person075\frontal\frontal_08.png,Model_A,train,frontal_only,0,frontal,seen_training_pose
person075,frontal,0,0,10,frontal_10.png,E:\Thesis\Dataset\correct_angle_all\person075\frontal\frontal_10.png,Model_A,train,frontal_only,0,frontal,seen_training_pose
person075,frontal,0,0,11,frontal_11.png,E:\Thesis\Dataset\correct_angle_all\person075\frontal\frontal_11.png,Model_A,train,frontal_only,0,frontal,seen_training_pose
person075,frontal,0,0,13,frontal_13.png,E:\Thesis\Dataset\correct_angle_all\person075\frontal\frontal_13.png,Model_A,train,frontal_only,0,frontal,seen_training_pose
person075,frontal,0,0,15,frontal_15.png,E:\Thesis\Dataset\correct_angle_all\person075\frontal\frontal_15.png,Model_A,train,frontal_only,0,frontal,seen_training_pose
person075,frontal,0,0,16,frontal_16.png,E:\Thesis\Dataset\correct_angle_all\person075\frontal\frontal_16.png,Model_A,train,frontal_only,0,frontal,seen_training_pose
person075,frontal,0,0,17,frontal_17.png,E:\Thesis\Dataset\correct_angle_all\person075\frontal\frontal_17.png,Model_A,train,frontal_only,0,frontal,seen_training_pose
person075,frontal,0,0,20,frontal_20.png,E:\Thesis\Dataset\correct_angle_all\person075\frontal\frontal_20.png,Model_A,train,frontal_only,0,frontal,seen_training_pose
person076,frontal,0,0,1,frontal_01.png,E:\Thesis\Dataset\correct_angle_all\person076\frontal\frontal_01.png,Model_A,train,frontal_only,0,frontal,seen_training_pose
person076,frontal,0,0,4,frontal_04.png,E:\Thesis\Dataset\correct_angle_all\person076\frontal\frontal_04.png,Model_A,train,frontal_only,0,frontal,seen_training_pose
person076,frontal,0,0,6,frontal_06.png,E:\Thesis\Dataset\correct_angle_all\person076\frontal\frontal_06.png,Model_A,train,frontal_only,0,frontal,seen_training_pose
person076,frontal,0,0,7,frontal_07.png,E:\Thesis\Dataset\correct_angle_all\person076\frontal\frontal_07.png,Model_A,train,frontal_only,0,frontal,seen_training_pose
person076,frontal,0,0,8,frontal_08.png,E:\Thesis\Dataset\correct_angle_all\person076\frontal\frontal_08.png,Model_A,train,frontal_only,0,frontal,seen_training_pose
person076,frontal,0,0,10,frontal_10.png,E:\Thesis\Dataset\correct_angle_all\person076\frontal\frontal_10.png,Model_A,train,frontal_only,0,frontal,seen_training_pose
person076,frontal,0,0,11,frontal_11.png,E:\Thesis\Dataset\correct_angle_all\person076\frontal\frontal_11.png,Model_A,train,frontal_only,0,frontal,seen_training_pose
person076,frontal,0,0,13,frontal_13.png,E:\Thesis\Dataset\correct_angle_all\person076\frontal\frontal_13.png,Model_A,train,frontal_only,0,frontal,seen_training_pose
person076,frontal,0,0,15,frontal_15.png,E:\Thesis\Dataset\correct_angle_all\person076\frontal\frontal_15.png,Model_A,train,frontal_only,0,frontal,seen_training_pose
person076,frontal,0,0,16,frontal_16.png,E:\Thesis\Dataset\correct_angle_all\person076\frontal\frontal_16.png,Model_A,train,frontal_only,0,frontal,seen_training_pose
person076,frontal,0,0,17,frontal_17.png,E:\Thesis\Dataset\correct_angle_all\person076\frontal\frontal_17.png,Model_A,train,frontal_only,0,frontal,seen_training_pose
person076,frontal,0,0,20,frontal_20.png,E:\Thesis\Dataset\correct_angle_all\person076\frontal\frontal_20.png,Model_A,train,frontal_only,0,frontal,seen_training_pose
person077,frontal,0,0,1,frontal_01.png,E:\Thesis\Dataset\correct_angle_all\person077\frontal\frontal_01.png,Model_A,train,frontal_only,0,frontal,seen_training_pose
person077,frontal,0,0,4,frontal_04.png,E:\Thesis\Dataset\correct_angle_all\person077\frontal\frontal_04.png,Model_A,train,frontal_only,0,frontal,seen_training_pose
person077,frontal,0,0,6,frontal_06.png,E:\Thesis\Dataset\correct_angle_all\person077\frontal\frontal_06.png,Model_A,train,frontal_only,0,frontal,seen_training_pose
person077,frontal,0,0,7,frontal_07.png,E:\Thesis\Dataset\correct_angle_all\person077\frontal\frontal_07.png,Model_A,train,frontal_only,0,frontal,seen_training_pose
person077,frontal,0,0,8,frontal_08.png,E:\Thesis\Dataset\correct_angle_all\person077\frontal\frontal_08.png,Model_A,train,frontal_only,0,frontal,seen_training_pose
person077,frontal,0,0,10,frontal_10.png,E:\Thesis\Dataset\correct_angle_all\person077\frontal\frontal_10.png,Model_A,train,frontal_only,0,frontal,seen_training_pose
person077,frontal,0,0,11,frontal_11.png,E:\Thesis\Dataset\correct_angle_all\person077\frontal\frontal_11.png,Model_A,train,frontal_only,0,frontal,seen_training_pose
person077,frontal,0,0,13,frontal_13.png,E:\Thesis\Dataset\correct_angle_all\person077\frontal\frontal_13.png,Model_A,train,frontal_only,0,frontal,seen_training_pose
person077,frontal,0,0,15,frontal_15.png,E:\Thesis\Dataset\correct_angle_all\person077\frontal\frontal_15.png,Model_A,train,frontal_only,0,frontal,seen_training_pose
person077,frontal,0,0,16,frontal_16.png,E:\Thesis\Dataset\correct_angle_all\person077\frontal\frontal_16.png,Model_A,train,frontal_only,0,frontal,seen_training_pose
person077,frontal,0,0,17,frontal_17.png,E:\Thesis\Dataset\correct_angle_all\person077\frontal\frontal_17.png,Model_A,train,frontal_only,0,frontal,seen_training_pose
person077,frontal,0,0,20,frontal_20.png,E:\Thesis\Dataset\correct_angle_all\person077\frontal\frontal_20.png,Model_A,train,frontal_only,0,frontal,seen_training_pose
person078,frontal,0,0,1,frontal_01.png,E:\Thesis\Dataset\correct_angle_all\person078\frontal\frontal_01.png,Model_A,train,frontal_only,0,frontal,seen_training_pose
person078,frontal,0,0,4,frontal_04.png,E:\Thesis\Dataset\correct_angle_all\person078\frontal\frontal_04.png,Model_A,train,frontal_only,0,frontal,seen_training_pose
person078,frontal,0,0,6,frontal_06.png,E:\Thesis\Dataset\correct_angle_all\person078\frontal\frontal_06.png,Model_A,train,frontal_only,0,frontal,seen_training_pose
person078,frontal,0,0,7,frontal_07.png,E:\Thesis\Dataset\correct_angle_all\person078\frontal\frontal_07.png,Model_A,train,frontal_only,0,frontal,seen_training_pose
person078,frontal,0,0,8,frontal_08.png,E:\Thesis\Dataset\correct_angle_all\person078\frontal\frontal_08.png,Model_A,train,frontal_only,0,frontal,seen_training_pose
person078,frontal,0,0,10,frontal_10.png,E:\Thesis\Dataset\correct_angle_all\person078\frontal\frontal_10.png,Model_A,train,frontal_only,0,frontal,seen_training_pose
person078,frontal,0,0,11,frontal_11.png,E:\Thesis\Dataset\correct_angle_all\person078\frontal\frontal_11.png,Model_A,train,frontal_only,0,frontal,seen_training_pose
person078,frontal,0,0,13,frontal_13.png,E:\Thesis\Dataset\correct_angle_all\person078\frontal\frontal_13.png,Model_A,train,frontal_only,0,frontal,seen_training_pose
person078,frontal,0,0,15,frontal_15.png,E:\Thesis\Dataset\correct_angle_all\person078\frontal\frontal_15.png,Model_A,train,frontal_only,0,frontal,seen_training_pose
person078,frontal,0,0,16,frontal_16.png,E:\Thesis\Dataset\correct_angle_all\person078\frontal\frontal_16.png,Model_A,train,frontal_only,0,frontal,seen_training_pose
person078,frontal,0,0,17,frontal_17.png,E:\Thesis\Dataset\correct_angle_all\person078\frontal\frontal_17.png,Model_A,train,frontal_only,0,frontal,seen_training_pose
person078,frontal,0,0,20,frontal_20.png,E:\Thesis\Dataset\correct_angle_all\person078\frontal\frontal_20.png,Model_A,train,frontal_only,0,frontal,seen_training_pose
person079,frontal,0,0,1,frontal_01.png,E:\Thesis\Dataset\correct_angle_all\person079\frontal\frontal_01.png,Model_A,train,frontal_only,0,frontal,seen_training_pose
person079,frontal,0,0,4,frontal_04.png,E:\Thesis\Dataset\correct_angle_all\person079\frontal\frontal_04.png,Model_A,train,frontal_only,0,frontal,seen_training_pose
person079,frontal,0,0,6,frontal_06.png,E:\Thesis\Dataset\correct_angle_all\person079\frontal\frontal_06.png,Model_A,train,frontal_only,0,frontal,seen_training_pose
person079,frontal,0,0,7,frontal_07.png,E:\Thesis\Dataset\correct_angle_all\person079\frontal\frontal_07.png,Model_A,train,frontal_only,0,frontal,seen_training_pose
person079,frontal,0,0,8,frontal_08.png,E:\Thesis\Dataset\correct_angle_all\person079\frontal\frontal_08.png,Model_A,train,frontal_only,0,frontal,seen_training_pose
person079,frontal,0,0,10,frontal_10.png,E:\Thesis\Dataset\correct_angle_all\person079\frontal\frontal_10.png,Model_A,train,frontal_only,0,frontal,seen_training_pose
person079,frontal,0,0,11,frontal_11.png,E:\Thesis\Dataset\correct_angle_all\person079\frontal\frontal_11.png,Model_A,train,frontal_only,0,frontal,seen_training_pose
person079,frontal,0,0,13,frontal_13.png,E:\Thesis\Dataset\correct_angle_all\person079\frontal\frontal_13.png,Model_A,train,frontal_only,0,frontal,seen_training_pose
person079,frontal,0,0,15,frontal_15.png,E:\Thesis\Dataset\correct_angle_all\person079\frontal\frontal_15.png,Model_A,train,frontal_only,0,frontal,seen_training_pose
person079,frontal,0,0,16,frontal_16.png,E:\Thesis\Dataset\correct_angle_all\person079\frontal\frontal_16.png,Model_A,train,frontal_only,0,frontal,seen_training_pose
person079,frontal,0,0,17,frontal_17.png,E:\Thesis\Dataset\correct_angle_all\person079\frontal\frontal_17.png,Model_A,train,frontal_only,0,frontal,seen_training_pose
person079,frontal,0,0,20,frontal_20.png,E:\Thesis\Dataset\correct_angle_all\person079\frontal\frontal_20.png,Model_A,train,frontal_only,0,frontal,seen_training_pose
person080,frontal,0,0,1,frontal_01.png,E:\Thesis\Dataset\correct_angle_all\person080\frontal\frontal_01.png,Model_A,train,frontal_only,0,frontal,seen_training_pose
person080,frontal,0,0,4,frontal_04.png,E:\Thesis\Dataset\correct_angle_all\person080\frontal\frontal_04.png,Model_A,train,frontal_only,0,frontal,seen_training_pose
person080,frontal,0,0,6,frontal_06.png,E:\Thesis\Dataset\correct_angle_all\person080\frontal\frontal_06.png,Model_A,train,frontal_only,0,frontal,seen_training_pose
person080,frontal,0,0,7,frontal_07.png,E:\Thesis\Dataset\correct_angle_all\person080\frontal\frontal_07.png,Model_A,train,frontal_only,0,frontal,seen_training_pose
person080,frontal,0,0,8,frontal_08.png,E:\Thesis\Dataset\correct_angle_all\person080\frontal\frontal_08.png,Model_A,train,frontal_only,0,frontal,seen_training_pose
person080,frontal,0,0,10,frontal_10.png,E:\Thesis\Dataset\correct_angle_all\person080\frontal\frontal_10.png,Model_A,train,frontal_only,0,frontal,seen_training_pose
person080,frontal,0,0,11,frontal_11.png,E:\Thesis\Dataset\correct_angle_all\person080\frontal\frontal_11.png,Model_A,train,frontal_only,0,frontal,seen_training_pose
person080,frontal,0,0,13,frontal_13.png,E:\Thesis\Dataset\correct_angle_all\person080\frontal\frontal_13.png,Model_A,train,frontal_only,0,frontal,seen_training_pose
person080,frontal,0,0,15,frontal_15.png,E:\Thesis\Dataset\correct_angle_all\person080\frontal\frontal_15.png,Model_A,train,frontal_only,0,frontal,seen_training_pose
person080,frontal,0,0,16,frontal_16.png,E:\Thesis\Dataset\correct_angle_all\person080\frontal\frontal_16.png,Model_A,train,frontal_only,0,frontal,seen_training_pose
person080,frontal,0,0,17,frontal_17.png,E:\Thesis\Dataset\correct_angle_all\person080\frontal\frontal_17.png,Model_A,train,frontal_only,0,frontal,seen_training_pose
person080,frontal,0,0,20,frontal_20.png,E:\Thesis\Dataset\correct_angle_all\person080\frontal\frontal_20.png,Model_A,train,frontal_only,0,frontal,seen_training_pose
person081,frontal,0,0,1,frontal_01.png,E:\Thesis\Dataset\correct_angle_all\person081\frontal\frontal_01.png,Model_A,train,frontal_only,0,frontal,seen_training_pose
person081,frontal,0,0,4,frontal_04.png,E:\Thesis\Dataset\correct_angle_all\person081\frontal\frontal_04.png,Model_A,train,frontal_only,0,frontal,seen_training_pose
person081,frontal,0,0,6,frontal_06.png,E:\Thesis\Dataset\correct_angle_all\person081\frontal\frontal_06.png,Model_A,train,frontal_only,0,frontal,seen_training_pose
person081,frontal,0,0,7,frontal_07.png,E:\Thesis\Dataset\correct_angle_all\person081\frontal\frontal_07.png,Model_A,train,frontal_only,0,frontal,seen_training_pose
person081,frontal,0,0,8,frontal_08.png,E:\Thesis\Dataset\correct_angle_all\person081\frontal\frontal_08.png,Model_A,train,frontal_only,0,frontal,seen_training_pose
person081,frontal,0,0,10,frontal_10.png,E:\Thesis\Dataset\correct_angle_all\person081\frontal\frontal_10.png,Model_A,train,frontal_only,0,frontal,seen_training_pose
person081,frontal,0,0,11,frontal_11.png,E:\Thesis\Dataset\correct_angle_all\person081\frontal\frontal_11.png,Model_A,train,frontal_only,0,frontal,seen_training_pose
person081,frontal,0,0,13,frontal_13.png,E:\Thesis\Dataset\correct_angle_all\person081\frontal\frontal_13.png,Model_A,train,frontal_only,0,frontal,seen_training_pose
person081,frontal,0,0,15,frontal_15.png,E:\Thesis\Dataset\correct_angle_all\person081\frontal\frontal_15.png,Model_A,train,frontal_only,0,frontal,seen_training_pose
person081,frontal,0,0,16,frontal_16.png,E:\Thesis\Dataset\correct_angle_all\person081\frontal\frontal_16.png,Model_A,train,frontal_only,0,frontal,seen_training_pose
person081,frontal,0,0,17,frontal_17.png,E:\Thesis\Dataset\correct_angle_all\person081\frontal\frontal_17.png,Model_A,train,frontal_only,0,frontal,seen_training_pose
person081,frontal,0,0,20,frontal_20.png,E:\Thesis\Dataset\correct_angle_all\person081\frontal\frontal_20.png,Model_A,train,frontal_only,0,frontal,seen_training_pose
person082,frontal,0,0,1,frontal_01.png,E:\Thesis\Dataset\correct_angle_all\person082\frontal\frontal_01.png,Model_A,train,frontal_only,0,frontal,seen_training_pose
person082,frontal,0,0,4,frontal_04.png,E:\Thesis\Dataset\correct_angle_all\person082\frontal\frontal_04.png,Model_A,train,frontal_only,0,frontal,seen_training_pose
person082,frontal,0,0,6,frontal_06.png,E:\Thesis\Dataset\correct_angle_all\person082\frontal\frontal_06.png,Model_A,train,frontal_only,0,frontal,seen_training_pose
person082,frontal,0,0,7,frontal_07.png,E:\Thesis\Dataset\correct_angle_all\person082\frontal\frontal_07.png,Model_A,train,frontal_only,0,frontal,seen_training_pose
person082,frontal,0,0,8,frontal_08.png,E:\Thesis\Dataset\correct_angle_all\person082\frontal\frontal_08.png,Model_A,train,frontal_only,0,frontal,seen_training_pose
person082,frontal,0,0,10,frontal_10.png,E:\Thesis\Dataset\correct_angle_all\person082\frontal\frontal_10.png,Model_A,train,frontal_only,0,frontal,seen_training_pose
person082,frontal,0,0,11,frontal_11.png,E:\Thesis\Dataset\correct_angle_all\person082\frontal\frontal_11.png,Model_A,train,frontal_only,0,frontal,seen_training_pose
person082,frontal,0,0,13,frontal_13.png,E:\Thesis\Dataset\correct_angle_all\person082\frontal\frontal_13.png,Model_A,train,frontal_only,0,frontal,seen_training_pose
person082,frontal,0,0,15,frontal_15.png,E:\Thesis\Dataset\correct_angle_all\person082\frontal\frontal_15.png,Model_A,train,frontal_only,0,frontal,seen_training_pose
person082,frontal,0,0,16,frontal_16.png,E:\Thesis\Dataset\correct_angle_all\person082\frontal\frontal_16.png,Model_A,train,frontal_only,0,frontal,seen_training_pose
person082,frontal,0,0,17,frontal_17.png,E:\Thesis\Dataset\correct_angle_all\person082\frontal\frontal_17.png,Model_A,train,frontal_only,0,frontal,seen_training_pose
person082,frontal,0,0,20,frontal_20.png,E:\Thesis\Dataset\correct_angle_all\person082\frontal\frontal_20.png,Model_A,train,frontal_only,0,frontal,seen_training_pose
person083,frontal,0,0,1,frontal_01.png,E:\Thesis\Dataset\correct_angle_all\person083\frontal\frontal_01.png,Model_A,train,frontal_only,0,frontal,seen_training_pose
person083,frontal,0,0,4,frontal_04.png,E:\Thesis\Dataset\correct_angle_all\person083\frontal\frontal_04.png,Model_A,train,frontal_only,0,frontal,seen_training_pose
person083,frontal,0,0,6,frontal_06.png,E:\Thesis\Dataset\correct_angle_all\person083\frontal\frontal_06.png,Model_A,train,frontal_only,0,frontal,seen_training_pose
person083,frontal,0,0,7,frontal_07.png,E:\Thesis\Dataset\correct_angle_all\person083\frontal\frontal_07.png,Model_A,train,frontal_only,0,frontal,seen_training_pose
person083,frontal,0,0,8,frontal_08.png,E:\Thesis\Dataset\correct_angle_all\person083\frontal\frontal_08.png,Model_A,train,frontal_only,0,frontal,seen_training_pose
person083,frontal,0,0,10,frontal_10.png,E:\Thesis\Dataset\correct_angle_all\person083\frontal\frontal_10.png,Model_A,train,frontal_only,0,frontal,seen_training_pose
person083,frontal,0,0,11,frontal_11.png,E:\Thesis\Dataset\correct_angle_all\person083\frontal\frontal_11.png,Model_A,train,frontal_only,0,frontal,seen_training_pose
person083,frontal,0,0,13,frontal_13.png,E:\Thesis\Dataset\correct_angle_all\person083\frontal\frontal_13.png,Model_A,train,frontal_only,0,frontal,seen_training_pose
person083,frontal,0,0,15,frontal_15.png,E:\Thesis\Dataset\correct_angle_all\person083\frontal\frontal_15.png,Model_A,train,frontal_only,0,frontal,seen_training_pose
person083,frontal,0,0,16,frontal_16.png,E:\Thesis\Dataset\correct_angle_all\person083\frontal\frontal_16.png,Model_A,train,frontal_only,0,frontal,seen_training_pose
person083,frontal,0,0,17,frontal_17.png,E:\Thesis\Dataset\correct_angle_all\person083\frontal\frontal_17.png,Model_A,train,frontal_only,0,frontal,seen_training_pose
person083,frontal,0,0,20,frontal_20.png,E:\Thesis\Dataset\correct_angle_all\person083\frontal\frontal_20.png,Model_A,train,frontal_only,0,frontal,seen_training_pose
person084,frontal,0,0,1,frontal_01.png,E:\Thesis\Dataset\correct_angle_all\person084\frontal\frontal_01.png,Model_A,train,frontal_only,0,frontal,seen_training_pose
person084,frontal,0,0,4,frontal_04.png,E:\Thesis\Dataset\correct_angle_all\person084\frontal\frontal_04.png,Model_A,train,frontal_only,0,frontal,seen_training_pose
person084,frontal,0,0,6,frontal_06.png,E:\Thesis\Dataset\correct_angle_all\person084\frontal\frontal_06.png,Model_A,train,frontal_only,0,frontal,seen_training_pose
person084,frontal,0,0,7,frontal_07.png,E:\Thesis\Dataset\correct_angle_all\person084\frontal\frontal_07.png,Model_A,train,frontal_only,0,frontal,seen_training_pose
person084,frontal,0,0,8,frontal_08.png,E:\Thesis\Dataset\correct_angle_all\person084\frontal\frontal_08.png,Model_A,train,frontal_only,0,frontal,seen_training_pose
person084,frontal,0,0,10,frontal_10.png,E:\Thesis\Dataset\correct_angle_all\person084\frontal\frontal_10.png,Model_A,train,frontal_only,0,frontal,seen_training_pose
person084,frontal,0,0,11,frontal_11.png,E:\Thesis\Dataset\correct_angle_all\person084\frontal\frontal_11.png,Model_A,train,frontal_only,0,frontal,seen_training_pose
person084,frontal,0,0,13,frontal_13.png,E:\Thesis\Dataset\correct_angle_all\person084\frontal\frontal_13.png,Model_A,train,frontal_only,0,frontal,seen_training_pose
person084,frontal,0,0,15,frontal_15.png,E:\Thesis\Dataset\correct_angle_all\person084\frontal\frontal_15.png,Model_A,train,frontal_only,0,frontal,seen_training_pose
person084,frontal,0,0,16,frontal_16.png,E:\Thesis\Dataset\correct_angle_all\person084\frontal\frontal_16.png,Model_A,train,frontal_only,0,frontal,seen_training_pose
person084,frontal,0,0,17,frontal_17.png,E:\Thesis\Dataset\correct_angle_all\person084\frontal\frontal_17.png,Model_A,train,frontal_only,0,frontal,seen_training_pose
person084,frontal,0,0,20,frontal_20.png,E:\Thesis\Dataset\correct_angle_all\person084\frontal\frontal_20.png,Model_A,train,frontal_only,0,frontal,seen_training_pose
person085,frontal,0,0,1,frontal_01.png,E:\Thesis\Dataset\correct_angle_all\person085\frontal\frontal_01.png,Model_A,train,frontal_only,0,frontal,seen_training_pose
person085,frontal,0,0,4,frontal_04.png,E:\Thesis\Dataset\correct_angle_all\person085\frontal\frontal_04.png,Model_A,train,frontal_only,0,frontal,seen_training_pose
person085,frontal,0,0,6,frontal_06.png,E:\Thesis\Dataset\correct_angle_all\person085\frontal\frontal_06.png,Model_A,train,frontal_only,0,frontal,seen_training_pose
person085,frontal,0,0,7,frontal_07.png,E:\Thesis\Dataset\correct_angle_all\person085\frontal\frontal_07.png,Model_A,train,frontal_only,0,frontal,seen_training_pose
person085,frontal,0,0,8,frontal_08.png,E:\Thesis\Dataset\correct_angle_all\person085\frontal\frontal_08.png,Model_A,train,frontal_only,0,frontal,seen_training_pose
person085,frontal,0,0,10,frontal_10.png,E:\Thesis\Dataset\correct_angle_all\person085\frontal\frontal_10.png,Model_A,train,frontal_only,0,frontal,seen_training_pose
person085,frontal,0,0,11,frontal_11.png,E:\Thesis\Dataset\correct_angle_all\person085\frontal\frontal_11.png,Model_A,train,frontal_only,0,frontal,seen_training_pose
person085,frontal,0,0,13,frontal_13.png,E:\Thesis\Dataset\correct_angle_all\person085\frontal\frontal_13.png,Model_A,train,frontal_only,0,frontal,seen_training_pose
person085,frontal,0,0,15,frontal_15.png,E:\Thesis\Dataset\correct_angle_all\person085\frontal\frontal_15.png,Model_A,train,frontal_only,0,frontal,seen_training_pose
person085,frontal,0,0,16,frontal_16.png,E:\Thesis\Dataset\correct_angle_all\person085\frontal\frontal_16.png,Model_A,train,frontal_only,0,frontal,seen_training_pose
person085,frontal,0,0,17,frontal_17.png,E:\Thesis\Dataset\correct_angle_all\person085\frontal\frontal_17.png,Model_A,train,frontal_only,0,frontal,seen_training_pose
person085,frontal,0,0,20,frontal_20.png,E:\Thesis\Dataset\correct_angle_all\person085\frontal\frontal_20.png,Model_A,train,frontal_only,0,frontal,seen_training_pose
person086,frontal,0,0,1,frontal_01.png,E:\Thesis\Dataset\correct_angle_all\person086\frontal\frontal_01.png,Model_A,train,frontal_only,0,frontal,seen_training_pose
person086,frontal,0,0,4,frontal_04.png,E:\Thesis\Dataset\correct_angle_all\person086\frontal\frontal_04.png,Model_A,train,frontal_only,0,frontal,seen_training_pose
person086,frontal,0,0,6,frontal_06.png,E:\Thesis\Dataset\correct_angle_all\person086\frontal\frontal_06.png,Model_A,train,frontal_only,0,frontal,seen_training_pose
person086,frontal,0,0,7,frontal_07.png,E:\Thesis\Dataset\correct_angle_all\person086\frontal\frontal_07.png,Model_A,train,frontal_only,0,frontal,seen_training_pose
person086,frontal,0,0,8,frontal_08.png,E:\Thesis\Dataset\correct_angle_all\person086\frontal\frontal_08.png,Model_A,train,frontal_only,0,frontal,seen_training_pose
person086,frontal,0,0,10,frontal_10.png,E:\Thesis\Dataset\correct_angle_all\person086\frontal\frontal_10.png,Model_A,train,frontal_only,0,frontal,seen_training_pose
person086,frontal,0,0,11,frontal_11.png,E:\Thesis\Dataset\correct_angle_all\person086\frontal\frontal_11.png,Model_A,train,frontal_only,0,frontal,seen_training_pose
person086,frontal,0,0,13,frontal_13.png,E:\Thesis\Dataset\correct_angle_all\person086\frontal\frontal_13.png,Model_A,train,frontal_only,0,frontal,seen_training_pose
person086,frontal,0,0,15,frontal_15.png,E:\Thesis\Dataset\correct_angle_all\person086\frontal\frontal_15.png,Model_A,train,frontal_only,0,frontal,seen_training_pose
person086,frontal,0,0,16,frontal_16.png,E:\Thesis\Dataset\correct_angle_all\person086\frontal\frontal_16.png,Model_A,train,frontal_only,0,frontal,seen_training_pose
person086,frontal,0,0,17,frontal_17.png,E:\Thesis\Dataset\correct_angle_all\person086\frontal\frontal_17.png,Model_A,train,frontal_only,0,frontal,seen_training_pose
person086,frontal,0,0,20,frontal_20.png,E:\Thesis\Dataset\correct_angle_all\person086\frontal\frontal_20.png,Model_A,train,frontal_only,0,frontal,seen_training_pose
person087,frontal,0,0,1,frontal_01.png,E:\Thesis\Dataset\correct_angle_all\person087\frontal\frontal_01.png,Model_A,train,frontal_only,0,frontal,seen_training_pose
person087,frontal,0,0,4,frontal_04.png,E:\Thesis\Dataset\correct_angle_all\person087\frontal\frontal_04.png,Model_A,train,frontal_only,0,frontal,seen_training_pose
person087,frontal,0,0,6,frontal_06.png,E:\Thesis\Dataset\correct_angle_all\person087\frontal\frontal_06.png,Model_A,train,frontal_only,0,frontal,seen_training_pose
person087,frontal,0,0,7,frontal_07.png,E:\Thesis\Dataset\correct_angle_all\person087\frontal\frontal_07.png,Model_A,train,frontal_only,0,frontal,seen_training_pose
person087,frontal,0,0,8,frontal_08.png,E:\Thesis\Dataset\correct_angle_all\person087\frontal\frontal_08.png,Model_A,train,frontal_only,0,frontal,seen_training_pose
person087,frontal,0,0,10,frontal_10.png,E:\Thesis\Dataset\correct_angle_all\person087\frontal\frontal_10.png,Model_A,train,frontal_only,0,frontal,seen_training_pose
person087,frontal,0,0,11,frontal_11.png,E:\Thesis\Dataset\correct_angle_all\person087\frontal\frontal_11.png,Model_A,train,frontal_only,0,frontal,seen_training_pose
person087,frontal,0,0,13,frontal_13.png,E:\Thesis\Dataset\correct_angle_all\person087\frontal\frontal_13.png,Model_A,train,frontal_only,0,frontal,seen_training_pose
person087,frontal,0,0,15,frontal_15.png,E:\Thesis\Dataset\correct_angle_all\person087\frontal\frontal_15.png,Model_A,train,frontal_only,0,frontal,seen_training_pose
person087,frontal,0,0,16,frontal_16.png,E:\Thesis\Dataset\correct_angle_all\person087\frontal\frontal_16.png,Model_A,train,frontal_only,0,frontal,seen_training_pose
person087,frontal,0,0,17,frontal_17.png,E:\Thesis\Dataset\correct_angle_all\person087\frontal\frontal_17.png,Model_A,train,frontal_only,0,frontal,seen_training_pose
person087,frontal,0,0,20,frontal_20.png,E:\Thesis\Dataset\correct_angle_all\person087\frontal\frontal_20.png,Model_A,train,frontal_only,0,frontal,seen_training_pose
person088,frontal,0,0,1,frontal_01.png,E:\Thesis\Dataset\correct_angle_all\person088\frontal\frontal_01.png,Model_A,train,frontal_only,0,frontal,seen_training_pose
person088,frontal,0,0,4,frontal_04.png,E:\Thesis\Dataset\correct_angle_all\person088\frontal\frontal_04.png,Model_A,train,frontal_only,0,frontal,seen_training_pose
person088,frontal,0,0,6,frontal_06.png,E:\Thesis\Dataset\correct_angle_all\person088\frontal\frontal_06.png,Model_A,train,frontal_only,0,frontal,seen_training_pose
person088,frontal,0,0,7,frontal_07.png,E:\Thesis\Dataset\correct_angle_all\person088\frontal\frontal_07.png,Model_A,train,frontal_only,0,frontal,seen_training_pose
person088,frontal,0,0,8,frontal_08.png,E:\Thesis\Dataset\correct_angle_all\person088\frontal\frontal_08.png,Model_A,train,frontal_only,0,frontal,seen_training_pose
person088,frontal,0,0,10,frontal_10.png,E:\Thesis\Dataset\correct_angle_all\person088\frontal\frontal_10.png,Model_A,train,frontal_only,0,frontal,seen_training_pose
person088,frontal,0,0,11,frontal_11.png,E:\Thesis\Dataset\correct_angle_all\person088\frontal\frontal_11.png,Model_A,train,frontal_only,0,frontal,seen_training_pose
person088,frontal,0,0,13,frontal_13.png,E:\Thesis\Dataset\correct_angle_all\person088\frontal\frontal_13.png,Model_A,train,frontal_only,0,frontal,seen_training_pose
person088,frontal,0,0,15,frontal_15.png,E:\Thesis\Dataset\correct_angle_all\person088\frontal\frontal_15.png,Model_A,train,frontal_only,0,frontal,seen_training_pose
person088,frontal,0,0,16,frontal_16.png,E:\Thesis\Dataset\correct_angle_all\person088\frontal\frontal_16.png,Model_A,train,frontal_only,0,frontal,seen_training_pose
person088,frontal,0,0,17,frontal_17.png,E:\Thesis\Dataset\correct_angle_all\person088\frontal\frontal_17.png,Model_A,train,frontal_only,0,frontal,seen_training_pose
person088,frontal,0,0,20,frontal_20.png,E:\Thesis\Dataset\correct_angle_all\person088\frontal\frontal_20.png,Model_A,train,frontal_only,0,frontal,seen_training_pose
person089,frontal,0,0,1,frontal_01.png,E:\Thesis\Dataset\correct_angle_all\person089\frontal\frontal_01.png,Model_A,train,frontal_only,0,frontal,seen_training_pose
person089,frontal,0,0,4,frontal_04.png,E:\Thesis\Dataset\correct_angle_all\person089\frontal\frontal_04.png,Model_A,train,frontal_only,0,frontal,seen_training_pose
person089,frontal,0,0,6,frontal_06.png,E:\Thesis\Dataset\correct_angle_all\person089\frontal\frontal_06.png,Model_A,train,frontal_only,0,frontal,seen_training_pose
person089,frontal,0,0,7,frontal_07.png,E:\Thesis\Dataset\correct_angle_all\person089\frontal\frontal_07.png,Model_A,train,frontal_only,0,frontal,seen_training_pose
person089,frontal,0,0,8,frontal_08.png,E:\Thesis\Dataset\correct_angle_all\person089\frontal\frontal_08.png,Model_A,train,frontal_only,0,frontal,seen_training_pose
person089,frontal,0,0,10,frontal_10.png,E:\Thesis\Dataset\correct_angle_all\person089\frontal\frontal_10.png,Model_A,train,frontal_only,0,frontal,seen_training_pose
person089,frontal,0,0,11,frontal_11.png,E:\Thesis\Dataset\correct_angle_all\person089\frontal\frontal_11.png,Model_A,train,frontal_only,0,frontal,seen_training_pose
person089,frontal,0,0,13,frontal_13.png,E:\Thesis\Dataset\correct_angle_all\person089\frontal\frontal_13.png,Model_A,train,frontal_only,0,frontal,seen_training_pose
person089,frontal,0,0,15,frontal_15.png,E:\Thesis\Dataset\correct_angle_all\person089\frontal\frontal_15.png,Model_A,train,frontal_only,0,frontal,seen_training_pose
person089,frontal,0,0,16,frontal_16.png,E:\Thesis\Dataset\correct_angle_all\person089\frontal\frontal_16.png,Model_A,train,frontal_only,0,frontal,seen_training_pose
person089,frontal,0,0,17,frontal_17.png,E:\Thesis\Dataset\correct_angle_all\person089\frontal\frontal_17.png,Model_A,train,frontal_only,0,frontal,seen_training_pose
person089,frontal,0,0,20,frontal_20.png,E:\Thesis\Dataset\correct_angle_all\person089\frontal\frontal_20.png,Model_A,train,frontal_only,0,frontal,seen_training_pose
person090,frontal,0,0,1,frontal_01.png,E:\Thesis\Dataset\correct_angle_all\person090\frontal\frontal_01.png,Model_A,train,frontal_only,0,frontal,seen_training_pose
person090,frontal,0,0,4,frontal_04.png,E:\Thesis\Dataset\correct_angle_all\person090\frontal\frontal_04.png,Model_A,train,frontal_only,0,frontal,seen_training_pose
person090,frontal,0,0,6,frontal_06.png,E:\Thesis\Dataset\correct_angle_all\person090\frontal\frontal_06.png,Model_A,train,frontal_only,0,frontal,seen_training_pose
person090,frontal,0,0,7,frontal_07.png,E:\Thesis\Dataset\correct_angle_all\person090\frontal\frontal_07.png,Model_A,train,frontal_only,0,frontal,seen_training_pose
person090,frontal,0,0,8,frontal_08.png,E:\Thesis\Dataset\correct_angle_all\person090\frontal\frontal_08.png,Model_A,train,frontal_only,0,frontal,seen_training_pose
person090,frontal,0,0,10,frontal_10.png,E:\Thesis\Dataset\correct_angle_all\person090\frontal\frontal_10.png,Model_A,train,frontal_only,0,frontal,seen_training_pose
person090,frontal,0,0,11,frontal_11.png,E:\Thesis\Dataset\correct_angle_all\person090\frontal\frontal_11.png,Model_A,train,frontal_only,0,frontal,seen_training_pose
person090,frontal,0,0,13,frontal_13.png,E:\Thesis\Dataset\correct_angle_all\person090\frontal\frontal_13.png,Model_A,train,frontal_only,0,frontal,seen_training_pose
person090,frontal,0,0,15,frontal_15.png,E:\Thesis\Dataset\correct_angle_all\person090\frontal\frontal_15.png,Model_A,train,frontal_only,0,frontal,seen_training_pose
person090,frontal,0,0,16,frontal_16.png,E:\Thesis\Dataset\correct_angle_all\person090\frontal\frontal_16.png,Model_A,train,frontal_only,0,frontal,seen_training_pose
person090,frontal,0,0,17,frontal_17.png,E:\Thesis\Dataset\correct_angle_all\person090\frontal\frontal_17.png,Model_A,train,frontal_only,0,frontal,seen_training_pose
person090,frontal,0,0,20,frontal_20.png,E:\Thesis\Dataset\correct_angle_all\person090\frontal\frontal_20.png,Model_A,train,frontal_only,0,frontal,seen_training_pose
person091,frontal,0,0,1,frontal_01.png,E:\Thesis\Dataset\correct_angle_all\person091\frontal\frontal_01.png,Model_A,train,frontal_only,0,frontal,seen_training_pose
person091,frontal,0,0,4,frontal_04.png,E:\Thesis\Dataset\correct_angle_all\person091\frontal\frontal_04.png,Model_A,train,frontal_only,0,frontal,seen_training_pose
person091,frontal,0,0,6,frontal_06.png,E:\Thesis\Dataset\correct_angle_all\person091\frontal\frontal_06.png,Model_A,train,frontal_only,0,frontal,seen_training_pose
person091,frontal,0,0,7,frontal_07.png,E:\Thesis\Dataset\correct_angle_all\person091\frontal\frontal_07.png,Model_A,train,frontal_only,0,frontal,seen_training_pose
person091,frontal,0,0,8,frontal_08.png,E:\Thesis\Dataset\correct_angle_all\person091\frontal\frontal_08.png,Model_A,train,frontal_only,0,frontal,seen_training_pose
person091,frontal,0,0,10,frontal_10.png,E:\Thesis\Dataset\correct_angle_all\person091\frontal\frontal_10.png,Model_A,train,frontal_only,0,frontal,seen_training_pose
person091,frontal,0,0,11,frontal_11.png,E:\Thesis\Dataset\correct_angle_all\person091\frontal\frontal_11.png,Model_A,train,frontal_only,0,frontal,seen_training_pose
person091,frontal,0,0,13,frontal_13.png,E:\Thesis\Dataset\correct_angle_all\person091\frontal\frontal_13.png,Model_A,train,frontal_only,0,frontal,seen_training_pose
person091,frontal,0,0,15,frontal_15.png,E:\Thesis\Dataset\correct_angle_all\person091\frontal\frontal_15.png,Model_A,train,frontal_only,0,frontal,seen_training_pose
person091,frontal,0,0,16,frontal_16.png,E:\Thesis\Dataset\correct_angle_all\person091\frontal\frontal_16.png,Model_A,train,frontal_only,0,frontal,seen_training_pose
person091,frontal,0,0,17,frontal_17.png,E:\Thesis\Dataset\correct_angle_all\person091\frontal\frontal_17.png,Model_A,train,frontal_only,0,frontal,seen_training_pose
person091,frontal,0,0,20,frontal_20.png,E:\Thesis\Dataset\correct_angle_all\person091\frontal\frontal_20.png,Model_A,train,frontal_only,0,frontal,seen_training_pose
person092,frontal,0,0,1,frontal_01.png,E:\Thesis\Dataset\correct_angle_all\person092\frontal\frontal_01.png,Model_A,train,frontal_only,0,frontal,seen_training_pose
person092,frontal,0,0,4,frontal_04.png,E:\Thesis\Dataset\correct_angle_all\person092\frontal\frontal_04.png,Model_A,train,frontal_only,0,frontal,seen_training_pose
person092,frontal,0,0,6,frontal_06.png,E:\Thesis\Dataset\correct_angle_all\person092\frontal\frontal_06.png,Model_A,train,frontal_only,0,frontal,seen_training_pose
person092,frontal,0,0,7,frontal_07.png,E:\Thesis\Dataset\correct_angle_all\person092\frontal\frontal_07.png,Model_A,train,frontal_only,0,frontal,seen_training_pose
person092,frontal,0,0,8,frontal_08.png,E:\Thesis\Dataset\correct_angle_all\person092\frontal\frontal_08.png,Model_A,train,frontal_only,0,frontal,seen_training_pose
person092,frontal,0,0,10,frontal_10.png,E:\Thesis\Dataset\correct_angle_all\person092\frontal\frontal_10.png,Model_A,train,frontal_only,0,frontal,seen_training_pose
person092,frontal,0,0,11,frontal_11.png,E:\Thesis\Dataset\correct_angle_all\person092\frontal\frontal_11.png,Model_A,train,frontal_only,0,frontal,seen_training_pose
person092,frontal,0,0,13,frontal_13.png,E:\Thesis\Dataset\correct_angle_all\person092\frontal\frontal_13.png,Model_A,train,frontal_only,0,frontal,seen_training_pose
person092,frontal,0,0,15,frontal_15.png,E:\Thesis\Dataset\correct_angle_all\person092\frontal\frontal_15.png,Model_A,train,frontal_only,0,frontal,seen_training_pose
person092,frontal,0,0,16,frontal_16.png,E:\Thesis\Dataset\correct_angle_all\person092\frontal\frontal_16.png,Model_A,train,frontal_only,0,frontal,seen_training_pose
person092,frontal,0,0,17,frontal_17.png,E:\Thesis\Dataset\correct_angle_all\person092\frontal\frontal_17.png,Model_A,train,frontal_only,0,frontal,seen_training_pose
person092,frontal,0,0,20,frontal_20.png,E:\Thesis\Dataset\correct_angle_all\person092\frontal\frontal_20.png,Model_A,train,frontal_only,0,frontal,seen_training_pose
person093,frontal,0,0,1,frontal_01.png,E:\Thesis\Dataset\correct_angle_all\person093\frontal\frontal_01.png,Model_A,train,frontal_only,0,frontal,seen_training_pose
person093,frontal,0,0,4,frontal_04.png,E:\Thesis\Dataset\correct_angle_all\person093\frontal\frontal_04.png,Model_A,train,frontal_only,0,frontal,seen_training_pose
person093,frontal,0,0,6,frontal_06.png,E:\Thesis\Dataset\correct_angle_all\person093\frontal\frontal_06.png,Model_A,train,frontal_only,0,frontal,seen_training_pose
person093,frontal,0,0,7,frontal_07.png,E:\Thesis\Dataset\correct_angle_all\person093\frontal\frontal_07.png,Model_A,train,frontal_only,0,frontal,seen_training_pose
person093,frontal,0,0,8,frontal_08.png,E:\Thesis\Dataset\correct_angle_all\person093\frontal\frontal_08.png,Model_A,train,frontal_only,0,frontal,seen_training_pose
person093,frontal,0,0,10,frontal_10.png,E:\Thesis\Dataset\correct_angle_all\person093\frontal\frontal_10.png,Model_A,train,frontal_only,0,frontal,seen_training_pose
person093,frontal,0,0,11,frontal_11.png,E:\Thesis\Dataset\correct_angle_all\person093\frontal\frontal_11.png,Model_A,train,frontal_only,0,frontal,seen_training_pose
person093,frontal,0,0,13,frontal_13.png,E:\Thesis\Dataset\correct_angle_all\person093\frontal\frontal_13.png,Model_A,train,frontal_only,0,frontal,seen_training_pose
person093,frontal,0,0,15,frontal_15.png,E:\Thesis\Dataset\correct_angle_all\person093\frontal\frontal_15.png,Model_A,train,frontal_only,0,frontal,seen_training_pose
person093,frontal,0,0,16,frontal_16.png,E:\Thesis\Dataset\correct_angle_all\person093\frontal\frontal_16.png,Model_A,train,frontal_only,0,frontal,seen_training_pose
person093,frontal,0,0,17,frontal_17.png,E:\Thesis\Dataset\correct_angle_all\person093\frontal\frontal_17.png,Model_A,train,frontal_only,0,frontal,seen_training_pose
person093,frontal,0,0,20,frontal_20.png,E:\Thesis\Dataset\correct_angle_all\person093\frontal\frontal_20.png,Model_A,train,frontal_only,0,frontal,seen_training_pose
person094,frontal,0,0,1,frontal_01.png,E:\Thesis\Dataset\correct_angle_all\person094\frontal\frontal_01.png,Model_A,train,frontal_only,0,frontal,seen_training_pose
person094,frontal,0,0,4,frontal_04.png,E:\Thesis\Dataset\correct_angle_all\person094\frontal\frontal_04.png,Model_A,train,frontal_only,0,frontal,seen_training_pose
person094,frontal,0,0,6,frontal_06.png,E:\Thesis\Dataset\correct_angle_all\person094\frontal\frontal_06.png,Model_A,train,frontal_only,0,frontal,seen_training_pose
person094,frontal,0,0,7,frontal_07.png,E:\Thesis\Dataset\correct_angle_all\person094\frontal\frontal_07.png,Model_A,train,frontal_only,0,frontal,seen_training_pose
person094,frontal,0,0,8,frontal_08.png,E:\Thesis\Dataset\correct_angle_all\person094\frontal\frontal_08.png,Model_A,train,frontal_only,0,frontal,seen_training_pose
person094,frontal,0,0,10,frontal_10.png,E:\Thesis\Dataset\correct_angle_all\person094\frontal\frontal_10.png,Model_A,train,frontal_only,0,frontal,seen_training_pose
person094,frontal,0,0,11,frontal_11.png,E:\Thesis\Dataset\correct_angle_all\person094\frontal\frontal_11.png,Model_A,train,frontal_only,0,frontal,seen_training_pose
person094,frontal,0,0,13,frontal_13.png,E:\Thesis\Dataset\correct_angle_all\person094\frontal\frontal_13.png,Model_A,train,frontal_only,0,frontal,seen_training_pose
person094,frontal,0,0,15,frontal_15.png,E:\Thesis\Dataset\correct_angle_all\person094\frontal\frontal_15.png,Model_A,train,frontal_only,0,frontal,seen_training_pose
person094,frontal,0,0,16,frontal_16.png,E:\Thesis\Dataset\correct_angle_all\person094\frontal\frontal_16.png,Model_A,train,frontal_only,0,frontal,seen_training_pose
person094,frontal,0,0,17,frontal_17.png,E:\Thesis\Dataset\correct_angle_all\person094\frontal\frontal_17.png,Model_A,train,frontal_only,0,frontal,seen_training_pose
person094,frontal,0,0,20,frontal_20.png,E:\Thesis\Dataset\correct_angle_all\person094\frontal\frontal_20.png,Model_A,train,frontal_only,0,frontal,seen_training_pose
person095,frontal,0,0,1,frontal_01.png,E:\Thesis\Dataset\correct_angle_all\person095\frontal\frontal_01.png,Model_A,train,frontal_only,0,frontal,seen_training_pose
person095,frontal,0,0,4,frontal_04.png,E:\Thesis\Dataset\correct_angle_all\person095\frontal\frontal_04.png,Model_A,train,frontal_only,0,frontal,seen_training_pose
person095,frontal,0,0,6,frontal_06.png,E:\Thesis\Dataset\correct_angle_all\person095\frontal\frontal_06.png,Model_A,train,frontal_only,0,frontal,seen_training_pose
person095,frontal,0,0,7,frontal_07.png,E:\Thesis\Dataset\correct_angle_all\person095\frontal\frontal_07.png,Model_A,train,frontal_only,0,frontal,seen_training_pose
person095,frontal,0,0,8,frontal_08.png,E:\Thesis\Dataset\correct_angle_all\person095\frontal\frontal_08.png,Model_A,train,frontal_only,0,frontal,seen_training_pose
person095,frontal,0,0,10,frontal_10.png,E:\Thesis\Dataset\correct_angle_all\person095\frontal\frontal_10.png,Model_A,train,frontal_only,0,frontal,seen_training_pose
person095,frontal,0,0,11,frontal_11.png,E:\Thesis\Dataset\correct_angle_all\person095\frontal\frontal_11.png,Model_A,train,frontal_only,0,frontal,seen_training_pose
person095,frontal,0,0,13,frontal_13.png,E:\Thesis\Dataset\correct_angle_all\person095\frontal\frontal_13.png,Model_A,train,frontal_only,0,frontal,seen_training_pose
person095,frontal,0,0,15,frontal_15.png,E:\Thesis\Dataset\correct_angle_all\person095\frontal\frontal_15.png,Model_A,train,frontal_only,0,frontal,seen_training_pose
person095,frontal,0,0,16,frontal_16.png,E:\Thesis\Dataset\correct_angle_all\person095\frontal\frontal_16.png,Model_A,train,frontal_only,0,frontal,seen_training_pose
person095,frontal,0,0,17,frontal_17.png,E:\Thesis\Dataset\correct_angle_all\person095\frontal\frontal_17.png,Model_A,train,frontal_only,0,frontal,seen_training_pose
person095,frontal,0,0,20,frontal_20.png,E:\Thesis\Dataset\correct_angle_all\person095\frontal\frontal_20.png,Model_A,train,frontal_only,0,frontal,seen_training_pose
person096,frontal,0,0,1,frontal_01.png,E:\Thesis\Dataset\correct_angle_all\person096\frontal\frontal_01.png,Model_A,train,frontal_only,0,frontal,seen_training_pose
person096,frontal,0,0,4,frontal_04.png,E:\Thesis\Dataset\correct_angle_all\person096\frontal\frontal_04.png,Model_A,train,frontal_only,0,frontal,seen_training_pose
person096,frontal,0,0,6,frontal_06.png,E:\Thesis\Dataset\correct_angle_all\person096\frontal\frontal_06.png,Model_A,train,frontal_only,0,frontal,seen_training_pose
person096,frontal,0,0,7,frontal_07.png,E:\Thesis\Dataset\correct_angle_all\person096\frontal\frontal_07.png,Model_A,train,frontal_only,0,frontal,seen_training_pose
person096,frontal,0,0,8,frontal_08.png,E:\Thesis\Dataset\correct_angle_all\person096\frontal\frontal_08.png,Model_A,train,frontal_only,0,frontal,seen_training_pose
person096,frontal,0,0,10,frontal_10.png,E:\Thesis\Dataset\correct_angle_all\person096\frontal\frontal_10.png,Model_A,train,frontal_only,0,frontal,seen_training_pose
person096,frontal,0,0,11,frontal_11.png,E:\Thesis\Dataset\correct_angle_all\person096\frontal\frontal_11.png,Model_A,train,frontal_only,0,frontal,seen_training_pose
person096,frontal,0,0,13,frontal_13.png,E:\Thesis\Dataset\correct_angle_all\person096\frontal\frontal_13.png,Model_A,train,frontal_only,0,frontal,seen_training_pose
person096,frontal,0,0,15,frontal_15.png,E:\Thesis\Dataset\correct_angle_all\person096\frontal\frontal_15.png,Model_A,train,frontal_only,0,frontal,seen_training_pose
person096,frontal,0,0,16,frontal_16.png,E:\Thesis\Dataset\correct_angle_all\person096\frontal\frontal_16.png,Model_A,train,frontal_only,0,frontal,seen_training_pose
person096,frontal,0,0,17,frontal_17.png,E:\Thesis\Dataset\correct_angle_all\person096\frontal\frontal_17.png,Model_A,train,frontal_only,0,frontal,seen_training_pose
person096,frontal,0,0,20,frontal_20.png,E:\Thesis\Dataset\correct_angle_all\person096\frontal\frontal_20.png,Model_A,train,frontal_only,0,frontal,seen_training_pose
person097,frontal,0,0,1,frontal_01.png,E:\Thesis\Dataset\correct_angle_all\person097\frontal\frontal_01.png,Model_A,train,frontal_only,0,frontal,seen_training_pose
person097,frontal,0,0,4,frontal_04.png,E:\Thesis\Dataset\correct_angle_all\person097\frontal\frontal_04.png,Model_A,train,frontal_only,0,frontal,seen_training_pose
person097,frontal,0,0,6,frontal_06.png,E:\Thesis\Dataset\correct_angle_all\person097\frontal\frontal_06.png,Model_A,train,frontal_only,0,frontal,seen_training_pose
person097,frontal,0,0,7,frontal_07.png,E:\Thesis\Dataset\correct_angle_all\person097\frontal\frontal_07.png,Model_A,train,frontal_only,0,frontal,seen_training_pose
person097,frontal,0,0,8,frontal_08.png,E:\Thesis\Dataset\correct_angle_all\person097\frontal\frontal_08.png,Model_A,train,frontal_only,0,frontal,seen_training_pose
person097,frontal,0,0,10,frontal_10.png,E:\Thesis\Dataset\correct_angle_all\person097\frontal\frontal_10.png,Model_A,train,frontal_only,0,frontal,seen_training_pose
person097,frontal,0,0,11,frontal_11.png,E:\Thesis\Dataset\correct_angle_all\person097\frontal\frontal_11.png,Model_A,train,frontal_only,0,frontal,seen_training_pose
person097,frontal,0,0,13,frontal_13.png,E:\Thesis\Dataset\correct_angle_all\person097\frontal\frontal_13.png,Model_A,train,frontal_only,0,frontal,seen_training_pose
person097,frontal,0,0,15,frontal_15.png,E:\Thesis\Dataset\correct_angle_all\person097\frontal\frontal_15.png,Model_A,train,frontal_only,0,frontal,seen_training_pose
person097,frontal,0,0,16,frontal_16.png,E:\Thesis\Dataset\correct_angle_all\person097\frontal\frontal_16.png,Model_A,train,frontal_only,0,frontal,seen_training_pose
person097,frontal,0,0,17,frontal_17.png,E:\Thesis\Dataset\correct_angle_all\person097\frontal\frontal_17.png,Model_A,train,frontal_only,0,frontal,seen_training_pose
person097,frontal,0,0,20,frontal_20.png,E:\Thesis\Dataset\correct_angle_all\person097\frontal\frontal_20.png,Model_A,train,frontal_only,0,frontal,seen_training_pose
person098,frontal,0,0,1,frontal_01.png,E:\Thesis\Dataset\correct_angle_all\person098\frontal\frontal_01.png,Model_A,train,frontal_only,0,frontal,seen_training_pose
person098,frontal,0,0,4,frontal_04.png,E:\Thesis\Dataset\correct_angle_all\person098\frontal\frontal_04.png,Model_A,train,frontal_only,0,frontal,seen_training_pose
person098,frontal,0,0,6,frontal_06.png,E:\Thesis\Dataset\correct_angle_all\person098\frontal\frontal_06.png,Model_A,train,frontal_only,0,frontal,seen_training_pose
person098,frontal,0,0,7,frontal_07.png,E:\Thesis\Dataset\correct_angle_all\person098\frontal\frontal_07.png,Model_A,train,frontal_only,0,frontal,seen_training_pose
person098,frontal,0,0,8,frontal_08.png,E:\Thesis\Dataset\correct_angle_all\person098\frontal\frontal_08.png,Model_A,train,frontal_only,0,frontal,seen_training_pose
person098,frontal,0,0,10,frontal_10.png,E:\Thesis\Dataset\correct_angle_all\person098\frontal\frontal_10.png,Model_A,train,frontal_only,0,frontal,seen_training_pose
person098,frontal,0,0,11,frontal_11.png,E:\Thesis\Dataset\correct_angle_all\person098\frontal\frontal_11.png,Model_A,train,frontal_only,0,frontal,seen_training_pose
person098,frontal,0,0,13,frontal_13.png,E:\Thesis\Dataset\correct_angle_all\person098\frontal\frontal_13.png,Model_A,train,frontal_only,0,frontal,seen_training_pose
person098,frontal,0,0,15,frontal_15.png,E:\Thesis\Dataset\correct_angle_all\person098\frontal\frontal_15.png,Model_A,train,frontal_only,0,frontal,seen_training_pose
person098,frontal,0,0,16,frontal_16.png,E:\Thesis\Dataset\correct_angle_all\person098\frontal\frontal_16.png,Model_A,train,frontal_only,0,frontal,seen_training_pose
person098,frontal,0,0,17,frontal_17.png,E:\Thesis\Dataset\correct_angle_all\person098\frontal\frontal_17.png,Model_A,train,frontal_only,0,frontal,seen_training_pose
person098,frontal,0,0,20,frontal_20.png,E:\Thesis\Dataset\correct_angle_all\person098\frontal\frontal_20.png,Model_A,train,frontal_only,0,frontal,seen_training_pose
person099,frontal,0,0,1,frontal_01.png,E:\Thesis\Dataset\correct_angle_all\person099\frontal\frontal_01.png,Model_A,train,frontal_only,0,frontal,seen_training_pose
person099,frontal,0,0,4,frontal_04.png,E:\Thesis\Dataset\correct_angle_all\person099\frontal\frontal_04.png,Model_A,train,frontal_only,0,frontal,seen_training_pose
person099,frontal,0,0,6,frontal_06.png,E:\Thesis\Dataset\correct_angle_all\person099\frontal\frontal_06.png,Model_A,train,frontal_only,0,frontal,seen_training_pose
person099,frontal,0,0,7,frontal_07.png,E:\Thesis\Dataset\correct_angle_all\person099\frontal\frontal_07.png,Model_A,train,frontal_only,0,frontal,seen_training_pose
person099,frontal,0,0,8,frontal_08.png,E:\Thesis\Dataset\correct_angle_all\person099\frontal\frontal_08.png,Model_A,train,frontal_only,0,frontal,seen_training_pose
person099,frontal,0,0,10,frontal_10.png,E:\Thesis\Dataset\correct_angle_all\person099\frontal\frontal_10.png,Model_A,train,frontal_only,0,frontal,seen_training_pose
person099,frontal,0,0,11,frontal_11.png,E:\Thesis\Dataset\correct_angle_all\person099\frontal\frontal_11.png,Model_A,train,frontal_only,0,frontal,seen_training_pose
person099,frontal,0,0,13,frontal_13.png,E:\Thesis\Dataset\correct_angle_all\person099\frontal\frontal_13.png,Model_A,train,frontal_only,0,frontal,seen_training_pose
person099,frontal,0,0,15,frontal_15.png,E:\Thesis\Dataset\correct_angle_all\person099\frontal\frontal_15.png,Model_A,train,frontal_only,0,frontal,seen_training_pose
person099,frontal,0,0,16,frontal_16.png,E:\Thesis\Dataset\correct_angle_all\person099\frontal\frontal_16.png,Model_A,train,frontal_only,0,frontal,seen_training_pose
person099,frontal,0,0,17,frontal_17.png,E:\Thesis\Dataset\correct_angle_all\person099\frontal\frontal_17.png,Model_A,train,frontal_only,0,frontal,seen_training_pose
person099,frontal,0,0,20,frontal_20.png,E:\Thesis\Dataset\correct_angle_all\person099\frontal\frontal_20.png,Model_A,train,frontal_only,0,frontal,seen_training_pose
person100,frontal,0,0,1,frontal_01.png,E:\Thesis\Dataset\correct_angle_all\person100\frontal\frontal_01.png,Model_A,train,frontal_only,0,frontal,seen_training_pose
person100,frontal,0,0,4,frontal_04.png,E:\Thesis\Dataset\correct_angle_all\person100\frontal\frontal_04.png,Model_A,train,frontal_only,0,frontal,seen_training_pose
person100,frontal,0,0,6,frontal_06.png,E:\Thesis\Dataset\correct_angle_all\person100\frontal\frontal_06.png,Model_A,train,frontal_only,0,frontal,seen_training_pose
person100,frontal,0,0,7,frontal_07.png,E:\Thesis\Dataset\correct_angle_all\person100\frontal\frontal_07.png,Model_A,train,frontal_only,0,frontal,seen_training_pose
person100,frontal,0,0,8,frontal_08.png,E:\Thesis\Dataset\correct_angle_all\person100\frontal\frontal_08.png,Model_A,train,frontal_only,0,frontal,seen_training_pose
person100,frontal,0,0,10,frontal_10.png,E:\Thesis\Dataset\correct_angle_all\person100\frontal\frontal_10.png,Model_A,train,frontal_only,0,frontal,seen_training_pose
person100,frontal,0,0,11,frontal_11.png,E:\Thesis\Dataset\correct_angle_all\person100\frontal\frontal_11.png,Model_A,train,frontal_only,0,frontal,seen_training_pose
person100,frontal,0,0,13,frontal_13.png,E:\Thesis\Dataset\correct_angle_all\person100\frontal\frontal_13.png,Model_A,train,frontal_only,0,frontal,seen_training_pose
person100,frontal,0,0,15,frontal_15.png,E:\Thesis\Dataset\correct_angle_all\person100\frontal\frontal_15.png,Model_A,train,frontal_only,0,frontal,seen_training_pose
person100,frontal,0,0,16,frontal_16.png,E:\Thesis\Dataset\correct_angle_all\person100\frontal\frontal_16.png,Model_A,train,frontal_only,0,frontal,seen_training_pose
person100,frontal,0,0,17,frontal_17.png,E:\Thesis\Dataset\correct_angle_all\person100\frontal\frontal_17.png,Model_A,train,frontal_only,0,frontal,seen_training_pose
person100,frontal,0,0,20,frontal_20.png,E:\Thesis\Dataset\correct_angle_all\person100\frontal\frontal_20.png,Model_A,train,frontal_only,0,frontal,seen_training_pose
person101,frontal,0,0,1,frontal_01.png,E:\Thesis\Dataset\correct_angle_all\person101\frontal\frontal_01.png,Model_A,train,frontal_only,0,frontal,seen_training_pose
person101,frontal,0,0,4,frontal_04.png,E:\Thesis\Dataset\correct_angle_all\person101\frontal\frontal_04.png,Model_A,train,frontal_only,0,frontal,seen_training_pose
person101,frontal,0,0,6,frontal_06.png,E:\Thesis\Dataset\correct_angle_all\person101\frontal\frontal_06.png,Model_A,train,frontal_only,0,frontal,seen_training_pose
person101,frontal,0,0,7,frontal_07.png,E:\Thesis\Dataset\correct_angle_all\person101\frontal\frontal_07.png,Model_A,train,frontal_only,0,frontal,seen_training_pose
person101,frontal,0,0,8,frontal_08.png,E:\Thesis\Dataset\correct_angle_all\person101\frontal\frontal_08.png,Model_A,train,frontal_only,0,frontal,seen_training_pose
person101,frontal,0,0,10,frontal_10.png,E:\Thesis\Dataset\correct_angle_all\person101\frontal\frontal_10.png,Model_A,train,frontal_only,0,frontal,seen_training_pose
person101,frontal,0,0,11,frontal_11.png,E:\Thesis\Dataset\correct_angle_all\person101\frontal\frontal_11.png,Model_A,train,frontal_only,0,frontal,seen_training_pose
person101,frontal,0,0,13,frontal_13.png,E:\Thesis\Dataset\correct_angle_all\person101\frontal\frontal_13.png,Model_A,train,frontal_only,0,frontal,seen_training_pose
person101,frontal,0,0,15,frontal_15.png,E:\Thesis\Dataset\correct_angle_all\person101\frontal\frontal_15.png,Model_A,train,frontal_only,0,frontal,seen_training_pose
person101,frontal,0,0,16,frontal_16.png,E:\Thesis\Dataset\correct_angle_all\person101\frontal\frontal_16.png,Model_A,train,frontal_only,0,frontal,seen_training_pose
person101,frontal,0,0,17,frontal_17.png,E:\Thesis\Dataset\correct_angle_all\person101\frontal\frontal_17.png,Model_A,train,frontal_only,0,frontal,seen_training_pose
person101,frontal,0,0,20,frontal_20.png,E:\Thesis\Dataset\correct_angle_all\person101\frontal\frontal_20.png,Model_A,train,frontal_only,0,frontal,seen_training_pose
person102,frontal,0,0,1,frontal_01.png,E:\Thesis\Dataset\correct_angle_all\person102\frontal\frontal_01.png,Model_A,train,frontal_only,0,frontal,seen_training_pose
person102,frontal,0,0,4,frontal_04.png,E:\Thesis\Dataset\correct_angle_all\person102\frontal\frontal_04.png,Model_A,train,frontal_only,0,frontal,seen_training_pose
person102,frontal,0,0,6,frontal_06.png,E:\Thesis\Dataset\correct_angle_all\person102\frontal\frontal_06.png,Model_A,train,frontal_only,0,frontal,seen_training_pose
person102,frontal,0,0,7,frontal_07.png,E:\Thesis\Dataset\correct_angle_all\person102\frontal\frontal_07.png,Model_A,train,frontal_only,0,frontal,seen_training_pose
person102,frontal,0,0,8,frontal_08.png,E:\Thesis\Dataset\correct_angle_all\person102\frontal\frontal_08.png,Model_A,train,frontal_only,0,frontal,seen_training_pose
person102,frontal,0,0,10,frontal_10.png,E:\Thesis\Dataset\correct_angle_all\person102\frontal\frontal_10.png,Model_A,train,frontal_only,0,frontal,seen_training_pose
person102,frontal,0,0,11,frontal_11.png,E:\Thesis\Dataset\correct_angle_all\person102\frontal\frontal_11.png,Model_A,train,frontal_only,0,frontal,seen_training_pose
person102,frontal,0,0,13,frontal_13.png,E:\Thesis\Dataset\correct_angle_all\person102\frontal\frontal_13.png,Model_A,train,frontal_only,0,frontal,seen_training_pose
person102,frontal,0,0,15,frontal_15.png,E:\Thesis\Dataset\correct_angle_all\person102\frontal\frontal_15.png,Model_A,train,frontal_only,0,frontal,seen_training_pose
person102,frontal,0,0,16,frontal_16.png,E:\Thesis\Dataset\correct_angle_all\person102\frontal\frontal_16.png,Model_A,train,frontal_only,0,frontal,seen_training_pose
person102,frontal,0,0,17,frontal_17.png,E:\Thesis\Dataset\correct_angle_all\person102\frontal\frontal_17.png,Model_A,train,frontal_only,0,frontal,seen_training_pose
person102,frontal,0,0,20,frontal_20.png,E:\Thesis\Dataset\correct_angle_all\person102\frontal\frontal_20.png,Model_A,train,frontal_only,0,frontal,seen_training_pose
person103,frontal,0,0,1,frontal_01.png,E:\Thesis\Dataset\correct_angle_all\person103\frontal\frontal_01.png,Model_A,train,frontal_only,0,frontal,seen_training_pose
person103,frontal,0,0,4,frontal_04.png,E:\Thesis\Dataset\correct_angle_all\person103\frontal\frontal_04.png,Model_A,train,frontal_only,0,frontal,seen_training_pose
person103,frontal,0,0,6,frontal_06.png,E:\Thesis\Dataset\correct_angle_all\person103\frontal\frontal_06.png,Model_A,train,frontal_only,0,frontal,seen_training_pose
person103,frontal,0,0,7,frontal_07.png,E:\Thesis\Dataset\correct_angle_all\person103\frontal\frontal_07.png,Model_A,train,frontal_only,0,frontal,seen_training_pose
person103,frontal,0,0,8,frontal_08.png,E:\Thesis\Dataset\correct_angle_all\person103\frontal\frontal_08.png,Model_A,train,frontal_only,0,frontal,seen_training_pose
person103,frontal,0,0,10,frontal_10.png,E:\Thesis\Dataset\correct_angle_all\person103\frontal\frontal_10.png,Model_A,train,frontal_only,0,frontal,seen_training_pose
person103,frontal,0,0,11,frontal_11.png,E:\Thesis\Dataset\correct_angle_all\person103\frontal\frontal_11.png,Model_A,train,frontal_only,0,frontal,seen_training_pose
person103,frontal,0,0,13,frontal_13.png,E:\Thesis\Dataset\correct_angle_all\person103\frontal\frontal_13.png,Model_A,train,frontal_only,0,frontal,seen_training_pose
person103,frontal,0,0,15,frontal_15.png,E:\Thesis\Dataset\correct_angle_all\person103\frontal\frontal_15.png,Model_A,train,frontal_only,0,frontal,seen_training_pose
person103,frontal,0,0,16,frontal_16.png,E:\Thesis\Dataset\correct_angle_all\person103\frontal\frontal_16.png,Model_A,train,frontal_only,0,frontal,seen_training_pose
person103,frontal,0,0,17,frontal_17.png,E:\Thesis\Dataset\correct_angle_all\person103\frontal\frontal_17.png,Model_A,train,frontal_only,0,frontal,seen_training_pose
person103,frontal,0,0,20,frontal_20.png,E:\Thesis\Dataset\correct_angle_all\person103\frontal\frontal_20.png,Model_A,train,frontal_only,0,frontal,seen_training_pose
person104,frontal,0,0,1,frontal_01.png,E:\Thesis\Dataset\correct_angle_all\person104\frontal\frontal_01.png,Model_A,train,frontal_only,0,frontal,seen_training_pose
person104,frontal,0,0,4,frontal_04.png,E:\Thesis\Dataset\correct_angle_all\person104\frontal\frontal_04.png,Model_A,train,frontal_only,0,frontal,seen_training_pose
person104,frontal,0,0,6,frontal_06.png,E:\Thesis\Dataset\correct_angle_all\person104\frontal\frontal_06.png,Model_A,train,frontal_only,0,frontal,seen_training_pose
person104,frontal,0,0,7,frontal_07.png,E:\Thesis\Dataset\correct_angle_all\person104\frontal\frontal_07.png,Model_A,train,frontal_only,0,frontal,seen_training_pose
person104,frontal,0,0,8,frontal_08.png,E:\Thesis\Dataset\correct_angle_all\person104\frontal\frontal_08.png,Model_A,train,frontal_only,0,frontal,seen_training_pose
person104,frontal,0,0,10,frontal_10.png,E:\Thesis\Dataset\correct_angle_all\person104\frontal\frontal_10.png,Model_A,train,frontal_only,0,frontal,seen_training_pose
person104,frontal,0,0,11,frontal_11.png,E:\Thesis\Dataset\correct_angle_all\person104\frontal\frontal_11.png,Model_A,train,frontal_only,0,frontal,seen_training_pose
person104,frontal,0,0,13,frontal_13.png,E:\Thesis\Dataset\correct_angle_all\person104\frontal\frontal_13.png,Model_A,train,frontal_only,0,frontal,seen_training_pose
person104,frontal,0,0,15,frontal_15.png,E:\Thesis\Dataset\correct_angle_all\person104\frontal\frontal_15.png,Model_A,train,frontal_only,0,frontal,seen_training_pose
person104,frontal,0,0,16,frontal_16.png,E:\Thesis\Dataset\correct_angle_all\person104\frontal\frontal_16.png,Model_A,train,frontal_only,0,frontal,seen_training_pose
person104,frontal,0,0,17,frontal_17.png,E:\Thesis\Dataset\correct_angle_all\person104\frontal\frontal_17.png,Model_A,train,frontal_only,0,frontal,seen_training_pose
person104,frontal,0,0,20,frontal_20.png,E:\Thesis\Dataset\correct_angle_all\person104\frontal\frontal_20.png,Model_A,train,frontal_only,0,frontal,seen_training_pose
person105,frontal,0,0,1,frontal_01.png,E:\Thesis\Dataset\correct_angle_all\person105\frontal\frontal_01.png,Model_A,train,frontal_only,0,frontal,seen_training_pose
person105,frontal,0,0,4,frontal_04.png,E:\Thesis\Dataset\correct_angle_all\person105\frontal\frontal_04.png,Model_A,train,frontal_only,0,frontal,seen_training_pose
person105,frontal,0,0,6,frontal_06.png,E:\Thesis\Dataset\correct_angle_all\person105\frontal\frontal_06.png,Model_A,train,frontal_only,0,frontal,seen_training_pose
person105,frontal,0,0,7,frontal_07.png,E:\Thesis\Dataset\correct_angle_all\person105\frontal\frontal_07.png,Model_A,train,frontal_only,0,frontal,seen_training_pose
person105,frontal,0,0,8,frontal_08.png,E:\Thesis\Dataset\correct_angle_all\person105\frontal\frontal_08.png,Model_A,train,frontal_only,0,frontal,seen_training_pose
person105,frontal,0,0,10,frontal_10.png,E:\Thesis\Dataset\correct_angle_all\person105\frontal\frontal_10.png,Model_A,train,frontal_only,0,frontal,seen_training_pose
person105,frontal,0,0,11,frontal_11.png,E:\Thesis\Dataset\correct_angle_all\person105\frontal\frontal_11.png,Model_A,train,frontal_only,0,frontal,seen_training_pose
person105,frontal,0,0,13,frontal_13.png,E:\Thesis\Dataset\correct_angle_all\person105\frontal\frontal_13.png,Model_A,train,frontal_only,0,frontal,seen_training_pose
person105,frontal,0,0,15,frontal_15.png,E:\Thesis\Dataset\correct_angle_all\person105\frontal\frontal_15.png,Model_A,train,frontal_only,0,frontal,seen_training_pose
person105,frontal,0,0,16,frontal_16.png,E:\Thesis\Dataset\correct_angle_all\person105\frontal\frontal_16.png,Model_A,train,frontal_only,0,frontal,seen_training_pose
person105,frontal,0,0,17,frontal_17.png,E:\Thesis\Dataset\correct_angle_all\person105\frontal\frontal_17.png,Model_A,train,frontal_only,0,frontal,seen_training_pose
person105,frontal,0,0,20,frontal_20.png,E:\Thesis\Dataset\correct_angle_all\person105\frontal\frontal_20.png,Model_A,train,frontal_only,0,frontal,seen_training_pose
person106,frontal,0,0,1,frontal_01.png,E:\Thesis\Dataset\correct_angle_all\person106\frontal\frontal_01.png,Model_A,train,frontal_only,0,frontal,seen_training_pose
person106,frontal,0,0,4,frontal_04.png,E:\Thesis\Dataset\correct_angle_all\person106\frontal\frontal_04.png,Model_A,train,frontal_only,0,frontal,seen_training_pose
person106,frontal,0,0,6,frontal_06.png,E:\Thesis\Dataset\correct_angle_all\person106\frontal\frontal_06.png,Model_A,train,frontal_only,0,frontal,seen_training_pose
person106,frontal,0,0,7,frontal_07.png,E:\Thesis\Dataset\correct_angle_all\person106\frontal\frontal_07.png,Model_A,train,frontal_only,0,frontal,seen_training_pose
person106,frontal,0,0,8,frontal_08.png,E:\Thesis\Dataset\correct_angle_all\person106\frontal\frontal_08.png,Model_A,train,frontal_only,0,frontal,seen_training_pose
person106,frontal,0,0,10,frontal_10.png,E:\Thesis\Dataset\correct_angle_all\person106\frontal\frontal_10.png,Model_A,train,frontal_only,0,frontal,seen_training_pose
person106,frontal,0,0,11,frontal_11.png,E:\Thesis\Dataset\correct_angle_all\person106\frontal\frontal_11.png,Model_A,train,frontal_only,0,frontal,seen_training_pose
person106,frontal,0,0,13,frontal_13.png,E:\Thesis\Dataset\correct_angle_all\person106\frontal\frontal_13.png,Model_A,train,frontal_only,0,frontal,seen_training_pose
person106,frontal,0,0,15,frontal_15.png,E:\Thesis\Dataset\correct_angle_all\person106\frontal\frontal_15.png,Model_A,train,frontal_only,0,frontal,seen_training_pose
person106,frontal,0,0,16,frontal_16.png,E:\Thesis\Dataset\correct_angle_all\person106\frontal\frontal_16.png,Model_A,train,frontal_only,0,frontal,seen_training_pose
person106,frontal,0,0,17,frontal_17.png,E:\Thesis\Dataset\correct_angle_all\person106\frontal\frontal_17.png,Model_A,train,frontal_only,0,frontal,seen_training_pose
person106,frontal,0,0,20,frontal_20.png,E:\Thesis\Dataset\correct_angle_all\person106\frontal\frontal_20.png,Model_A,train,frontal_only,0,frontal,seen_training_pose
person107,frontal,0,0,1,frontal_01.png,E:\Thesis\Dataset\correct_angle_all\person107\frontal\frontal_01.png,Model_A,train,frontal_only,0,frontal,seen_training_pose
person107,frontal,0,0,4,frontal_04.png,E:\Thesis\Dataset\correct_angle_all\person107\frontal\frontal_04.png,Model_A,train,frontal_only,0,frontal,seen_training_pose
person107,frontal,0,0,6,frontal_06.png,E:\Thesis\Dataset\correct_angle_all\person107\frontal\frontal_06.png,Model_A,train,frontal_only,0,frontal,seen_training_pose
person107,frontal,0,0,7,frontal_07.png,E:\Thesis\Dataset\correct_angle_all\person107\frontal\frontal_07.png,Model_A,train,frontal_only,0,frontal,seen_training_pose
person107,frontal,0,0,8,frontal_08.png,E:\Thesis\Dataset\correct_angle_all\person107\frontal\frontal_08.png,Model_A,train,frontal_only,0,frontal,seen_training_pose
person107,frontal,0,0,10,frontal_10.png,E:\Thesis\Dataset\correct_angle_all\person107\frontal\frontal_10.png,Model_A,train,frontal_only,0,frontal,seen_training_pose
person107,frontal,0,0,11,frontal_11.png,E:\Thesis\Dataset\correct_angle_all\person107\frontal\frontal_11.png,Model_A,train,frontal_only,0,frontal,seen_training_pose
person107,frontal,0,0,13,frontal_13.png,E:\Thesis\Dataset\correct_angle_all\person107\frontal\frontal_13.png,Model_A,train,frontal_only,0,frontal,seen_training_pose
person107,frontal,0,0,15,frontal_15.png,E:\Thesis\Dataset\correct_angle_all\person107\frontal\frontal_15.png,Model_A,train,frontal_only,0,frontal,seen_training_pose
person107,frontal,0,0,16,frontal_16.png,E:\Thesis\Dataset\correct_angle_all\person107\frontal\frontal_16.png,Model_A,train,frontal_only,0,frontal,seen_training_pose
person107,frontal,0,0,17,frontal_17.png,E:\Thesis\Dataset\correct_angle_all\person107\frontal\frontal_17.png,Model_A,train,frontal_only,0,frontal,seen_training_pose
person107,frontal,0,0,20,frontal_20.png,E:\Thesis\Dataset\correct_angle_all\person107\frontal\frontal_20.png,Model_A,train,frontal_only,0,frontal,seen_training_pose
person108,frontal,0,0,1,frontal_01.png,E:\Thesis\Dataset\correct_angle_all\person108\frontal\frontal_01.png,Model_A,train,frontal_only,0,frontal,seen_training_pose
person108,frontal,0,0,4,frontal_04.png,E:\Thesis\Dataset\correct_angle_all\person108\frontal\frontal_04.png,Model_A,train,frontal_only,0,frontal,seen_training_pose
person108,frontal,0,0,6,frontal_06.png,E:\Thesis\Dataset\correct_angle_all\person108\frontal\frontal_06.png,Model_A,train,frontal_only,0,frontal,seen_training_pose
person108,frontal,0,0,7,frontal_07.png,E:\Thesis\Dataset\correct_angle_all\person108\frontal\frontal_07.png,Model_A,train,frontal_only,0,frontal,seen_training_pose
person108,frontal,0,0,8,frontal_08.png,E:\Thesis\Dataset\correct_angle_all\person108\frontal\frontal_08.png,Model_A,train,frontal_only,0,frontal,seen_training_pose
person108,frontal,0,0,10,frontal_10.png,E:\Thesis\Dataset\correct_angle_all\person108\frontal\frontal_10.png,Model_A,train,frontal_only,0,frontal,seen_training_pose
person108,frontal,0,0,11,frontal_11.png,E:\Thesis\Dataset\correct_angle_all\person108\frontal\frontal_11.png,Model_A,train,frontal_only,0,frontal,seen_training_pose
person108,frontal,0,0,13,frontal_13.png,E:\Thesis\Dataset\correct_angle_all\person108\frontal\frontal_13.png,Model_A,train,frontal_only,0,frontal,seen_training_pose
person108,frontal,0,0,15,frontal_15.png,E:\Thesis\Dataset\correct_angle_all\person108\frontal\frontal_15.png,Model_A,train,frontal_only,0,frontal,seen_training_pose
person108,frontal,0,0,16,frontal_16.png,E:\Thesis\Dataset\correct_angle_all\person108\frontal\frontal_16.png,Model_A,train,frontal_only,0,frontal,seen_training_pose
person108,frontal,0,0,17,frontal_17.png,E:\Thesis\Dataset\correct_angle_all\person108\frontal\frontal_17.png,Model_A,train,frontal_only,0,frontal,seen_training_pose
person108,frontal,0,0,20,frontal_20.png,E:\Thesis\Dataset\correct_angle_all\person108\frontal\frontal_20.png,Model_A,train,frontal_only,0,frontal,seen_training_pose
person109,frontal,0,0,1,frontal_01.png,E:\Thesis\Dataset\correct_angle_all\person109\frontal\frontal_01.png,Model_A,train,frontal_only,0,frontal,seen_training_pose
person109,frontal,0,0,4,frontal_04.png,E:\Thesis\Dataset\correct_angle_all\person109\frontal\frontal_04.png,Model_A,train,frontal_only,0,frontal,seen_training_pose
person109,frontal,0,0,6,frontal_06.png,E:\Thesis\Dataset\correct_angle_all\person109\frontal\frontal_06.png,Model_A,train,frontal_only,0,frontal,seen_training_pose
person109,frontal,0,0,7,frontal_07.png,E:\Thesis\Dataset\correct_angle_all\person109\frontal\frontal_07.png,Model_A,train,frontal_only,0,frontal,seen_training_pose
person109,frontal,0,0,8,frontal_08.png,E:\Thesis\Dataset\correct_angle_all\person109\frontal\frontal_08.png,Model_A,train,frontal_only,0,frontal,seen_training_pose
person109,frontal,0,0,10,frontal_10.png,E:\Thesis\Dataset\correct_angle_all\person109\frontal\frontal_10.png,Model_A,train,frontal_only,0,frontal,seen_training_pose
person109,frontal,0,0,11,frontal_11.png,E:\Thesis\Dataset\correct_angle_all\person109\frontal\frontal_11.png,Model_A,train,frontal_only,0,frontal,seen_training_pose
person109,frontal,0,0,13,frontal_13.png,E:\Thesis\Dataset\correct_angle_all\person109\frontal\frontal_13.png,Model_A,train,frontal_only,0,frontal,seen_training_pose
person109,frontal,0,0,15,frontal_15.png,E:\Thesis\Dataset\correct_angle_all\person109\frontal\frontal_15.png,Model_A,train,frontal_only,0,frontal,seen_training_pose
person109,frontal,0,0,16,frontal_16.png,E:\Thesis\Dataset\correct_angle_all\person109\frontal\frontal_16.png,Model_A,train,frontal_only,0,frontal,seen_training_pose
person109,frontal,0,0,17,frontal_17.png,E:\Thesis\Dataset\correct_angle_all\person109\frontal\frontal_17.png,Model_A,train,frontal_only,0,frontal,seen_training_pose
person109,frontal,0,0,20,frontal_20.png,E:\Thesis\Dataset\correct_angle_all\person109\frontal\frontal_20.png,Model_A,train,frontal_only,0,frontal,seen_training_pose
person110,frontal,0,0,1,frontal_01.png,E:\Thesis\Dataset\correct_angle_all\person110\frontal\frontal_01.png,Model_A,train,frontal_only,0,frontal,seen_training_pose
person110,frontal,0,0,4,frontal_04.png,E:\Thesis\Dataset\correct_angle_all\person110\frontal\frontal_04.png,Model_A,train,frontal_only,0,frontal,seen_training_pose
person110,frontal,0,0,6,frontal_06.png,E:\Thesis\Dataset\correct_angle_all\person110\frontal\frontal_06.png,Model_A,train,frontal_only,0,frontal,seen_training_pose
person110,frontal,0,0,7,frontal_07.png,E:\Thesis\Dataset\correct_angle_all\person110\frontal\frontal_07.png,Model_A,train,frontal_only,0,frontal,seen_training_pose
person110,frontal,0,0,8,frontal_08.png,E:\Thesis\Dataset\correct_angle_all\person110\frontal\frontal_08.png,Model_A,train,frontal_only,0,frontal,seen_training_pose
person110,frontal,0,0,10,frontal_10.png,E:\Thesis\Dataset\correct_angle_all\person110\frontal\frontal_10.png,Model_A,train,frontal_only,0,frontal,seen_training_pose
person110,frontal,0,0,11,frontal_11.png,E:\Thesis\Dataset\correct_angle_all\person110\frontal\frontal_11.png,Model_A,train,frontal_only,0,frontal,seen_training_pose
person110,frontal,0,0,13,frontal_13.png,E:\Thesis\Dataset\correct_angle_all\person110\frontal\frontal_13.png,Model_A,train,frontal_only,0,frontal,seen_training_pose
person110,frontal,0,0,15,frontal_15.png,E:\Thesis\Dataset\correct_angle_all\person110\frontal\frontal_15.png,Model_A,train,frontal_only,0,frontal,seen_training_pose
person110,frontal,0,0,16,frontal_16.png,E:\Thesis\Dataset\correct_angle_all\person110\frontal\frontal_16.png,Model_A,train,frontal_only,0,frontal,seen_training_pose
person110,frontal,0,0,17,frontal_17.png,E:\Thesis\Dataset\correct_angle_all\person110\frontal\frontal_17.png,Model_A,train,frontal_only,0,frontal,seen_training_pose
person110,frontal,0,0,20,frontal_20.png,E:\Thesis\Dataset\correct_angle_all\person110\frontal\frontal_20.png,Model_A,train,frontal_only,0,frontal,seen_training_pose
person111,frontal,0,0,1,frontal_01.png,E:\Thesis\Dataset\correct_angle_all\person111\frontal\frontal_01.png,Model_A,train,frontal_only,0,frontal,seen_training_pose
person111,frontal,0,0,4,frontal_04.png,E:\Thesis\Dataset\correct_angle_all\person111\frontal\frontal_04.png,Model_A,train,frontal_only,0,frontal,seen_training_pose
person111,frontal,0,0,6,frontal_06.png,E:\Thesis\Dataset\correct_angle_all\person111\frontal\frontal_06.png,Model_A,train,frontal_only,0,frontal,seen_training_pose
person111,frontal,0,0,7,frontal_07.png,E:\Thesis\Dataset\correct_angle_all\person111\frontal\frontal_07.png,Model_A,train,frontal_only,0,frontal,seen_training_pose
person111,frontal,0,0,8,frontal_08.png,E:\Thesis\Dataset\correct_angle_all\person111\frontal\frontal_08.png,Model_A,train,frontal_only,0,frontal,seen_training_pose
person111,frontal,0,0,10,frontal_10.png,E:\Thesis\Dataset\correct_angle_all\person111\frontal\frontal_10.png,Model_A,train,frontal_only,0,frontal,seen_training_pose
person111,frontal,0,0,11,frontal_11.png,E:\Thesis\Dataset\correct_angle_all\person111\frontal\frontal_11.png,Model_A,train,frontal_only,0,frontal,seen_training_pose
person111,frontal,0,0,13,frontal_13.png,E:\Thesis\Dataset\correct_angle_all\person111\frontal\frontal_13.png,Model_A,train,frontal_only,0,frontal,seen_training_pose
person111,frontal,0,0,15,frontal_15.png,E:\Thesis\Dataset\correct_angle_all\person111\frontal\frontal_15.png,Model_A,train,frontal_only,0,frontal,seen_training_pose
person111,frontal,0,0,16,frontal_16.png,E:\Thesis\Dataset\correct_angle_all\person111\frontal\frontal_16.png,Model_A,train,frontal_only,0,frontal,seen_training_pose
person111,frontal,0,0,17,frontal_17.png,E:\Thesis\Dataset\correct_angle_all\person111\frontal\frontal_17.png,Model_A,train,frontal_only,0,frontal,seen_training_pose
person111,frontal,0,0,20,frontal_20.png,E:\Thesis\Dataset\correct_angle_all\person111\frontal\frontal_20.png,Model_A,train,frontal_only,0,frontal,seen_training_pose
person112,frontal,0,0,1,frontal_01.png,E:\Thesis\Dataset\correct_angle_all\person112\frontal\frontal_01.png,Model_A,train,frontal_only,0,frontal,seen_training_pose
person112,frontal,0,0,4,frontal_04.png,E:\Thesis\Dataset\correct_angle_all\person112\frontal\frontal_04.png,Model_A,train,frontal_only,0,frontal,seen_training_pose
person112,frontal,0,0,6,frontal_06.png,E:\Thesis\Dataset\correct_angle_all\person112\frontal\frontal_06.png,Model_A,train,frontal_only,0,frontal,seen_training_pose
person112,frontal,0,0,7,frontal_07.png,E:\Thesis\Dataset\correct_angle_all\person112\frontal\frontal_07.png,Model_A,train,frontal_only,0,frontal,seen_training_pose
person112,frontal,0,0,8,frontal_08.png,E:\Thesis\Dataset\correct_angle_all\person112\frontal\frontal_08.png,Model_A,train,frontal_only,0,frontal,seen_training_pose
person112,frontal,0,0,10,frontal_10.png,E:\Thesis\Dataset\correct_angle_all\person112\frontal\frontal_10.png,Model_A,train,frontal_only,0,frontal,seen_training_pose
person112,frontal,0,0,11,frontal_11.png,E:\Thesis\Dataset\correct_angle_all\person112\frontal\frontal_11.png,Model_A,train,frontal_only,0,frontal,seen_training_pose
person112,frontal,0,0,13,frontal_13.png,E:\Thesis\Dataset\correct_angle_all\person112\frontal\frontal_13.png,Model_A,train,frontal_only,0,frontal,seen_training_pose
person112,frontal,0,0,15,frontal_15.png,E:\Thesis\Dataset\correct_angle_all\person112\frontal\frontal_15.png,Model_A,train,frontal_only,0,frontal,seen_training_pose
person112,frontal,0,0,16,frontal_16.png,E:\Thesis\Dataset\correct_angle_all\person112\frontal\frontal_16.png,Model_A,train,frontal_only,0,frontal,seen_training_pose
person112,frontal,0,0,17,frontal_17.png,E:\Thesis\Dataset\correct_angle_all\person112\frontal\frontal_17.png,Model_A,train,frontal_only,0,frontal,seen_training_pose
person112,frontal,0,0,20,frontal_20.png,E:\Thesis\Dataset\correct_angle_all\person112\frontal\frontal_20.png,Model_A,train,frontal_only,0,frontal,seen_training_pose
person113,frontal,0,0,1,frontal_01.png,E:\Thesis\Dataset\correct_angle_all\person113\frontal\frontal_01.png,Model_A,train,frontal_only,0,frontal,seen_training_pose
person113,frontal,0,0,4,frontal_04.png,E:\Thesis\Dataset\correct_angle_all\person113\frontal\frontal_04.png,Model_A,train,frontal_only,0,frontal,seen_training_pose
person113,frontal,0,0,6,frontal_06.png,E:\Thesis\Dataset\correct_angle_all\person113\frontal\frontal_06.png,Model_A,train,frontal_only,0,frontal,seen_training_pose
person113,frontal,0,0,7,frontal_07.png,E:\Thesis\Dataset\correct_angle_all\person113\frontal\frontal_07.png,Model_A,train,frontal_only,0,frontal,seen_training_pose
person113,frontal,0,0,8,frontal_08.png,E:\Thesis\Dataset\correct_angle_all\person113\frontal\frontal_08.png,Model_A,train,frontal_only,0,frontal,seen_training_pose
person113,frontal,0,0,10,frontal_10.png,E:\Thesis\Dataset\correct_angle_all\person113\frontal\frontal_10.png,Model_A,train,frontal_only,0,frontal,seen_training_pose
person113,frontal,0,0,11,frontal_11.png,E:\Thesis\Dataset\correct_angle_all\person113\frontal\frontal_11.png,Model_A,train,frontal_only,0,frontal,seen_training_pose
person113,frontal,0,0,13,frontal_13.png,E:\Thesis\Dataset\correct_angle_all\person113\frontal\frontal_13.png,Model_A,train,frontal_only,0,frontal,seen_training_pose
person113,frontal,0,0,15,frontal_15.png,E:\Thesis\Dataset\correct_angle_all\person113\frontal\frontal_15.png,Model_A,train,frontal_only,0,frontal,seen_training_pose
person113,frontal,0,0,16,frontal_16.png,E:\Thesis\Dataset\correct_angle_all\person113\frontal\frontal_16.png,Model_A,train,frontal_only,0,frontal,seen_training_pose
person113,frontal,0,0,17,frontal_17.png,E:\Thesis\Dataset\correct_angle_all\person113\frontal\frontal_17.png,Model_A,train,frontal_only,0,frontal,seen_training_pose
person113,frontal,0,0,20,frontal_20.png,E:\Thesis\Dataset\correct_angle_all\person113\frontal\frontal_20.png,Model_A,train,frontal_only,0,frontal,seen_training_pose
person114,frontal,0,0,1,frontal_01.png,E:\Thesis\Dataset\correct_angle_all\person114\frontal\frontal_01.png,Model_A,train,frontal_only,0,frontal,seen_training_pose
person114,frontal,0,0,4,frontal_04.png,E:\Thesis\Dataset\correct_angle_all\person114\frontal\frontal_04.png,Model_A,train,frontal_only,0,frontal,seen_training_pose
person114,frontal,0,0,6,frontal_06.png,E:\Thesis\Dataset\correct_angle_all\person114\frontal\frontal_06.png,Model_A,train,frontal_only,0,frontal,seen_training_pose
person114,frontal,0,0,7,frontal_07.png,E:\Thesis\Dataset\correct_angle_all\person114\frontal\frontal_07.png,Model_A,train,frontal_only,0,frontal,seen_training_pose
person114,frontal,0,0,8,frontal_08.png,E:\Thesis\Dataset\correct_angle_all\person114\frontal\frontal_08.png,Model_A,train,frontal_only,0,frontal,seen_training_pose
person114,frontal,0,0,10,frontal_10.png,E:\Thesis\Dataset\correct_angle_all\person114\frontal\frontal_10.png,Model_A,train,frontal_only,0,frontal,seen_training_pose
person114,frontal,0,0,11,frontal_11.png,E:\Thesis\Dataset\correct_angle_all\person114\frontal\frontal_11.png,Model_A,train,frontal_only,0,frontal,seen_training_pose
person114,frontal,0,0,13,frontal_13.png,E:\Thesis\Dataset\correct_angle_all\person114\frontal\frontal_13.png,Model_A,train,frontal_only,0,frontal,seen_training_pose
person114,frontal,0,0,15,frontal_15.png,E:\Thesis\Dataset\correct_angle_all\person114\frontal\frontal_15.png,Model_A,train,frontal_only,0,frontal,seen_training_pose
person114,frontal,0,0,16,frontal_16.png,E:\Thesis\Dataset\correct_angle_all\person114\frontal\frontal_16.png,Model_A,train,frontal_only,0,frontal,seen_training_pose
person114,frontal,0,0,17,frontal_17.png,E:\Thesis\Dataset\correct_angle_all\person114\frontal\frontal_17.png,Model_A,train,frontal_only,0,frontal,seen_training_pose
person114,frontal,0,0,20,frontal_20.png,E:\Thesis\Dataset\correct_angle_all\person114\frontal\frontal_20.png,Model_A,train,frontal_only,0,frontal,seen_training_pose
person115,frontal,0,0,1,frontal_01.png,E:\Thesis\Dataset\correct_angle_all\person115\frontal\frontal_01.png,Model_A,train,frontal_only,0,frontal,seen_training_pose
person115,frontal,0,0,4,frontal_04.png,E:\Thesis\Dataset\correct_angle_all\person115\frontal\frontal_04.png,Model_A,train,frontal_only,0,frontal,seen_training_pose
person115,frontal,0,0,6,frontal_06.png,E:\Thesis\Dataset\correct_angle_all\person115\frontal\frontal_06.png,Model_A,train,frontal_only,0,frontal,seen_training_pose
person115,frontal,0,0,7,frontal_07.png,E:\Thesis\Dataset\correct_angle_all\person115\frontal\frontal_07.png,Model_A,train,frontal_only,0,frontal,seen_training_pose
person115,frontal,0,0,8,frontal_08.png,E:\Thesis\Dataset\correct_angle_all\person115\frontal\frontal_08.png,Model_A,train,frontal_only,0,frontal,seen_training_pose
person115,frontal,0,0,10,frontal_10.png,E:\Thesis\Dataset\correct_angle_all\person115\frontal\frontal_10.png,Model_A,train,frontal_only,0,frontal,seen_training_pose
person115,frontal,0,0,11,frontal_11.png,E:\Thesis\Dataset\correct_angle_all\person115\frontal\frontal_11.png,Model_A,train,frontal_only,0,frontal,seen_training_pose
person115,frontal,0,0,13,frontal_13.png,E:\Thesis\Dataset\correct_angle_all\person115\frontal\frontal_13.png,Model_A,train,frontal_only,0,frontal,seen_training_pose
person115,frontal,0,0,15,frontal_15.png,E:\Thesis\Dataset\correct_angle_all\person115\frontal\frontal_15.png,Model_A,train,frontal_only,0,frontal,seen_training_pose
person115,frontal,0,0,16,frontal_16.png,E:\Thesis\Dataset\correct_angle_all\person115\frontal\frontal_16.png,Model_A,train,frontal_only,0,frontal,seen_training_pose
person115,frontal,0,0,17,frontal_17.png,E:\Thesis\Dataset\correct_angle_all\person115\frontal\frontal_17.png,Model_A,train,frontal_only,0,frontal,seen_training_pose
person115,frontal,0,0,20,frontal_20.png,E:\Thesis\Dataset\correct_angle_all\person115\frontal\frontal_20.png,Model_A,train,frontal_only,0,frontal,seen_training_pose
person116,frontal,0,0,1,frontal_01.png,E:\Thesis\Dataset\correct_angle_all\person116\frontal\frontal_01.png,Model_A,train,frontal_only,0,frontal,seen_training_pose
person116,frontal,0,0,4,frontal_04.png,E:\Thesis\Dataset\correct_angle_all\person116\frontal\frontal_04.png,Model_A,train,frontal_only,0,frontal,seen_training_pose
person116,frontal,0,0,6,frontal_06.png,E:\Thesis\Dataset\correct_angle_all\person116\frontal\frontal_06.png,Model_A,train,frontal_only,0,frontal,seen_training_pose
person116,frontal,0,0,7,frontal_07.png,E:\Thesis\Dataset\correct_angle_all\person116\frontal\frontal_07.png,Model_A,train,frontal_only,0,frontal,seen_training_pose
person116,frontal,0,0,8,frontal_08.png,E:\Thesis\Dataset\correct_angle_all\person116\frontal\frontal_08.png,Model_A,train,frontal_only,0,frontal,seen_training_pose
person116,frontal,0,0,10,frontal_10.png,E:\Thesis\Dataset\correct_angle_all\person116\frontal\frontal_10.png,Model_A,train,frontal_only,0,frontal,seen_training_pose
person116,frontal,0,0,11,frontal_11.png,E:\Thesis\Dataset\correct_angle_all\person116\frontal\frontal_11.png,Model_A,train,frontal_only,0,frontal,seen_training_pose
person116,frontal,0,0,13,frontal_13.png,E:\Thesis\Dataset\correct_angle_all\person116\frontal\frontal_13.png,Model_A,train,frontal_only,0,frontal,seen_training_pose
person116,frontal,0,0,15,frontal_15.png,E:\Thesis\Dataset\correct_angle_all\person116\frontal\frontal_15.png,Model_A,train,frontal_only,0,frontal,seen_training_pose
person116,frontal,0,0,16,frontal_16.png,E:\Thesis\Dataset\correct_angle_all\person116\frontal\frontal_16.png,Model_A,train,frontal_only,0,frontal,seen_training_pose
person116,frontal,0,0,17,frontal_17.png,E:\Thesis\Dataset\correct_angle_all\person116\frontal\frontal_17.png,Model_A,train,frontal_only,0,frontal,seen_training_pose
person116,frontal,0,0,20,frontal_20.png,E:\Thesis\Dataset\correct_angle_all\person116\frontal\frontal_20.png,Model_A,train,frontal_only,0,frontal,seen_training_pose
person117,frontal,0,0,1,frontal_01.png,E:\Thesis\Dataset\correct_angle_all\person117\frontal\frontal_01.png,Model_A,train,frontal_only,0,frontal,seen_training_pose
person117,frontal,0,0,4,frontal_04.png,E:\Thesis\Dataset\correct_angle_all\person117\frontal\frontal_04.png,Model_A,train,frontal_only,0,frontal,seen_training_pose
person117,frontal,0,0,6,frontal_06.png,E:\Thesis\Dataset\correct_angle_all\person117\frontal\frontal_06.png,Model_A,train,frontal_only,0,frontal,seen_training_pose
person117,frontal,0,0,7,frontal_07.png,E:\Thesis\Dataset\correct_angle_all\person117\frontal\frontal_07.png,Model_A,train,frontal_only,0,frontal,seen_training_pose
person117,frontal,0,0,8,frontal_08.png,E:\Thesis\Dataset\correct_angle_all\person117\frontal\frontal_08.png,Model_A,train,frontal_only,0,frontal,seen_training_pose
person117,frontal,0,0,10,frontal_10.png,E:\Thesis\Dataset\correct_angle_all\person117\frontal\frontal_10.png,Model_A,train,frontal_only,0,frontal,seen_training_pose
person117,frontal,0,0,11,frontal_11.png,E:\Thesis\Dataset\correct_angle_all\person117\frontal\frontal_11.png,Model_A,train,frontal_only,0,frontal,seen_training_pose
person117,frontal,0,0,13,frontal_13.png,E:\Thesis\Dataset\correct_angle_all\person117\frontal\frontal_13.png,Model_A,train,frontal_only,0,frontal,seen_training_pose
person117,frontal,0,0,15,frontal_15.png,E:\Thesis\Dataset\correct_angle_all\person117\frontal\frontal_15.png,Model_A,train,frontal_only,0,frontal,seen_training_pose
person117,frontal,0,0,16,frontal_16.png,E:\Thesis\Dataset\correct_angle_all\person117\frontal\frontal_16.png,Model_A,train,frontal_only,0,frontal,seen_training_pose
person117,frontal,0,0,17,frontal_17.png,E:\Thesis\Dataset\correct_angle_all\person117\frontal\frontal_17.png,Model_A,train,frontal_only,0,frontal,seen_training_pose
person117,frontal,0,0,20,frontal_20.png,E:\Thesis\Dataset\correct_angle_all\person117\frontal\frontal_20.png,Model_A,train,frontal_only,0,frontal,seen_training_pose
person118,frontal,0,0,1,frontal_01.png,E:\Thesis\Dataset\correct_angle_all\person118\frontal\frontal_01.png,Model_A,train,frontal_only,0,frontal,seen_training_pose
person118,frontal,0,0,4,frontal_04.png,E:\Thesis\Dataset\correct_angle_all\person118\frontal\frontal_04.png,Model_A,train,frontal_only,0,frontal,seen_training_pose
person118,frontal,0,0,6,frontal_06.png,E:\Thesis\Dataset\correct_angle_all\person118\frontal\frontal_06.png,Model_A,train,frontal_only,0,frontal,seen_training_pose
person118,frontal,0,0,7,frontal_07.png,E:\Thesis\Dataset\correct_angle_all\person118\frontal\frontal_07.png,Model_A,train,frontal_only,0,frontal,seen_training_pose
person118,frontal,0,0,8,frontal_08.png,E:\Thesis\Dataset\correct_angle_all\person118\frontal\frontal_08.png,Model_A,train,frontal_only,0,frontal,seen_training_pose
person118,frontal,0,0,10,frontal_10.png,E:\Thesis\Dataset\correct_angle_all\person118\frontal\frontal_10.png,Model_A,train,frontal_only,0,frontal,seen_training_pose
person118,frontal,0,0,11,frontal_11.png,E:\Thesis\Dataset\correct_angle_all\person118\frontal\frontal_11.png,Model_A,train,frontal_only,0,frontal,seen_training_pose
person118,frontal,0,0,13,frontal_13.png,E:\Thesis\Dataset\correct_angle_all\person118\frontal\frontal_13.png,Model_A,train,frontal_only,0,frontal,seen_training_pose
person118,frontal,0,0,15,frontal_15.png,E:\Thesis\Dataset\correct_angle_all\person118\frontal\frontal_15.png,Model_A,train,frontal_only,0,frontal,seen_training_pose
person118,frontal,0,0,16,frontal_16.png,E:\Thesis\Dataset\correct_angle_all\person118\frontal\frontal_16.png,Model_A,train,frontal_only,0,frontal,seen_training_pose
person118,frontal,0,0,17,frontal_17.png,E:\Thesis\Dataset\correct_angle_all\person118\frontal\frontal_17.png,Model_A,train,frontal_only,0,frontal,seen_training_pose
person118,frontal,0,0,20,frontal_20.png,E:\Thesis\Dataset\correct_angle_all\person118\frontal\frontal_20.png,Model_A,train,frontal_only,0,frontal,seen_training_pose
person119,frontal,0,0,1,frontal_01.png,E:\Thesis\Dataset\correct_angle_all\person119\frontal\frontal_01.png,Model_A,train,frontal_only,0,frontal,seen_training_pose
person119,frontal,0,0,4,frontal_04.png,E:\Thesis\Dataset\correct_angle_all\person119\frontal\frontal_04.png,Model_A,train,frontal_only,0,frontal,seen_training_pose
person119,frontal,0,0,6,frontal_06.png,E:\Thesis\Dataset\correct_angle_all\person119\frontal\frontal_06.png,Model_A,train,frontal_only,0,frontal,seen_training_pose
person119,frontal,0,0,7,frontal_07.png,E:\Thesis\Dataset\correct_angle_all\person119\frontal\frontal_07.png,Model_A,train,frontal_only,0,frontal,seen_training_pose
person119,frontal,0,0,8,frontal_08.png,E:\Thesis\Dataset\correct_angle_all\person119\frontal\frontal_08.png,Model_A,train,frontal_only,0,frontal,seen_training_pose
person119,frontal,0,0,10,frontal_10.png,E:\Thesis\Dataset\correct_angle_all\person119\frontal\frontal_10.png,Model_A,train,frontal_only,0,frontal,seen_training_pose
person119,frontal,0,0,11,frontal_11.png,E:\Thesis\Dataset\correct_angle_all\person119\frontal\frontal_11.png,Model_A,train,frontal_only,0,frontal,seen_training_pose
person119,frontal,0,0,13,frontal_13.png,E:\Thesis\Dataset\correct_angle_all\person119\frontal\frontal_13.png,Model_A,train,frontal_only,0,frontal,seen_training_pose
person119,frontal,0,0,15,frontal_15.png,E:\Thesis\Dataset\correct_angle_all\person119\frontal\frontal_15.png,Model_A,train,frontal_only,0,frontal,seen_training_pose
person119,frontal,0,0,16,frontal_16.png,E:\Thesis\Dataset\correct_angle_all\person119\frontal\frontal_16.png,Model_A,train,frontal_only,0,frontal,seen_training_pose
person119,frontal,0,0,17,frontal_17.png,E:\Thesis\Dataset\correct_angle_all\person119\frontal\frontal_17.png,Model_A,train,frontal_only,0,frontal,seen_training_pose
person119,frontal,0,0,20,frontal_20.png,E:\Thesis\Dataset\correct_angle_all\person119\frontal\frontal_20.png,Model_A,train,frontal_only,0,frontal,seen_training_pose
person120,frontal,0,0,1,frontal_01.png,E:\Thesis\Dataset\correct_angle_all\person120\frontal\frontal_01.png,Model_A,train,frontal_only,0,frontal,seen_training_pose
person120,frontal,0,0,4,frontal_04.png,E:\Thesis\Dataset\correct_angle_all\person120\frontal\frontal_04.png,Model_A,train,frontal_only,0,frontal,seen_training_pose
person120,frontal,0,0,6,frontal_06.png,E:\Thesis\Dataset\correct_angle_all\person120\frontal\frontal_06.png,Model_A,train,frontal_only,0,frontal,seen_training_pose
person120,frontal,0,0,7,frontal_07.png,E:\Thesis\Dataset\correct_angle_all\person120\frontal\frontal_07.png,Model_A,train,frontal_only,0,frontal,seen_training_pose
person120,frontal,0,0,8,frontal_08.png,E:\Thesis\Dataset\correct_angle_all\person120\frontal\frontal_08.png,Model_A,train,frontal_only,0,frontal,seen_training_pose
person120,frontal,0,0,10,frontal_10.png,E:\Thesis\Dataset\correct_angle_all\person120\frontal\frontal_10.png,Model_A,train,frontal_only,0,frontal,seen_training_pose
person120,frontal,0,0,11,frontal_11.png,E:\Thesis\Dataset\correct_angle_all\person120\frontal\frontal_11.png,Model_A,train,frontal_only,0,frontal,seen_training_pose
person120,frontal,0,0,13,frontal_13.png,E:\Thesis\Dataset\correct_angle_all\person120\frontal\frontal_13.png,Model_A,train,frontal_only,0,frontal,seen_training_pose
person120,frontal,0,0,15,frontal_15.png,E:\Thesis\Dataset\correct_angle_all\person120\frontal\frontal_15.png,Model_A,train,frontal_only,0,frontal,seen_training_pose
person120,frontal,0,0,16,frontal_16.png,E:\Thesis\Dataset\correct_angle_all\person120\frontal\frontal_16.png,Model_A,train,frontal_only,0,frontal,seen_training_pose
person120,frontal,0,0,17,frontal_17.png,E:\Thesis\Dataset\correct_angle_all\person120\frontal\frontal_17.png,Model_A,train,frontal_only,0,frontal,seen_training_pose
person120,frontal,0,0,20,frontal_20.png,E:\Thesis\Dataset\correct_angle_all\person120\frontal\frontal_20.png,Model_A,train,frontal_only,0,frontal,seen_training_pose
person121,frontal,0,0,1,frontal_01.png,E:\Thesis\Dataset\correct_angle_all\person121\frontal\frontal_01.png,Model_A,train,frontal_only,0,frontal,seen_training_pose
person121,frontal,0,0,4,frontal_04.png,E:\Thesis\Dataset\correct_angle_all\person121\frontal\frontal_04.png,Model_A,train,frontal_only,0,frontal,seen_training_pose
person121,frontal,0,0,6,frontal_06.png,E:\Thesis\Dataset\correct_angle_all\person121\frontal\frontal_06.png,Model_A,train,frontal_only,0,frontal,seen_training_pose
person121,frontal,0,0,7,frontal_07.png,E:\Thesis\Dataset\correct_angle_all\person121\frontal\frontal_07.png,Model_A,train,frontal_only,0,frontal,seen_training_pose
person121,frontal,0,0,8,frontal_08.png,E:\Thesis\Dataset\correct_angle_all\person121\frontal\frontal_08.png,Model_A,train,frontal_only,0,frontal,seen_training_pose
person121,frontal,0,0,10,frontal_10.png,E:\Thesis\Dataset\correct_angle_all\person121\frontal\frontal_10.png,Model_A,train,frontal_only,0,frontal,seen_training_pose
person121,frontal,0,0,11,frontal_11.png,E:\Thesis\Dataset\correct_angle_all\person121\frontal\frontal_11.png,Model_A,train,frontal_only,0,frontal,seen_training_pose
person121,frontal,0,0,13,frontal_13.png,E:\Thesis\Dataset\correct_angle_all\person121\frontal\frontal_13.png,Model_A,train,frontal_only,0,frontal,seen_training_pose
person121,frontal,0,0,15,frontal_15.png,E:\Thesis\Dataset\correct_angle_all\person121\frontal\frontal_15.png,Model_A,train,frontal_only,0,frontal,seen_training_pose
person121,frontal,0,0,16,frontal_16.png,E:\Thesis\Dataset\correct_angle_all\person121\frontal\frontal_16.png,Model_A,train,frontal_only,0,frontal,seen_training_pose
person121,frontal,0,0,17,frontal_17.png,E:\Thesis\Dataset\correct_angle_all\person121\frontal\frontal_17.png,Model_A,train,frontal_only,0,frontal,seen_training_pose
person121,frontal,0,0,20,frontal_20.png,E:\Thesis\Dataset\correct_angle_all\person121\frontal\frontal_20.png,Model_A,train,frontal_only,0,frontal,seen_training_pose
person122,frontal,0,0,1,frontal_01.png,E:\Thesis\Dataset\correct_angle_all\person122\frontal\frontal_01.png,Model_A,train,frontal_only,0,frontal,seen_training_pose
person122,frontal,0,0,4,frontal_04.png,E:\Thesis\Dataset\correct_angle_all\person122\frontal\frontal_04.png,Model_A,train,frontal_only,0,frontal,seen_training_pose
person122,frontal,0,0,6,frontal_06.png,E:\Thesis\Dataset\correct_angle_all\person122\frontal\frontal_06.png,Model_A,train,frontal_only,0,frontal,seen_training_pose
person122,frontal,0,0,7,frontal_07.png,E:\Thesis\Dataset\correct_angle_all\person122\frontal\frontal_07.png,Model_A,train,frontal_only,0,frontal,seen_training_pose
person122,frontal,0,0,8,frontal_08.png,E:\Thesis\Dataset\correct_angle_all\person122\frontal\frontal_08.png,Model_A,train,frontal_only,0,frontal,seen_training_pose
person122,frontal,0,0,10,frontal_10.png,E:\Thesis\Dataset\correct_angle_all\person122\frontal\frontal_10.png,Model_A,train,frontal_only,0,frontal,seen_training_pose
person122,frontal,0,0,11,frontal_11.png,E:\Thesis\Dataset\correct_angle_all\person122\frontal\frontal_11.png,Model_A,train,frontal_only,0,frontal,seen_training_pose
person122,frontal,0,0,13,frontal_13.png,E:\Thesis\Dataset\correct_angle_all\person122\frontal\frontal_13.png,Model_A,train,frontal_only,0,frontal,seen_training_pose
person122,frontal,0,0,15,frontal_15.png,E:\Thesis\Dataset\correct_angle_all\person122\frontal\frontal_15.png,Model_A,train,frontal_only,0,frontal,seen_training_pose
person122,frontal,0,0,16,frontal_16.png,E:\Thesis\Dataset\correct_angle_all\person122\frontal\frontal_16.png,Model_A,train,frontal_only,0,frontal,seen_training_pose
person122,frontal,0,0,17,frontal_17.png,E:\Thesis\Dataset\correct_angle_all\person122\frontal\frontal_17.png,Model_A,train,frontal_only,0,frontal,seen_training_pose
person122,frontal,0,0,20,frontal_20.png,E:\Thesis\Dataset\correct_angle_all\person122\frontal\frontal_20.png,Model_A,train,frontal_only,0,frontal,seen_training_pose
person123,frontal,0,0,1,frontal_01.png,E:\Thesis\Dataset\correct_angle_all\person123\frontal\frontal_01.png,Model_A,train,frontal_only,0,frontal,seen_training_pose
person123,frontal,0,0,4,frontal_04.png,E:\Thesis\Dataset\correct_angle_all\person123\frontal\frontal_04.png,Model_A,train,frontal_only,0,frontal,seen_training_pose
person123,frontal,0,0,6,frontal_06.png,E:\Thesis\Dataset\correct_angle_all\person123\frontal\frontal_06.png,Model_A,train,frontal_only,0,frontal,seen_training_pose
person123,frontal,0,0,7,frontal_07.png,E:\Thesis\Dataset\correct_angle_all\person123\frontal\frontal_07.png,Model_A,train,frontal_only,0,frontal,seen_training_pose
person123,frontal,0,0,8,frontal_08.png,E:\Thesis\Dataset\correct_angle_all\person123\frontal\frontal_08.png,Model_A,train,frontal_only,0,frontal,seen_training_pose
person123,frontal,0,0,10,frontal_10.png,E:\Thesis\Dataset\correct_angle_all\person123\frontal\frontal_10.png,Model_A,train,frontal_only,0,frontal,seen_training_pose
person123,frontal,0,0,11,frontal_11.png,E:\Thesis\Dataset\correct_angle_all\person123\frontal\frontal_11.png,Model_A,train,frontal_only,0,frontal,seen_training_pose
person123,frontal,0,0,13,frontal_13.png,E:\Thesis\Dataset\correct_angle_all\person123\frontal\frontal_13.png,Model_A,train,frontal_only,0,frontal,seen_training_pose
person123,frontal,0,0,15,frontal_15.png,E:\Thesis\Dataset\correct_angle_all\person123\frontal\frontal_15.png,Model_A,train,frontal_only,0,frontal,seen_training_pose
person123,frontal,0,0,16,frontal_16.png,E:\Thesis\Dataset\correct_angle_all\person123\frontal\frontal_16.png,Model_A,train,frontal_only,0,frontal,seen_training_pose
person123,frontal,0,0,17,frontal_17.png,E:\Thesis\Dataset\correct_angle_all\person123\frontal\frontal_17.png,Model_A,train,frontal_only,0,frontal,seen_training_pose
person123,frontal,0,0,20,frontal_20.png,E:\Thesis\Dataset\correct_angle_all\person123\frontal\frontal_20.png,Model_A,train,frontal_only,0,frontal,seen_training_pose
person124,frontal,0,0,1,frontal_01.png,E:\Thesis\Dataset\correct_angle_all\person124\frontal\frontal_01.png,Model_A,train,frontal_only,0,frontal,seen_training_pose
person124,frontal,0,0,4,frontal_04.png,E:\Thesis\Dataset\correct_angle_all\person124\frontal\frontal_04.png,Model_A,train,frontal_only,0,frontal,seen_training_pose
person124,frontal,0,0,6,frontal_06.png,E:\Thesis\Dataset\correct_angle_all\person124\frontal\frontal_06.png,Model_A,train,frontal_only,0,frontal,seen_training_pose
person124,frontal,0,0,7,frontal_07.png,E:\Thesis\Dataset\correct_angle_all\person124\frontal\frontal_07.png,Model_A,train,frontal_only,0,frontal,seen_training_pose
person124,frontal,0,0,8,frontal_08.png,E:\Thesis\Dataset\correct_angle_all\person124\frontal\frontal_08.png,Model_A,train,frontal_only,0,frontal,seen_training_pose
person124,frontal,0,0,10,frontal_10.png,E:\Thesis\Dataset\correct_angle_all\person124\frontal\frontal_10.png,Model_A,train,frontal_only,0,frontal,seen_training_pose
person124,frontal,0,0,11,frontal_11.png,E:\Thesis\Dataset\correct_angle_all\person124\frontal\frontal_11.png,Model_A,train,frontal_only,0,frontal,seen_training_pose
person124,frontal,0,0,13,frontal_13.png,E:\Thesis\Dataset\correct_angle_all\person124\frontal\frontal_13.png,Model_A,train,frontal_only,0,frontal,seen_training_pose
person124,frontal,0,0,15,frontal_15.png,E:\Thesis\Dataset\correct_angle_all\person124\frontal\frontal_15.png,Model_A,train,frontal_only,0,frontal,seen_training_pose
person124,frontal,0,0,16,frontal_16.png,E:\Thesis\Dataset\correct_angle_all\person124\frontal\frontal_16.png,Model_A,train,frontal_only,0,frontal,seen_training_pose
person124,frontal,0,0,17,frontal_17.png,E:\Thesis\Dataset\correct_angle_all\person124\frontal\frontal_17.png,Model_A,train,frontal_only,0,frontal,seen_training_pose
person124,frontal,0,0,20,frontal_20.png,E:\Thesis\Dataset\correct_angle_all\person124\frontal\frontal_20.png,Model_A,train,frontal_only,0,frontal,seen_training_pose
person125,frontal,0,0,1,frontal_01.png,E:\Thesis\Dataset\correct_angle_all\person125\frontal\frontal_01.png,Model_A,train,frontal_only,0,frontal,seen_training_pose
person125,frontal,0,0,4,frontal_04.png,E:\Thesis\Dataset\correct_angle_all\person125\frontal\frontal_04.png,Model_A,train,frontal_only,0,frontal,seen_training_pose
person125,frontal,0,0,6,frontal_06.png,E:\Thesis\Dataset\correct_angle_all\person125\frontal\frontal_06.png,Model_A,train,frontal_only,0,frontal,seen_training_pose
person125,frontal,0,0,7,frontal_07.png,E:\Thesis\Dataset\correct_angle_all\person125\frontal\frontal_07.png,Model_A,train,frontal_only,0,frontal,seen_training_pose
person125,frontal,0,0,8,frontal_08.png,E:\Thesis\Dataset\correct_angle_all\person125\frontal\frontal_08.png,Model_A,train,frontal_only,0,frontal,seen_training_pose
person125,frontal,0,0,10,frontal_10.png,E:\Thesis\Dataset\correct_angle_all\person125\frontal\frontal_10.png,Model_A,train,frontal_only,0,frontal,seen_training_pose
person125,frontal,0,0,11,frontal_11.png,E:\Thesis\Dataset\correct_angle_all\person125\frontal\frontal_11.png,Model_A,train,frontal_only,0,frontal,seen_training_pose
person125,frontal,0,0,13,frontal_13.png,E:\Thesis\Dataset\correct_angle_all\person125\frontal\frontal_13.png,Model_A,train,frontal_only,0,frontal,seen_training_pose
person125,frontal,0,0,15,frontal_15.png,E:\Thesis\Dataset\correct_angle_all\person125\frontal\frontal_15.png,Model_A,train,frontal_only,0,frontal,seen_training_pose
person125,frontal,0,0,16,frontal_16.png,E:\Thesis\Dataset\correct_angle_all\person125\frontal\frontal_16.png,Model_A,train,frontal_only,0,frontal,seen_training_pose
person125,frontal,0,0,17,frontal_17.png,E:\Thesis\Dataset\correct_angle_all\person125\frontal\frontal_17.png,Model_A,train,frontal_only,0,frontal,seen_training_pose
person125,frontal,0,0,20,frontal_20.png,E:\Thesis\Dataset\correct_angle_all\person125\frontal\frontal_20.png,Model_A,train,frontal_only,0,frontal,seen_training_pose
person126,frontal,0,0,1,frontal_01.png,E:\Thesis\Dataset\correct_angle_all\person126\frontal\frontal_01.png,Model_A,train,frontal_only,0,frontal,seen_training_pose
person126,frontal,0,0,4,frontal_04.png,E:\Thesis\Dataset\correct_angle_all\person126\frontal\frontal_04.png,Model_A,train,frontal_only,0,frontal,seen_training_pose
person126,frontal,0,0,6,frontal_06.png,E:\Thesis\Dataset\correct_angle_all\person126\frontal\frontal_06.png,Model_A,train,frontal_only,0,frontal,seen_training_pose
person126,frontal,0,0,7,frontal_07.png,E:\Thesis\Dataset\correct_angle_all\person126\frontal\frontal_07.png,Model_A,train,frontal_only,0,frontal,seen_training_pose
person126,frontal,0,0,8,frontal_08.png,E:\Thesis\Dataset\correct_angle_all\person126\frontal\frontal_08.png,Model_A,train,frontal_only,0,frontal,seen_training_pose
person126,frontal,0,0,10,frontal_10.png,E:\Thesis\Dataset\correct_angle_all\person126\frontal\frontal_10.png,Model_A,train,frontal_only,0,frontal,seen_training_pose
person126,frontal,0,0,11,frontal_11.png,E:\Thesis\Dataset\correct_angle_all\person126\frontal\frontal_11.png,Model_A,train,frontal_only,0,frontal,seen_training_pose
person126,frontal,0,0,13,frontal_13.png,E:\Thesis\Dataset\correct_angle_all\person126\frontal\frontal_13.png,Model_A,train,frontal_only,0,frontal,seen_training_pose
person126,frontal,0,0,15,frontal_15.png,E:\Thesis\Dataset\correct_angle_all\person126\frontal\frontal_15.png,Model_A,train,frontal_only,0,frontal,seen_training_pose
person126,frontal,0,0,16,frontal_16.png,E:\Thesis\Dataset\correct_angle_all\person126\frontal\frontal_16.png,Model_A,train,frontal_only,0,frontal,seen_training_pose
person126,frontal,0,0,17,frontal_17.png,E:\Thesis\Dataset\correct_angle_all\person126\frontal\frontal_17.png,Model_A,train,frontal_only,0,frontal,seen_training_pose
person126,frontal,0,0,20,frontal_20.png,E:\Thesis\Dataset\correct_angle_all\person126\frontal\frontal_20.png,Model_A,train,frontal_only,0,frontal,seen_training_pose
person127,frontal,0,0,1,frontal_01.png,E:\Thesis\Dataset\correct_angle_all\person127\frontal\frontal_01.png,Model_A,train,frontal_only,0,frontal,seen_training_pose
person127,frontal,0,0,4,frontal_04.png,E:\Thesis\Dataset\correct_angle_all\person127\frontal\frontal_04.png,Model_A,train,frontal_only,0,frontal,seen_training_pose
person127,frontal,0,0,6,frontal_06.png,E:\Thesis\Dataset\correct_angle_all\person127\frontal\frontal_06.png,Model_A,train,frontal_only,0,frontal,seen_training_pose
person127,frontal,0,0,7,frontal_07.png,E:\Thesis\Dataset\correct_angle_all\person127\frontal\frontal_07.png,Model_A,train,frontal_only,0,frontal,seen_training_pose
person127,frontal,0,0,8,frontal_08.png,E:\Thesis\Dataset\correct_angle_all\person127\frontal\frontal_08.png,Model_A,train,frontal_only,0,frontal,seen_training_pose
person127,frontal,0,0,10,frontal_10.png,E:\Thesis\Dataset\correct_angle_all\person127\frontal\frontal_10.png,Model_A,train,frontal_only,0,frontal,seen_training_pose
person127,frontal,0,0,11,frontal_11.png,E:\Thesis\Dataset\correct_angle_all\person127\frontal\frontal_11.png,Model_A,train,frontal_only,0,frontal,seen_training_pose
person127,frontal,0,0,13,frontal_13.png,E:\Thesis\Dataset\correct_angle_all\person127\frontal\frontal_13.png,Model_A,train,frontal_only,0,frontal,seen_training_pose
person127,frontal,0,0,15,frontal_15.png,E:\Thesis\Dataset\correct_angle_all\person127\frontal\frontal_15.png,Model_A,train,frontal_only,0,frontal,seen_training_pose
person127,frontal,0,0,16,frontal_16.png,E:\Thesis\Dataset\correct_angle_all\person127\frontal\frontal_16.png,Model_A,train,frontal_only,0,frontal,seen_training_pose
person127,frontal,0,0,17,frontal_17.png,E:\Thesis\Dataset\correct_angle_all\person127\frontal\frontal_17.png,Model_A,train,frontal_only,0,frontal,seen_training_pose
person127,frontal,0,0,20,frontal_20.png,E:\Thesis\Dataset\correct_angle_all\person127\frontal\frontal_20.png,Model_A,train,frontal_only,0,frontal,seen_training_pose
person128,frontal,0,0,1,frontal_01.png,E:\Thesis\Dataset\correct_angle_all\person128\frontal\frontal_01.png,Model_A,train,frontal_only,0,frontal,seen_training_pose
person128,frontal,0,0,4,frontal_04.png,E:\Thesis\Dataset\correct_angle_all\person128\frontal\frontal_04.png,Model_A,train,frontal_only,0,frontal,seen_training_pose
person128,frontal,0,0,6,frontal_06.png,E:\Thesis\Dataset\correct_angle_all\person128\frontal\frontal_06.png,Model_A,train,frontal_only,0,frontal,seen_training_pose
person128,frontal,0,0,7,frontal_07.png,E:\Thesis\Dataset\correct_angle_all\person128\frontal\frontal_07.png,Model_A,train,frontal_only,0,frontal,seen_training_pose
person128,frontal,0,0,8,frontal_08.png,E:\Thesis\Dataset\correct_angle_all\person128\frontal\frontal_08.png,Model_A,train,frontal_only,0,frontal,seen_training_pose
person128,frontal,0,0,10,frontal_10.png,E:\Thesis\Dataset\correct_angle_all\person128\frontal\frontal_10.png,Model_A,train,frontal_only,0,frontal,seen_training_pose
person128,frontal,0,0,11,frontal_11.png,E:\Thesis\Dataset\correct_angle_all\person128\frontal\frontal_11.png,Model_A,train,frontal_only,0,frontal,seen_training_pose
person128,frontal,0,0,13,frontal_13.png,E:\Thesis\Dataset\correct_angle_all\person128\frontal\frontal_13.png,Model_A,train,frontal_only,0,frontal,seen_training_pose
person128,frontal,0,0,15,frontal_15.png,E:\Thesis\Dataset\correct_angle_all\person128\frontal\frontal_15.png,Model_A,train,frontal_only,0,frontal,seen_training_pose
person128,frontal,0,0,16,frontal_16.png,E:\Thesis\Dataset\correct_angle_all\person128\frontal\frontal_16.png,Model_A,train,frontal_only,0,frontal,seen_training_pose
person128,frontal,0,0,17,frontal_17.png,E:\Thesis\Dataset\correct_angle_all\person128\frontal\frontal_17.png,Model_A,train,frontal_only,0,frontal,seen_training_pose
person128,frontal,0,0,20,frontal_20.png,E:\Thesis\Dataset\correct_angle_all\person128\frontal\frontal_20.png,Model_A,train,frontal_only,0,frontal,seen_training_pose
person129,frontal,0,0,1,frontal_01.png,E:\Thesis\Dataset\correct_angle_all\person129\frontal\frontal_01.png,Model_A,train,frontal_only,0,frontal,seen_training_pose
person129,frontal,0,0,4,frontal_04.png,E:\Thesis\Dataset\correct_angle_all\person129\frontal\frontal_04.png,Model_A,train,frontal_only,0,frontal,seen_training_pose
person129,frontal,0,0,6,frontal_06.png,E:\Thesis\Dataset\correct_angle_all\person129\frontal\frontal_06.png,Model_A,train,frontal_only,0,frontal,seen_training_pose
person129,frontal,0,0,7,frontal_07.png,E:\Thesis\Dataset\correct_angle_all\person129\frontal\frontal_07.png,Model_A,train,frontal_only,0,frontal,seen_training_pose
person129,frontal,0,0,8,frontal_08.png,E:\Thesis\Dataset\correct_angle_all\person129\frontal\frontal_08.png,Model_A,train,frontal_only,0,frontal,seen_training_pose
person129,frontal,0,0,10,frontal_10.png,E:\Thesis\Dataset\correct_angle_all\person129\frontal\frontal_10.png,Model_A,train,frontal_only,0,frontal,seen_training_pose
person129,frontal,0,0,11,frontal_11.png,E:\Thesis\Dataset\correct_angle_all\person129\frontal\frontal_11.png,Model_A,train,frontal_only,0,frontal,seen_training_pose
person129,frontal,0,0,13,frontal_13.png,E:\Thesis\Dataset\correct_angle_all\person129\frontal\frontal_13.png,Model_A,train,frontal_only,0,frontal,seen_training_pose
person129,frontal,0,0,15,frontal_15.png,E:\Thesis\Dataset\correct_angle_all\person129\frontal\frontal_15.png,Model_A,train,frontal_only,0,frontal,seen_training_pose
person129,frontal,0,0,16,frontal_16.png,E:\Thesis\Dataset\correct_angle_all\person129\frontal\frontal_16.png,Model_A,train,frontal_only,0,frontal,seen_training_pose
person129,frontal,0,0,17,frontal_17.png,E:\Thesis\Dataset\correct_angle_all\person129\frontal\frontal_17.png,Model_A,train,frontal_only,0,frontal,seen_training_pose
person129,frontal,0,0,20,frontal_20.png,E:\Thesis\Dataset\correct_angle_all\person129\frontal\frontal_20.png,Model_A,train,frontal_only,0,frontal,seen_training_pose
person130,frontal,0,0,1,frontal_01.png,E:\Thesis\Dataset\correct_angle_all\person130\frontal\frontal_01.png,Model_A,train,frontal_only,0,frontal,seen_training_pose
person130,frontal,0,0,4,frontal_04.png,E:\Thesis\Dataset\correct_angle_all\person130\frontal\frontal_04.png,Model_A,train,frontal_only,0,frontal,seen_training_pose
person130,frontal,0,0,6,frontal_06.png,E:\Thesis\Dataset\correct_angle_all\person130\frontal\frontal_06.png,Model_A,train,frontal_only,0,frontal,seen_training_pose
person130,frontal,0,0,7,frontal_07.png,E:\Thesis\Dataset\correct_angle_all\person130\frontal\frontal_07.png,Model_A,train,frontal_only,0,frontal,seen_training_pose
person130,frontal,0,0,8,frontal_08.png,E:\Thesis\Dataset\correct_angle_all\person130\frontal\frontal_08.png,Model_A,train,frontal_only,0,frontal,seen_training_pose
person130,frontal,0,0,10,frontal_10.png,E:\Thesis\Dataset\correct_angle_all\person130\frontal\frontal_10.png,Model_A,train,frontal_only,0,frontal,seen_training_pose
person130,frontal,0,0,11,frontal_11.png,E:\Thesis\Dataset\correct_angle_all\person130\frontal\frontal_11.png,Model_A,train,frontal_only,0,frontal,seen_training_pose
person130,frontal,0,0,13,frontal_13.png,E:\Thesis\Dataset\correct_angle_all\person130\frontal\frontal_13.png,Model_A,train,frontal_only,0,frontal,seen_training_pose
person130,frontal,0,0,15,frontal_15.png,E:\Thesis\Dataset\correct_angle_all\person130\frontal\frontal_15.png,Model_A,train,frontal_only,0,frontal,seen_training_pose
person130,frontal,0,0,16,frontal_16.png,E:\Thesis\Dataset\correct_angle_all\person130\frontal\frontal_16.png,Model_A,train,frontal_only,0,frontal,seen_training_pose
person130,frontal,0,0,17,frontal_17.png,E:\Thesis\Dataset\correct_angle_all\person130\frontal\frontal_17.png,Model_A,train,frontal_only,0,frontal,seen_training_pose
person130,frontal,0,0,20,frontal_20.png,E:\Thesis\Dataset\correct_angle_all\person130\frontal\frontal_20.png,Model_A,train,frontal_only,0,frontal,seen_training_pose
person131,frontal,0,0,1,frontal_01.png,E:\Thesis\Dataset\correct_angle_all\person131\frontal\frontal_01.png,Model_A,train,frontal_only,0,frontal,seen_training_pose
person131,frontal,0,0,4,frontal_04.png,E:\Thesis\Dataset\correct_angle_all\person131\frontal\frontal_04.png,Model_A,train,frontal_only,0,frontal,seen_training_pose
person131,frontal,0,0,6,frontal_06.png,E:\Thesis\Dataset\correct_angle_all\person131\frontal\frontal_06.png,Model_A,train,frontal_only,0,frontal,seen_training_pose
person131,frontal,0,0,7,frontal_07.png,E:\Thesis\Dataset\correct_angle_all\person131\frontal\frontal_07.png,Model_A,train,frontal_only,0,frontal,seen_training_pose
person131,frontal,0,0,8,frontal_08.png,E:\Thesis\Dataset\correct_angle_all\person131\frontal\frontal_08.png,Model_A,train,frontal_only,0,frontal,seen_training_pose
person131,frontal,0,0,10,frontal_10.png,E:\Thesis\Dataset\correct_angle_all\person131\frontal\frontal_10.png,Model_A,train,frontal_only,0,frontal,seen_training_pose
person131,frontal,0,0,11,frontal_11.png,E:\Thesis\Dataset\correct_angle_all\person131\frontal\frontal_11.png,Model_A,train,frontal_only,0,frontal,seen_training_pose
person131,frontal,0,0,13,frontal_13.png,E:\Thesis\Dataset\correct_angle_all\person131\frontal\frontal_13.png,Model_A,train,frontal_only,0,frontal,seen_training_pose
person131,frontal,0,0,15,frontal_15.png,E:\Thesis\Dataset\correct_angle_all\person131\frontal\frontal_15.png,Model_A,train,frontal_only,0,frontal,seen_training_pose
person131,frontal,0,0,16,frontal_16.png,E:\Thesis\Dataset\correct_angle_all\person131\frontal\frontal_16.png,Model_A,train,frontal_only,0,frontal,seen_training_pose
person131,frontal,0,0,17,frontal_17.png,E:\Thesis\Dataset\correct_angle_all\person131\frontal\frontal_17.png,Model_A,train,frontal_only,0,frontal,seen_training_pose
person131,frontal,0,0,20,frontal_20.png,E:\Thesis\Dataset\correct_angle_all\person131\frontal\frontal_20.png,Model_A,train,frontal_only,0,frontal,seen_training_pose
person132,frontal,0,0,1,frontal_01.png,E:\Thesis\Dataset\correct_angle_all\person132\frontal\frontal_01.png,Model_A,train,frontal_only,0,frontal,seen_training_pose
person132,frontal,0,0,4,frontal_04.png,E:\Thesis\Dataset\correct_angle_all\person132\frontal\frontal_04.png,Model_A,train,frontal_only,0,frontal,seen_training_pose
person132,frontal,0,0,6,frontal_06.png,E:\Thesis\Dataset\correct_angle_all\person132\frontal\frontal_06.png,Model_A,train,frontal_only,0,frontal,seen_training_pose
person132,frontal,0,0,7,frontal_07.png,E:\Thesis\Dataset\correct_angle_all\person132\frontal\frontal_07.png,Model_A,train,frontal_only,0,frontal,seen_training_pose
person132,frontal,0,0,8,frontal_08.png,E:\Thesis\Dataset\correct_angle_all\person132\frontal\frontal_08.png,Model_A,train,frontal_only,0,frontal,seen_training_pose
person132,frontal,0,0,10,frontal_10.png,E:\Thesis\Dataset\correct_angle_all\person132\frontal\frontal_10.png,Model_A,train,frontal_only,0,frontal,seen_training_pose
person132,frontal,0,0,11,frontal_11.png,E:\Thesis\Dataset\correct_angle_all\person132\frontal\frontal_11.png,Model_A,train,frontal_only,0,frontal,seen_training_pose
person132,frontal,0,0,13,frontal_13.png,E:\Thesis\Dataset\correct_angle_all\person132\frontal\frontal_13.png,Model_A,train,frontal_only,0,frontal,seen_training_pose
person132,frontal,0,0,15,frontal_15.png,E:\Thesis\Dataset\correct_angle_all\person132\frontal\frontal_15.png,Model_A,train,frontal_only,0,frontal,seen_training_pose
person132,frontal,0,0,16,frontal_16.png,E:\Thesis\Dataset\correct_angle_all\person132\frontal\frontal_16.png,Model_A,train,frontal_only,0,frontal,seen_training_pose
person132,frontal,0,0,17,frontal_17.png,E:\Thesis\Dataset\correct_angle_all\person132\frontal\frontal_17.png,Model_A,train,frontal_only,0,frontal,seen_training_pose
person132,frontal,0,0,20,frontal_20.png,E:\Thesis\Dataset\correct_angle_all\person132\frontal\frontal_20.png,Model_A,train,frontal_only,0,frontal,seen_training_pose
person133,frontal,0,0,1,frontal_01.png,E:\Thesis\Dataset\correct_angle_all\person133\frontal\frontal_01.png,Model_A,train,frontal_only,0,frontal,seen_training_pose
person133,frontal,0,0,4,frontal_04.png,E:\Thesis\Dataset\correct_angle_all\person133\frontal\frontal_04.png,Model_A,train,frontal_only,0,frontal,seen_training_pose
person133,frontal,0,0,6,frontal_06.png,E:\Thesis\Dataset\correct_angle_all\person133\frontal\frontal_06.png,Model_A,train,frontal_only,0,frontal,seen_training_pose
person133,frontal,0,0,7,frontal_07.png,E:\Thesis\Dataset\correct_angle_all\person133\frontal\frontal_07.png,Model_A,train,frontal_only,0,frontal,seen_training_pose
person133,frontal,0,0,8,frontal_08.png,E:\Thesis\Dataset\correct_angle_all\person133\frontal\frontal_08.png,Model_A,train,frontal_only,0,frontal,seen_training_pose
person133,frontal,0,0,10,frontal_10.png,E:\Thesis\Dataset\correct_angle_all\person133\frontal\frontal_10.png,Model_A,train,frontal_only,0,frontal,seen_training_pose
person133,frontal,0,0,11,frontal_11.png,E:\Thesis\Dataset\correct_angle_all\person133\frontal\frontal_11.png,Model_A,train,frontal_only,0,frontal,seen_training_pose
person133,frontal,0,0,13,frontal_13.png,E:\Thesis\Dataset\correct_angle_all\person133\frontal\frontal_13.png,Model_A,train,frontal_only,0,frontal,seen_training_pose
person133,frontal,0,0,15,frontal_15.png,E:\Thesis\Dataset\correct_angle_all\person133\frontal\frontal_15.png,Model_A,train,frontal_only,0,frontal,seen_training_pose
person133,frontal,0,0,16,frontal_16.png,E:\Thesis\Dataset\correct_angle_all\person133\frontal\frontal_16.png,Model_A,train,frontal_only,0,frontal,seen_training_pose
person133,frontal,0,0,17,frontal_17.png,E:\Thesis\Dataset\correct_angle_all\person133\frontal\frontal_17.png,Model_A,train,frontal_only,0,frontal,seen_training_pose
person133,frontal,0,0,20,frontal_20.png,E:\Thesis\Dataset\correct_angle_all\person133\frontal\frontal_20.png,Model_A,train,frontal_only,0,frontal,seen_training_pose
person134,frontal,0,0,1,frontal_01.png,E:\Thesis\Dataset\correct_angle_all\person134\frontal\frontal_01.png,Model_A,train,frontal_only,0,frontal,seen_training_pose
person134,frontal,0,0,4,frontal_04.png,E:\Thesis\Dataset\correct_angle_all\person134\frontal\frontal_04.png,Model_A,train,frontal_only,0,frontal,seen_training_pose
person134,frontal,0,0,6,frontal_06.png,E:\Thesis\Dataset\correct_angle_all\person134\frontal\frontal_06.png,Model_A,train,frontal_only,0,frontal,seen_training_pose
person134,frontal,0,0,7,frontal_07.png,E:\Thesis\Dataset\correct_angle_all\person134\frontal\frontal_07.png,Model_A,train,frontal_only,0,frontal,seen_training_pose
person134,frontal,0,0,8,frontal_08.png,E:\Thesis\Dataset\correct_angle_all\person134\frontal\frontal_08.png,Model_A,train,frontal_only,0,frontal,seen_training_pose
person134,frontal,0,0,10,frontal_10.png,E:\Thesis\Dataset\correct_angle_all\person134\frontal\frontal_10.png,Model_A,train,frontal_only,0,frontal,seen_training_pose
person134,frontal,0,0,11,frontal_11.png,E:\Thesis\Dataset\correct_angle_all\person134\frontal\frontal_11.png,Model_A,train,frontal_only,0,frontal,seen_training_pose
person134,frontal,0,0,13,frontal_13.png,E:\Thesis\Dataset\correct_angle_all\person134\frontal\frontal_13.png,Model_A,train,frontal_only,0,frontal,seen_training_pose
person134,frontal,0,0,15,frontal_15.png,E:\Thesis\Dataset\correct_angle_all\person134\frontal\frontal_15.png,Model_A,train,frontal_only,0,frontal,seen_training_pose
person134,frontal,0,0,16,frontal_16.png,E:\Thesis\Dataset\correct_angle_all\person134\frontal\frontal_16.png,Model_A,train,frontal_only,0,frontal,seen_training_pose
person134,frontal,0,0,17,frontal_17.png,E:\Thesis\Dataset\correct_angle_all\person134\frontal\frontal_17.png,Model_A,train,frontal_only,0,frontal,seen_training_pose
person134,frontal,0,0,20,frontal_20.png,E:\Thesis\Dataset\correct_angle_all\person134\frontal\frontal_20.png,Model_A,train,frontal_only,0,frontal,seen_training_pose
person135,frontal,0,0,1,frontal_01.png,E:\Thesis\Dataset\correct_angle_all\person135\frontal\frontal_01.png,Model_A,train,frontal_only,0,frontal,seen_training_pose
person135,frontal,0,0,4,frontal_04.png,E:\Thesis\Dataset\correct_angle_all\person135\frontal\frontal_04.png,Model_A,train,frontal_only,0,frontal,seen_training_pose
person135,frontal,0,0,6,frontal_06.png,E:\Thesis\Dataset\correct_angle_all\person135\frontal\frontal_06.png,Model_A,train,frontal_only,0,frontal,seen_training_pose
person135,frontal,0,0,7,frontal_07.png,E:\Thesis\Dataset\correct_angle_all\person135\frontal\frontal_07.png,Model_A,train,frontal_only,0,frontal,seen_training_pose
person135,frontal,0,0,8,frontal_08.png,E:\Thesis\Dataset\correct_angle_all\person135\frontal\frontal_08.png,Model_A,train,frontal_only,0,frontal,seen_training_pose
person135,frontal,0,0,10,frontal_10.png,E:\Thesis\Dataset\correct_angle_all\person135\frontal\frontal_10.png,Model_A,train,frontal_only,0,frontal,seen_training_pose
person135,frontal,0,0,11,frontal_11.png,E:\Thesis\Dataset\correct_angle_all\person135\frontal\frontal_11.png,Model_A,train,frontal_only,0,frontal,seen_training_pose
person135,frontal,0,0,13,frontal_13.png,E:\Thesis\Dataset\correct_angle_all\person135\frontal\frontal_13.png,Model_A,train,frontal_only,0,frontal,seen_training_pose
person135,frontal,0,0,15,frontal_15.png,E:\Thesis\Dataset\correct_angle_all\person135\frontal\frontal_15.png,Model_A,train,frontal_only,0,frontal,seen_training_pose
person135,frontal,0,0,16,frontal_16.png,E:\Thesis\Dataset\correct_angle_all\person135\frontal\frontal_16.png,Model_A,train,frontal_only,0,frontal,seen_training_pose
person135,frontal,0,0,17,frontal_17.png,E:\Thesis\Dataset\correct_angle_all\person135\frontal\frontal_17.png,Model_A,train,frontal_only,0,frontal,seen_training_pose
person135,frontal,0,0,20,frontal_20.png,E:\Thesis\Dataset\correct_angle_all\person135\frontal\frontal_20.png,Model_A,train,frontal_only,0,frontal,seen_training_pose
person136,frontal,0,0,1,frontal_01.png,E:\Thesis\Dataset\correct_angle_all\person136\frontal\frontal_01.png,Model_A,train,frontal_only,0,frontal,seen_training_pose
person136,frontal,0,0,4,frontal_04.png,E:\Thesis\Dataset\correct_angle_all\person136\frontal\frontal_04.png,Model_A,train,frontal_only,0,frontal,seen_training_pose
person136,frontal,0,0,6,frontal_06.png,E:\Thesis\Dataset\correct_angle_all\person136\frontal\frontal_06.png,Model_A,train,frontal_only,0,frontal,seen_training_pose
person136,frontal,0,0,7,frontal_07.png,E:\Thesis\Dataset\correct_angle_all\person136\frontal\frontal_07.png,Model_A,train,frontal_only,0,frontal,seen_training_pose
person136,frontal,0,0,8,frontal_08.png,E:\Thesis\Dataset\correct_angle_all\person136\frontal\frontal_08.png,Model_A,train,frontal_only,0,frontal,seen_training_pose
person136,frontal,0,0,10,frontal_10.png,E:\Thesis\Dataset\correct_angle_all\person136\frontal\frontal_10.png,Model_A,train,frontal_only,0,frontal,seen_training_pose
person136,frontal,0,0,11,frontal_11.png,E:\Thesis\Dataset\correct_angle_all\person136\frontal\frontal_11.png,Model_A,train,frontal_only,0,frontal,seen_training_pose
person136,frontal,0,0,13,frontal_13.png,E:\Thesis\Dataset\correct_angle_all\person136\frontal\frontal_13.png,Model_A,train,frontal_only,0,frontal,seen_training_pose
person136,frontal,0,0,15,frontal_15.png,E:\Thesis\Dataset\correct_angle_all\person136\frontal\frontal_15.png,Model_A,train,frontal_only,0,frontal,seen_training_pose
person136,frontal,0,0,16,frontal_16.png,E:\Thesis\Dataset\correct_angle_all\person136\frontal\frontal_16.png,Model_A,train,frontal_only,0,frontal,seen_training_pose
person136,frontal,0,0,17,frontal_17.png,E:\Thesis\Dataset\correct_angle_all\person136\frontal\frontal_17.png,Model_A,train,frontal_only,0,frontal,seen_training_pose
person136,frontal,0,0,20,frontal_20.png,E:\Thesis\Dataset\correct_angle_all\person136\frontal\frontal_20.png,Model_A,train,frontal_only,0,frontal,seen_training_pose
person137,frontal,0,0,1,frontal_01.png,E:\Thesis\Dataset\correct_angle_all\person137\frontal\frontal_01.png,Model_A,train,frontal_only,0,frontal,seen_training_pose
person137,frontal,0,0,4,frontal_04.png,E:\Thesis\Dataset\correct_angle_all\person137\frontal\frontal_04.png,Model_A,train,frontal_only,0,frontal,seen_training_pose
person137,frontal,0,0,6,frontal_06.png,E:\Thesis\Dataset\correct_angle_all\person137\frontal\frontal_06.png,Model_A,train,frontal_only,0,frontal,seen_training_pose
person137,frontal,0,0,7,frontal_07.png,E:\Thesis\Dataset\correct_angle_all\person137\frontal\frontal_07.png,Model_A,train,frontal_only,0,frontal,seen_training_pose
person137,frontal,0,0,8,frontal_08.png,E:\Thesis\Dataset\correct_angle_all\person137\frontal\frontal_08.png,Model_A,train,frontal_only,0,frontal,seen_training_pose
person137,frontal,0,0,10,frontal_10.png,E:\Thesis\Dataset\correct_angle_all\person137\frontal\frontal_10.png,Model_A,train,frontal_only,0,frontal,seen_training_pose
person137,frontal,0,0,11,frontal_11.png,E:\Thesis\Dataset\correct_angle_all\person137\frontal\frontal_11.png,Model_A,train,frontal_only,0,frontal,seen_training_pose
person137,frontal,0,0,13,frontal_13.png,E:\Thesis\Dataset\correct_angle_all\person137\frontal\frontal_13.png,Model_A,train,frontal_only,0,frontal,seen_training_pose
person137,frontal,0,0,15,frontal_15.png,E:\Thesis\Dataset\correct_angle_all\person137\frontal\frontal_15.png,Model_A,train,frontal_only,0,frontal,seen_training_pose
person137,frontal,0,0,16,frontal_16.png,E:\Thesis\Dataset\correct_angle_all\person137\frontal\frontal_16.png,Model_A,train,frontal_only,0,frontal,seen_training_pose
person137,frontal,0,0,17,frontal_17.png,E:\Thesis\Dataset\correct_angle_all\person137\frontal\frontal_17.png,Model_A,train,frontal_only,0,frontal,seen_training_pose
person137,frontal,0,0,20,frontal_20.png,E:\Thesis\Dataset\correct_angle_all\person137\frontal\frontal_20.png,Model_A,train,frontal_only,0,frontal,seen_training_pose
person138,frontal,0,0,1,frontal_01.png,E:\Thesis\Dataset\correct_angle_all\person138\frontal\frontal_01.png,Model_A,train,frontal_only,0,frontal,seen_training_pose
person138,frontal,0,0,4,frontal_04.png,E:\Thesis\Dataset\correct_angle_all\person138\frontal\frontal_04.png,Model_A,train,frontal_only,0,frontal,seen_training_pose
person138,frontal,0,0,6,frontal_06.png,E:\Thesis\Dataset\correct_angle_all\person138\frontal\frontal_06.png,Model_A,train,frontal_only,0,frontal,seen_training_pose
person138,frontal,0,0,7,frontal_07.png,E:\Thesis\Dataset\correct_angle_all\person138\frontal\frontal_07.png,Model_A,train,frontal_only,0,frontal,seen_training_pose
person138,frontal,0,0,8,frontal_08.png,E:\Thesis\Dataset\correct_angle_all\person138\frontal\frontal_08.png,Model_A,train,frontal_only,0,frontal,seen_training_pose
person138,frontal,0,0,10,frontal_10.png,E:\Thesis\Dataset\correct_angle_all\person138\frontal\frontal_10.png,Model_A,train,frontal_only,0,frontal,seen_training_pose
person138,frontal,0,0,11,frontal_11.png,E:\Thesis\Dataset\correct_angle_all\person138\frontal\frontal_11.png,Model_A,train,frontal_only,0,frontal,seen_training_pose
person138,frontal,0,0,13,frontal_13.png,E:\Thesis\Dataset\correct_angle_all\person138\frontal\frontal_13.png,Model_A,train,frontal_only,0,frontal,seen_training_pose
person138,frontal,0,0,15,frontal_15.png,E:\Thesis\Dataset\correct_angle_all\person138\frontal\frontal_15.png,Model_A,train,frontal_only,0,frontal,seen_training_pose
person138,frontal,0,0,16,frontal_16.png,E:\Thesis\Dataset\correct_angle_all\person138\frontal\frontal_16.png,Model_A,train,frontal_only,0,frontal,seen_training_pose
person138,frontal,0,0,17,frontal_17.png,E:\Thesis\Dataset\correct_angle_all\person138\frontal\frontal_17.png,Model_A,train,frontal_only,0,frontal,seen_training_pose
person138,frontal,0,0,20,frontal_20.png,E:\Thesis\Dataset\correct_angle_all\person138\frontal\frontal_20.png,Model_A,train,frontal_only,0,frontal,seen_training_pose
person139,frontal,0,0,1,frontal_01.png,E:\Thesis\Dataset\correct_angle_all\person139\frontal\frontal_01.png,Model_A,train,frontal_only,0,frontal,seen_training_pose
person139,frontal,0,0,4,frontal_04.png,E:\Thesis\Dataset\correct_angle_all\person139\frontal\frontal_04.png,Model_A,train,frontal_only,0,frontal,seen_training_pose
person139,frontal,0,0,6,frontal_06.png,E:\Thesis\Dataset\correct_angle_all\person139\frontal\frontal_06.png,Model_A,train,frontal_only,0,frontal,seen_training_pose
person139,frontal,0,0,7,frontal_07.png,E:\Thesis\Dataset\correct_angle_all\person139\frontal\frontal_07.png,Model_A,train,frontal_only,0,frontal,seen_training_pose
person139,frontal,0,0,8,frontal_08.png,E:\Thesis\Dataset\correct_angle_all\person139\frontal\frontal_08.png,Model_A,train,frontal_only,0,frontal,seen_training_pose
person139,frontal,0,0,10,frontal_10.png,E:\Thesis\Dataset\correct_angle_all\person139\frontal\frontal_10.png,Model_A,train,frontal_only,0,frontal,seen_training_pose
person139,frontal,0,0,11,frontal_11.png,E:\Thesis\Dataset\correct_angle_all\person139\frontal\frontal_11.png,Model_A,train,frontal_only,0,frontal,seen_training_pose
person139,frontal,0,0,13,frontal_13.png,E:\Thesis\Dataset\correct_angle_all\person139\frontal\frontal_13.png,Model_A,train,frontal_only,0,frontal,seen_training_pose
person139,frontal,0,0,15,frontal_15.png,E:\Thesis\Dataset\correct_angle_all\person139\frontal\frontal_15.png,Model_A,train,frontal_only,0,frontal,seen_training_pose
person139,frontal,0,0,16,frontal_16.png,E:\Thesis\Dataset\correct_angle_all\person139\frontal\frontal_16.png,Model_A,train,frontal_only,0,frontal,seen_training_pose
person139,frontal,0,0,17,frontal_17.png,E:\Thesis\Dataset\correct_angle_all\person139\frontal\frontal_17.png,Model_A,train,frontal_only,0,frontal,seen_training_pose
person139,frontal,0,0,20,frontal_20.png,E:\Thesis\Dataset\correct_angle_all\person139\frontal\frontal_20.png,Model_A,train,frontal_only,0,frontal,seen_training_pose
person140,frontal,0,0,1,frontal_01.png,E:\Thesis\Dataset\correct_angle_all\person140\frontal\frontal_01.png,Model_A,train,frontal_only,0,frontal,seen_training_pose
person140,frontal,0,0,4,frontal_04.png,E:\Thesis\Dataset\correct_angle_all\person140\frontal\frontal_04.png,Model_A,train,frontal_only,0,frontal,seen_training_pose
person140,frontal,0,0,6,frontal_06.png,E:\Thesis\Dataset\correct_angle_all\person140\frontal\frontal_06.png,Model_A,train,frontal_only,0,frontal,seen_training_pose
person140,frontal,0,0,7,frontal_07.png,E:\Thesis\Dataset\correct_angle_all\person140\frontal\frontal_07.png,Model_A,train,frontal_only,0,frontal,seen_training_pose
person140,frontal,0,0,8,frontal_08.png,E:\Thesis\Dataset\correct_angle_all\person140\frontal\frontal_08.png,Model_A,train,frontal_only,0,frontal,seen_training_pose
person140,frontal,0,0,10,frontal_10.png,E:\Thesis\Dataset\correct_angle_all\person140\frontal\frontal_10.png,Model_A,train,frontal_only,0,frontal,seen_training_pose
person140,frontal,0,0,11,frontal_11.png,E:\Thesis\Dataset\correct_angle_all\person140\frontal\frontal_11.png,Model_A,train,frontal_only,0,frontal,seen_training_pose
person140,frontal,0,0,13,frontal_13.png,E:\Thesis\Dataset\correct_angle_all\person140\frontal\frontal_13.png,Model_A,train,frontal_only,0,frontal,seen_training_pose
person140,frontal,0,0,15,frontal_15.png,E:\Thesis\Dataset\correct_angle_all\person140\frontal\frontal_15.png,Model_A,train,frontal_only,0,frontal,seen_training_pose
person140,frontal,0,0,16,frontal_16.png,E:\Thesis\Dataset\correct_angle_all\person140\frontal\frontal_16.png,Model_A,train,frontal_only,0,frontal,seen_training_pose
person140,frontal,0,0,17,frontal_17.png,E:\Thesis\Dataset\correct_angle_all\person140\frontal\frontal_17.png,Model_A,train,frontal_only,0,frontal,seen_training_pose
person140,frontal,0,0,20,frontal_20.png,E:\Thesis\Dataset\correct_angle_all\person140\frontal\frontal_20.png,Model_A,train,frontal_only,0,frontal,seen_training_pose
person141,frontal,0,0,1,frontal_01.png,E:\Thesis\Dataset\correct_angle_all\person141\frontal\frontal_01.png,Model_A,train,frontal_only,0,frontal,seen_training_pose
person141,frontal,0,0,4,frontal_04.png,E:\Thesis\Dataset\correct_angle_all\person141\frontal\frontal_04.png,Model_A,train,frontal_only,0,frontal,seen_training_pose
person141,frontal,0,0,6,frontal_06.png,E:\Thesis\Dataset\correct_angle_all\person141\frontal\frontal_06.png,Model_A,train,frontal_only,0,frontal,seen_training_pose
person141,frontal,0,0,7,frontal_07.png,E:\Thesis\Dataset\correct_angle_all\person141\frontal\frontal_07.png,Model_A,train,frontal_only,0,frontal,seen_training_pose
person141,frontal,0,0,8,frontal_08.png,E:\Thesis\Dataset\correct_angle_all\person141\frontal\frontal_08.png,Model_A,train,frontal_only,0,frontal,seen_training_pose
person141,frontal,0,0,10,frontal_10.png,E:\Thesis\Dataset\correct_angle_all\person141\frontal\frontal_10.png,Model_A,train,frontal_only,0,frontal,seen_training_pose
person141,frontal,0,0,11,frontal_11.png,E:\Thesis\Dataset\correct_angle_all\person141\frontal\frontal_11.png,Model_A,train,frontal_only,0,frontal,seen_training_pose
person141,frontal,0,0,13,frontal_13.png,E:\Thesis\Dataset\correct_angle_all\person141\frontal\frontal_13.png,Model_A,train,frontal_only,0,frontal,seen_training_pose
person141,frontal,0,0,15,frontal_15.png,E:\Thesis\Dataset\correct_angle_all\person141\frontal\frontal_15.png,Model_A,train,frontal_only,0,frontal,seen_training_pose
person141,frontal,0,0,16,frontal_16.png,E:\Thesis\Dataset\correct_angle_all\person141\frontal\frontal_16.png,Model_A,train,frontal_only,0,frontal,seen_training_pose
person141,frontal,0,0,17,frontal_17.png,E:\Thesis\Dataset\correct_angle_all\person141\frontal\frontal_17.png,Model_A,train,frontal_only,0,frontal,seen_training_pose
person141,frontal,0,0,20,frontal_20.png,E:\Thesis\Dataset\correct_angle_all\person141\frontal\frontal_20.png,Model_A,train,frontal_only,0,frontal,seen_training_pose
person142,frontal,0,0,1,frontal_01.png,E:\Thesis\Dataset\correct_angle_all\person142\frontal\frontal_01.png,Model_A,train,frontal_only,0,frontal,seen_training_pose
person142,frontal,0,0,4,frontal_04.png,E:\Thesis\Dataset\correct_angle_all\person142\frontal\frontal_04.png,Model_A,train,frontal_only,0,frontal,seen_training_pose
person142,frontal,0,0,6,frontal_06.png,E:\Thesis\Dataset\correct_angle_all\person142\frontal\frontal_06.png,Model_A,train,frontal_only,0,frontal,seen_training_pose
person142,frontal,0,0,7,frontal_07.png,E:\Thesis\Dataset\correct_angle_all\person142\frontal\frontal_07.png,Model_A,train,frontal_only,0,frontal,seen_training_pose
person142,frontal,0,0,8,frontal_08.png,E:\Thesis\Dataset\correct_angle_all\person142\frontal\frontal_08.png,Model_A,train,frontal_only,0,frontal,seen_training_pose
person142,frontal,0,0,10,frontal_10.png,E:\Thesis\Dataset\correct_angle_all\person142\frontal\frontal_10.png,Model_A,train,frontal_only,0,frontal,seen_training_pose
person142,frontal,0,0,11,frontal_11.png,E:\Thesis\Dataset\correct_angle_all\person142\frontal\frontal_11.png,Model_A,train,frontal_only,0,frontal,seen_training_pose
person142,frontal,0,0,13,frontal_13.png,E:\Thesis\Dataset\correct_angle_all\person142\frontal\frontal_13.png,Model_A,train,frontal_only,0,frontal,seen_training_pose
person142,frontal,0,0,15,frontal_15.png,E:\Thesis\Dataset\correct_angle_all\person142\frontal\frontal_15.png,Model_A,train,frontal_only,0,frontal,seen_training_pose
person142,frontal,0,0,16,frontal_16.png,E:\Thesis\Dataset\correct_angle_all\person142\frontal\frontal_16.png,Model_A,train,frontal_only,0,frontal,seen_training_pose
person142,frontal,0,0,17,frontal_17.png,E:\Thesis\Dataset\correct_angle_all\person142\frontal\frontal_17.png,Model_A,train,frontal_only,0,frontal,seen_training_pose
person142,frontal,0,0,20,frontal_20.png,E:\Thesis\Dataset\correct_angle_all\person142\frontal\frontal_20.png,Model_A,train,frontal_only,0,frontal,seen_training_pose
person143,frontal,0,0,1,frontal_01.png,E:\Thesis\Dataset\correct_angle_all\person143\frontal\frontal_01.png,Model_A,train,frontal_only,0,frontal,seen_training_pose
person143,frontal,0,0,4,frontal_04.png,E:\Thesis\Dataset\correct_angle_all\person143\frontal\frontal_04.png,Model_A,train,frontal_only,0,frontal,seen_training_pose
person143,frontal,0,0,6,frontal_06.png,E:\Thesis\Dataset\correct_angle_all\person143\frontal\frontal_06.png,Model_A,train,frontal_only,0,frontal,seen_training_pose
person143,frontal,0,0,7,frontal_07.png,E:\Thesis\Dataset\correct_angle_all\person143\frontal\frontal_07.png,Model_A,train,frontal_only,0,frontal,seen_training_pose
person143,frontal,0,0,8,frontal_08.png,E:\Thesis\Dataset\correct_angle_all\person143\frontal\frontal_08.png,Model_A,train,frontal_only,0,frontal,seen_training_pose
person143,frontal,0,0,10,frontal_10.png,E:\Thesis\Dataset\correct_angle_all\person143\frontal\frontal_10.png,Model_A,train,frontal_only,0,frontal,seen_training_pose
person143,frontal,0,0,11,frontal_11.png,E:\Thesis\Dataset\correct_angle_all\person143\frontal\frontal_11.png,Model_A,train,frontal_only,0,frontal,seen_training_pose
person143,frontal,0,0,13,frontal_13.png,E:\Thesis\Dataset\correct_angle_all\person143\frontal\frontal_13.png,Model_A,train,frontal_only,0,frontal,seen_training_pose
person143,frontal,0,0,15,frontal_15.png,E:\Thesis\Dataset\correct_angle_all\person143\frontal\frontal_15.png,Model_A,train,frontal_only,0,frontal,seen_training_pose
person143,frontal,0,0,16,frontal_16.png,E:\Thesis\Dataset\correct_angle_all\person143\frontal\frontal_16.png,Model_A,train,frontal_only,0,frontal,seen_training_pose
person143,frontal,0,0,17,frontal_17.png,E:\Thesis\Dataset\correct_angle_all\person143\frontal\frontal_17.png,Model_A,train,frontal_only,0,frontal,seen_training_pose
person143,frontal,0,0,20,frontal_20.png,E:\Thesis\Dataset\correct_angle_all\person143\frontal\frontal_20.png,Model_A,train,frontal_only,0,frontal,seen_training_pose
person144,frontal,0,0,1,frontal_01.png,E:\Thesis\Dataset\correct_angle_all\person144\frontal\frontal_01.png,Model_A,train,frontal_only,0,frontal,seen_training_pose
person144,frontal,0,0,4,frontal_04.png,E:\Thesis\Dataset\correct_angle_all\person144\frontal\frontal_04.png,Model_A,train,frontal_only,0,frontal,seen_training_pose
person144,frontal,0,0,6,frontal_06.png,E:\Thesis\Dataset\correct_angle_all\person144\frontal\frontal_06.png,Model_A,train,frontal_only,0,frontal,seen_training_pose
person144,frontal,0,0,7,frontal_07.png,E:\Thesis\Dataset\correct_angle_all\person144\frontal\frontal_07.png,Model_A,train,frontal_only,0,frontal,seen_training_pose
person144,frontal,0,0,8,frontal_08.png,E:\Thesis\Dataset\correct_angle_all\person144\frontal\frontal_08.png,Model_A,train,frontal_only,0,frontal,seen_training_pose
person144,frontal,0,0,10,frontal_10.png,E:\Thesis\Dataset\correct_angle_all\person144\frontal\frontal_10.png,Model_A,train,frontal_only,0,frontal,seen_training_pose
person144,frontal,0,0,11,frontal_11.png,E:\Thesis\Dataset\correct_angle_all\person144\frontal\frontal_11.png,Model_A,train,frontal_only,0,frontal,seen_training_pose
person144,frontal,0,0,13,frontal_13.png,E:\Thesis\Dataset\correct_angle_all\person144\frontal\frontal_13.png,Model_A,train,frontal_only,0,frontal,seen_training_pose
person144,frontal,0,0,15,frontal_15.png,E:\Thesis\Dataset\correct_angle_all\person144\frontal\frontal_15.png,Model_A,train,frontal_only,0,frontal,seen_training_pose
person144,frontal,0,0,16,frontal_16.png,E:\Thesis\Dataset\correct_angle_all\person144\frontal\frontal_16.png,Model_A,train,frontal_only,0,frontal,seen_training_pose
person144,frontal,0,0,17,frontal_17.png,E:\Thesis\Dataset\correct_angle_all\person144\frontal\frontal_17.png,Model_A,train,frontal_only,0,frontal,seen_training_pose
person144,frontal,0,0,20,frontal_20.png,E:\Thesis\Dataset\correct_angle_all\person144\frontal\frontal_20.png,Model_A,train,frontal_only,0,frontal,seen_training_pose
person145,frontal,0,0,1,frontal_01.png,E:\Thesis\Dataset\correct_angle_all\person145\frontal\frontal_01.png,Model_A,train,frontal_only,0,frontal,seen_training_pose
person145,frontal,0,0,4,frontal_04.png,E:\Thesis\Dataset\correct_angle_all\person145\frontal\frontal_04.png,Model_A,train,frontal_only,0,frontal,seen_training_pose
person145,frontal,0,0,6,frontal_06.png,E:\Thesis\Dataset\correct_angle_all\person145\frontal\frontal_06.png,Model_A,train,frontal_only,0,frontal,seen_training_pose
person145,frontal,0,0,7,frontal_07.png,E:\Thesis\Dataset\correct_angle_all\person145\frontal\frontal_07.png,Model_A,train,frontal_only,0,frontal,seen_training_pose
person145,frontal,0,0,8,frontal_08.png,E:\Thesis\Dataset\correct_angle_all\person145\frontal\frontal_08.png,Model_A,train,frontal_only,0,frontal,seen_training_pose
person145,frontal,0,0,10,frontal_10.png,E:\Thesis\Dataset\correct_angle_all\person145\frontal\frontal_10.png,Model_A,train,frontal_only,0,frontal,seen_training_pose
person145,frontal,0,0,11,frontal_11.png,E:\Thesis\Dataset\correct_angle_all\person145\frontal\frontal_11.png,Model_A,train,frontal_only,0,frontal,seen_training_pose
person145,frontal,0,0,13,frontal_13.png,E:\Thesis\Dataset\correct_angle_all\person145\frontal\frontal_13.png,Model_A,train,frontal_only,0,frontal,seen_training_pose
person145,frontal,0,0,15,frontal_15.png,E:\Thesis\Dataset\correct_angle_all\person145\frontal\frontal_15.png,Model_A,train,frontal_only,0,frontal,seen_training_pose
person145,frontal,0,0,16,frontal_16.png,E:\Thesis\Dataset\correct_angle_all\person145\frontal\frontal_16.png,Model_A,train,frontal_only,0,frontal,seen_training_pose
person145,frontal,0,0,17,frontal_17.png,E:\Thesis\Dataset\correct_angle_all\person145\frontal\frontal_17.png,Model_A,train,frontal_only,0,frontal,seen_training_pose
person145,frontal,0,0,20,frontal_20.png,E:\Thesis\Dataset\correct_angle_all\person145\frontal\frontal_20.png,Model_A,train,frontal_only,0,frontal,seen_training_pose
person146,frontal,0,0,1,frontal_01.png,E:\Thesis\Dataset\correct_angle_all\person146\frontal\frontal_01.png,Model_A,train,frontal_only,0,frontal,seen_training_pose
person146,frontal,0,0,4,frontal_04.png,E:\Thesis\Dataset\correct_angle_all\person146\frontal\frontal_04.png,Model_A,train,frontal_only,0,frontal,seen_training_pose
person146,frontal,0,0,6,frontal_06.png,E:\Thesis\Dataset\correct_angle_all\person146\frontal\frontal_06.png,Model_A,train,frontal_only,0,frontal,seen_training_pose
person146,frontal,0,0,7,frontal_07.png,E:\Thesis\Dataset\correct_angle_all\person146\frontal\frontal_07.png,Model_A,train,frontal_only,0,frontal,seen_training_pose
person146,frontal,0,0,8,frontal_08.png,E:\Thesis\Dataset\correct_angle_all\person146\frontal\frontal_08.png,Model_A,train,frontal_only,0,frontal,seen_training_pose
person146,frontal,0,0,10,frontal_10.png,E:\Thesis\Dataset\correct_angle_all\person146\frontal\frontal_10.png,Model_A,train,frontal_only,0,frontal,seen_training_pose
person146,frontal,0,0,11,frontal_11.png,E:\Thesis\Dataset\correct_angle_all\person146\frontal\frontal_11.png,Model_A,train,frontal_only,0,frontal,seen_training_pose
person146,frontal,0,0,13,frontal_13.png,E:\Thesis\Dataset\correct_angle_all\person146\frontal\frontal_13.png,Model_A,train,frontal_only,0,frontal,seen_training_pose
person146,frontal,0,0,15,frontal_15.png,E:\Thesis\Dataset\correct_angle_all\person146\frontal\frontal_15.png,Model_A,train,frontal_only,0,frontal,seen_training_pose
person146,frontal,0,0,16,frontal_16.png,E:\Thesis\Dataset\correct_angle_all\person146\frontal\frontal_16.png,Model_A,train,frontal_only,0,frontal,seen_training_pose
person146,frontal,0,0,17,frontal_17.png,E:\Thesis\Dataset\correct_angle_all\person146\frontal\frontal_17.png,Model_A,train,frontal_only,0,frontal,seen_training_pose
person146,frontal,0,0,20,frontal_20.png,E:\Thesis\Dataset\correct_angle_all\person146\frontal\frontal_20.png,Model_A,train,frontal_only,0,frontal,seen_training_pose
person147,frontal,0,0,1,frontal_01.png,E:\Thesis\Dataset\correct_angle_all\person147\frontal\frontal_01.png,Model_A,train,frontal_only,0,frontal,seen_training_pose
person147,frontal,0,0,4,frontal_04.png,E:\Thesis\Dataset\correct_angle_all\person147\frontal\frontal_04.png,Model_A,train,frontal_only,0,frontal,seen_training_pose
person147,frontal,0,0,6,frontal_06.png,E:\Thesis\Dataset\correct_angle_all\person147\frontal\frontal_06.png,Model_A,train,frontal_only,0,frontal,seen_training_pose
person147,frontal,0,0,7,frontal_07.png,E:\Thesis\Dataset\correct_angle_all\person147\frontal\frontal_07.png,Model_A,train,frontal_only,0,frontal,seen_training_pose
person147,frontal,0,0,8,frontal_08.png,E:\Thesis\Dataset\correct_angle_all\person147\frontal\frontal_08.png,Model_A,train,frontal_only,0,frontal,seen_training_pose
person147,frontal,0,0,10,frontal_10.png,E:\Thesis\Dataset\correct_angle_all\person147\frontal\frontal_10.png,Model_A,train,frontal_only,0,frontal,seen_training_pose
person147,frontal,0,0,11,frontal_11.png,E:\Thesis\Dataset\correct_angle_all\person147\frontal\frontal_11.png,Model_A,train,frontal_only,0,frontal,seen_training_pose
person147,frontal,0,0,13,frontal_13.png,E:\Thesis\Dataset\correct_angle_all\person147\frontal\frontal_13.png,Model_A,train,frontal_only,0,frontal,seen_training_pose
person147,frontal,0,0,15,frontal_15.png,E:\Thesis\Dataset\correct_angle_all\person147\frontal\frontal_15.png,Model_A,train,frontal_only,0,frontal,seen_training_pose
person147,frontal,0,0,16,frontal_16.png,E:\Thesis\Dataset\correct_angle_all\person147\frontal\frontal_16.png,Model_A,train,frontal_only,0,frontal,seen_training_pose
person147,frontal,0,0,17,frontal_17.png,E:\Thesis\Dataset\correct_angle_all\person147\frontal\frontal_17.png,Model_A,train,frontal_only,0,frontal,seen_training_pose
person147,frontal,0,0,20,frontal_20.png,E:\Thesis\Dataset\correct_angle_all\person147\frontal\frontal_20.png,Model_A,train,frontal_only,0,frontal,seen_training_pose
person148,frontal,0,0,1,frontal_01.png,E:\Thesis\Dataset\correct_angle_all\person148\frontal\frontal_01.png,Model_A,train,frontal_only,0,frontal,seen_training_pose
person148,frontal,0,0,4,frontal_04.png,E:\Thesis\Dataset\correct_angle_all\person148\frontal\frontal_04.png,Model_A,train,frontal_only,0,frontal,seen_training_pose
person148,frontal,0,0,6,frontal_06.png,E:\Thesis\Dataset\correct_angle_all\person148\frontal\frontal_06.png,Model_A,train,frontal_only,0,frontal,seen_training_pose
person148,frontal,0,0,7,frontal_07.png,E:\Thesis\Dataset\correct_angle_all\person148\frontal\frontal_07.png,Model_A,train,frontal_only,0,frontal,seen_training_pose
person148,frontal,0,0,8,frontal_08.png,E:\Thesis\Dataset\correct_angle_all\person148\frontal\frontal_08.png,Model_A,train,frontal_only,0,frontal,seen_training_pose
person148,frontal,0,0,10,frontal_10.png,E:\Thesis\Dataset\correct_angle_all\person148\frontal\frontal_10.png,Model_A,train,frontal_only,0,frontal,seen_training_pose
person148,frontal,0,0,11,frontal_11.png,E:\Thesis\Dataset\correct_angle_all\person148\frontal\frontal_11.png,Model_A,train,frontal_only,0,frontal,seen_training_pose
person148,frontal,0,0,13,frontal_13.png,E:\Thesis\Dataset\correct_angle_all\person148\frontal\frontal_13.png,Model_A,train,frontal_only,0,frontal,seen_training_pose
person148,frontal,0,0,15,frontal_15.png,E:\Thesis\Dataset\correct_angle_all\person148\frontal\frontal_15.png,Model_A,train,frontal_only,0,frontal,seen_training_pose
person148,frontal,0,0,16,frontal_16.png,E:\Thesis\Dataset\correct_angle_all\person148\frontal\frontal_16.png,Model_A,train,frontal_only,0,frontal,seen_training_pose
person148,frontal,0,0,17,frontal_17.png,E:\Thesis\Dataset\correct_angle_all\person148\frontal\frontal_17.png,Model_A,train,frontal_only,0,frontal,seen_training_pose
person148,frontal,0,0,20,frontal_20.png,E:\Thesis\Dataset\correct_angle_all\person148\frontal\frontal_20.png,Model_A,train,frontal_only,0,frontal,seen_training_pose
person149,frontal,0,0,1,frontal_01.png,E:\Thesis\Dataset\correct_angle_all\person149\frontal\frontal_01.png,Model_A,train,frontal_only,0,frontal,seen_training_pose
person149,frontal,0,0,4,frontal_04.png,E:\Thesis\Dataset\correct_angle_all\person149\frontal\frontal_04.png,Model_A,train,frontal_only,0,frontal,seen_training_pose
person149,frontal,0,0,6,frontal_06.png,E:\Thesis\Dataset\correct_angle_all\person149\frontal\frontal_06.png,Model_A,train,frontal_only,0,frontal,seen_training_pose
person149,frontal,0,0,7,frontal_07.png,E:\Thesis\Dataset\correct_angle_all\person149\frontal\frontal_07.png,Model_A,train,frontal_only,0,frontal,seen_training_pose
person149,frontal,0,0,8,frontal_08.png,E:\Thesis\Dataset\correct_angle_all\person149\frontal\frontal_08.png,Model_A,train,frontal_only,0,frontal,seen_training_pose
person149,frontal,0,0,10,frontal_10.png,E:\Thesis\Dataset\correct_angle_all\person149\frontal\frontal_10.png,Model_A,train,frontal_only,0,frontal,seen_training_pose
person149,frontal,0,0,11,frontal_11.png,E:\Thesis\Dataset\correct_angle_all\person149\frontal\frontal_11.png,Model_A,train,frontal_only,0,frontal,seen_training_pose
person149,frontal,0,0,13,frontal_13.png,E:\Thesis\Dataset\correct_angle_all\person149\frontal\frontal_13.png,Model_A,train,frontal_only,0,frontal,seen_training_pose
person149,frontal,0,0,15,frontal_15.png,E:\Thesis\Dataset\correct_angle_all\person149\frontal\frontal_15.png,Model_A,train,frontal_only,0,frontal,seen_training_pose
person149,frontal,0,0,16,frontal_16.png,E:\Thesis\Dataset\correct_angle_all\person149\frontal\frontal_16.png,Model_A,train,frontal_only,0,frontal,seen_training_pose
person149,frontal,0,0,17,frontal_17.png,E:\Thesis\Dataset\correct_angle_all\person149\frontal\frontal_17.png,Model_A,train,frontal_only,0,frontal,seen_training_pose
person149,frontal,0,0,20,frontal_20.png,E:\Thesis\Dataset\correct_angle_all\person149\frontal\frontal_20.png,Model_A,train,frontal_only,0,frontal,seen_training_pose
person150,frontal,0,0,1,frontal_01.png,E:\Thesis\Dataset\correct_angle_all\person150\frontal\frontal_01.png,Model_A,train,frontal_only,0,frontal,seen_training_pose
person150,frontal,0,0,4,frontal_04.png,E:\Thesis\Dataset\correct_angle_all\person150\frontal\frontal_04.png,Model_A,train,frontal_only,0,frontal,seen_training_pose
person150,frontal,0,0,6,frontal_06.png,E:\Thesis\Dataset\correct_angle_all\person150\frontal\frontal_06.png,Model_A,train,frontal_only,0,frontal,seen_training_pose
person150,frontal,0,0,7,frontal_07.png,E:\Thesis\Dataset\correct_angle_all\person150\frontal\frontal_07.png,Model_A,train,frontal_only,0,frontal,seen_training_pose
person150,frontal,0,0,8,frontal_08.png,E:\Thesis\Dataset\correct_angle_all\person150\frontal\frontal_08.png,Model_A,train,frontal_only,0,frontal,seen_training_pose
person150,frontal,0,0,10,frontal_10.png,E:\Thesis\Dataset\correct_angle_all\person150\frontal\frontal_10.png,Model_A,train,frontal_only,0,frontal,seen_training_pose
person150,frontal,0,0,11,frontal_11.png,E:\Thesis\Dataset\correct_angle_all\person150\frontal\frontal_11.png,Model_A,train,frontal_only,0,frontal,seen_training_pose
person150,frontal,0,0,13,frontal_13.png,E:\Thesis\Dataset\correct_angle_all\person150\frontal\frontal_13.png,Model_A,train,frontal_only,0,frontal,seen_training_pose
person150,frontal,0,0,15,frontal_15.png,E:\Thesis\Dataset\correct_angle_all\person150\frontal\frontal_15.png,Model_A,train,frontal_only,0,frontal,seen_training_pose
person150,frontal,0,0,16,frontal_16.png,E:\Thesis\Dataset\correct_angle_all\person150\frontal\frontal_16.png,Model_A,train,frontal_only,0,frontal,seen_training_pose
person150,frontal,0,0,17,frontal_17.png,E:\Thesis\Dataset\correct_angle_all\person150\frontal\frontal_17.png,Model_A,train,frontal_only,0,frontal,seen_training_pose
person150,frontal,0,0,20,frontal_20.png,E:\Thesis\Dataset\correct_angle_all\person150\frontal\frontal_20.png,Model_A,train,frontal_only,0,frontal,seen_training_pose
person151,frontal,0,0,1,frontal_01.png,E:\Thesis\Dataset\correct_angle_all\person151\frontal\frontal_01.png,Model_A,train,frontal_only,0,frontal,seen_training_pose
person151,frontal,0,0,4,frontal_04.png,E:\Thesis\Dataset\correct_angle_all\person151\frontal\frontal_04.png,Model_A,train,frontal_only,0,frontal,seen_training_pose
person151,frontal,0,0,6,frontal_06.png,E:\Thesis\Dataset\correct_angle_all\person151\frontal\frontal_06.png,Model_A,train,frontal_only,0,frontal,seen_training_pose
person151,frontal,0,0,7,frontal_07.png,E:\Thesis\Dataset\correct_angle_all\person151\frontal\frontal_07.png,Model_A,train,frontal_only,0,frontal,seen_training_pose
person151,frontal,0,0,8,frontal_08.png,E:\Thesis\Dataset\correct_angle_all\person151\frontal\frontal_08.png,Model_A,train,frontal_only,0,frontal,seen_training_pose
person151,frontal,0,0,10,frontal_10.png,E:\Thesis\Dataset\correct_angle_all\person151\frontal\frontal_10.png,Model_A,train,frontal_only,0,frontal,seen_training_pose
person151,frontal,0,0,11,frontal_11.png,E:\Thesis\Dataset\correct_angle_all\person151\frontal\frontal_11.png,Model_A,train,frontal_only,0,frontal,seen_training_pose
person151,frontal,0,0,13,frontal_13.png,E:\Thesis\Dataset\correct_angle_all\person151\frontal\frontal_13.png,Model_A,train,frontal_only,0,frontal,seen_training_pose
person151,frontal,0,0,15,frontal_15.png,E:\Thesis\Dataset\correct_angle_all\person151\frontal\frontal_15.png,Model_A,train,frontal_only,0,frontal,seen_training_pose
person151,frontal,0,0,16,frontal_16.png,E:\Thesis\Dataset\correct_angle_all\person151\frontal\frontal_16.png,Model_A,train,frontal_only,0,frontal,seen_training_pose
person151,frontal,0,0,17,frontal_17.png,E:\Thesis\Dataset\correct_angle_all\person151\frontal\frontal_17.png,Model_A,train,frontal_only,0,frontal,seen_training_pose
person151,frontal,0,0,20,frontal_20.png,E:\Thesis\Dataset\correct_angle_all\person151\frontal\frontal_20.png,Model_A,train,frontal_only,0,frontal,seen_training_pose
person152,frontal,0,0,1,frontal_01.png,E:\Thesis\Dataset\correct_angle_all\person152\frontal\frontal_01.png,Model_A,train,frontal_only,0,frontal,seen_training_pose
person152,frontal,0,0,4,frontal_04.png,E:\Thesis\Dataset\correct_angle_all\person152\frontal\frontal_04.png,Model_A,train,frontal_only,0,frontal,seen_training_pose
person152,frontal,0,0,6,frontal_06.png,E:\Thesis\Dataset\correct_angle_all\person152\frontal\frontal_06.png,Model_A,train,frontal_only,0,frontal,seen_training_pose
person152,frontal,0,0,7,frontal_07.png,E:\Thesis\Dataset\correct_angle_all\person152\frontal\frontal_07.png,Model_A,train,frontal_only,0,frontal,seen_training_pose
person152,frontal,0,0,8,frontal_08.png,E:\Thesis\Dataset\correct_angle_all\person152\frontal\frontal_08.png,Model_A,train,frontal_only,0,frontal,seen_training_pose
person152,frontal,0,0,10,frontal_10.png,E:\Thesis\Dataset\correct_angle_all\person152\frontal\frontal_10.png,Model_A,train,frontal_only,0,frontal,seen_training_pose
person152,frontal,0,0,11,frontal_11.png,E:\Thesis\Dataset\correct_angle_all\person152\frontal\frontal_11.png,Model_A,train,frontal_only,0,frontal,seen_training_pose
person152,frontal,0,0,13,frontal_13.png,E:\Thesis\Dataset\correct_angle_all\person152\frontal\frontal_13.png,Model_A,train,frontal_only,0,frontal,seen_training_pose
person152,frontal,0,0,15,frontal_15.png,E:\Thesis\Dataset\correct_angle_all\person152\frontal\frontal_15.png,Model_A,train,frontal_only,0,frontal,seen_training_pose
person152,frontal,0,0,16,frontal_16.png,E:\Thesis\Dataset\correct_angle_all\person152\frontal\frontal_16.png,Model_A,train,frontal_only,0,frontal,seen_training_pose
person152,frontal,0,0,17,frontal_17.png,E:\Thesis\Dataset\correct_angle_all\person152\frontal\frontal_17.png,Model_A,train,frontal_only,0,frontal,seen_training_pose
person152,frontal,0,0,20,frontal_20.png,E:\Thesis\Dataset\correct_angle_all\person152\frontal\frontal_20.png,Model_A,train,frontal_only,0,frontal,seen_training_pose
person153,frontal,0,0,1,frontal_01.png,E:\Thesis\Dataset\correct_angle_all\person153\frontal\frontal_01.png,Model_A,train,frontal_only,0,frontal,seen_training_pose
person153,frontal,0,0,4,frontal_04.png,E:\Thesis\Dataset\correct_angle_all\person153\frontal\frontal_04.png,Model_A,train,frontal_only,0,frontal,seen_training_pose
person153,frontal,0,0,6,frontal_06.png,E:\Thesis\Dataset\correct_angle_all\person153\frontal\frontal_06.png,Model_A,train,frontal_only,0,frontal,seen_training_pose
person153,frontal,0,0,7,frontal_07.png,E:\Thesis\Dataset\correct_angle_all\person153\frontal\frontal_07.png,Model_A,train,frontal_only,0,frontal,seen_training_pose
person153,frontal,0,0,8,frontal_08.png,E:\Thesis\Dataset\correct_angle_all\person153\frontal\frontal_08.png,Model_A,train,frontal_only,0,frontal,seen_training_pose
person153,frontal,0,0,10,frontal_10.png,E:\Thesis\Dataset\correct_angle_all\person153\frontal\frontal_10.png,Model_A,train,frontal_only,0,frontal,seen_training_pose
person153,frontal,0,0,11,frontal_11.png,E:\Thesis\Dataset\correct_angle_all\person153\frontal\frontal_11.png,Model_A,train,frontal_only,0,frontal,seen_training_pose
person153,frontal,0,0,13,frontal_13.png,E:\Thesis\Dataset\correct_angle_all\person153\frontal\frontal_13.png,Model_A,train,frontal_only,0,frontal,seen_training_pose
person153,frontal,0,0,15,frontal_15.png,E:\Thesis\Dataset\correct_angle_all\person153\frontal\frontal_15.png,Model_A,train,frontal_only,0,frontal,seen_training_pose
person153,frontal,0,0,16,frontal_16.png,E:\Thesis\Dataset\correct_angle_all\person153\frontal\frontal_16.png,Model_A,train,frontal_only,0,frontal,seen_training_pose
person153,frontal,0,0,17,frontal_17.png,E:\Thesis\Dataset\correct_angle_all\person153\frontal\frontal_17.png,Model_A,train,frontal_only,0,frontal,seen_training_pose
person153,frontal,0,0,20,frontal_20.png,E:\Thesis\Dataset\correct_angle_all\person153\frontal\frontal_20.png,Model_A,train,frontal_only,0,frontal,seen_training_pose
