person,direction,angle,yaw,illumination,filename,path,experiment,split,training_condition,abs_yaw,pose_group,yaw_status_for_model_b
person001,left,60,-60,13,60_degree_13.png,person001/left/60_degree_13.png,Model_B,train,pose_diverse,60,left,seen_training_pose
person001,left,60,-60,15,60_degree_15.png,person001/left/60_degree_15.png,Model_B,train,pose_diverse,60,left,seen_training_pose
person001,left,30,-30,7,30_degree_07.png,person001/left/30_degree_07.png,Model_B,train,pose_diverse,30,left,seen_training_pose
person001,left,30,-30,17,30_degree_17.png,person001/left/30_degree_17.png,Model_B,train,pose_diverse,30,left,seen_training_pose
person001,frontal,0,0,4,frontal_04.png,person001/frontal/frontal_04.png,Model_B,train,pose_diverse,0,frontal,seen_training_pose
person001,frontal,0,0,11,frontal_11.png,person001/frontal/frontal_11.png,Model_B,train,pose_diverse,0,frontal,seen_training_pose
person001,frontal,0,0,16,frontal_16.png,person001/frontal/frontal_16.png,Model_B,train,pose_diverse,0,frontal,seen_training_pose
person001,frontal,0,0,20,frontal_20.png,person001/frontal/frontal_20.png,Model_B,train,pose_diverse,0,frontal,seen_training_pose
person001,right,30,30,6,30_degree06.png,person001/right/30_degree06.png,Model_B,train,pose_diverse,30,right,seen_training_pose
person001,right,30,30,8,30_degree08.png,person001/right/30_degree08.png,Model_B,train,pose_diverse,30,right,seen_training_pose
person001,right,60,60,1,60_degree01.png,person001/right/60_degree01.png,Model_B,train,pose_diverse,60,right,seen_training_pose
person001,right,60,60,10,60_degree10.png,person001/right/60_degree10.png,Model_B,train,pose_diverse,60,right,seen_training_pose
person002,left,60,-60,4,60_degree_04.png,person002/left/60_degree_04.png,Model_B,train,pose_diverse,60,left,seen_training_pose
person002,left,60,-60,6,60_degree_06.png,person002/left/60_degree_06.png,Model_B,train,pose_diverse,60,left,seen_training_pose
person002,left,30,-30,8,30_degree_08.png,person002/left/30_degree_08.png,Model_B,train,pose_diverse,30,left,seen_training_pose
person002,left,30,-30,16,30_degree_16.png,person002/left/30_degree_16.png,Model_B,train,pose_diverse,30,left,seen_training_pose
person002,frontal,0,0,7,frontal_07.png,person002/frontal/frontal_07.png,Model_B,train,pose_diverse,0,frontal,seen_training_pose
person002,frontal,0,0,15,frontal_15.png,person002/frontal/frontal_15.png,Model_B,train,pose_diverse,0,frontal,seen_training_pose
person002,frontal,0,0,17,frontal_17.png,person002/frontal/frontal_17.png,Model_B,train,pose_diverse,0,frontal,seen_training_pose
person002,frontal,0,0,20,frontal_20.png,person002/frontal/frontal_20.png,Model_B,train,pose_diverse,0,frontal,seen_training_pose
person002,right,30,30,1,30_degree01.png,person002/right/30_degree01.png,Model_B,train,pose_diverse,30,right,seen_training_pose
person002,right,30,30,11,30_degree11.png,person002/right/30_degree11.png,Model_B,train,pose_diverse,30,right,seen_training_pose
person002,right,60,60,10,60_degree10.png,person002/right/60_degree10.png,Model_B,train,pose_diverse,60,right,seen_training_pose
person002,right,60,60,13,60_degree13.png,person002/right/60_degree13.png,Model_B,train,pose_diverse,60,right,seen_training_pose
person003,left,60,-60,7,60_degree_07.png,person003/left/60_degree_07.png,Model_B,train,pose_diverse,60,left,seen_training_pose
person003,left,60,-60,15,60_degree_15.png,person003/left/60_degree_15.png,Model_B,train,pose_diverse,60,left,seen_training_pose
person003,left,30,-30,4,30_degree_04.png,person003/left/30_degree_04.png,Model_B,train,pose_diverse,30,left,seen_training_pose
person003,left,30,-30,11,30_degree_11.png,person003/left/30_degree_11.png,Model_B,train,pose_diverse,30,left,seen_training_pose
person003,frontal,0,0,1,frontal_01.png,person003/frontal/frontal_01.png,Model_B,train,pose_diverse,0,frontal,seen_training_pose
person003,frontal,0,0,8,frontal_08.png,person003/frontal/frontal_08.png,Model_B,train,pose_diverse,0,frontal,seen_training_pose
person003,frontal,0,0,10,frontal_10.png,person003/frontal/frontal_10.png,Model_B,train,pose_diverse,0,frontal,seen_training_pose
person003,frontal,0,0,16,frontal_16.png,person003/frontal/frontal_16.png,Model_B,train,pose_diverse,0,frontal,seen_training_pose
person003,right,30,30,6,30_degree06.png,person003/right/30_degree06.png,Model_B,train,pose_diverse,30,right,seen_training_pose
person003,right,30,30,17,30_degree17.png,person003/right/30_degree17.png,Model_B,train,pose_diverse,30,right,seen_training_pose
person003,right,60,60,13,60_degree13.png,person003/right/60_degree13.png,Model_B,train,pose_diverse,60,right,seen_training_pose
person003,right,60,60,20,60_degree20.png,person003/right/60_degree20.png,Model_B,train,pose_diverse,60,right,seen_training_pose
person004,left,60,-60,7,60_degree_07.png,person004/left/60_degree_07.png,Model_B,train,pose_diverse,60,left,seen_training_pose
person004,left,60,-60,20,60_degree_20.png,person004/left/60_degree_20.png,Model_B,train,pose_diverse,60,left,seen_training_pose
person004,left,30,-30,1,30_degree_01.png,person004/left/30_degree_01.png,Model_B,train,pose_diverse,30,left,seen_training_pose
person004,left,30,-30,17,30_degree_17.png,person004/left/30_degree_17.png,Model_B,train,pose_diverse,30,left,seen_training_pose
person004,frontal,0,0,6,frontal_06.png,person004/frontal/frontal_06.png,Model_B,train,pose_diverse,0,frontal,seen_training_pose
person004,frontal,0,0,11,frontal_11.png,person004/frontal/frontal_11.png,Model_B,train,pose_diverse,0,frontal,seen_training_pose
person004,frontal,0,0,13,frontal_13.png,person004/frontal/frontal_13.png,Model_B,train,pose_diverse,0,frontal,seen_training_pose
person004,frontal,0,0,15,frontal_15.png,person004/frontal/frontal_15.png,Model_B,train,pose_diverse,0,frontal,seen_training_pose
person004,right,30,30,8,30_degree08.png,person004/right/30_degree08.png,Model_B,train,pose_diverse,30,right,seen_training_pose
person004,right,30,30,10,30_degree10.png,person004/right/30_degree10.png,Model_B,train,pose_diverse,30,right,seen_training_pose
person004,right,60,60,4,60_degree04.png,person004/right/60_degree04.png,Model_B,train,pose_diverse,60,right,seen_training_pose
person004,right,60,60,16,60_degree16.png,person004/right/60_degree16.png,Model_B,train,pose_diverse,60,right,seen_training_pose
person005,left,60,-60,4,60_degree_04.png,person005/left/60_degree_04.png,Model_B,train,pose_diverse,60,left,seen_training_pose
person005,left,60,-60,7,60_degree_07.png,person005/left/60_degree_07.png,Model_B,train,pose_diverse,60,left,seen_training_pose
person005,left,30,-30,1,30_degree_01.png,person005/left/30_degree_01.png,Model_B,train,pose_diverse,30,left,seen_training_pose
person005,left,30,-30,6,30_degree_06.png,person005/left/30_degree_06.png,Model_B,train,pose_diverse,30,left,seen_training_pose
person005,frontal,0,0,11,frontal_11.png,person005/frontal/frontal_11.png,Model_B,train,pose_diverse,0,frontal,seen_training_pose
person005,frontal,0,0,13,frontal_13.png,person005/frontal/frontal_13.png,Model_B,train,pose_diverse,0,frontal,seen_training_pose
person005,frontal,0,0,16,frontal_16.png,person005/frontal/frontal_16.png,Model_B,train,pose_diverse,0,frontal,seen_training_pose
person005,frontal,0,0,20,frontal_20.png,person005/frontal/frontal_20.png,Model_B,train,pose_diverse,0,frontal,seen_training_pose
person005,right,30,30,10,30_degree10.png,person005/right/30_degree10.png,Model_B,train,pose_diverse,30,right,seen_training_pose
person005,right,30,30,15,30_degree15.png,person005/right/30_degree15.png,Model_B,train,pose_diverse,30,right,seen_training_pose
person005,right,60,60,8,60_degree08.png,person005/right/60_degree08.png,Model_B,train,pose_diverse,60,right,seen_training_pose
person005,right,60,60,17,60_degree17.png,person005/right/60_degree17.png,Model_B,train,pose_diverse,60,right,seen_training_pose
person006,left,60,-60,8,60_degree_08.png,person006/left/60_degree_08.png,Model_B,train,pose_diverse,60,left,seen_training_pose
person006,left,60,-60,20,60_degree_20.png,person006/left/60_degree_20.png,Model_B,train,pose_diverse,60,left,seen_training_pose
person006,left,30,-30,6,30_degree_06.png,person006/left/30_degree_06.png,Model_B,train,pose_diverse,30,left,seen_training_pose
person006,left,30,-30,16,30_degree_16.png,person006/left/30_degree_16.png,Model_B,train,pose_diverse,30,left,seen_training_pose
person006,frontal,0,0,4,frontal_04.png,person006/frontal/frontal_04.png,Model_B,train,pose_diverse,0,frontal,seen_training_pose
person006,frontal,0,0,7,frontal_07.png,person006/frontal/frontal_07.png,Model_B,train,pose_diverse,0,frontal,seen_training_pose
person006,frontal,0,0,10,frontal_10.png,person006/frontal/frontal_10.png,Model_B,train,pose_diverse,0,frontal,seen_training_pose
person006,frontal,0,0,11,frontal_11.png,person006/frontal/frontal_11.png,Model_B,train,pose_diverse,0,frontal,seen_training_pose
person006,right,30,30,15,30_degree15.png,person006/right/30_degree15.png,Model_B,train,pose_diverse,30,right,seen_training_pose
person006,right,30,30,17,30_degree17.png,person006/right/30_degree17.png,Model_B,train,pose_diverse,30,right,seen_training_pose
person006,right,60,60,1,60_degree01.png,person006/right/60_degree01.png,Model_B,train,pose_diverse,60,right,seen_training_pose
person006,right,60,60,13,60_degree13.png,person006/right/60_degree13.png,Model_B,train,pose_diverse,60,right,seen_training_pose
person007,left,60,-60,4,60_degree_04.png,person007/left/60_degree_04.png,Model_B,train,pose_diverse,60,left,seen_training_pose
person007,left,60,-60,20,60_degree_20.png,person007/left/60_degree_20.png,Model_B,train,pose_diverse,60,left,seen_training_pose
person007,left,30,-30,8,30_degree_08.png,person007/left/30_degree_08.png,Model_B,train,pose_diverse,30,left,seen_training_pose
person007,left,30,-30,11,30_degree_11.png,person007/left/30_degree_11.png,Model_B,train,pose_diverse,30,left,seen_training_pose
person007,frontal,0,0,7,frontal_07.png,person007/frontal/frontal_07.png,Model_B,train,pose_diverse,0,frontal,seen_training_pose
person007,frontal,0,0,10,frontal_10.png,person007/frontal/frontal_10.png,Model_B,train,pose_diverse,0,frontal,seen_training_pose
person007,frontal,0,0,16,frontal_16.png,person007/frontal/frontal_16.png,Model_B,train,pose_diverse,0,frontal,seen_training_pose
person007,frontal,0,0,17,frontal_17.png,person007/frontal/frontal_17.png,Model_B,train,pose_diverse,0,frontal,seen_training_pose
person007,right,30,30,1,30_degree01.png,person007/right/30_degree01.png,Model_B,train,pose_diverse,30,right,seen_training_pose
person007,right,30,30,13,30_degree13.png,person007/right/30_degree13.png,Model_B,train,pose_diverse,30,right,seen_training_pose
person007,right,60,60,6,60_degree06.png,person007/right/60_degree06.png,Model_B,train,pose_diverse,60,right,seen_training_pose
person007,right,60,60,15,60_degree15.png,person007/right/60_degree15.png,Model_B,train,pose_diverse,60,right,seen_training_pose
person008,left,60,-60,7,60_degree_07.png,person008/left/60_degree_07.png,Model_B,train,pose_diverse,60,left,seen_training_pose
person008,left,60,-60,17,60_degree_17.png,person008/left/60_degree_17.png,Model_B,train,pose_diverse,60,left,seen_training_pose
person008,left,30,-30,4,30_degree_04.png,person008/left/30_degree_04.png,Model_B,train,pose_diverse,30,left,seen_training_pose
person008,left,30,-30,6,30_degree_06.png,person008/left/30_degree_06.png,Model_B,train,pose_diverse,30,left,seen_training_pose
person008,frontal,0,0,1,frontal_01.png,person008/frontal/frontal_01.png,Model_B,train,pose_diverse,0,frontal,seen_training_pose
person008,frontal,0,0,8,frontal_08.png,person008/frontal/frontal_08.png,Model_B,train,pose_diverse,0,frontal,seen_training_pose
person008,frontal,0,0,10,frontal_10.png,person008/frontal/frontal_10.png,Model_B,train,pose_diverse,0,frontal,seen_training_pose
person008,frontal,0,0,11,frontal_11.png,person008/frontal/frontal_11.png,Model_B,train,pose_diverse,0,frontal,seen_training_pose
person008,right,30,30,13,30_degree13.png,person008/right/30_degree13.png,Model_B,train,pose_diverse,30,right,seen_training_pose
person008,right,30,30,16,30_degree16.png,person008/right/30_degree16.png,Model_B,train,pose_diverse,30,right,seen_training_pose
person008,right,60,60,15,60_degree15.png,person008/right/60_degree15.png,Model_B,train,pose_diverse,60,right,seen_training_pose
person008,right,60,60,20,60_degree20.png,person008/right/60_degree20.png,Model_B,train,pose_diverse,60,right,seen_training_pose
person009,left,60,-60,7,60_degree_07.png,person009/left/60_degree_07.png,Model_B,train,pose_diverse,60,left,seen_training_pose
person009,left,60,-60,8,60_degree_08.png,person009/left/60_degree_08.png,Model_B,train,pose_diverse,60,left,seen_training_pose
person009,left,30,-30,15,30_degree_15.png,person009/left/30_degree_15.png,Model_B,train,pose_diverse,30,left,seen_training_pose
person009,left,30,-30,17,30_degree_17.png,person009/left/30_degree_17.png,Model_B,train,pose_diverse,30,left,seen_training_pose
person009,frontal,0,0,1,frontal_01.png,person009/frontal/frontal_01.png,Model_B,train,pose_diverse,0,frontal,seen_training_pose
person009,frontal,0,0,6,frontal_06.png,person009/frontal/frontal_06.png,Model_B,train,pose_diverse,0,frontal,seen_training_pose
person009,frontal,0,0,10,frontal_10.png,person009/frontal/frontal_10.png,Model_B,train,pose_diverse,0,frontal,seen_training_pose
person009,frontal,0,0,11,frontal_11.png,person009/frontal/frontal_11.png,Model_B,train,pose_diverse,0,frontal,seen_training_pose
person009,right,30,30,4,30_degree04.png,person009/right/30_degree04.png,Model_B,train,pose_diverse,30,right,seen_training_pose
person009,right,30,30,20,30_degree20.png,person009/right/30_degree20.png,Model_B,train,pose_diverse,30,right,seen_training_pose
person009,right,60,60,13,60_degree13.png,person009/right/60_degree13.png,Model_B,train,pose_diverse,60,right,seen_training_pose
person009,right,60,60,16,60_degree16.png,person009/right/60_degree16.png,Model_B,train,pose_diverse,60,right,seen_training_pose
person010,left,60,-60,16,60_degree_16.png,person010/left/60_degree_16.png,Model_B,train,pose_diverse,60,left,seen_training_pose
person010,left,60,-60,20,60_degree_20.png,person010/left/60_degree_20.png,Model_B,train,pose_diverse,60,left,seen_training_pose
person010,left,30,-30,7,30_degree_07.png,person010/left/30_degree_07.png,Model_B,train,pose_diverse,30,left,seen_training_pose
person010,left,30,-30,15,30_degree_15.png,person010/left/30_degree_15.png,Model_B,train,pose_diverse,30,left,seen_training_pose
person010,frontal,0,0,4,frontal_04.png,person010/frontal/frontal_04.png,Model_B,train,pose_diverse,0,frontal,seen_training_pose
person010,frontal,0,0,6,frontal_06.png,person010/frontal/frontal_06.png,Model_B,train,pose_diverse,0,frontal,seen_training_pose
person010,frontal,0,0,13,frontal_13.png,person010/frontal/frontal_13.png,Model_B,train,pose_diverse,0,frontal,seen_training_pose
person010,frontal,0,0,17,frontal_17.png,person010/frontal/frontal_17.png,Model_B,train,pose_diverse,0,frontal,seen_training_pose
person010,right,30,30,1,30_degree01.png,person010/right/30_degree01.png,Model_B,train,pose_diverse,30,right,seen_training_pose
person010,right,30,30,10,30_degree10.png,person010/right/30_degree10.png,Model_B,train,pose_diverse,30,right,seen_training_pose
person010,right,60,60,8,60_degree08.png,person010/right/60_degree08.png,Model_B,train,pose_diverse,60,right,seen_training_pose
person010,right,60,60,11,60_degree11.png,person010/right/60_degree11.png,Model_B,train,pose_diverse,60,right,seen_training_pose
person011,left,60,-60,15,60_degree_15.png,person011/left/60_degree_15.png,Model_B,train,pose_diverse,60,left,seen_training_pose
person011,left,60,-60,16,60_degree_16.png,person011/left/60_degree_16.png,Model_B,train,pose_diverse,60,left,seen_training_pose
person011,left,30,-30,1,30_degree_01.png,person011/left/30_degree_01.png,Model_B,train,pose_diverse,30,left,seen_training_pose
person011,left,30,-30,17,30_degree_17.png,person011/left/30_degree_17.png,Model_B,train,pose_diverse,30,left,seen_training_pose
person011,frontal,0,0,6,frontal_06.png,person011/frontal/frontal_06.png,Model_B,train,pose_diverse,0,frontal,seen_training_pose
person011,frontal,0,0,7,frontal_07.png,person011/frontal/frontal_07.png,Model_B,train,pose_diverse,0,frontal,seen_training_pose
person011,frontal,0,0,11,frontal_11.png,person011/frontal/frontal_11.png,Model_B,train,pose_diverse,0,frontal,seen_training_pose
person011,frontal,0,0,13,frontal_13.png,person011/frontal/frontal_13.png,Model_B,train,pose_diverse,0,frontal,seen_training_pose
person011,right,30,30,10,30_degree10.png,person011/right/30_degree10.png,Model_B,train,pose_diverse,30,right,seen_training_pose
person011,right,30,30,20,30_degree20.png,person011/right/30_degree20.png,Model_B,train,pose_diverse,30,right,seen_training_pose
person011,right,60,60,4,60_degree04.png,person011/right/60_degree04.png,Model_B,train,pose_diverse,60,right,seen_training_pose
person011,right,60,60,8,60_degree08.png,person011/right/60_degree08.png,Model_B,train,pose_diverse,60,right,seen_training_pose
person012,left,60,-60,7,60_degree_07.png,person012/left/60_degree_07.png,Model_B,train,pose_diverse,60,left,seen_training_pose
person012,left,60,-60,20,60_degree_20.png,person012/left/60_degree_20.png,Model_B,train,pose_diverse,60,left,seen_training_pose
person012,left,30,-30,4,30_degree_04.png,person012/left/30_degree_04.png,Model_B,train,pose_diverse,30,left,seen_training_pose
person012,left,30,-30,6,30_degree_06.png,person012/left/30_degree_06.png,Model_B,train,pose_diverse,30,left,seen_training_pose
person012,frontal,0,0,1,frontal_01.png,person012/frontal/frontal_01.png,Model_B,train,pose_diverse,0,frontal,seen_training_pose
person012,frontal,0,0,10,frontal_10.png,person012/frontal/frontal_10.png,Model_B,train,pose_diverse,0,frontal,seen_training_pose
person012,frontal,0,0,11,frontal_11.png,person012/frontal/frontal_11.png,Model_B,train,pose_diverse,0,frontal,seen_training_pose
person012,frontal,0,0,17,frontal_17.png,person012/frontal/frontal_17.png,Model_B,train,pose_diverse,0,frontal,seen_training_pose
person012,right,30,30,13,30_degree13.png,person012/right/30_degree13.png,Model_B,train,pose_diverse,30,right,seen_training_pose
person012,right,30,30,15,30_degree15.png,person012/right/30_degree15.png,Model_B,train,pose_diverse,30,right,seen_training_pose
person012,right,60,60,8,60_degree08.png,person012/right/60_degree08.png,Model_B,train,pose_diverse,60,right,seen_training_pose
person012,right,60,60,16,60_degree16.png,person012/right/60_degree16.png,Model_B,train,pose_diverse,60,right,seen_training_pose
person013,left,60,-60,8,60_degree_08.png,person013/left/60_degree_08.png,Model_B,train,pose_diverse,60,left,seen_training_pose
person013,left,60,-60,16,60_degree_16.png,person013/left/60_degree_16.png,Model_B,train,pose_diverse,60,left,seen_training_pose
person013,left,30,-30,13,30_degree_13.png,person013/left/30_degree_13.png,Model_B,train,pose_diverse,30,left,seen_training_pose
person013,left,30,-30,15,30_degree_15.png,person013/left/30_degree_15.png,Model_B,train,pose_diverse,30,left,seen_training_pose
person013,frontal,0,0,1,frontal_01.png,person013/frontal/frontal_01.png,Model_B,train,pose_diverse,0,frontal,seen_training_pose
person013,frontal,0,0,7,frontal_07.png,person013/frontal/frontal_07.png,Model_B,train,pose_diverse,0,frontal,seen_training_pose
person013,frontal,0,0,11,frontal_11.png,person013/frontal/frontal_11.png,Model_B,train,pose_diverse,0,frontal,seen_training_pose
person013,frontal,0,0,20,frontal_20.png,person013/frontal/frontal_20.png,Model_B,train,pose_diverse,0,frontal,seen_training_pose
person013,right,30,30,6,30_degree06.png,person013/right/30_degree06.png,Model_B,train,pose_diverse,30,right,seen_training_pose
person013,right,30,30,17,30_degree17.png,person013/right/30_degree17.png,Model_B,train,pose_diverse,30,right,seen_training_pose
person013,right,60,60,4,60_degree04.png,person013/right/60_degree04.png,Model_B,train,pose_diverse,60,right,seen_training_pose
person013,right,60,60,10,60_degree10.png,person013/right/60_degree10.png,Model_B,train,pose_diverse,60,right,seen_training_pose
person014,left,60,-60,13,60_degree_13.png,person014/left/60_degree_13.png,Model_B,train,pose_diverse,60,left,seen_training_pose
person014,left,60,-60,20,60_degree_20.png,person014/left/60_degree_20.png,Model_B,train,pose_diverse,60,left,seen_training_pose
person014,left,30,-30,1,30_degree_01.png,person014/left/30_degree_01.png,Model_B,train,pose_diverse,30,left,seen_training_pose
person014,left,30,-30,10,30_degree_10.png,person014/left/30_degree_10.png,Model_B,train,pose_diverse,30,left,seen_training_pose
person014,frontal,0,0,4,frontal_04.png,person014/frontal/frontal_04.png,Model_B,train,pose_diverse,0,frontal,seen_training_pose
person014,frontal,0,0,6,frontal_06.png,person014/frontal/frontal_06.png,Model_B,train,pose_diverse,0,frontal,seen_training_pose
person014,frontal,0,0,11,frontal_11.png,person014/frontal/frontal_11.png,Model_B,train,pose_diverse,0,frontal,seen_training_pose
person014,frontal,0,0,16,frontal_16.png,person014/frontal/frontal_16.png,Model_B,train,pose_diverse,0,frontal,seen_training_pose
person014,right,30,30,8,30_degree08.png,person014/right/30_degree08.png,Model_B,train,pose_diverse,30,right,seen_training_pose
person014,right,30,30,17,30_degree17.png,person014/right/30_degree17.png,Model_B,train,pose_diverse,30,right,seen_training_pose
person014,right,60,60,7,60_degree07.png,person014/right/60_degree07.png,Model_B,train,pose_diverse,60,right,seen_training_pose
person014,right,60,60,15,60_degree15.png,person014/right/60_degree15.png,Model_B,train,pose_diverse,60,right,seen_training_pose
person015,left,60,-60,11,60_degree_11.png,person015/left/60_degree_11.png,Model_B,train,pose_diverse,60,left,seen_training_pose
person015,left,60,-60,20,60_degree_20.png,person015/left/60_degree_20.png,Model_B,train,pose_diverse,60,left,seen_training_pose
person015,left,30,-30,4,30_degree_04.png,person015/left/30_degree_04.png,Model_B,train,pose_diverse,30,left,seen_training_pose
person015,left,30,-30,10,30_degree_10.png,person015/left/30_degree_10.png,Model_B,train,pose_diverse,30,left,seen_training_pose
person015,frontal,0,0,6,frontal_06.png,person015/frontal/frontal_06.png,Model_B,train,pose_diverse,0,frontal,seen_training_pose
person015,frontal,0,0,8,frontal_08.png,person015/frontal/frontal_08.png,Model_B,train,pose_diverse,0,frontal,seen_training_pose
person015,frontal,0,0,15,frontal_15.png,person015/frontal/frontal_15.png,Model_B,train,pose_diverse,0,frontal,seen_training_pose
person015,frontal,0,0,16,frontal_16.png,person015/frontal/frontal_16.png,Model_B,train,pose_diverse,0,frontal,seen_training_pose
person015,right,30,30,1,30_degree01.png,person015/right/30_degree01.png,Model_B,train,pose_diverse,30,right,seen_training_pose
person015,right,30,30,17,30_degree17.png,person015/right/30_degree17.png,Model_B,train,pose_diverse,30,right,seen_training_pose
person015,right,60,60,7,60_degree07.png,person015/right/60_degree07.png,Model_B,train,pose_diverse,60,right,seen_training_pose
person015,right,60,60,13,60_degree13.png,person015/right/60_degree13.png,Model_B,train,pose_diverse,60,right,seen_training_pose
person016,left,60,-60,7,60_degree_07.png,person016/left/60_degree_07.png,Model_B,train,pose_diverse,60,left,seen_training_pose
person016,left,60,-60,15,60_degree_15.png,person016/left/60_degree_15.png,Model_B,train,pose_diverse,60,left,seen_training_pose
person016,left,30,-30,10,30_degree_10.png,person016/left/30_degree_10.png,Model_B,train,pose_diverse,30,left,seen_training_pose
person016,left,30,-30,16,30_degree_16.png,person016/left/30_degree_16.png,Model_B,train,pose_diverse,30,left,seen_training_pose
person016,frontal,0,0,4,frontal_04.png,person016/frontal/frontal_04.png,Model_B,train,pose_diverse,0,frontal,seen_training_pose
person016,frontal,0,0,11,frontal_11.png,person016/frontal/frontal_11.png,Model_B,train,pose_diverse,0,frontal,seen_training_pose
person016,frontal,0,0,13,frontal_13.png,person016/frontal/frontal_13.png,Model_B,train,pose_diverse,0,frontal,seen_training_pose
person016,frontal,0,0,20,frontal_20.png,person016/frontal/frontal_20.png,Model_B,train,pose_diverse,0,frontal,seen_training_pose
person016,right,30,30,6,30_degree06.png,person016/right/30_degree06.png,Model_B,train,pose_diverse,30,right,seen_training_pose
person016,right,30,30,8,30_degree08.png,person016/right/30_degree08.png,Model_B,train,pose_diverse,30,right,seen_training_pose
person016,right,60,60,1,60_degree01.png,person016/right/60_degree01.png,Model_B,train,pose_diverse,60,right,seen_training_pose
person016,right,60,60,17,60_degree17.png,person016/right/60_degree17.png,Model_B,train,pose_diverse,60,right,seen_training_pose
person017,left,60,-60,4,60_degree_04.png,person017/left/60_degree_04.png,Model_B,train,pose_diverse,60,left,seen_training_pose
person017,left,60,-60,15,60_degree_15.png,person017/left/60_degree_15.png,Model_B,train,pose_diverse,60,left,seen_training_pose
person017,left,30,-30,6,30_degree_06.png,person017/left/30_degree_06.png,Model_B,train,pose_diverse,30,left,seen_training_pose
person017,left,30,-30,13,30_degree_13.png,person017/left/30_degree_13.png,Model_B,train,pose_diverse,30,left,seen_training_pose
person017,frontal,0,0,7,frontal_07.png,person017/frontal/frontal_07.png,Model_B,train,pose_diverse,0,frontal,seen_training_pose
person017,frontal,0,0,8,frontal_08.png,person017/frontal/frontal_08.png,Model_B,train,pose_diverse,0,frontal,seen_training_pose
person017,frontal,0,0,17,frontal_17.png,person017/frontal/frontal_17.png,Model_B,train,pose_diverse,0,frontal,seen_training_pose
person017,frontal,0,0,20,frontal_20.png,person017/frontal/frontal_20.png,Model_B,train,pose_diverse,0,frontal,seen_training_pose
person017,right,30,30,10,30_degree10.png,person017/right/30_degree10.png,Model_B,train,pose_diverse,30,right,seen_training_pose
person017,right,30,30,16,30_degree16.png,person017/right/30_degree16.png,Model_B,train,pose_diverse,30,right,seen_training_pose
person017,right,60,60,1,60_degree01.png,person017/right/60_degree01.png,Model_B,train,pose_diverse,60,right,seen_training_pose
person017,right,60,60,11,60_degree11.png,person017/right/60_degree11.png,Model_B,train,pose_diverse,60,right,seen_training_pose
person018,left,60,-60,10,60_degree_10.png,person018/left/60_degree_10.png,Model_B,train,pose_diverse,60,left,seen_training_pose
person018,left,60,-60,17,60_degree_17.png,person018/left/60_degree_17.png,Model_B,train,pose_diverse,60,left,seen_training_pose
person018,left,30,-30,8,30_degree_08.png,person018/left/30_degree_08.png,Model_B,train,pose_diverse,30,left,seen_training_pose
person018,left,30,-30,13,30_degree_13.png,person018/left/30_degree_13.png,Model_B,train,pose_diverse,30,left,seen_training_pose
person018,frontal,0,0,1,frontal_01.png,person018/frontal/frontal_01.png,Model_B,train,pose_diverse,0,frontal,seen_training_pose
person018,frontal,0,0,15,frontal_15.png,person018/frontal/frontal_15.png,Model_B,train,pose_diverse,0,frontal,seen_training_pose
person018,frontal,0,0,16,frontal_16.png,person018/frontal/frontal_16.png,Model_B,train,pose_diverse,0,frontal,seen_training_pose
person018,frontal,0,0,20,frontal_20.png,person018/frontal/frontal_20.png,Model_B,train,pose_diverse,0,frontal,seen_training_pose
person018,right,30,30,4,30_degree04.png,person018/right/30_degree04.png,Model_B,train,pose_diverse,30,right,seen_training_pose
person018,right,30,30,6,30_degree06.png,person018/right/30_degree06.png,Model_B,train,pose_diverse,30,right,seen_training_pose
person018,right,60,60,7,60_degree07.png,person018/right/60_degree07.png,Model_B,train,pose_diverse,60,right,seen_training_pose
person018,right,60,60,11,60_degree11.png,person018/right/60_degree11.png,Model_B,train,pose_diverse,60,right,seen_training_pose
person019,left,60,-60,1,60_degree_01.png,person019/left/60_degree_01.png,Model_B,train,pose_diverse,60,left,seen_training_pose
person019,left,60,-60,20,60_degree_20.png,person019/left/60_degree_20.png,Model_B,train,pose_diverse,60,left,seen_training_pose
person019,left,30,-30,10,30_degree_10.png,person019/left/30_degree_10.png,Model_B,train,pose_diverse,30,left,seen_training_pose
person019,left,30,-30,13,30_degree_13.png,person019/left/30_degree_13.png,Model_B,train,pose_diverse,30,left,seen_training_pose
person019,frontal,0,0,6,frontal_06.png,person019/frontal/frontal_06.png,Model_B,train,pose_diverse,0,frontal,seen_training_pose
person019,frontal,0,0,7,frontal_07.png,person019/frontal/frontal_07.png,Model_B,train,pose_diverse,0,frontal,seen_training_pose
person019,frontal,0,0,8,frontal_08.png,person019/frontal/frontal_08.png,Model_B,train,pose_diverse,0,frontal,seen_training_pose
person019,frontal,0,0,11,frontal_11.png,person019/frontal/frontal_11.png,Model_B,train,pose_diverse,0,frontal,seen_training_pose
person019,right,30,30,16,30_degree16.png,person019/right/30_degree16.png,Model_B,train,pose_diverse,30,right,seen_training_pose
person019,right,30,30,17,30_degree17.png,person019/right/30_degree17.png,Model_B,train,pose_diverse,30,right,seen_training_pose
person019,right,60,60,4,60_degree04.png,person019/right/60_degree04.png,Model_B,train,pose_diverse,60,right,seen_training_pose
person019,right,60,60,15,60_degree15.png,person019/right/60_degree15.png,Model_B,train,pose_diverse,60,right,seen_training_pose
person020,left,60,-60,4,60_degree_04.png,person020/left/60_degree_04.png,Model_B,train,pose_diverse,60,left,seen_training_pose
person020,left,60,-60,11,60_degree_11.png,person020/left/60_degree_11.png,Model_B,train,pose_diverse,60,left,seen_training_pose
person020,left,30,-30,7,30_degree_07.png,person020/left/30_degree_07.png,Model_B,train,pose_diverse,30,left,seen_training_pose
person020,left,30,-30,17,30_degree_17.png,person020/left/30_degree_17.png,Model_B,train,pose_diverse,30,left,seen_training_pose
person020,frontal,0,0,10,frontal_10.png,person020/frontal/frontal_10.png,Model_B,train,pose_diverse,0,frontal,seen_training_pose
person020,frontal,0,0,13,frontal_13.png,person020/frontal/frontal_13.png,Model_B,train,pose_diverse,0,frontal,seen_training_pose
person020,frontal,0,0,16,frontal_16.png,person020/frontal/frontal_16.png,Model_B,train,pose_diverse,0,frontal,seen_training_pose
person020,frontal,0,0,20,frontal_20.png,person020/frontal/frontal_20.png,Model_B,train,pose_diverse,0,frontal,seen_training_pose
person020,right,30,30,6,30_degree06.png,person020/right/30_degree06.png,Model_B,train,pose_diverse,30,right,seen_training_pose
person020,right,30,30,8,30_degree08.png,person020/right/30_degree08.png,Model_B,train,pose_diverse,30,right,seen_training_pose
person020,right,60,60,1,60_degree01.png,person020/right/60_degree01.png,Model_B,train,pose_diverse,60,right,seen_training_pose
person020,right,60,60,15,60_degree15.png,person020/right/60_degree15.png,Model_B,train,pose_diverse,60,right,seen_training_pose
person021,left,60,-60,11,60_degree_11.png,person021/left/60_degree_11.png,Model_B,train,pose_diverse,60,left,seen_training_pose
person021,left,60,-60,17,60_degree_17.png,person021/left/60_degree_17.png,Model_B,train,pose_diverse,60,left,seen_training_pose
person021,left,30,-30,16,30_degree_16.png,person021/left/30_degree_16.png,Model_B,train,pose_diverse,30,left,seen_training_pose
person021,left,30,-30,20,30_degree_20.png,person021/left/30_degree_20.png,Model_B,train,pose_diverse,30,left,seen_training_pose
person021,frontal,0,0,1,frontal_01.png,person021/frontal/frontal_01.png,Model_B,train,pose_diverse,0,frontal,seen_training_pose
person021,frontal,0,0,6,frontal_06.png,person021/frontal/frontal_06.png,Model_B,train,pose_diverse,0,frontal,seen_training_pose
person021,frontal,0,0,10,frontal_10.png,person021/frontal/frontal_10.png,Model_B,train,pose_diverse,0,frontal,seen_training_pose
person021,frontal,0,0,13,frontal_13.png,person021/frontal/frontal_13.png,Model_B,train,pose_diverse,0,frontal,seen_training_pose
person021,right,30,30,4,30_degree04.png,person021/right/30_degree04.png,Model_B,train,pose_diverse,30,right,seen_training_pose
person021,right,30,30,7,30_degree07.png,person021/right/30_degree07.png,Model_B,train,pose_diverse,30,right,seen_training_pose
person021,right,60,60,8,60_degree08.png,person021/right/60_degree08.png,Model_B,train,pose_diverse,60,right,seen_training_pose
person021,right,60,60,15,60_degree15.png,person021/right/60_degree15.png,Model_B,train,pose_diverse,60,right,seen_training_pose
person022,left,60,-60,11,60_degree_11.png,person022/left/60_degree_11.png,Model_B,train,pose_diverse,60,left,seen_training_pose
person022,left,60,-60,20,60_degree_20.png,person022/left/60_degree_20.png,Model_B,train,pose_diverse,60,left,seen_training_pose
person022,left,30,-30,8,30_degree_08.png,person022/left/30_degree_08.png,Model_B,train,pose_diverse,30,left,seen_training_pose
person022,left,30,-30,10,30_degree_10.png,person022/left/30_degree_10.png,Model_B,train,pose_diverse,30,left,seen_training_pose
person022,frontal,0,0,6,frontal_06.png,person022/frontal/frontal_06.png,Model_B,train,pose_diverse,0,frontal,seen_training_pose
person022,frontal,0,0,7,frontal_07.png,person022/frontal/frontal_07.png,Model_B,train,pose_diverse,0,frontal,seen_training_pose
person022,frontal,0,0,13,frontal_13.png,person022/frontal/frontal_13.png,Model_B,train,pose_diverse,0,frontal,seen_training_pose
person022,frontal,0,0,17,frontal_17.png,person022/frontal/frontal_17.png,Model_B,train,pose_diverse,0,frontal,seen_training_pose
person022,right,30,30,4,30_degree04.png,person022/right/30_degree04.png,Model_B,train,pose_diverse,30,right,seen_training_pose
person022,right,30,30,15,30_degree15.png,person022/right/30_degree15.png,Model_B,train,pose_diverse,30,right,seen_training_pose
person022,right,60,60,1,60_degree01.png,person022/right/60_degree01.png,Model_B,train,pose_diverse,60,right,seen_training_pose
person022,right,60,60,16,60_degree16.png,person022/right/60_degree16.png,Model_B,train,pose_diverse,60,right,seen_training_pose
person023,left,60,-60,4,60_degree_04.png,person023/left/60_degree_04.png,Model_B,train,pose_diverse,60,left,seen_training_pose
person023,left,60,-60,15,60_degree_15.png,person023/left/60_degree_15.png,Model_B,train,pose_diverse,60,left,seen_training_pose
person023,left,30,-30,10,30_degree_10.png,person023/left/30_degree_10.png,Model_B,train,pose_diverse,30,left,seen_training_pose
person023,left,30,-30,11,30_degree_11.png,person023/left/30_degree_11.png,Model_B,train,pose_diverse,30,left,seen_training_pose
person023,frontal,0,0,7,frontal_07.png,person023/frontal/frontal_07.png,Model_B,train,pose_diverse,0,frontal,seen_training_pose
person023,frontal,0,0,8,frontal_08.png,person023/frontal/frontal_08.png,Model_B,train,pose_diverse,0,frontal,seen_training_pose
person023,frontal,0,0,13,frontal_13.png,person023/frontal/frontal_13.png,Model_B,train,pose_diverse,0,frontal,seen_training_pose
person023,frontal,0,0,17,frontal_17.png,person023/frontal/frontal_17.png,Model_B,train,pose_diverse,0,frontal,seen_training_pose
person023,right,30,30,1,30_degree01.png,person023/right/30_degree01.png,Model_B,train,pose_diverse,30,right,seen_training_pose
person023,right,30,30,6,30_degree06.png,person023/right/30_degree06.png,Model_B,train,pose_diverse,30,right,seen_training_pose
person023,right,60,60,16,60_degree16.png,person023/right/60_degree16.png,Model_B,train,pose_diverse,60,right,seen_training_pose
person023,right,60,60,20,60_degree20.png,person023/right/60_degree20.png,Model_B,train,pose_diverse,60,right,seen_training_pose
person024,left,60,-60,1,60_degree_01.png,person024/left/60_degree_01.png,Model_B,train,pose_diverse,60,left,seen_training_pose
person024,left,60,-60,11,60_degree_11.png,person024/left/60_degree_11.png,Model_B,train,pose_diverse,60,left,seen_training_pose
person024,left,30,-30,16,30_degree_16.png,person024/left/30_degree_16.png,Model_B,train,pose_diverse,30,left,seen_training_pose
person024,left,30,-30,20,30_degree_20.png,person024/left/30_degree_20.png,Model_B,train,pose_diverse,30,left,seen_training_pose
person024,frontal,0,0,6,frontal_06.png,person024/frontal/frontal_06.png,Model_B,train,pose_diverse,0,frontal,seen_training_pose
person024,frontal,0,0,7,frontal_07.png,person024/frontal/frontal_07.png,Model_B,train,pose_diverse,0,frontal,seen_training_pose
person024,frontal,0,0,8,frontal_08.png,person024/frontal/frontal_08.png,Model_B,train,pose_diverse,0,frontal,seen_training_pose
person024,frontal,0,0,17,frontal_17.png,person024/frontal/frontal_17.png,Model_B,train,pose_diverse,0,frontal,seen_training_pose
person024,right,30,30,13,30_degree13.png,person024/right/30_degree13.png,Model_B,train,pose_diverse,30,right,seen_training_pose
person024,right,30,30,15,30_degree15.png,person024/right/30_degree15.png,Model_B,train,pose_diverse,30,right,seen_training_pose
person024,right,60,60,4,60_degree04.png,person024/right/60_degree04.png,Model_B,train,pose_diverse,60,right,seen_training_pose
person024,right,60,60,10,60_degree10.png,person024/right/60_degree10.png,Model_B,train,pose_diverse,60,right,seen_training_pose
person025,left,60,-60,4,60_degree_04.png,person025/left/60_degree_04.png,Model_B,train,pose_diverse,60,left,seen_training_pose
person025,left,60,-60,7,60_degree_07.png,person025/left/60_degree_07.png,Model_B,train,pose_diverse,60,left,seen_training_pose
person025,left,30,-30,8,30_degree_08.png,person025/left/30_degree_08.png,Model_B,train,pose_diverse,30,left,seen_training_pose
person025,left,30,-30,10,30_degree_10.png,person025/left/30_degree_10.png,Model_B,train,pose_diverse,30,left,seen_training_pose
person025,frontal,0,0,6,frontal_06.png,person025/frontal/frontal_06.png,Model_B,train,pose_diverse,0,frontal,seen_training_pose
person025,frontal,0,0,11,frontal_11.png,person025/frontal/frontal_11.png,Model_B,train,pose_diverse,0,frontal,seen_training_pose
person025,frontal,0,0,13,frontal_13.png,person025/frontal/frontal_13.png,Model_B,train,pose_diverse,0,frontal,seen_training_pose
person025,frontal,0,0,15,frontal_15.png,person025/frontal/frontal_15.png,Model_B,train,pose_diverse,0,frontal,seen_training_pose
person025,right,30,30,16,30_degree16.png,person025/right/30_degree16.png,Model_B,train,pose_diverse,30,right,seen_training_pose
person025,right,30,30,17,30_degree17.png,person025/right/30_degree17.png,Model_B,train,pose_diverse,30,right,seen_training_pose
person025,right,60,60,1,60_degree01.png,person025/right/60_degree01.png,Model_B,train,pose_diverse,60,right,seen_training_pose
person025,right,60,60,20,60_degree20.png,person025/right/60_degree20.png,Model_B,train,pose_diverse,60,right,seen_training_pose
person026,left,60,-60,13,60_degree_13.png,person026/left/60_degree_13.png,Model_B,train,pose_diverse,60,left,seen_training_pose
person026,left,60,-60,15,60_degree_15.png,person026/left/60_degree_15.png,Model_B,train,pose_diverse,60,left,seen_training_pose
person026,left,30,-30,10,30_degree_10.png,person026/left/30_degree_10.png,Model_B,train,pose_diverse,30,left,seen_training_pose
person026,left,30,-30,17,30_degree_17.png,person026/left/30_degree_17.png,Model_B,train,pose_diverse,30,left,seen_training_pose
person026,frontal,0,0,1,frontal_01.png,person026/frontal/frontal_01.png,Model_B,train,pose_diverse,0,frontal,seen_training_pose
person026,frontal,0,0,4,frontal_04.png,person026/frontal/frontal_04.png,Model_B,train,pose_diverse,0,frontal,seen_training_pose
person026,frontal,0,0,8,frontal_08.png,person026/frontal/frontal_08.png,Model_B,train,pose_diverse,0,frontal,seen_training_pose
person026,frontal,0,0,20,frontal_20.png,person026/frontal/frontal_20.png,Model_B,train,pose_diverse,0,frontal,seen_training_pose
person026,right,30,30,7,30_degree07.png,person026/right/30_degree07.png,Model_B,train,pose_diverse,30,right,seen_training_pose
person026,right,30,30,11,30_degree11.png,person026/right/30_degree11.png,Model_B,train,pose_diverse,30,right,seen_training_pose
person026,right,60,60,6,60_degree06.png,person026/right/60_degree06.png,Model_B,train,pose_diverse,60,right,seen_training_pose
person026,right,60,60,16,60_degree16.png,person026/right/60_degree16.png,Model_B,train,pose_diverse,60,right,seen_training_pose
person027,left,60,-60,4,60_degree_04.png,person027/left/60_degree_04.png,Model_B,train,pose_diverse,60,left,seen_training_pose
person027,left,60,-60,17,60_degree_17.png,person027/left/60_degree_17.png,Model_B,train,pose_diverse,60,left,seen_training_pose
person027,left,30,-30,15,30_degree_15.png,person027/left/30_degree_15.png,Model_B,train,pose_diverse,30,left,seen_training_pose
person027,left,30,-30,20,30_degree_20.png,person027/left/30_degree_20.png,Model_B,train,pose_diverse,30,left,seen_training_pose
person027,frontal,0,0,6,frontal_06.png,person027/frontal/frontal_06.png,Model_B,train,pose_diverse,0,frontal,seen_training_pose
person027,frontal,0,0,10,frontal_10.png,person027/frontal/frontal_10.png,Model_B,train,pose_diverse,0,frontal,seen_training_pose
person027,frontal,0,0,11,frontal_11.png,person027/frontal/frontal_11.png,Model_B,train,pose_diverse,0,frontal,seen_training_pose
person027,frontal,0,0,13,frontal_13.png,person027/frontal/frontal_13.png,Model_B,train,pose_diverse,0,frontal,seen_training_pose
person027,right,30,30,1,30_degree01.png,person027/right/30_degree01.png,Model_B,train,pose_diverse,30,right,seen_training_pose
person027,right,30,30,7,30_degree07.png,person027/right/30_degree07.png,Model_B,train,pose_diverse,30,right,seen_training_pose
person027,right,60,60,8,60_degree08.png,person027/right/60_degree08.png,Model_B,train,pose_diverse,60,right,seen_training_pose
person027,right,60,60,16,60_degree16.png,person027/right/60_degree16.png,Model_B,train,pose_diverse,60,right,seen_training_pose
person028,left,60,-60,6,60_degree_06.png,person028/left/60_degree_06.png,Model_B,train,pose_diverse,60,left,seen_training_pose
person028,left,60,-60,15,60_degree_15.png,person028/left/60_degree_15.png,Model_B,train,pose_diverse,60,left,seen_training_pose
person028,left,30,-30,1,30_degree_01.png,person028/left/30_degree_01.png,Model_B,train,pose_diverse,30,left,seen_training_pose
person028,left,30,-30,8,30_degree_08.png,person028/left/30_degree_08.png,Model_B,train,pose_diverse,30,left,seen_training_pose
person028,frontal,0,0,4,frontal_04.png,person028/frontal/frontal_04.png,Model_B,train,pose_diverse,0,frontal,seen_training_pose
person028,frontal,0,0,7,frontal_07.png,person028/frontal/frontal_07.png,Model_B,train,pose_diverse,0,frontal,seen_training_pose
person028,frontal,0,0,13,frontal_13.png,person028/frontal/frontal_13.png,Model_B,train,pose_diverse,0,frontal,seen_training_pose
person028,frontal,0,0,17,frontal_17.png,person028/frontal/frontal_17.png,Model_B,train,pose_diverse,0,frontal,seen_training_pose
person028,right,30,30,16,30_degree16.png,person028/right/30_degree16.png,Model_B,train,pose_diverse,30,right,seen_training_pose
person028,right,30,30,20,30_degree20.png,person028/right/30_degree20.png,Model_B,train,pose_diverse,30,right,seen_training_pose
person028,right,60,60,10,60_degree10.png,person028/right/60_degree10.png,Model_B,train,pose_diverse,60,right,seen_training_pose
person028,right,60,60,11,60_degree11.png,person028/right/60_degree11.png,Model_B,train,pose_diverse,60,right,seen_training_pose
person029,left,60,-60,8,60_degree_08.png,person029/left/60_degree_08.png,Model_B,train,pose_diverse,60,left,seen_training_pose
person029,left,60,-60,20,60_degree_20.png,person029/left/60_degree_20.png,Model_B,train,pose_diverse,60,left,seen_training_pose
person029,left,30,-30,1,30_degree_01.png,person029/left/30_degree_01.png,Model_B,train,pose_diverse,30,left,seen_training_pose
person029,left,30,-30,15,30_degree_15.png,person029/left/30_degree_15.png,Model_B,train,pose_diverse,30,left,seen_training_pose
person029,frontal,0,0,4,frontal_04.png,person029/frontal/frontal_04.png,Model_B,train,pose_diverse,0,frontal,seen_training_pose
person029,frontal,0,0,6,frontal_06.png,person029/frontal/frontal_06.png,Model_B,train,pose_diverse,0,frontal,seen_training_pose
person029,frontal,0,0,10,frontal_10.png,person029/frontal/frontal_10.png,Model_B,train,pose_diverse,0,frontal,seen_training_pose
person029,frontal,0,0,16,frontal_16.png,person029/frontal/frontal_16.png,Model_B,train,pose_diverse,0,frontal,seen_training_pose
person029,right,30,30,11,30_degree11.png,person029/right/30_degree11.png,Model_B,train,pose_diverse,30,right,seen_training_pose
person029,right,30,30,13,30_degree13.png,person029/right/30_degree13.png,Model_B,train,pose_diverse,30,right,seen_training_pose
person029,right,60,60,7,60_degree07.png,person029/right/60_degree07.png,Model_B,train,pose_diverse,60,right,seen_training_pose
person029,right,60,60,17,60_degree17.png,person029/right/60_degree17.png,Model_B,train,pose_diverse,60,right,seen_training_pose
person030,left,60,-60,6,60_degree_06.png,person030/left/60_degree_06.png,Model_B,train,pose_diverse,60,left,seen_training_pose
person030,left,60,-60,15,60_degree_15.png,person030/left/60_degree_15.png,Model_B,train,pose_diverse,60,left,seen_training_pose
person030,left,30,-30,7,30_degree_07.png,person030/left/30_degree_07.png,Model_B,train,pose_diverse,30,left,seen_training_pose
person030,left,30,-30,11,30_degree_11.png,person030/left/30_degree_11.png,Model_B,train,pose_diverse,30,left,seen_training_pose
person030,frontal,0,0,1,frontal_01.png,person030/frontal/frontal_01.png,Model_B,train,pose_diverse,0,frontal,seen_training_pose
person030,frontal,0,0,4,frontal_04.png,person030/frontal/frontal_04.png,Model_B,train,pose_diverse,0,frontal,seen_training_pose
person030,frontal,0,0,13,frontal_13.png,person030/frontal/frontal_13.png,Model_B,train,pose_diverse,0,frontal,seen_training_pose
person030,frontal,0,0,20,frontal_20.png,person030/frontal/frontal_20.png,Model_B,train,pose_diverse,0,frontal,seen_training_pose
person030,right,30,30,10,30_degree10.png,person030/right/30_degree10.png,Model_B,train,pose_diverse,30,right,seen_training_pose
person030,right,30,30,16,30_degree16.png,person030/right/30_degree16.png,Model_B,train,pose_diverse,30,right,seen_training_pose
person030,right,60,60,8,60_degree08.png,person030/right/60_degree08.png,Model_B,train,pose_diverse,60,right,seen_training_pose
person030,right,60,60,17,60_degree17.png,person030/right/60_degree17.png,Model_B,train,pose_diverse,60,right,seen_training_pose
person031,left,60,-60,13,60_degree_13.png,person031/left/60_degree_13.png,Model_B,train,pose_diverse,60,left,seen_training_pose
person031,left,60,-60,17,60_degree_17.png,person031/left/60_degree_17.png,Model_B,train,pose_diverse,60,left,seen_training_pose
person031,left,30,-30,6,30_degree_06.png,person031/left/30_degree_06.png,Model_B,train,pose_diverse,30,left,seen_training_pose
person031,left,30,-30,20,30_degree_20.png,person031/left/30_degree_20.png,Model_B,train,pose_diverse,30,left,seen_training_pose
person031,frontal,0,0,7,frontal_07.png,person031/frontal/frontal_07.png,Model_B,train,pose_diverse,0,frontal,seen_training_pose
person031,frontal,0,0,8,frontal_08.png,person031/frontal/frontal_08.png,Model_B,train,pose_diverse,0,frontal,seen_training_pose
person031,frontal,0,0,10,frontal_10.png,person031/frontal/frontal_10.png,Model_B,train,pose_diverse,0,frontal,seen_training_pose
person031,frontal,0,0,11,frontal_11.png,person031/frontal/frontal_11.png,Model_B,train,pose_diverse,0,frontal,seen_training_pose
person031,right,30,30,4,30_degree04.png,person031/right/30_degree04.png,Model_B,train,pose_diverse,30,right,seen_training_pose
person031,right,30,30,15,30_degree15.png,person031/right/30_degree15.png,Model_B,train,pose_diverse,30,right,seen_training_pose
person031,right,60,60,1,60_degree01.png,person031/right/60_degree01.png,Model_B,train,pose_diverse,60,right,seen_training_pose
person031,right,60,60,16,60_degree16.png,person031/right/60_degree16.png,Model_B,train,pose_diverse,60,right,seen_training_pose
person032,left,60,-60,13,60_degree_13.png,person032/left/60_degree_13.png,Model_B,train,pose_diverse,60,left,seen_training_pose
person032,left,60,-60,20,60_degree_20.png,person032/left/60_degree_20.png,Model_B,train,pose_diverse,60,left,seen_training_pose
person032,left,30,-30,1,30_degree_01.png,person032/left/30_degree_01.png,Model_B,train,pose_diverse,30,left,seen_training_pose
person032,left,30,-30,6,30_degree_06.png,person032/left/30_degree_06.png,Model_B,train,pose_diverse,30,left,seen_training_pose
person032,frontal,0,0,8,frontal_08.png,person032/frontal/frontal_08.png,Model_B,train,pose_diverse,0,frontal,seen_training_pose
person032,frontal,0,0,10,frontal_10.png,person032/frontal/frontal_10.png,Model_B,train,pose_diverse,0,frontal,seen_training_pose
person032,frontal,0,0,11,frontal_11.png,person032/frontal/frontal_11.png,Model_B,train,pose_diverse,0,frontal,seen_training_pose
person032,frontal,0,0,15,frontal_15.png,person032/frontal/frontal_15.png,Model_B,train,pose_diverse,0,frontal,seen_training_pose
person032,right,30,30,7,30_degree07.png,person032/right/30_degree07.png,Model_B,train,pose_diverse,30,right,seen_training_pose
person032,right,30,30,17,30_degree17.png,person032/right/30_degree17.png,Model_B,train,pose_diverse,30,right,seen_training_pose
person032,right,60,60,4,60_degree04.png,person032/right/60_degree04.png,Model_B,train,pose_diverse,60,right,seen_training_pose
person032,right,60,60,16,60_degree16.png,person032/right/60_degree16.png,Model_B,train,pose_diverse,60,right,seen_training_pose
person033,left,60,-60,4,60_degree_04.png,person033/left/60_degree_04.png,Model_B,train,pose_diverse,60,left,seen_training_pose
person033,left,60,-60,17,60_degree_17.png,person033/left/60_degree_17.png,Model_B,train,pose_diverse,60,left,seen_training_pose
person033,left,30,-30,1,30_degree_01.png,person033/left/30_degree_01.png,Model_B,train,pose_diverse,30,left,seen_training_pose
person033,left,30,-30,8,30_degree_08.png,person033/left/30_degree_08.png,Model_B,train,pose_diverse,30,left,seen_training_pose
person033,frontal,0,0,6,frontal_06.png,person033/frontal/frontal_06.png,Model_B,train,pose_diverse,0,frontal,seen_training_pose
person033,frontal,0,0,10,frontal_10.png,person033/frontal/frontal_10.png,Model_B,train,pose_diverse,0,frontal,seen_training_pose
person033,frontal,0,0,11,frontal_11.png,person033/frontal/frontal_11.png,Model_B,train,pose_diverse,0,frontal,seen_training_pose
person033,frontal,0,0,16,frontal_16.png,person033/frontal/frontal_16.png,Model_B,train,pose_diverse,0,frontal,seen_training_pose
person033,right,30,30,13,30_degree13.png,person033/right/30_degree13.png,Model_B,train,pose_diverse,30,right,seen_training_pose
person033,right,30,30,20,30_degree20.png,person033/right/30_degree20.png,Model_B,train,pose_diverse,30,right,seen_training_pose
person033,right,60,60,7,60_degree07.png,person033/right/60_degree07.png,Model_B,train,pose_diverse,60,right,seen_training_pose
person033,right,60,60,15,60_degree15.png,person033/right/60_degree15.png,Model_B,train,pose_diverse,60,right,seen_training_pose
person034,left,60,-60,4,60_degree_04.png,person034/left/60_degree_04.png,Model_B,train,pose_diverse,60,left,seen_training_pose
person034,left,60,-60,16,60_degree_16.png,person034/left/60_degree_16.png,Model_B,train,pose_diverse,60,left,seen_training_pose
person034,left,30,-30,6,30_degree_06.png,person034/left/30_degree_06.png,Model_B,train,pose_diverse,30,left,seen_training_pose
person034,left,30,-30,17,30_degree_17.png,person034/left/30_degree_17.png,Model_B,train,pose_diverse,30,left,seen_training_pose
person034,frontal,0,0,8,frontal_08.png,person034/frontal/frontal_08.png,Model_B,train,pose_diverse,0,frontal,seen_training_pose
person034,frontal,0,0,11,frontal_11.png,person034/frontal/frontal_11.png,Model_B,train,pose_diverse,0,frontal,seen_training_pose
person034,frontal,0,0,15,frontal_15.png,person034/frontal/frontal_15.png,Model_B,train,pose_diverse,0,frontal,seen_training_pose
person034,frontal,0,0,20,frontal_20.png,person034/frontal/frontal_20.png,Model_B,train,pose_diverse,0,frontal,seen_training_pose
person034,right,30,30,7,30_degree07.png,person034/right/30_degree07.png,Model_B,train,pose_diverse,30,right,seen_training_pose
person034,right,30,30,10,30_degree10.png,person034/right/30_degree10.png,Model_B,train,pose_diverse,30,right,seen_training_pose
person034,right,60,60,1,60_degree01.png,person034/right/60_degree01.png,Model_B,train,pose_diverse,60,right,seen_training_pose
person034,right,60,60,13,60_degree13.png,person034/right/60_degree13.png,Model_B,train,pose_diverse,60,right,seen_training_pose
person035,left,60,-60,8,60_degree_08.png,person035/left/60_degree_08.png,Model_B,train,pose_diverse,60,left,seen_training_pose
person035,left,60,-60,10,60_degree_10.png,person035/left/60_degree_10.png,Model_B,train,pose_diverse,60,left,seen_training_pose
person035,left,30,-30,4,30_degree_04.png,person035/left/30_degree_04.png,Model_B,train,pose_diverse,30,left,seen_training_pose
person035,left,30,-30,13,30_degree_13.png,person035/left/30_degree_13.png,Model_B,train,pose_diverse,30,left,seen_training_pose
person035,frontal,0,0,1,frontal_01.png,person035/frontal/frontal_01.png,Model_B,train,pose_diverse,0,frontal,seen_training_pose
person035,frontal,0,0,6,frontal_06.png,person035/frontal/frontal_06.png,Model_B,train,pose_diverse,0,frontal,seen_training_pose
person035,frontal,0,0,7,frontal_07.png,person035/frontal/frontal_07.png,Model_B,train,pose_diverse,0,frontal,seen_training_pose
person035,frontal,0,0,17,frontal_17.png,person035/frontal/frontal_17.png,Model_B,train,pose_diverse,0,frontal,seen_training_pose
person035,right,30,30,15,30_degree15.png,person035/right/30_degree15.png,Model_B,train,pose_diverse,30,right,seen_training_pose
person035,right,30,30,20,30_degree20.png,person035/right/30_degree20.png,Model_B,train,pose_diverse,30,right,seen_training_pose
person035,right,60,60,11,60_degree11.png,person035/right/60_degree11.png,Model_B,train,pose_diverse,60,right,seen_training_pose
person035,right,60,60,16,60_degree16.png,person035/right/60_degree16.png,Model_B,train,pose_diverse,60,right,seen_training_pose
person036,left,60,-60,13,60_degree_13.png,person036/left/60_degree_13.png,Model_B,train,pose_diverse,60,left,seen_training_pose
person036,left,60,-60,20,60_degree_20.png,person036/left/60_degree_20.png,Model_B,train,pose_diverse,60,left,seen_training_pose
person036,left,30,-30,4,30_degree_04.png,person036/left/30_degree_04.png,Model_B,train,pose_diverse,30,left,seen_training_pose
person036,left,30,-30,16,30_degree_16.png,person036/left/30_degree_16.png,Model_B,train,pose_diverse,30,left,seen_training_pose
person036,frontal,0,0,7,frontal_07.png,person036/frontal/frontal_07.png,Model_B,train,pose_diverse,0,frontal,seen_training_pose
person036,frontal,0,0,10,frontal_10.png,person036/frontal/frontal_10.png,Model_B,train,pose_diverse,0,frontal,seen_training_pose
person036,frontal,0,0,11,frontal_11.png,person036/frontal/frontal_11.png,Model_B,train,pose_diverse,0,frontal,seen_training_pose
person036,frontal,0,0,15,frontal_15.png,person036/frontal/frontal_15.png,Model_B,train,pose_diverse,0,frontal,seen_training_pose
person036,right,30,30,1,30_degree01.png,person036/right/30_degree01.png,Model_B,train,pose_diverse,30,right,seen_training_pose
person036,right,30,30,17,30_degree17.png,person036/right/30_degree17.png,Model_B,train,pose_diverse,30,right,seen_training_pose
person036,right,60,60,6,60_degree06.png,person036/right/60_degree06.png,Model_B,train,pose_diverse,60,right,seen_training_pose
person036,right,60,60,8,60_degree08.png,person036/right/60_degree08.png,Model_B,train,pose_diverse,60,right,seen_training_pose
person037,left,60,-60,7,60_degree_07.png,person037/left/60_degree_07.png,Model_B,train,pose_diverse,60,left,seen_training_pose
person037,left,60,-60,16,60_degree_16.png,person037/left/60_degree_16.png,Model_B,train,pose_diverse,60,left,seen_training_pose
person037,left,30,-30,8,30_degree_08.png,person037/left/30_degree_08.png,Model_B,train,pose_diverse,30,left,seen_training_pose
person037,left,30,-30,13,30_degree_13.png,person037/left/30_degree_13.png,Model_B,train,pose_diverse,30,left,seen_training_pose
person037,frontal,0,0,4,frontal_04.png,person037/frontal/frontal_04.png,Model_B,train,pose_diverse,0,frontal,seen_training_pose
person037,frontal,0,0,6,frontal_06.png,person037/frontal/frontal_06.png,Model_B,train,pose_diverse,0,frontal,seen_training_pose
person037,frontal,0,0,11,frontal_11.png,person037/frontal/frontal_11.png,Model_B,train,pose_diverse,0,frontal,seen_training_pose
person037,frontal,0,0,17,frontal_17.png,person037/frontal/frontal_17.png,Model_B,train,pose_diverse,0,frontal,seen_training_pose
person037,right,30,30,10,30_degree10.png,person037/right/30_degree10.png,Model_B,train,pose_diverse,30,right,seen_training_pose
person037,right,30,30,20,30_degree20.png,person037/right/30_degree20.png,Model_B,train,pose_diverse,30,right,seen_training_pose
person037,right,60,60,1,60_degree01.png,person037/right/60_degree01.png,Model_B,train,pose_diverse,60,right,seen_training_pose
person037,right,60,60,15,60_degree15.png,person037/right/60_degree15.png,Model_B,train,pose_diverse,60,right,seen_training_pose
person038,left,60,-60,6,60_degree_06.png,person038/left/60_degree_06.png,Model_B,train,pose_diverse,60,left,seen_training_pose
person038,left,60,-60,17,60_degree_17.png,person038/left/60_degree_17.png,Model_B,train,pose_diverse,60,left,seen_training_pose
person038,left,30,-30,1,30_degree_01.png,person038/left/30_degree_01.png,Model_B,train,pose_diverse,30,left,seen_training_pose
person038,left,30,-30,8,30_degree_08.png,person038/left/30_degree_08.png,Model_B,train,pose_diverse,30,left,seen_training_pose
person038,frontal,0,0,4,frontal_04.png,person038/frontal/frontal_04.png,Model_B,train,pose_diverse,0,frontal,seen_training_pose
person038,frontal,0,0,13,frontal_13.png,person038/frontal/frontal_13.png,Model_B,train,pose_diverse,0,frontal,seen_training_pose
person038,frontal,0,0,15,frontal_15.png,person038/frontal/frontal_15.png,Model_B,train,pose_diverse,0,frontal,seen_training_pose
person038,frontal,0,0,16,frontal_16.png,person038/frontal/frontal_16.png,Model_B,train,pose_diverse,0,frontal,seen_training_pose
person038,right,30,30,7,30_degree07.png,person038/right/30_degree07.png,Model_B,train,pose_diverse,30,right,seen_training_pose
person038,right,30,30,20,30_degree20.png,person038/right/30_degree20.png,Model_B,train,pose_diverse,30,right,seen_training_pose
person038,right,60,60,10,60_degree10.png,person038/right/60_degree10.png,Model_B,train,pose_diverse,60,right,seen_training_pose
person038,right,60,60,11,60_degree11.png,person038/right/60_degree11.png,Model_B,train,pose_diverse,60,right,seen_training_pose
person039,left,60,-60,6,60_degree_06.png,person039/left/60_degree_06.png,Model_B,train,pose_diverse,60,left,seen_training_pose
person039,left,60,-60,10,60_degree_10.png,person039/left/60_degree_10.png,Model_B,train,pose_diverse,60,left,seen_training_pose
person039,left,30,-30,1,30_degree_01.png,person039/left/30_degree_01.png,Model_B,train,pose_diverse,30,left,seen_training_pose
person039,left,30,-30,15,30_degree_15.png,person039/left/30_degree_15.png,Model_B,train,pose_diverse,30,left,seen_training_pose
person039,frontal,0,0,4,frontal_04.png,person039/frontal/frontal_04.png,Model_B,train,pose_diverse,0,frontal,seen_training_pose
person039,frontal,0,0,11,frontal_11.png,person039/frontal/frontal_11.png,Model_B,train,pose_diverse,0,frontal,seen_training_pose
person039,frontal,0,0,13,frontal_13.png,person039/frontal/frontal_13.png,Model_B,train,pose_diverse,0,frontal,seen_training_pose
person039,frontal,0,0,16,frontal_16.png,person039/frontal/frontal_16.png,Model_B,train,pose_diverse,0,frontal,seen_training_pose
person039,right,30,30,8,30_degree08.png,person039/right/30_degree08.png,Model_B,train,pose_diverse,30,right,seen_training_pose
person039,right,30,30,17,30_degree17.png,person039/right/30_degree17.png,Model_B,train,pose_diverse,30,right,seen_training_pose
person039,right,60,60,7,60_degree07.png,person039/right/60_degree07.png,Model_B,train,pose_diverse,60,right,seen_training_pose
person039,right,60,60,20,60_degree20.png,person039/right/60_degree20.png,Model_B,train,pose_diverse,60,right,seen_training_pose
person040,left,60,-60,1,60_degree_01.png,person040/left/60_degree_01.png,Model_B,train,pose_diverse,60,left,seen_training_pose
person040,left,60,-60,16,60_degree_16.png,person040/left/60_degree_16.png,Model_B,train,pose_diverse,60,left,seen_training_pose
person040,left,30,-30,13,30_degree_13.png,person040/left/30_degree_13.png,Model_B,train,pose_diverse,30,left,seen_training_pose
person040,left,30,-30,20,30_degree_20.png,person040/left/30_degree_20.png,Model_B,train,pose_diverse,30,left,seen_training_pose
person040,frontal,0,0,6,frontal_06.png,person040/frontal/frontal_06.png,Model_B,train,pose_diverse,0,frontal,seen_training_pose
person040,frontal,0,0,10,frontal_10.png,person040/frontal/frontal_10.png,Model_B,train,pose_diverse,0,frontal,seen_training_pose
person040,frontal,0,0,11,frontal_11.png,person040/frontal/frontal_11.png,Model_B,train,pose_diverse,0,frontal,seen_training_pose
person040,frontal,0,0,15,frontal_15.png,person040/frontal/frontal_15.png,Model_B,train,pose_diverse,0,frontal,seen_training_pose
person040,right,30,30,4,30_degree04.png,person040/right/30_degree04.png,Model_B,train,pose_diverse,30,right,seen_training_pose
person040,right,30,30,17,30_degree17.png,person040/right/30_degree17.png,Model_B,train,pose_diverse,30,right,seen_training_pose
person040,right,60,60,7,60_degree07.png,person040/right/60_degree07.png,Model_B,train,pose_diverse,60,right,seen_training_pose
person040,right,60,60,8,60_degree08.png,person040/right/60_degree08.png,Model_B,train,pose_diverse,60,right,seen_training_pose
person041,left,60,-60,8,60_degree_08.png,person041/left/60_degree_08.png,Model_B,train,pose_diverse,60,left,seen_training_pose
person041,left,60,-60,16,60_degree_16.png,person041/left/60_degree_16.png,Model_B,train,pose_diverse,60,left,seen_training_pose
person041,left,30,-30,1,30_degree_01.png,person041/left/30_degree_01.png,Model_B,train,pose_diverse,30,left,seen_training_pose
person041,left,30,-30,17,30_degree_17.png,person041/left/30_degree_17.png,Model_B,train,pose_diverse,30,left,seen_training_pose
person041,frontal,0,0,6,frontal_06.png,person041/frontal/frontal_06.png,Model_B,train,pose_diverse,0,frontal,seen_training_pose
person041,frontal,0,0,10,frontal_10.png,person041/frontal/frontal_10.png,Model_B,train,pose_diverse,0,frontal,seen_training_pose
person041,frontal,0,0,11,frontal_11.png,person041/frontal/frontal_11.png,Model_B,train,pose_diverse,0,frontal,seen_training_pose
person041,frontal,0,0,20,frontal_20.png,person041/frontal/frontal_20.png,Model_B,train,pose_diverse,0,frontal,seen_training_pose
person041,right,30,30,4,30_degree04.png,person041/right/30_degree04.png,Model_B,train,pose_diverse,30,right,seen_training_pose
person041,right,30,30,7,30_degree07.png,person041/right/30_degree07.png,Model_B,train,pose_diverse,30,right,seen_training_pose
person041,right,60,60,13,60_degree13.png,person041/right/60_degree13.png,Model_B,train,pose_diverse,60,right,seen_training_pose
person041,right,60,60,15,60_degree15.png,person041/right/60_degree15.png,Model_B,train,pose_diverse,60,right,seen_training_pose
person042,left,60,-60,6,60_degree_06.png,person042/left/60_degree_06.png,Model_B,train,pose_diverse,60,left,seen_training_pose
person042,left,60,-60,17,60_degree_17.png,person042/left/60_degree_17.png,Model_B,train,pose_diverse,60,left,seen_training_pose
person042,left,30,-30,10,30_degree_10.png,person042/left/30_degree_10.png,Model_B,train,pose_diverse,30,left,seen_training_pose
person042,left,30,-30,15,30_degree_15.png,person042/left/30_degree_15.png,Model_B,train,pose_diverse,30,left,seen_training_pose
person042,frontal,0,0,7,frontal_07.png,person042/frontal/frontal_07.png,Model_B,train,pose_diverse,0,frontal,seen_training_pose
person042,frontal,0,0,13,frontal_13.png,person042/frontal/frontal_13.png,Model_B,train,pose_diverse,0,frontal,seen_training_pose
person042,frontal,0,0,16,frontal_16.png,person042/frontal/frontal_16.png,Model_B,train,pose_diverse,0,frontal,seen_training_pose
person042,frontal,0,0,20,frontal_20.png,person042/frontal/frontal_20.png,Model_B,train,pose_diverse,0,frontal,seen_training_pose
person042,right,30,30,1,30_degree01.png,person042/right/30_degree01.png,Model_B,train,pose_diverse,30,right,seen_training_pose
person042,right,30,30,8,30_degree08.png,person042/right/30_degree08.png,Model_B,train,pose_diverse,30,right,seen_training_pose
person042,right,60,60,4,60_degree04.png,person042/right/60_degree04.png,Model_B,train,pose_diverse,60,right,seen_training_pose
person042,right,60,60,11,60_degree11.png,person042/right/60_degree11.png,Model_B,train,pose_diverse,60,right,seen_training_pose
person043,left,60,-60,8,60_degree_08.png,person043/left/60_degree_08.png,Model_B,train,pose_diverse,60,left,seen_training_pose
person043,left,60,-60,20,60_degree_20.png,person043/left/60_degree_20.png,Model_B,train,pose_diverse,60,left,seen_training_pose
person043,left,30,-30,6,30_degree_06.png,person043/left/30_degree_06.png,Model_B,train,pose_diverse,30,left,seen_training_pose
person043,left,30,-30,16,30_degree_16.png,person043/left/30_degree_16.png,Model_B,train,pose_diverse,30,left,seen_training_pose
person043,frontal,0,0,1,frontal_01.png,person043/frontal/frontal_01.png,Model_B,train,pose_diverse,0,frontal,seen_training_pose
person043,frontal,0,0,7,frontal_07.png,person043/frontal/frontal_07.png,Model_B,train,pose_diverse,0,frontal,seen_training_pose
person043,frontal,0,0,11,frontal_11.png,person043/frontal/frontal_11.png,Model_B,train,pose_diverse,0,frontal,seen_training_pose
person043,frontal,0,0,15,frontal_15.png,person043/frontal/frontal_15.png,Model_B,train,pose_diverse,0,frontal,seen_training_pose
person043,right,30,30,4,30_degree04.png,person043/right/30_degree04.png,Model_B,train,pose_diverse,30,right,seen_training_pose
person043,right,30,30,17,30_degree17.png,person043/right/30_degree17.png,Model_B,train,pose_diverse,30,right,seen_training_pose
person043,right,60,60,10,60_degree10.png,person043/right/60_degree10.png,Model_B,train,pose_diverse,60,right,seen_training_pose
person043,right,60,60,13,60_degree13.png,person043/right/60_degree13.png,Model_B,train,pose_diverse,60,right,seen_training_pose
person044,left,60,-60,10,60_degree_10.png,person044/left/60_degree_10.png,Model_B,train,pose_diverse,60,left,seen_training_pose
person044,left,60,-60,11,60_degree_11.png,person044/left/60_degree_11.png,Model_B,train,pose_diverse,60,left,seen_training_pose
person044,left,30,-30,7,30_degree_07.png,person044/left/30_degree_07.png,Model_B,train,pose_diverse,30,left,seen_training_pose
person044,left,30,-30,15,30_degree_15.png,person044/left/30_degree_15.png,Model_B,train,pose_diverse,30,left,seen_training_pose
person044,frontal,0,0,6,frontal_06.png,person044/frontal/frontal_06.png,Model_B,train,pose_diverse,0,frontal,seen_training_pose
person044,frontal,0,0,8,frontal_08.png,person044/frontal/frontal_08.png,Model_B,train,pose_diverse,0,frontal,seen_training_pose
person044,frontal,0,0,17,frontal_17.png,person044/frontal/frontal_17.png,Model_B,train,pose_diverse,0,frontal,seen_training_pose
person044,frontal,0,0,20,frontal_20.png,person044/frontal/frontal_20.png,Model_B,train,pose_diverse,0,frontal,seen_training_pose
person044,right,30,30,1,30_degree01.png,person044/right/30_degree01.png,Model_B,train,pose_diverse,30,right,seen_training_pose
person044,right,30,30,4,30_degree04.png,person044/right/30_degree04.png,Model_B,train,pose_diverse,30,right,seen_training_pose
person044,right,60,60,13,60_degree13.png,person044/right/60_degree13.png,Model_B,train,pose_diverse,60,right,seen_training_pose
person044,right,60,60,16,60_degree16.png,person044/right/60_degree16.png,Model_B,train,pose_diverse,60,right,seen_training_pose
person045,left,60,-60,13,60_degree_13.png,person045/left/60_degree_13.png,Model_B,train,pose_diverse,60,left,seen_training_pose
person045,left,60,-60,15,60_degree_15.png,person045/left/60_degree_15.png,Model_B,train,pose_diverse,60,left,seen_training_pose
person045,left,30,-30,6,30_degree_06.png,person045/left/30_degree_06.png,Model_B,train,pose_diverse,30,left,seen_training_pose
person045,left,30,-30,20,30_degree_20.png,person045/left/30_degree_20.png,Model_B,train,pose_diverse,30,left,seen_training_pose
person045,frontal,0,0,1,frontal_01.png,person045/frontal/frontal_01.png,Model_B,train,pose_diverse,0,frontal,seen_training_pose
person045,frontal,0,0,4,frontal_04.png,person045/frontal/frontal_04.png,Model_B,train,pose_diverse,0,frontal,seen_training_pose
person045,frontal,0,0,7,frontal_07.png,person045/frontal/frontal_07.png,Model_B,train,pose_diverse,0,frontal,seen_training_pose
person045,frontal,0,0,11,frontal_11.png,person045/frontal/frontal_11.png,Model_B,train,pose_diverse,0,frontal,seen_training_pose
person045,right,30,30,16,30_degree16.png,person045/right/30_degree16.png,Model_B,train,pose_diverse,30,right,seen_training_pose
person045,right,30,30,17,30_degree17.png,person045/right/30_degree17.png,Model_B,train,pose_diverse,30,right,seen_training_pose
person045,right,60,60,8,60_degree08.png,person045/right/60_degree08.png,Model_B,train,pose_diverse,60,right,seen_training_pose
person045,right,60,60,10,60_degree10.png,person045/right/60_degree10.png,Model_B,train,pose_diverse,60,right,seen_training_pose
person046,left,60,-60,1,60_degree_01.png,person046/left/60_degree_01.png,Model_B,train,pose_diverse,60,left,seen_training_pose
person046,left,60,-60,13,60_degree_13.png,person046/left/60_degree_13.png,Model_B,train,pose_diverse,60,left,seen_training_pose
person046,left,30,-30,8,30_degree_08.png,person046/left/30_degree_08.png,Model_B,train,pose_diverse,30,left,seen_training_pose
person046,left,30,-30,15,30_degree_15.png,person046/left/30_degree_15.png,Model_B,train,pose_diverse,30,left,seen_training_pose
person046,frontal,0,0,6,frontal_06.png,person046/frontal/frontal_06.png,Model_B,train,pose_diverse,0,frontal,seen_training_pose
person046,frontal,0,0,11,frontal_11.png,person046/frontal/frontal_11.png,Model_B,train,pose_diverse,0,frontal,seen_training_pose
person046,frontal,0,0,17,frontal_17.png,person046/frontal/frontal_17.png,Model_B,train,pose_diverse,0,frontal,seen_training_pose
person046,frontal,0,0,20,frontal_20.png,person046/frontal/frontal_20.png,Model_B,train,pose_diverse,0,frontal,seen_training_pose
person046,right,30,30,4,30_degree04.png,person046/right/30_degree04.png,Model_B,train,pose_diverse,30,right,seen_training_pose
person046,right,30,30,10,30_degree10.png,person046/right/30_degree10.png,Model_B,train,pose_diverse,30,right,seen_training_pose
person046,right,60,60,7,60_degree07.png,person046/right/60_degree07.png,Model_B,train,pose_diverse,60,right,seen_training_pose
person046,right,60,60,16,60_degree16.png,person046/right/60_degree16.png,Model_B,train,pose_diverse,60,right,seen_training_pose
person047,left,60,-60,13,60_degree_13.png,person047/left/60_degree_13.png,Model_B,train,pose_diverse,60,left,seen_training_pose
person047,left,60,-60,17,60_degree_17.png,person047/left/60_degree_17.png,Model_B,train,pose_diverse,60,left,seen_training_pose
person047,left,30,-30,6,30_degree_06.png,person047/left/30_degree_06.png,Model_B,train,pose_diverse,30,left,seen_training_pose
person047,left,30,-30,11,30_degree_11.png,person047/left/30_degree_11.png,Model_B,train,pose_diverse,30,left,seen_training_pose
person047,frontal,0,0,1,frontal_01.png,person047/frontal/frontal_01.png,Model_B,train,pose_diverse,0,frontal,seen_training_pose
person047,frontal,0,0,4,frontal_04.png,person047/frontal/frontal_04.png,Model_B,train,pose_diverse,0,frontal,seen_training_pose
person047,frontal,0,0,10,frontal_10.png,person047/frontal/frontal_10.png,Model_B,train,pose_diverse,0,frontal,seen_training_pose
person047,frontal,0,0,15,frontal_15.png,person047/frontal/frontal_15.png,Model_B,train,pose_diverse,0,frontal,seen_training_pose
person047,right,30,30,8,30_degree08.png,person047/right/30_degree08.png,Model_B,train,pose_diverse,30,right,seen_training_pose
person047,right,30,30,16,30_degree16.png,person047/right/30_degree16.png,Model_B,train,pose_diverse,30,right,seen_training_pose
person047,right,60,60,7,60_degree07.png,person047/right/60_degree07.png,Model_B,train,pose_diverse,60,right,seen_training_pose
person047,right,60,60,20,60_degree20.png,person047/right/60_degree20.png,Model_B,train,pose_diverse,60,right,seen_training_pose
person048,left,60,-60,6,60_degree_06.png,person048/left/60_degree_06.png,Model_B,train,pose_diverse,60,left,seen_training_pose
person048,left,60,-60,10,60_degree_10.png,person048/left/60_degree_10.png,Model_B,train,pose_diverse,60,left,seen_training_pose
person048,left,30,-30,15,30_degree_15.png,person048/left/30_degree_15.png,Model_B,train,pose_diverse,30,left,seen_training_pose
person048,left,30,-30,17,30_degree_17.png,person048/left/30_degree_17.png,Model_B,train,pose_diverse,30,left,seen_training_pose
person048,frontal,0,0,7,frontal_07.png,person048/frontal/frontal_07.png,Model_B,train,pose_diverse,0,frontal,seen_training_pose
person048,frontal,0,0,11,frontal_11.png,person048/frontal/frontal_11.png,Model_B,train,pose_diverse,0,frontal,seen_training_pose
person048,frontal,0,0,16,frontal_16.png,person048/frontal/frontal_16.png,Model_B,train,pose_diverse,0,frontal,seen_training_pose
person048,frontal,0,0,20,frontal_20.png,person048/frontal/frontal_20.png,Model_B,train,pose_diverse,0,frontal,seen_training_pose
person048,right,30,30,1,30_degree01.png,person048/right/30_degree01.png,Model_B,train,pose_diverse,30,right,seen_training_pose
person048,right,30,30,4,30_degree04.png,person048/right/30_degree04.png,Model_B,train,pose_diverse,30,right,seen_training_pose
person048,right,60,60,8,60_degree08.png,person048/right/60_degree08.png,Model_B,train,pose_diverse,60,right,seen_training_pose
person048,right,60,60,13,60_degree13.png,person048/right/60_degree13.png,Model_B,train,pose_diverse,60,right,seen_training_pose
person049,left,60,-60,1,60_degree_01.png,person049/left/60_degree_01.png,Model_B,train,pose_diverse,60,left,seen_training_pose
person049,left,60,-60,6,60_degree_06.png,person049/left/60_degree_06.png,Model_B,train,pose_diverse,60,left,seen_training_pose
person049,left,30,-30,11,30_degree_11.png,person049/left/30_degree_11.png,Model_B,train,pose_diverse,30,left,seen_training_pose
person049,left,30,-30,17,30_degree_17.png,person049/left/30_degree_17.png,Model_B,train,pose_diverse,30,left,seen_training_pose
person049,frontal,0,0,7,frontal_07.png,person049/frontal/frontal_07.png,Model_B,train,pose_diverse,0,frontal,seen_training_pose
person049,frontal,0,0,8,frontal_08.png,person049/frontal/frontal_08.png,Model_B,train,pose_diverse,0,frontal,seen_training_pose
person049,frontal,0,0,15,frontal_15.png,person049/frontal/frontal_15.png,Model_B,train,pose_diverse,0,frontal,seen_training_pose
person049,frontal,0,0,20,frontal_20.png,person049/frontal/frontal_20.png,Model_B,train,pose_diverse,0,frontal,seen_training_pose
person049,right,30,30,10,30_degree10.png,person049/right/30_degree10.png,Model_B,train,pose_diverse,30,right,seen_training_pose
person049,right,30,30,16,30_degree16.png,person049/right/30_degree16.png,Model_B,train,pose_diverse,30,right,seen_training_pose
person049,right,60,60,4,60_degree04.png,person049/right/60_degree04.png,Model_B,train,pose_diverse,60,right,seen_training_pose
person049,right,60,60,13,60_degree13.png,person049/right/60_degree13.png,Model_B,train,pose_diverse,60,right,seen_training_pose
person050,left,60,-60,7,60_degree_07.png,person050/left/60_degree_07.png,Model_B,train,pose_diverse,60,left,seen_training_pose
person050,left,60,-60,8,60_degree_08.png,person050/left/60_degree_08.png,Model_B,train,pose_diverse,60,left,seen_training_pose
person050,left,30,-30,1,30_degree_01.png,person050/left/30_degree_01.png,Model_B,train,pose_diverse,30,left,seen_training_pose
person050,left,30,-30,11,30_degree_11.png,person050/left/30_degree_11.png,Model_B,train,pose_diverse,30,left,seen_training_pose
person050,frontal,0,0,6,frontal_06.png,person050/frontal/frontal_06.png,Model_B,train,pose_diverse,0,frontal,seen_training_pose
person050,frontal,0,0,13,frontal_13.png,person050/frontal/frontal_13.png,Model_B,train,pose_diverse,0,frontal,seen_training_pose
person050,frontal,0,0,15,frontal_15.png,person050/frontal/frontal_15.png,Model_B,train,pose_diverse,0,frontal,seen_training_pose
person050,frontal,0,0,17,frontal_17.png,person050/frontal/frontal_17.png,Model_B,train,pose_diverse,0,frontal,seen_training_pose
person050,right,30,30,4,30_degree04.png,person050/right/30_degree04.png,Model_B,train,pose_diverse,30,right,seen_training_pose
person050,right,30,30,10,30_degree10.png,person050/right/30_degree10.png,Model_B,train,pose_diverse,30,right,seen_training_pose
person050,right,60,60,16,60_degree16.png,person050/right/60_degree16.png,Model_B,train,pose_diverse,60,right,seen_training_pose
person050,right,60,60,20,60_degree20.png,person050/right/60_degree20.png,Model_B,train,pose_diverse,60,right,seen_training_pose
person051,left,60,-60,1,60_degree_01.png,person051/left/60_degree_01.png,Model_B,train,pose_diverse,60,left,seen_training_pose
person051,left,60,-60,11,60_degree_11.png,person051/left/60_degree_11.png,Model_B,train,pose_diverse,60,left,seen_training_pose
person051,left,30,-30,13,30_degree_13.png,person051/left/30_degree_13.png,Model_B,train,pose_diverse,30,left,seen_training_pose
person051,left,30,-30,17,30_degree_17.png,person051/left/30_degree_17.png,Model_B,train,pose_diverse,30,left,seen_training_pose
person051,frontal,0,0,4,frontal_04.png,person051/frontal/frontal_04.png,Model_B,train,pose_diverse,0,frontal,seen_training_pose
person051,frontal,0,0,7,frontal_07.png,person051/frontal/frontal_07.png,Model_B,train,pose_diverse,0,frontal,seen_training_pose
person051,frontal,0,0,15,frontal_15.png,person051/frontal/frontal_15.png,Model_B,train,pose_diverse,0,frontal,seen_training_pose
person051,frontal,0,0,20,frontal_20.png,person051/frontal/frontal_20.png,Model_B,train,pose_diverse,0,frontal,seen_training_pose
person051,right,30,30,10,30_degree10.png,person051/right/30_degree10.png,Model_B,train,pose_diverse,30,right,seen_training_pose
person051,right,30,30,16,30_degree16.png,person051/right/30_degree16.png,Model_B,train,pose_diverse,30,right,seen_training_pose
person051,right,60,60,6,60_degree06.png,person051/right/60_degree06.png,Model_B,train,pose_diverse,60,right,seen_training_pose
person051,right,60,60,8,60_degree08.png,person051/right/60_degree08.png,Model_B,train,pose_diverse,60,right,seen_training_pose
person052,left,60,-60,6,60_degree_06.png,person052/left/60_degree_06.png,Model_B,train,pose_diverse,60,left,seen_training_pose
person052,left,60,-60,10,60_degree_10.png,person052/left/60_degree_10.png,Model_B,train,pose_diverse,60,left,seen_training_pose
person052,left,30,-30,7,30_degree_07.png,person052/left/30_degree_07.png,Model_B,train,pose_diverse,30,left,seen_training_pose
person052,left,30,-30,20,30_degree_20.png,person052/left/30_degree_20.png,Model_B,train,pose_diverse,30,left,seen_training_pose
person052,frontal,0,0,4,frontal_04.png,person052/frontal/frontal_04.png,Model_B,train,pose_diverse,0,frontal,seen_training_pose
person052,frontal,0,0,13,frontal_13.png,person052/frontal/frontal_13.png,Model_B,train,pose_diverse,0,frontal,seen_training_pose
person052,frontal,0,0,16,frontal_16.png,person052/frontal/frontal_16.png,Model_B,train,pose_diverse,0,frontal,seen_training_pose
person052,frontal,0,0,17,frontal_17.png,person052/frontal/frontal_17.png,Model_B,train,pose_diverse,0,frontal,seen_training_pose
person052,right,30,30,11,30_degree11.png,person052/right/30_degree11.png,Model_B,train,pose_diverse,30,right,seen_training_pose
person052,right,30,30,15,30_degree15.png,person052/right/30_degree15.png,Model_B,train,pose_diverse,30,right,seen_training_pose
person052,right,60,60,1,60_degree01.png,person052/right/60_degree01.png,Model_B,train,pose_diverse,60,right,seen_training_pose
person052,right,60,60,8,60_degree08.png,person052/right/60_degree08.png,Model_B,train,pose_diverse,60,right,seen_training_pose
person053,left,60,-60,1,60_degree_01.png,person053/left/60_degree_01.png,Model_B,train,pose_diverse,60,left,seen_training_pose
person053,left,60,-60,17,60_degree_17.png,person053/left/60_degree_17.png,Model_B,train,pose_diverse,60,left,seen_training_pose
person053,left,30,-30,7,30_degree_07.png,person053/left/30_degree_07.png,Model_B,train,pose_diverse,30,left,seen_training_pose
person053,left,30,-30,16,30_degree_16.png,person053/left/30_degree_16.png,Model_B,train,pose_diverse,30,left,seen_training_pose
person053,frontal,0,0,8,frontal_08.png,person053/frontal/frontal_08.png,Model_B,train,pose_diverse,0,frontal,seen_training_pose
person053,frontal,0,0,11,frontal_11.png,person053/frontal/frontal_11.png,Model_B,train,pose_diverse,0,frontal,seen_training_pose
person053,frontal,0,0,15,frontal_15.png,person053/frontal/frontal_15.png,Model_B,train,pose_diverse,0,frontal,seen_training_pose
person053,frontal,0,0,20,frontal_20.png,person053/frontal/frontal_20.png,Model_B,train,pose_diverse,0,frontal,seen_training_pose
person053,right,30,30,4,30_degree04.png,person053/right/30_degree04.png,Model_B,train,pose_diverse,30,right,seen_training_pose
person053,right,30,30,10,30_degree10.png,person053/right/30_degree10.png,Model_B,train,pose_diverse,30,right,seen_training_pose
person053,right,60,60,6,60_degree06.png,person053/right/60_degree06.png,Model_B,train,pose_diverse,60,right,seen_training_pose
person053,right,60,60,13,60_degree13.png,person053/right/60_degree13.png,Model_B,train,pose_diverse,60,right,seen_training_pose
person054,left,60,-60,15,60_degree_15.png,person054/left/60_degree_15.png,Model_B,train,pose_diverse,60,left,seen_training_pose
person054,left,60,-60,16,60_degree_16.png,person054/left/60_degree_16.png,Model_B,train,pose_diverse,60,left,seen_training_pose
person054,left,30,-30,10,30_degree_10.png,person054/left/30_degree_10.png,Model_B,train,pose_diverse,30,left,seen_training_pose
person054,left,30,-30,11,30_degree_11.png,person054/left/30_degree_11.png,Model_B,train,pose_diverse,30,left,seen_training_pose
person054,frontal,0,0,7,frontal_07.png,person054/frontal/frontal_07.png,Model_B,train,pose_diverse,0,frontal,seen_training_pose
person054,frontal,0,0,8,frontal_08.png,person054/frontal/frontal_08.png,Model_B,train,pose_diverse,0,frontal,seen_training_pose
person054,frontal,0,0,13,frontal_13.png,person054/frontal/frontal_13.png,Model_B,train,pose_diverse,0,frontal,seen_training_pose
person054,frontal,0,0,17,frontal_17.png,person054/frontal/frontal_17.png,Model_B,train,pose_diverse,0,frontal,seen_training_pose
person054,right,30,30,4,30_degree04.png,person054/right/30_degree04.png,Model_B,train,pose_diverse,30,right,seen_training_pose
person054,right,30,30,6,30_degree06.png,person054/right/30_degree06.png,Model_B,train,pose_diverse,30,right,seen_training_pose
person054,right,60,60,1,60_degree01.png,person054/right/60_degree01.png,Model_B,train,pose_diverse,60,right,seen_training_pose
person054,right,60,60,20,60_degree20.png,person054/right/60_degree20.png,Model_B,train,pose_diverse,60,right,seen_training_pose
person055,left,60,-60,6,60_degree_06.png,person055/left/60_degree_06.png,Model_B,train,pose_diverse,60,left,seen_training_pose
person055,left,60,-60,15,60_degree_15.png,person055/left/60_degree_15.png,Model_B,train,pose_diverse,60,left,seen_training_pose
person055,left,30,-30,11,30_degree_11.png,person055/left/30_degree_11.png,Model_B,train,pose_diverse,30,left,seen_training_pose
person055,left,30,-30,13,30_degree_13.png,person055/left/30_degree_13.png,Model_B,train,pose_diverse,30,left,seen_training_pose
person055,frontal,0,0,7,frontal_07.png,person055/frontal/frontal_07.png,Model_B,train,pose_diverse,0,frontal,seen_training_pose
person055,frontal,0,0,8,frontal_08.png,person055/frontal/frontal_08.png,Model_B,train,pose_diverse,0,frontal,seen_training_pose
person055,frontal,0,0,16,frontal_16.png,person055/frontal/frontal_16.png,Model_B,train,pose_diverse,0,frontal,seen_training_pose
person055,frontal,0,0,17,frontal_17.png,person055/frontal/frontal_17.png,Model_B,train,pose_diverse,0,frontal,seen_training_pose
person055,right,30,30,1,30_degree01.png,person055/right/30_degree01.png,Model_B,train,pose_diverse,30,right,seen_training_pose
person055,right,30,30,4,30_degree04.png,person055/right/30_degree04.png,Model_B,train,pose_diverse,30,right,seen_training_pose
person055,right,60,60,10,60_degree10.png,person055/right/60_degree10.png,Model_B,train,pose_diverse,60,right,seen_training_pose
person055,right,60,60,20,60_degree20.png,person055/right/60_degree20.png,Model_B,train,pose_diverse,60,right,seen_training_pose
person056,left,60,-60,6,60_degree_06.png,person056/left/60_degree_06.png,Model_B,train,pose_diverse,60,left,seen_training_pose
person056,left,60,-60,17,60_degree_17.png,person056/left/60_degree_17.png,Model_B,train,pose_diverse,60,left,seen_training_pose
person056,left,30,-30,10,30_degree_10.png,person056/left/30_degree_10.png,Model_B,train,pose_diverse,30,left,seen_training_pose
person056,left,30,-30,15,30_degree_15.png,person056/left/30_degree_15.png,Model_B,train,pose_diverse,30,left,seen_training_pose
person056,frontal,0,0,1,frontal_01.png,person056/frontal/frontal_01.png,Model_B,train,pose_diverse,0,frontal,seen_training_pose
person056,frontal,0,0,8,frontal_08.png,person056/frontal/frontal_08.png,Model_B,train,pose_diverse,0,frontal,seen_training_pose
person056,frontal,0,0,11,frontal_11.png,person056/frontal/frontal_11.png,Model_B,train,pose_diverse,0,frontal,seen_training_pose
person056,frontal,0,0,13,frontal_13.png,person056/frontal/frontal_13.png,Model_B,train,pose_diverse,0,frontal,seen_training_pose
person056,right,30,30,4,30_degree04.png,person056/right/30_degree04.png,Model_B,train,pose_diverse,30,right,seen_training_pose
person056,right,30,30,7,30_degree07.png,person056/right/30_degree07.png,Model_B,train,pose_diverse,30,right,seen_training_pose
person056,right,60,60,16,60_degree16.png,person056/right/60_degree16.png,Model_B,train,pose_diverse,60,right,seen_training_pose
person056,right,60,60,20,60_degree20.png,person056/right/60_degree20.png,Model_B,train,pose_diverse,60,right,seen_training_pose
person057,left,60,-60,13,60_degree_13.png,person057/left/60_degree_13.png,Model_B,train,pose_diverse,60,left,seen_training_pose
person057,left,60,-60,17,60_degree_17.png,person057/left/60_degree_17.png,Model_B,train,pose_diverse,60,left,seen_training_pose
person057,left,30,-30,1,30_degree_01.png,person057/left/30_degree_01.png,Model_B,train,pose_diverse,30,left,seen_training_pose
person057,left,30,-30,15,30_degree_15.png,person057/left/30_degree_15.png,Model_B,train,pose_diverse,30,left,seen_training_pose
person057,frontal,0,0,4,frontal_04.png,person057/frontal/frontal_04.png,Model_B,train,pose_diverse,0,frontal,seen_training_pose
person057,frontal,0,0,7,frontal_07.png,person057/frontal/frontal_07.png,Model_B,train,pose_diverse,0,frontal,seen_training_pose
person057,frontal,0,0,10,frontal_10.png,person057/frontal/frontal_10.png,Model_B,train,pose_diverse,0,frontal,seen_training_pose
person057,frontal,0,0,11,frontal_11.png,person057/frontal/frontal_11.png,Model_B,train,pose_diverse,0,frontal,seen_training_pose
person057,right,30,30,6,30_degree06.png,person057/right/30_degree06.png,Model_B,train,pose_diverse,30,right,seen_training_pose
person057,right,30,30,20,30_degree20.png,person057/right/30_degree20.png,Model_B,train,pose_diverse,30,right,seen_training_pose
person057,right,60,60,8,60_degree08.png,person057/right/60_degree08.png,Model_B,train,pose_diverse,60,right,seen_training_pose
person057,right,60,60,16,60_degree16.png,person057/right/60_degree16.png,Model_B,train,pose_diverse,60,right,seen_training_pose
person058,left,60,-60,1,60_degree_01.png,person058/left/60_degree_01.png,Model_B,train,pose_diverse,60,left,seen_training_pose
person058,left,60,-60,6,60_degree_06.png,person058/left/60_degree_06.png,Model_B,train,pose_diverse,60,left,seen_training_pose
person058,left,30,-30,4,30_degree_04.png,person058/left/30_degree_04.png,Model_B,train,pose_diverse,30,left,seen_training_pose
person058,left,30,-30,11,30_degree_11.png,person058/left/30_degree_11.png,Model_B,train,pose_diverse,30,left,seen_training_pose
person058,frontal,0,0,10,frontal_10.png,person058/frontal/frontal_10.png,Model_B,train,pose_diverse,0,frontal,seen_training_pose
person058,frontal,0,0,13,frontal_13.png,person058/frontal/frontal_13.png,Model_B,train,pose_diverse,0,frontal,seen_training_pose
person058,frontal,0,0,17,frontal_17.png,person058/frontal/frontal_17.png,Model_B,train,pose_diverse,0,frontal,seen_training_pose
person058,frontal,0,0,20,frontal_20.png,person058/frontal/frontal_20.png,Model_B,train,pose_diverse,0,frontal,seen_training_pose
person058,right,30,30,7,30_degree07.png,person058/right/30_degree07.png,Model_B,train,pose_diverse,30,right,seen_training_pose
person058,right,30,30,15,30_degree15.png,person058/right/30_degree15.png,Model_B,train,pose_diverse,30,right,seen_training_pose
person058,right,60,60,8,60_degree08.png,person058/right/60_degree08.png,Model_B,train,pose_diverse,60,right,seen_training_pose
person058,right,60,60,16,60_degree16.png,person058/right/60_degree16.png,Model_B,train,pose_diverse,60,right,seen_training_pose
person059,left,60,-60,10,60_degree_10.png,person059/left/60_degree_10.png,Model_B,train,pose_diverse,60,left,seen_training_pose
person059,left,60,-60,13,60_degree_13.png,person059/left/60_degree_13.png,Model_B,train,pose_diverse,60,left,seen_training_pose
person059,left,30,-30,1,30_degree_01.png,person059/left/30_degree_01.png,Model_B,train,pose_diverse,30,left,seen_training_pose
person059,left,30,-30,11,30_degree_11.png,person059/left/30_degree_11.png,Model_B,train,pose_diverse,30,left,seen_training_pose
person059,frontal,0,0,6,frontal_06.png,person059/frontal/frontal_06.png,Model_B,train,pose_diverse,0,frontal,seen_training_pose
person059,frontal,0,0,7,frontal_07.png,person059/frontal/frontal_07.png,Model_B,train,pose_diverse,0,frontal,seen_training_pose
person059,frontal,0,0,17,frontal_17.png,person059/frontal/frontal_17.png,Model_B,train,pose_diverse,0,frontal,seen_training_pose
person059,frontal,0,0,20,frontal_20.png,person059/frontal/frontal_20.png,Model_B,train,pose_diverse,0,frontal,seen_training_pose
person059,right,30,30,8,30_degree08.png,person059/right/30_degree08.png,Model_B,train,pose_diverse,30,right,seen_training_pose
person059,right,30,30,15,30_degree15.png,person059/right/30_degree15.png,Model_B,train,pose_diverse,30,right,seen_training_pose
person059,right,60,60,4,60_degree04.png,person059/right/60_degree04.png,Model_B,train,pose_diverse,60,right,seen_training_pose
person059,right,60,60,16,60_degree16.png,person059/right/60_degree16.png,Model_B,train,pose_diverse,60,right,seen_training_pose
person060,left,60,-60,11,60_degree_11.png,person060/left/60_degree_11.png,Model_B,train,pose_diverse,60,left,seen_training_pose
person060,left,60,-60,15,60_degree_15.png,person060/left/60_degree_15.png,Model_B,train,pose_diverse,60,left,seen_training_pose
person060,left,30,-30,7,30_degree_07.png,person060/left/30_degree_07.png,Model_B,train,pose_diverse,30,left,seen_training_pose
person060,left,30,-30,17,30_degree_17.png,person060/left/30_degree_17.png,Model_B,train,pose_diverse,30,left,seen_training_pose
person060,frontal,0,0,1,frontal_01.png,person060/frontal/frontal_01.png,Model_B,train,pose_diverse,0,frontal,seen_training_pose
person060,frontal,0,0,10,frontal_10.png,person060/frontal/frontal_10.png,Model_B,train,pose_diverse,0,frontal,seen_training_pose
person060,frontal,0,0,16,frontal_16.png,person060/frontal/frontal_16.png,Model_B,train,pose_diverse,0,frontal,seen_training_pose
person060,frontal,0,0,20,frontal_20.png,person060/frontal/frontal_20.png,Model_B,train,pose_diverse,0,frontal,seen_training_pose
person060,right,30,30,4,30_degree04.png,person060/right/30_degree04.png,Model_B,train,pose_diverse,30,right,seen_training_pose
person060,right,30,30,6,30_degree06.png,person060/right/30_degree06.png,Model_B,train,pose_diverse,30,right,seen_training_pose
person060,right,60,60,8,60_degree08.png,person060/right/60_degree08.png,Model_B,train,pose_diverse,60,right,seen_training_pose
person060,right,60,60,13,60_degree13.png,person060/right/60_degree13.png,Model_B,train,pose_diverse,60,right,seen_training_pose
person061,left,60,-60,1,60_degree_01.png,person061/left/60_degree_01.png,Model_B,train,pose_diverse,60,left,seen_training_pose
person061,left,60,-60,11,60_degree_11.png,person061/left/60_degree_11.png,Model_B,train,pose_diverse,60,left,seen_training_pose
person061,left,30,-30,4,30_degree_04.png,person061/left/30_degree_04.png,Model_B,train,pose_diverse,30,left,seen_training_pose
person061,left,30,-30,7,30_degree_07.png,person061/left/30_degree_07.png,Model_B,train,pose_diverse,30,left,seen_training_pose
person061,frontal,0,0,10,frontal_10.png,person061/frontal/frontal_10.png,Model_B,train,pose_diverse,0,frontal,seen_training_pose
person061,frontal,0,0,13,frontal_13.png,person061/frontal/frontal_13.png,Model_B,train,pose_diverse,0,frontal,seen_training_pose
person061,frontal,0,0,17,frontal_17.png,person061/frontal/frontal_17.png,Model_B,train,pose_diverse,0,frontal,seen_training_pose
person061,frontal,0,0,20,frontal_20.png,person061/frontal/frontal_20.png,Model_B,train,pose_diverse,0,frontal,seen_training_pose
person061,right,30,30,8,30_degree08.png,person061/right/30_degree08.png,Model_B,train,pose_diverse,30,right,seen_training_pose
person061,right,30,30,16,30_degree16.png,person061/right/30_degree16.png,Model_B,train,pose_diverse,30,right,seen_training_pose
person061,right,60,60,6,60_degree06.png,person061/right/60_degree06.png,Model_B,train,pose_diverse,60,right,seen_training_pose
person061,right,60,60,15,60_degree15.png,person061/right/60_degree15.png,Model_B,train,pose_diverse,60,right,seen_training_pose
person062,left,60,-60,7,60_degree_07.png,person062/left/60_degree_07.png,Model_B,train,pose_diverse,60,left,seen_training_pose
person062,left,60,-60,16,60_degree_16.png,person062/left/60_degree_16.png,Model_B,train,pose_diverse,60,left,seen_training_pose
person062,left,30,-30,17,30_degree_17.png,person062/left/30_degree_17.png,Model_B,train,pose_diverse,30,left,seen_training_pose
person062,left,30,-30,20,30_degree_20.png,person062/left/30_degree_20.png,Model_B,train,pose_diverse,30,left,seen_training_pose
person062,frontal,0,0,1,frontal_01.png,person062/frontal/frontal_01.png,Model_B,train,pose_diverse,0,frontal,seen_training_pose
person062,frontal,0,0,6,frontal_06.png,person062/frontal/frontal_06.png,Model_B,train,pose_diverse,0,frontal,seen_training_pose
person062,frontal,0,0,8,frontal_08.png,person062/frontal/frontal_08.png,Model_B,train,pose_diverse,0,frontal,seen_training_pose
person062,frontal,0,0,13,frontal_13.png,person062/frontal/frontal_13.png,Model_B,train,pose_diverse,0,frontal,seen_training_pose
person062,right,30,30,4,30_degree04.png,person062/right/30_degree04.png,Model_B,train,pose_diverse,30,right,seen_training_pose
person062,right,30,30,15,30_degree15.png,person062/right/30_degree15.png,Model_B,train,pose_diverse,30,right,seen_training_pose
person062,right,60,60,10,60_degree10.png,person062/right/60_degree10.png,Model_B,train,pose_diverse,60,right,seen_training_pose
person062,right,60,60,11,60_degree11.png,person062/right/60_degree11.png,Model_B,train,pose_diverse,60,right,seen_training_pose
person063,left,60,-60,13,60_degree_13.png,person063/left/60_degree_13.png,Model_B,train,pose_diverse,60,left,seen_training_pose
person063,left,60,-60,15,60_degree_15.png,person063/left/60_degree_15.png,Model_B,train,pose_diverse,60,left,seen_training_pose
person063,left,30,-30,11,30_degree_11.png,person063/left/30_degree_11.png,Model_B,train,pose_diverse,30,left,seen_training_pose
person063,left,30,-30,16,30_degree_16.png,person063/left/30_degree_16.png,Model_B,train,pose_diverse,30,left,seen_training_pose
person063,frontal,0,0,4,frontal_04.png,person063/frontal/frontal_04.png,Model_B,train,pose_diverse,0,frontal,seen_training_pose
person063,frontal,0,0,6,frontal_06.png,person063/frontal/frontal_06.png,Model_B,train,pose_diverse,0,frontal,seen_training_pose
person063,frontal,0,0,7,frontal_07.png,person063/frontal/frontal_07.png,Model_B,train,pose_diverse,0,frontal,seen_training_pose
person063,frontal,0,0,17,frontal_17.png,person063/frontal/frontal_17.png,Model_B,train,pose_diverse,0,frontal,seen_training_pose
person063,right,30,30,1,30_degree01.png,person063/right/30_degree01.png,Model_B,train,pose_diverse,30,right,seen_training_pose
person063,right,30,30,8,30_degree08.png,person063/right/30_degree08.png,Model_B,train,pose_diverse,30,right,seen_training_pose
person063,right,60,60,10,60_degree10.png,person063/right/60_degree10.png,Model_B,train,pose_diverse,60,right,seen_training_pose
person063,right,60,60,20,60_degree20.png,person063/right/60_degree20.png,Model_B,train,pose_diverse,60,right,seen_training_pose
person064,left,60,-60,7,60_degree_07.png,person064/left/60_degree_07.png,Model_B,train,pose_diverse,60,left,seen_training_pose
person064,left,60,-60,20,60_degree_20.png,person064/left/60_degree_20.png,Model_B,train,pose_diverse,60,left,seen_training_pose
person064,left,30,-30,8,30_degree_08.png,person064/left/30_degree_08.png,Model_B,train,pose_diverse,30,left,seen_training_pose
person064,left,30,-30,11,30_degree_11.png,person064/left/30_degree_11.png,Model_B,train,pose_diverse,30,left,seen_training_pose
person064,frontal,0,0,4,frontal_04.png,person064/frontal/frontal_04.png,Model_B,train,pose_diverse,0,frontal,seen_training_pose
person064,frontal,0,0,6,frontal_06.png,person064/frontal/frontal_06.png,Model_B,train,pose_diverse,0,frontal,seen_training_pose
person064,frontal,0,0,13,frontal_13.png,person064/frontal/frontal_13.png,Model_B,train,pose_diverse,0,frontal,seen_training_pose
person064,frontal,0,0,15,frontal_15.png,person064/frontal/frontal_15.png,Model_B,train,pose_diverse,0,frontal,seen_training_pose
person064,right,30,30,10,30_degree10.png,person064/right/30_degree10.png,Model_B,train,pose_diverse,30,right,seen_training_pose
person064,right,30,30,17,30_degree17.png,person064/right/30_degree17.png,Model_B,train,pose_diverse,30,right,seen_training_pose
person064,right,60,60,1,60_degree01.png,person064/right/60_degree01.png,Model_B,train,pose_diverse,60,right,seen_training_pose
person064,right,60,60,16,60_degree16.png,person064/right/60_degree16.png,Model_B,train,pose_diverse,60,right,seen_training_pose
person065,left,60,-60,6,60_degree_06.png,person065/left/60_degree_06.png,Model_B,train,pose_diverse,60,left,seen_training_pose
person065,left,60,-60,8,60_degree_08.png,person065/left/60_degree_08.png,Model_B,train,pose_diverse,60,left,seen_training_pose
person065,left,30,-30,4,30_degree_04.png,person065/left/30_degree_04.png,Model_B,train,pose_diverse,30,left,seen_training_pose
person065,left,30,-30,16,30_degree_16.png,person065/left/30_degree_16.png,Model_B,train,pose_diverse,30,left,seen_training_pose
person065,frontal,0,0,11,frontal_11.png,person065/frontal/frontal_11.png,Model_B,train,pose_diverse,0,frontal,seen_training_pose
person065,frontal,0,0,15,frontal_15.png,person065/frontal/frontal_15.png,Model_B,train,pose_diverse,0,frontal,seen_training_pose
person065,frontal,0,0,17,frontal_17.png,person065/frontal/frontal_17.png,Model_B,train,pose_diverse,0,frontal,seen_training_pose
person065,frontal,0,0,20,frontal_20.png,person065/frontal/frontal_20.png,Model_B,train,pose_diverse,0,frontal,seen_training_pose
person065,right,30,30,7,30_degree07.png,person065/right/30_degree07.png,Model_B,train,pose_diverse,30,right,seen_training_pose
person065,right,30,30,10,30_degree10.png,person065/right/30_degree10.png,Model_B,train,pose_diverse,30,right,seen_training_pose
person065,right,60,60,1,60_degree01.png,person065/right/60_degree01.png,Model_B,train,pose_diverse,60,right,seen_training_pose
person065,right,60,60,13,60_degree13.png,person065/right/60_degree13.png,Model_B,train,pose_diverse,60,right,seen_training_pose
person066,left,60,-60,1,60_degree_01.png,person066/left/60_degree_01.png,Model_B,train,pose_diverse,60,left,seen_training_pose
person066,left,60,-60,16,60_degree_16.png,person066/left/60_degree_16.png,Model_B,train,pose_diverse,60,left,seen_training_pose
person066,left,30,-30,7,30_degree_07.png,person066/left/30_degree_07.png,Model_B,train,pose_diverse,30,left,seen_training_pose
person066,left,30,-30,20,30_degree_20.png,person066/left/30_degree_20.png,Model_B,train,pose_diverse,30,left,seen_training_pose
person066,frontal,0,0,4,frontal_04.png,person066/frontal/frontal_04.png,Model_B,train,pose_diverse,0,frontal,seen_training_pose
person066,frontal,0,0,8,frontal_08.png,person066/frontal/frontal_08.png,Model_B,train,pose_diverse,0,frontal,seen_training_pose
person066,frontal,0,0,10,frontal_10.png,person066/frontal/frontal_10.png,Model_B,train,pose_diverse,0,frontal,seen_training_pose
person066,frontal,0,0,11,frontal_11.png,person066/frontal/frontal_11.png,Model_B,train,pose_diverse,0,frontal,seen_training_pose
person066,right,30,30,13,30_degree13.png,person066/right/30_degree13.png,Model_B,train,pose_diverse,30,right,seen_training_pose
person066,right,30,30,15,30_degree15.png,person066/right/30_degree15.png,Model_B,train,pose_diverse,30,right,seen_training_pose
person066,right,60,60,6,60_degree06.png,person066/right/60_degree06.png,Model_B,train,pose_diverse,60,right,seen_training_pose
person066,right,60,60,17,60_degree17.png,person066/right/60_degree17.png,Model_B,train,pose_diverse,60,right,seen_training_pose
person067,left,60,-60,10,60_degree_10.png,person067/left/60_degree_10.png,Model_B,train,pose_diverse,60,left,seen_training_pose
person067,left,60,-60,20,60_degree_20.png,person067/left/60_degree_20.png,Model_B,train,pose_diverse,60,left,seen_training_pose
person067,left,30,-30,8,30_degree_08.png,person067/left/30_degree_08.png,Model_B,train,pose_diverse,30,left,seen_training_pose
person067,left,30,-30,13,30_degree_13.png,person067/left/30_degree_13.png,Model_B,train,pose_diverse,30,left,seen_training_pose
person067,frontal,0,0,1,frontal_01.png,person067/frontal/frontal_01.png,Model_B,train,pose_diverse,0,frontal,seen_training_pose
person067,frontal,0,0,4,frontal_04.png,person067/frontal/frontal_04.png,Model_B,train,pose_diverse,0,frontal,seen_training_pose
person067,frontal,0,0,15,frontal_15.png,person067/frontal/frontal_15.png,Model_B,train,pose_diverse,0,frontal,seen_training_pose
person067,frontal,0,0,16,frontal_16.png,person067/frontal/frontal_16.png,Model_B,train,pose_diverse,0,frontal,seen_training_pose
person067,right,30,30,6,30_degree06.png,person067/right/30_degree06.png,Model_B,train,pose_diverse,30,right,seen_training_pose
person067,right,30,30,11,30_degree11.png,person067/right/30_degree11.png,Model_B,train,pose_diverse,30,right,seen_training_pose
person067,right,60,60,7,60_degree07.png,person067/right/60_degree07.png,Model_B,train,pose_diverse,60,right,seen_training_pose
person067,right,60,60,17,60_degree17.png,person067/right/60_degree17.png,Model_B,train,pose_diverse,60,right,seen_training_pose
person068,left,60,-60,4,60_degree_04.png,person068/left/60_degree_04.png,Model_B,train,pose_diverse,60,left,seen_training_pose
person068,left,60,-60,13,60_degree_13.png,person068/left/60_degree_13.png,Model_B,train,pose_diverse,60,left,seen_training_pose
person068,left,30,-30,1,30_degree_01.png,person068/left/30_degree_01.png,Model_B,train,pose_diverse,30,left,seen_training_pose
person068,left,30,-30,20,30_degree_20.png,person068/left/30_degree_20.png,Model_B,train,pose_diverse,30,left,seen_training_pose
person068,frontal,0,0,8,frontal_08.png,person068/frontal/frontal_08.png,Model_B,train,pose_diverse,0,frontal,seen_training_pose
person068,frontal,0,0,10,frontal_10.png,person068/frontal/frontal_10.png,Model_B,train,pose_diverse,0,frontal,seen_training_pose
person068,frontal,0,0,11,frontal_11.png,person068/frontal/frontal_11.png,Model_B,train,pose_diverse,0,frontal,seen_training_pose
person068,frontal,0,0,17,frontal_17.png,person068/frontal/frontal_17.png,Model_B,train,pose_diverse,0,frontal,seen_training_pose
person068,right,30,30,6,30_degree06.png,person068/right/30_degree06.png,Model_B,train,pose_diverse,30,right,seen_training_pose
person068,right,30,30,7,30_degree07.png,person068/right/30_degree07.png,Model_B,train,pose_diverse,30,right,seen_training_pose
person068,right,60,60,15,60_degree15.png,person068/right/60_degree15.png,Model_B,train,pose_diverse,60,right,seen_training_pose
person068,right,60,60,16,60_degree16.png,person068/right/60_degree16.png,Model_B,train,pose_diverse,60,right,seen_training_pose
person069,left,60,-60,4,60_degree_04.png,person069/left/60_degree_04.png,Model_B,train,pose_diverse,60,left,seen_training_pose
person069,left,60,-60,15,60_degree_15.png,person069/left/60_degree_15.png,Model_B,train,pose_diverse,60,left,seen_training_pose
person069,left,30,-30,6,30_degree_06.png,person069/left/30_degree_06.png,Model_B,train,pose_diverse,30,left,seen_training_pose
person069,left,30,-30,16,30_degree_16.png,person069/left/30_degree_16.png,Model_B,train,pose_diverse,30,left,seen_training_pose
person069,frontal,0,0,8,frontal_08.png,person069/frontal/frontal_08.png,Model_B,train,pose_diverse,0,frontal,seen_training_pose
person069,frontal,0,0,10,frontal_10.png,person069/frontal/frontal_10.png,Model_B,train,pose_diverse,0,frontal,seen_training_pose
person069,frontal,0,0,11,frontal_11.png,person069/frontal/frontal_11.png,Model_B,train,pose_diverse,0,frontal,seen_training_pose
person069,frontal,0,0,17,frontal_17.png,person069/frontal/frontal_17.png,Model_B,train,pose_diverse,0,frontal,seen_training_pose
person069,right,30,30,1,30_degree01.png,person069/right/30_degree01.png,Model_B,train,pose_diverse,30,right,seen_training_pose
person069,right,30,30,7,30_degree07.png,person069/right/30_degree07.png,Model_B,train,pose_diverse,30,right,seen_training_pose
person069,right,60,60,13,60_degree13.png,person069/right/60_degree13.png,Model_B,train,pose_diverse,60,right,seen_training_pose
person069,right,60,60,20,60_degree20.png,person069/right/60_degree20.png,Model_B,train,pose_diverse,60,right,seen_training_pose
person070,left,60,-60,11,60_degree_11.png,person070/left/60_degree_11.png,Model_B,train,pose_diverse,60,left,seen_training_pose
person070,left,60,-60,20,60_degree_20.png,person070/left/60_degree_20.png,Model_B,train,pose_diverse,60,left,seen_training_pose
person070,left,30,-30,1,30_degree_01.png,person070/left/30_degree_01.png,Model_B,train,pose_diverse,30,left,seen_training_pose
person070,left,30,-30,6,30_degree_06.png,person070/left/30_degree_06.png,Model_B,train,pose_diverse,30,left,seen_training_pose
person070,frontal,0,0,8,frontal_08.png,person070/frontal/frontal_08.png,Model_B,train,pose_diverse,0,frontal,seen_training_pose
person070,frontal,0,0,13,frontal_13.png,person070/frontal/frontal_13.png,Model_B,train,pose_diverse,0,frontal,seen_training_pose
person070,frontal,0,0,16,frontal_16.png,person070/frontal/frontal_16.png,Model_B,train,pose_diverse,0,frontal,seen_training_pose
person070,frontal,0,0,17,frontal_17.png,person070/frontal/frontal_17.png,Model_B,train,pose_diverse,0,frontal,seen_training_pose
person070,right,30,30,7,30_degree07.png,person070/right/30_degree07.png,Model_B,train,pose_diverse,30,right,seen_training_pose
person070,right,30,30,15,30_degree15.png,person070/right/30_degree15.png,Model_B,train,pose_diverse,30,right,seen_training_pose
person070,right,60,60,4,60_degree04.png,person070/right/60_degree04.png,Model_B,train,pose_diverse,60,right,seen_training_pose
person070,right,60,60,10,60_degree10.png,person070/right/60_degree10.png,Model_B,train,pose_diverse,60,right,seen_training_pose
person071,left,60,-60,8,60_degree_08.png,person071/left/60_degree_08.png,Model_B,train,pose_diverse,60,left,seen_training_pose
person071,left,60,-60,13,60_degree_13.png,person071/left/60_degree_13.png,Model_B,train,pose_diverse,60,left,seen_training_pose
person071,left,30,-30,11,30_degree_11.png,person071/left/30_degree_11.png,Model_B,train,pose_diverse,30,left,seen_training_pose
person071,left,30,-30,17,30_degree_17.png,person071/left/30_degree_17.png,Model_B,train,pose_diverse,30,left,seen_training_pose
person071,frontal,0,0,1,frontal_01.png,person071/frontal/frontal_01.png,Model_B,train,pose_diverse,0,frontal,seen_training_pose
person071,frontal,0,0,7,frontal_07.png,person071/frontal/frontal_07.png,Model_B,train,pose_diverse,0,frontal,seen_training_pose
person071,frontal,0,0,15,frontal_15.png,person071/frontal/frontal_15.png,Model_B,train,pose_diverse,0,frontal,seen_training_pose
person071,frontal,0,0,20,frontal_20.png,person071/frontal/frontal_20.png,Model_B,train,pose_diverse,0,frontal,seen_training_pose
person071,right,30,30,6,30_degree06.png,person071/right/30_degree06.png,Model_B,train,pose_diverse,30,right,seen_training_pose
person071,right,30,30,16,30_degree16.png,person071/right/30_degree16.png,Model_B,train,pose_diverse,30,right,seen_training_pose
person071,right,60,60,4,60_degree04.png,person071/right/60_degree04.png,Model_B,train,pose_diverse,60,right,seen_training_pose
person071,right,60,60,10,60_degree10.png,person071/right/60_degree10.png,Model_B,train,pose_diverse,60,right,seen_training_pose
person072,left,60,-60,7,60_degree_07.png,person072/left/60_degree_07.png,Model_B,train,pose_diverse,60,left,seen_training_pose
person072,left,60,-60,17,60_degree_17.png,person072/left/60_degree_17.png,Model_B,train,pose_diverse,60,left,seen_training_pose
person072,left,30,-30,1,30_degree_01.png,person072/left/30_degree_01.png,Model_B,train,pose_diverse,30,left,seen_training_pose
person072,left,30,-30,6,30_degree_06.png,person072/left/30_degree_06.png,Model_B,train,pose_diverse,30,left,seen_training_pose
person072,frontal,0,0,4,frontal_04.png,person072/frontal/frontal_04.png,Model_B,train,pose_diverse,0,frontal,seen_training_pose
person072,frontal,0,0,8,frontal_08.png,person072/frontal/frontal_08.png,Model_B,train,pose_diverse,0,frontal,seen_training_pose
person072,frontal,0,0,10,frontal_10.png,person072/frontal/frontal_10.png,Model_B,train,pose_diverse,0,frontal,seen_training_pose
person072,frontal,0,0,16,frontal_16.png,person072/frontal/frontal_16.png,Model_B,train,pose_diverse,0,frontal,seen_training_pose
person072,right,30,30,13,30_degree13.png,person072/right/30_degree13.png,Model_B,train,pose_diverse,30,right,seen_training_pose
person072,right,30,30,20,30_degree20.png,person072/right/30_degree20.png,Model_B,train,pose_diverse,30,right,seen_training_pose
person072,right,60,60,11,60_degree11.png,person072/right/60_degree11.png,Model_B,train,pose_diverse,60,right,seen_training_pose
person072,right,60,60,15,60_degree15.png,person072/right/60_degree15.png,Model_B,train,pose_diverse,60,right,seen_training_pose
person073,left,60,-60,7,60_degree_07.png,person073/left/60_degree_07.png,Model_B,train,pose_diverse,60,left,seen_training_pose
person073,left,60,-60,8,60_degree_08.png,person073/left/60_degree_08.png,Model_B,train,pose_diverse,60,left,seen_training_pose
person073,left,30,-30,10,30_degree_10.png,person073/left/30_degree_10.png,Model_B,train,pose_diverse,30,left,seen_training_pose
person073,left,30,-30,15,30_degree_15.png,person073/left/30_degree_15.png,Model_B,train,pose_diverse,30,left,seen_training_pose
person073,frontal,0,0,4,frontal_04.png,person073/frontal/frontal_04.png,Model_B,train,pose_diverse,0,frontal,seen_training_pose
person073,frontal,0,0,6,frontal_06.png,person073/frontal/frontal_06.png,Model_B,train,pose_diverse,0,frontal,seen_training_pose
person073,frontal,0,0,17,frontal_17.png,person073/frontal/frontal_17.png,Model_B,train,pose_diverse,0,frontal,seen_training_pose
person073,frontal,0,0,20,frontal_20.png,person073/frontal/frontal_20.png,Model_B,train,pose_diverse,0,frontal,seen_training_pose
person073,right,30,30,11,30_degree11.png,person073/right/30_degree11.png,Model_B,train,pose_diverse,30,right,seen_training_pose
person073,right,30,30,16,30_degree16.png,person073/right/30_degree16.png,Model_B,train,pose_diverse,30,right,seen_training_pose
person073,right,60,60,1,60_degree01.png,person073/right/60_degree01.png,Model_B,train,pose_diverse,60,right,seen_training_pose
person073,right,60,60,13,60_degree13.png,person073/right/60_degree13.png,Model_B,train,pose_diverse,60,right,seen_training_pose
person074,left,60,-60,4,60_degree_04.png,person074/left/60_degree_04.png,Model_B,train,pose_diverse,60,left,seen_training_pose
person074,left,60,-60,16,60_degree_16.png,person074/left/60_degree_16.png,Model_B,train,pose_diverse,60,left,seen_training_pose
person074,left,30,-30,7,30_degree_07.png,person074/left/30_degree_07.png,Model_B,train,pose_diverse,30,left,seen_training_pose
person074,left,30,-30,8,30_degree_08.png,person074/left/30_degree_08.png,Model_B,train,pose_diverse,30,left,seen_training_pose
person074,frontal,0,0,1,frontal_01.png,person074/frontal/frontal_01.png,Model_B,train,pose_diverse,0,frontal,seen_training_pose
person074,frontal,0,0,13,frontal_13.png,person074/frontal/frontal_13.png,Model_B,train,pose_diverse,0,frontal,seen_training_pose
person074,frontal,0,0,17,frontal_17.png,person074/frontal/frontal_17.png,Model_B,train,pose_diverse,0,frontal,seen_training_pose
person074,frontal,0,0,20,frontal_20.png,person074/frontal/frontal_20.png,Model_B,train,pose_diverse,0,frontal,seen_training_pose
person074,right,30,30,6,30_degree06.png,person074/right/30_degree06.png,Model_B,train,pose_diverse,30,right,seen_training_pose
person074,right,30,30,15,30_degree15.png,person074/right/30_degree15.png,Model_B,train,pose_diverse,30,right,seen_training_pose
person074,right,60,60,10,60_degree10.png,person074/right/60_degree10.png,Model_B,train,pose_diverse,60,right,seen_training_pose
person074,right,60,60,11,60_degree11.png,person074/right/60_degree11.png,Model_B,train,pose_diverse,60,right,seen_training_pose
person075,left,60,-60,11,60_degree_11.png,person075/left/60_degree_11.png,Model_B,train,pose_diverse,60,left,seen_training_pose
person075,left,60,-60,16,60_degree_16.png,person075/left/60_degree_16.png,Model_B,train,pose_diverse,60,left,seen_training_pose
person075,left,30,-30,4,30_degree_04.png,person075/left/30_degree_04.png,Model_B,train,pose_diverse,30,left,seen_training_pose
person075,left,30,-30,10,30_degree_10.png,person075/left/30_degree_10.png,Model_B,train,pose_diverse,30,left,seen_training_pose
person075,frontal,0,0,6,frontal_06.png,person075/frontal/frontal_06.png,Model_B,train,pose_diverse,0,frontal,seen_training_pose
person075,frontal,0,0,7,frontal_07.png,person075/frontal/frontal_07.png,Model_B,train,pose_diverse,0,frontal,seen_training_pose
person075,frontal,0,0,8,frontal_08.png,person075/frontal/frontal_08.png,Model_B,train,pose_diverse,0,frontal,seen_training_pose
person075,frontal,0,0,17,frontal_17.png,person075/frontal/frontal_17.png,Model_B,train,pose_diverse,0,frontal,seen_training_pose
person075,right,30,30,1,30_degree01.png,person075/right/30_degree01.png,Model_B,train,pose_diverse,30,right,seen_training_pose
person075,right,30,30,20,30_degree20.png,person075/right/30_degree20.png,Model_B,train,pose_diverse,30,right,seen_training_pose
person075,right,60,60,13,60_degree13.png,person075/right/60_degree13.png,Model_B,train,pose_diverse,60,right,seen_training_pose
person075,right,60,60,15,60_degree15.png,person075/right/60_degree15.png,Model_B,train,pose_diverse,60,right,seen_training_pose
person076,left,60,-60,7,60_degree_07.png,person076/left/60_degree_07.png,Model_B,train,pose_diverse,60,left,seen_training_pose
person076,left,60,-60,13,60_degree_13.png,person076/left/60_degree_13.png,Model_B,train,pose_diverse,60,left,seen_training_pose
person076,left,30,-30,6,30_degree_06.png,person076/left/30_degree_06.png,Model_B,train,pose_diverse,30,left,seen_training_pose
person076,left,30,-30,15,30_degree_15.png,person076/left/30_degree_15.png,Model_B,train,pose_diverse,30,left,seen_training_pose
person076,frontal,0,0,1,frontal_01.png,person076/frontal/frontal_01.png,Model_B,train,pose_diverse,0,frontal,seen_training_pose
person076,frontal,0,0,4,frontal_04.png,person076/frontal/frontal_04.png,Model_B,train,pose_diverse,0,frontal,seen_training_pose
person076,frontal,0,0,11,frontal_11.png,person076/frontal/frontal_11.png,Model_B,train,pose_diverse,0,frontal,seen_training_pose
person076,frontal,0,0,16,frontal_16.png,person076/frontal/frontal_16.png,Model_B,train,pose_diverse,0,frontal,seen_training_pose
person076,right,30,30,17,30_degree17.png,person076/right/30_degree17.png,Model_B,train,pose_diverse,30,right,seen_training_pose
person076,right,30,30,20,30_degree20.png,person076/right/30_degree20.png,Model_B,train,pose_diverse,30,right,seen_training_pose
person076,right,60,60,8,60_degree08.png,person076/right/60_degree08.png,Model_B,train,pose_diverse,60,right,seen_training_pose
person076,right,60,60,10,60_degree10.png,person076/right/60_degree10.png,Model_B,train,pose_diverse,60,right,seen_training_pose
person077,left,60,-60,13,60_degree_13.png,person077/left/60_degree_13.png,Model_B,train,pose_diverse,60,left,seen_training_pose
person077,left,60,-60,20,60_degree_20.png,person077/left/60_degree_20.png,Model_B,train,pose_diverse,60,left,seen_training_pose
person077,left,30,-30,7,30_degree_07.png,person077/left/30_degree_07.png,Model_B,train,pose_diverse,30,left,seen_training_pose
person077,left,30,-30,8,30_degree_08.png,person077/left/30_degree_08.png,Model_B,train,pose_diverse,30,left,seen_training_pose
person077,frontal,0,0,4,frontal_04.png,person077/frontal/frontal_04.png,Model_B,train,pose_diverse,0,frontal,seen_training_pose
person077,frontal,0,0,6,frontal_06.png,person077/frontal/frontal_06.png,Model_B,train,pose_diverse,0,frontal,seen_training_pose
person077,frontal,0,0,10,frontal_10.png,person077/frontal/frontal_10.png,Model_B,train,pose_diverse,0,frontal,seen_training_pose
person077,frontal,0,0,16,frontal_16.png,person077/frontal/frontal_16.png,Model_B,train,pose_diverse,0,frontal,seen_training_pose
person077,right,30,30,11,30_degree11.png,person077/right/30_degree11.png,Model_B,train,pose_diverse,30,right,seen_training_pose
person077,right,30,30,17,30_degree17.png,person077/right/30_degree17.png,Model_B,train,pose_diverse,30,right,seen_training_pose
person077,right,60,60,1,60_degree01.png,person077/right/60_degree01.png,Model_B,train,pose_diverse,60,right,seen_training_pose
person077,right,60,60,15,60_degree15.png,person077/right/60_degree15.png,Model_B,train,pose_diverse,60,right,seen_training_pose
person078,left,60,-60,1,60_degree_01.png,person078/left/60_degree_01.png,Model_B,train,pose_diverse,60,left,seen_training_pose
person078,left,60,-60,10,60_degree_10.png,person078/left/60_degree_10.png,Model_B,train,pose_diverse,60,left,seen_training_pose
person078,left,30,-30,4,30_degree_04.png,person078/left/30_degree_04.png,Model_B,train,pose_diverse,30,left,seen_training_pose
person078,left,30,-30,15,30_degree_15.png,person078/left/30_degree_15.png,Model_B,train,pose_diverse,30,left,seen_training_pose
person078,frontal,0,0,7,frontal_07.png,person078/frontal/frontal_07.png,Model_B,train,pose_diverse,0,frontal,seen_training_pose
person078,frontal,0,0,16,frontal_16.png,person078/frontal/frontal_16.png,Model_B,train,pose_diverse,0,frontal,seen_training_pose
person078,frontal,0,0,17,frontal_17.png,person078/frontal/frontal_17.png,Model_B,train,pose_diverse,0,frontal,seen_training_pose
person078,frontal,0,0,20,frontal_20.png,person078/frontal/frontal_20.png,Model_B,train,pose_diverse,0,frontal,seen_training_pose
person078,right,30,30,6,30_degree06.png,person078/right/30_degree06.png,Model_B,train,pose_diverse,30,right,seen_training_pose
person078,right,30,30,11,30_degree11.png,person078/right/30_degree11.png,Model_B,train,pose_diverse,30,right,seen_training_pose
person078,right,60,60,8,60_degree08.png,person078/right/60_degree08.png,Model_B,train,pose_diverse,60,right,seen_training_pose
person078,right,60,60,13,60_degree13.png,person078/right/60_degree13.png,Model_B,train,pose_diverse,60,right,seen_training_pose
person079,left,60,-60,15,60_degree_15.png,person079/left/60_degree_15.png,Model_B,train,pose_diverse,60,left,seen_training_pose
person079,left,60,-60,20,60_degree_20.png,person079/left/60_degree_20.png,Model_B,train,pose_diverse,60,left,seen_training_pose
person079,left,30,-30,1,30_degree_01.png,person079/left/30_degree_01.png,Model_B,train,pose_diverse,30,left,seen_training_pose
person079,left,30,-30,11,30_degree_11.png,person079/left/30_degree_11.png,Model_B,train,pose_diverse,30,left,seen_training_pose
person079,frontal,0,0,6,frontal_06.png,person079/frontal/frontal_06.png,Model_B,train,pose_diverse,0,frontal,seen_training_pose
person079,frontal,0,0,7,frontal_07.png,person079/frontal/frontal_07.png,Model_B,train,pose_diverse,0,frontal,seen_training_pose
person079,frontal,0,0,8,frontal_08.png,person079/frontal/frontal_08.png,Model_B,train,pose_diverse,0,frontal,seen_training_pose
person079,frontal,0,0,16,frontal_16.png,person079/frontal/frontal_16.png,Model_B,train,pose_diverse,0,frontal,seen_training_pose
person079,right,30,30,13,30_degree13.png,person079/right/30_degree13.png,Model_B,train,pose_diverse,30,right,seen_training_pose
person079,right,30,30,17,30_degree17.png,person079/right/30_degree17.png,Model_B,train,pose_diverse,30,right,seen_training_pose
person079,right,60,60,4,60_degree04.png,person079/right/60_degree04.png,Model_B,train,pose_diverse,60,right,seen_training_pose
person079,right,60,60,10,60_degree10.png,person079/right/60_degree10.png,Model_B,train,pose_diverse,60,right,seen_training_pose
person080,left,60,-60,10,60_degree_10.png,person080/left/60_degree_10.png,Model_B,train,pose_diverse,60,left,seen_training_pose
person080,left,60,-60,17,60_degree_17.png,person080/left/60_degree_17.png,Model_B,train,pose_diverse,60,left,seen_training_pose
person080,left,30,-30,1,30_degree_01.png,person080/left/30_degree_01.png,Model_B,train,pose_diverse,30,left,seen_training_pose
person080,left,30,-30,16,30_degree_16.png,person080/left/30_degree_16.png,Model_B,train,pose_diverse,30,left,seen_training_pose
person080,frontal,0,0,4,frontal_04.png,person080/frontal/frontal_04.png,Model_B,train,pose_diverse,0,frontal,seen_training_pose
person080,frontal,0,0,8,frontal_08.png,person080/frontal/frontal_08.png,Model_B,train,pose_diverse,0,frontal,seen_training_pose
person080,frontal,0,0,11,frontal_11.png,person080/frontal/frontal_11.png,Model_B,train,pose_diverse,0,frontal,seen_training_pose
person080,frontal,0,0,13,frontal_13.png,person080/frontal/frontal_13.png,Model_B,train,pose_diverse,0,frontal,seen_training_pose
person080,right,30,30,6,30_degree06.png,person080/right/30_degree06.png,Model_B,train,pose_diverse,30,right,seen_training_pose
person080,right,30,30,7,30_degree07.png,person080/right/30_degree07.png,Model_B,train,pose_diverse,30,right,seen_training_pose
person080,right,60,60,15,60_degree15.png,person080/right/60_degree15.png,Model_B,train,pose_diverse,60,right,seen_training_pose
person080,right,60,60,20,60_degree20.png,person080/right/60_degree20.png,Model_B,train,pose_diverse,60,right,seen_training_pose
person081,left,60,-60,11,60_degree_11.png,person081/left/60_degree_11.png,Model_B,train,pose_diverse,60,left,seen_training_pose
person081,left,60,-60,16,60_degree_16.png,person081/left/60_degree_16.png,Model_B,train,pose_diverse,60,left,seen_training_pose
person081,left,30,-30,4,30_degree_04.png,person081/left/30_degree_04.png,Model_B,train,pose_diverse,30,left,seen_training_pose
person081,left,30,-30,20,30_degree_20.png,person081/left/30_degree_20.png,Model_B,train,pose_diverse,30,left,seen_training_pose
person081,frontal,0,0,1,frontal_01.png,person081/frontal/frontal_01.png,Model_B,train,pose_diverse,0,frontal,seen_training_pose
person081,frontal,0,0,8,frontal_08.png,person081/frontal/frontal_08.png,Model_B,train,pose_diverse,0,frontal,seen_training_pose
person081,frontal,0,0,10,frontal_10.png,person081/frontal/frontal_10.png,Model_B,train,pose_diverse,0,frontal,seen_training_pose
person081,frontal,0,0,17,frontal_17.png,person081/frontal/frontal_17.png,Model_B,train,pose_diverse,0,frontal,seen_training_pose
person081,right,30,30,6,30_degree06.png,person081/right/30_degree06.png,Model_B,train,pose_diverse,30,right,seen_training_pose
person081,right,30,30,15,30_degree15.png,person081/right/30_degree15.png,Model_B,train,pose_diverse,30,right,seen_training_pose
person081,right,60,60,7,60_degree07.png,person081/right/60_degree07.png,Model_B,train,pose_diverse,60,right,seen_training_pose
person081,right,60,60,13,60_degree13.png,person081/right/60_degree13.png,Model_B,train,pose_diverse,60,right,seen_training_pose
person082,left,60,-60,1,60_degree_01.png,person082/left/60_degree_01.png,Model_B,train,pose_diverse,60,left,seen_training_pose
person082,left,60,-60,17,60_degree_17.png,person082/left/60_degree_17.png,Model_B,train,pose_diverse,60,left,seen_training_pose
person082,left,30,-30,8,30_degree_08.png,person082/left/30_degree_08.png,Model_B,train,pose_diverse,30,left,seen_training_pose
person082,left,30,-30,16,30_degree_16.png,person082/left/30_degree_16.png,Model_B,train,pose_diverse,30,left,seen_training_pose
person082,frontal,0,0,4,frontal_04.png,person082/frontal/frontal_04.png,Model_B,train,pose_diverse,0,frontal,seen_training_pose
person082,frontal,0,0,7,frontal_07.png,person082/frontal/frontal_07.png,Model_B,train,pose_diverse,0,frontal,seen_training_pose
person082,frontal,0,0,15,frontal_15.png,person082/frontal/frontal_15.png,Model_B,train,pose_diverse,0,frontal,seen_training_pose
person082,frontal,0,0,20,frontal_20.png,person082/frontal/frontal_20.png,Model_B,train,pose_diverse,0,frontal,seen_training_pose
person082,right,30,30,6,30_degree06.png,person082/right/30_degree06.png,Model_B,train,pose_diverse,30,right,seen_training_pose
person082,right,30,30,10,30_degree10.png,person082/right/30_degree10.png,Model_B,train,pose_diverse,30,right,seen_training_pose
person082,right,60,60,11,60_degree11.png,person082/right/60_degree11.png,Model_B,train,pose_diverse,60,right,seen_training_pose
person082,right,60,60,13,60_degree13.png,person082/right/60_degree13.png,Model_B,train,pose_diverse,60,right,seen_training_pose
person083,left,60,-60,4,60_degree_04.png,person083/left/60_degree_04.png,Model_B,train,pose_diverse,60,left,seen_training_pose
person083,left,60,-60,8,60_degree_08.png,person083/left/60_degree_08.png,Model_B,train,pose_diverse,60,left,seen_training_pose
person083,left,30,-30,6,30_degree_06.png,person083/left/30_degree_06.png,Model_B,train,pose_diverse,30,left,seen_training_pose
person083,left,30,-30,20,30_degree_20.png,person083/left/30_degree_20.png,Model_B,train,pose_diverse,30,left,seen_training_pose
person083,frontal,0,0,7,frontal_07.png,person083/frontal/frontal_07.png,Model_B,train,pose_diverse,0,frontal,seen_training_pose
person083,frontal,0,0,11,frontal_11.png,person083/frontal/frontal_11.png,Model_B,train,pose_diverse,0,frontal,seen_training_pose
person083,frontal,0,0,13,frontal_13.png,person083/frontal/frontal_13.png,Model_B,train,pose_diverse,0,frontal,seen_training_pose
person083,frontal,0,0,16,frontal_16.png,person083/frontal/frontal_16.png,Model_B,train,pose_diverse,0,frontal,seen_training_pose
person083,right,30,30,1,30_degree01.png,person083/right/30_degree01.png,Model_B,train,pose_diverse,30,right,seen_training_pose
person083,right,30,30,15,30_degree15.png,person083/right/30_degree15.png,Model_B,train,pose_diverse,30,right,seen_training_pose
person083,right,60,60,10,60_degree10.png,person083/right/60_degree10.png,Model_B,train,pose_diverse,60,right,seen_training_pose
person083,right,60,60,17,60_degree17.png,person083/right/60_degree17.png,Model_B,train,pose_diverse,60,right,seen_training_pose
person084,left,60,-60,1,60_degree_01.png,person084/left/60_degree_01.png,Model_B,train,pose_diverse,60,left,seen_training_pose
person084,left,60,-60,17,60_degree_17.png,person084/left/60_degree_17.png,Model_B,train,pose_diverse,60,left,seen_training_pose
person084,left,30,-30,10,30_degree_10.png,person084/left/30_degree_10.png,Model_B,train,pose_diverse,30,left,seen_training_pose
person084,left,30,-30,16,30_degree_16.png,person084/left/30_degree_16.png,Model_B,train,pose_diverse,30,left,seen_training_pose
person084,frontal,0,0,4,frontal_04.png,person084/frontal/frontal_04.png,Model_B,train,pose_diverse,0,frontal,seen_training_pose
person084,frontal,0,0,7,frontal_07.png,person084/frontal/frontal_07.png,Model_B,train,pose_diverse,0,frontal,seen_training_pose
person084,frontal,0,0,11,frontal_11.png,person084/frontal/frontal_11.png,Model_B,train,pose_diverse,0,frontal,seen_training_pose
person084,frontal,0,0,15,frontal_15.png,person084/frontal/frontal_15.png,Model_B,train,pose_diverse,0,frontal,seen_training_pose
person084,right,30,30,6,30_degree06.png,person084/right/30_degree06.png,Model_B,train,pose_diverse,30,right,seen_training_pose
person084,right,30,30,13,30_degree13.png,person084/right/30_degree13.png,Model_B,train,pose_diverse,30,right,seen_training_pose
person084,right,60,60,8,60_degree08.png,person084/right/60_degree08.png,Model_B,train,pose_diverse,60,right,seen_training_pose
person084,right,60,60,20,60_degree20.png,person084/right/60_degree20.png,Model_B,train,pose_diverse,60,right,seen_training_pose
person085,left,60,-60,13,60_degree_13.png,person085/left/60_degree_13.png,Model_B,train,pose_diverse,60,left,seen_training_pose
person085,left,60,-60,16,60_degree_16.png,person085/left/60_degree_16.png,Model_B,train,pose_diverse,60,left,seen_training_pose
person085,left,30,-30,1,30_degree_01.png,person085/left/30_degree_01.png,Model_B,train,pose_diverse,30,left,seen_training_pose
person085,left,30,-30,8,30_degree_08.png,person085/left/30_degree_08.png,Model_B,train,pose_diverse,30,left,seen_training_pose
person085,frontal,0,0,6,frontal_06.png,person085/frontal/frontal_06.png,Model_B,train,pose_diverse,0,frontal,seen_training_pose
person085,frontal,0,0,7,frontal_07.png,person085/frontal/frontal_07.png,Model_B,train,pose_diverse,0,frontal,seen_training_pose
person085,frontal,0,0,10,frontal_10.png,person085/frontal/frontal_10.png,Model_B,train,pose_diverse,0,frontal,seen_training_pose
person085,frontal,0,0,11,frontal_11.png,person085/frontal/frontal_11.png,Model_B,train,pose_diverse,0,frontal,seen_training_pose
person085,right,30,30,15,30_degree15.png,person085/right/30_degree15.png,Model_B,train,pose_diverse,30,right,seen_training_pose
person085,right,30,30,20,30_degree20.png,person085/right/30_degree20.png,Model_B,train,pose_diverse,30,right,seen_training_pose
person085,right,60,60,4,60_degree04.png,person085/right/60_degree04.png,Model_B,train,pose_diverse,60,right,seen_training_pose
person085,right,60,60,17,60_degree17.png,person085/right/60_degree17.png,Model_B,train,pose_diverse,60,right,seen_training_pose
person086,left,60,-60,13,60_degree_13.png,person086/left/60_degree_13.png,Model_B,train,pose_diverse,60,left,seen_training_pose
person086,left,60,-60,16,60_degree_16.png,person086/left/60_degree_16.png,Model_B,train,pose_diverse,60,left,seen_training_pose
person086,left,30,-30,15,30_degree_15.png,person086/left/30_degree_15.png,Model_B,train,pose_diverse,30,left,seen_training_pose
person086,left,30,-30,17,30_degree_17.png,person086/left/30_degree_17.png,Model_B,train,pose_diverse,30,left,seen_training_pose
person086,frontal,0,0,6,frontal_06.png,person086/frontal/frontal_06.png,Model_B,train,pose_diverse,0,frontal,seen_training_pose
person086,frontal,0,0,7,frontal_07.png,person086/frontal/frontal_07.png,Model_B,train,pose_diverse,0,frontal,seen_training_pose
person086,frontal,0,0,8,frontal_08.png,person086/frontal/frontal_08.png,Model_B,train,pose_diverse,0,frontal,seen_training_pose
person086,frontal,0,0,20,frontal_20.png,person086/frontal/frontal_20.png,Model_B,train,pose_diverse,0,frontal,seen_training_pose
person086,right,30,30,4,30_degree04.png,person086/right/30_degree04.png,Model_B,train,pose_diverse,30,right,seen_training_pose
person086,right,30,30,10,30_degree10.png,person086/right/30_degree10.png,Model_B,train,pose_diverse,30,right,seen_training_pose
person086,right,60,60,1,60_degree01.png,person086/right/60_degree01.png,Model_B,train,pose_diverse,60,right,seen_training_pose
person086,right,60,60,11,60_degree11.png,person086/right/60_degree11.png,Model_B,train,pose_diverse,60,right,seen_training_pose
person087,left,60,-60,6,60_degree_06.png,person087/left/60_degree_06.png,Model_B,train,pose_diverse,60,left,seen_training_pose
person087,left,60,-60,20,60_degree_20.png,person087/left/60_degree_20.png,Model_B,train,pose_diverse,60,left,seen_training_pose
person087,left,30,-30,10,30_degree_10.png,person087/left/30_degree_10.png,Model_B,train,pose_diverse,30,left,seen_training_pose
person087,left,30,-30,17,30_degree_17.png,person087/left/30_degree_17.png,Model_B,train,pose_diverse,30,left,seen_training_pose
person087,frontal,0,0,4,frontal_04.png,person087/frontal/frontal_04.png,Model_B,train,pose_diverse,0,frontal,seen_training_pose
person087,frontal,0,0,7,frontal_07.png,person087/frontal/frontal_07.png,Model_B,train,pose_diverse,0,frontal,seen_training_pose
person087,frontal,0,0,11,frontal_11.png,person087/frontal/frontal_11.png,Model_B,train,pose_diverse,0,frontal,seen_training_pose
person087,frontal,0,0,15,frontal_15.png,person087/frontal/frontal_15.png,Model_B,train,pose_diverse,0,frontal,seen_training_pose
person087,right,30,30,8,30_degree08.png,person087/right/30_degree08.png,Model_B,train,pose_diverse,30,right,seen_training_pose
person087,right,30,30,13,30_degree13.png,person087/right/30_degree13.png,Model_B,train,pose_diverse,30,right,seen_training_pose
person087,right,60,60,1,60_degree01.png,person087/right/60_degree01.png,Model_B,train,pose_diverse,60,right,seen_training_pose
person087,right,60,60,16,60_degree16.png,person087/right/60_degree16.png,Model_B,train,pose_diverse,60,right,seen_training_pose
person088,left,60,-60,8,60_degree_08.png,person088/left/60_degree_08.png,Model_B,train,pose_diverse,60,left,seen_training_pose
person088,left,60,-60,16,60_degree_16.png,person088/left/60_degree_16.png,Model_B,train,pose_diverse,60,left,seen_training_pose
person088,left,30,-30,1,30_degree_01.png,person088/left/30_degree_01.png,Model_B,train,pose_diverse,30,left,seen_training_pose
person088,left,30,-30,17,30_degree_17.png,person088/left/30_degree_17.png,Model_B,train,pose_diverse,30,left,seen_training_pose
person088,frontal,0,0,4,frontal_04.png,person088/frontal/frontal_04.png,Model_B,train,pose_diverse,0,frontal,seen_training_pose
person088,frontal,0,0,6,frontal_06.png,person088/frontal/frontal_06.png,Model_B,train,pose_diverse,0,frontal,seen_training_pose
person088,frontal,0,0,7,frontal_07.png,person088/frontal/frontal_07.png,Model_B,train,pose_diverse,0,frontal,seen_training_pose
person088,frontal,0,0,11,frontal_11.png,person088/frontal/frontal_11.png,Model_B,train,pose_diverse,0,frontal,seen_training_pose
person088,right,30,30,10,30_degree10.png,person088/right/30_degree10.png,Model_B,train,pose_diverse,30,right,seen_training_pose
person088,right,30,30,13,30_degree13.png,person088/right/30_degree13.png,Model_B,train,pose_diverse,30,right,seen_training_pose
person088,right,60,60,15,60_degree15.png,person088/right/60_degree15.png,Model_B,train,pose_diverse,60,right,seen_training_pose
person088,right,60,60,20,60_degree20.png,person088/right/60_degree20.png,Model_B,train,pose_diverse,60,right,seen_training_pose
person089,left,60,-60,8,60_degree_08.png,person089/left/60_degree_08.png,Model_B,train,pose_diverse,60,left,seen_training_pose
person089,left,60,-60,10,60_degree_10.png,person089/left/60_degree_10.png,Model_B,train,pose_diverse,60,left,seen_training_pose
person089,left,30,-30,1,30_degree_01.png,person089/left/30_degree_01.png,Model_B,train,pose_diverse,30,left,seen_training_pose
person089,left,30,-30,16,30_degree_16.png,person089/left/30_degree_16.png,Model_B,train,pose_diverse,30,left,seen_training_pose
person089,frontal,0,0,6,frontal_06.png,person089/frontal/frontal_06.png,Model_B,train,pose_diverse,0,frontal,seen_training_pose
person089,frontal,0,0,7,frontal_07.png,person089/frontal/frontal_07.png,Model_B,train,pose_diverse,0,frontal,seen_training_pose
person089,frontal,0,0,13,frontal_13.png,person089/frontal/frontal_13.png,Model_B,train,pose_diverse,0,frontal,seen_training_pose
person089,frontal,0,0,17,frontal_17.png,person089/frontal/frontal_17.png,Model_B,train,pose_diverse,0,frontal,seen_training_pose
person089,right,30,30,11,30_degree11.png,person089/right/30_degree11.png,Model_B,train,pose_diverse,30,right,seen_training_pose
person089,right,30,30,20,30_degree20.png,person089/right/30_degree20.png,Model_B,train,pose_diverse,30,right,seen_training_pose
person089,right,60,60,4,60_degree04.png,person089/right/60_degree04.png,Model_B,train,pose_diverse,60,right,seen_training_pose
person089,right,60,60,15,60_degree15.png,person089/right/60_degree15.png,Model_B,train,pose_diverse,60,right,seen_training_pose
person090,left,60,-60,11,60_degree_11.png,person090/left/60_degree_11.png,Model_B,train,pose_diverse,60,left,seen_training_pose
person090,left,60,-60,13,60_degree_13.png,person090/left/60_degree_13.png,Model_B,train,pose_diverse,60,left,seen_training_pose
person090,left,30,-30,8,30_degree_08.png,person090/left/30_degree_08.png,Model_B,train,pose_diverse,30,left,seen_training_pose
person090,left,30,-30,17,30_degree_17.png,person090/left/30_degree_17.png,Model_B,train,pose_diverse,30,left,seen_training_pose
person090,frontal,0,0,4,frontal_04.png,person090/frontal/frontal_04.png,Model_B,train,pose_diverse,0,frontal,seen_training_pose
person090,frontal,0,0,7,frontal_07.png,person090/frontal/frontal_07.png,Model_B,train,pose_diverse,0,frontal,seen_training_pose
person090,frontal,0,0,16,frontal_16.png,person090/frontal/frontal_16.png,Model_B,train,pose_diverse,0,frontal,seen_training_pose
person090,frontal,0,0,20,frontal_20.png,person090/frontal/frontal_20.png,Model_B,train,pose_diverse,0,frontal,seen_training_pose
person090,right,30,30,1,30_degree01.png,person090/right/30_degree01.png,Model_B,train,pose_diverse,30,right,seen_training_pose
person090,right,30,30,10,30_degree10.png,person090/right/30_degree10.png,Model_B,train,pose_diverse,30,right,seen_training_pose
person090,right,60,60,6,60_degree06.png,person090/right/60_degree06.png,Model_B,train,pose_diverse,60,right,seen_training_pose
person090,right,60,60,15,60_degree15.png,person090/right/60_degree15.png,Model_B,train,pose_diverse,60,right,seen_training_pose
person091,left,60,-60,4,60_degree_04.png,person091/left/60_degree_04.png,Model_B,train,pose_diverse,60,left,seen_training_pose
person091,left,60,-60,11,60_degree_11.png,person091/left/60_degree_11.png,Model_B,train,pose_diverse,60,left,seen_training_pose
person091,left,30,-30,1,30_degree_01.png,person091/left/30_degree_01.png,Model_B,train,pose_diverse,30,left,seen_training_pose
person091,left,30,-30,6,30_degree_06.png,person091/left/30_degree_06.png,Model_B,train,pose_diverse,30,left,seen_training_pose
person091,frontal,0,0,10,frontal_10.png,person091/frontal/frontal_10.png,Model_B,train,pose_diverse,0,frontal,seen_training_pose
person091,frontal,0,0,15,frontal_15.png,person091/frontal/frontal_15.png,Model_B,train,pose_diverse,0,frontal,seen_training_pose
person091,frontal,0,0,17,frontal_17.png,person091/frontal/frontal_17.png,Model_B,train,pose_diverse,0,frontal,seen_training_pose
person091,frontal,0,0,20,frontal_20.png,person091/frontal/frontal_20.png,Model_B,train,pose_diverse,0,frontal,seen_training_pose
person091,right,30,30,8,30_degree08.png,person091/right/30_degree08.png,Model_B,train,pose_diverse,30,right,seen_training_pose
person091,right,30,30,13,30_degree13.png,person091/right/30_degree13.png,Model_B,train,pose_diverse,30,right,seen_training_pose
person091,right,60,60,7,60_degree07.png,person091/right/60_degree07.png,Model_B,train,pose_diverse,60,right,seen_training_pose
person091,right,60,60,16,60_degree16.png,person091/right/60_degree16.png,Model_B,train,pose_diverse,60,right,seen_training_pose
person092,left,60,-60,1,60_degree_01.png,person092/left/60_degree_01.png,Model_B,train,pose_diverse,60,left,seen_training_pose
person092,left,60,-60,17,60_degree_17.png,person092/left/60_degree_17.png,Model_B,train,pose_diverse,60,left,seen_training_pose
person092,left,30,-30,13,30_degree_13.png,person092/left/30_degree_13.png,Model_B,train,pose_diverse,30,left,seen_training_pose
person092,left,30,-30,15,30_degree_15.png,person092/left/30_degree_15.png,Model_B,train,pose_diverse,30,left,seen_training_pose
person092,frontal,0,0,4,frontal_04.png,person092/frontal/frontal_04.png,Model_B,train,pose_diverse,0,frontal,seen_training_pose
person092,frontal,0,0,7,frontal_07.png,person092/frontal/frontal_07.png,Model_B,train,pose_diverse,0,frontal,seen_training_pose
person092,frontal,0,0,10,frontal_10.png,person092/frontal/frontal_10.png,Model_B,train,pose_diverse,0,frontal,seen_training_pose
person092,frontal,0,0,20,frontal_20.png,person092/frontal/frontal_20.png,Model_B,train,pose_diverse,0,frontal,seen_training_pose
person092,right,30,30,6,30_degree06.png,person092/right/30_degree06.png,Model_B,train,pose_diverse,30,right,seen_training_pose
person092,right,30,30,8,30_degree08.png,person092/right/30_degree08.png,Model_B,train,pose_diverse,30,right,seen_training_pose
person092,right,60,60,11,60_degree11.png,person092/right/60_degree11.png,Model_B,train,pose_diverse,60,right,seen_training_pose
person092,right,60,60,16,60_degree16.png,person092/right/60_degree16.png,Model_B,train,pose_diverse,60,right,seen_training_pose
person093,left,60,-60,6,60_degree_06.png,person093/left/60_degree_06.png,Model_B,train,pose_diverse,60,left,seen_training_pose
person093,left,60,-60,7,60_degree_07.png,person093/left/60_degree_07.png,Model_B,train,pose_diverse,60,left,seen_training_pose
person093,left,30,-30,1,30_degree_01.png,person093/left/30_degree_01.png,Model_B,train,pose_diverse,30,left,seen_training_pose
person093,left,30,-30,10,30_degree_10.png,person093/left/30_degree_10.png,Model_B,train,pose_diverse,30,left,seen_training_pose
person093,frontal,0,0,11,frontal_11.png,person093/frontal/frontal_11.png,Model_B,train,pose_diverse,0,frontal,seen_training_pose
person093,frontal,0,0,13,frontal_13.png,person093/frontal/frontal_13.png,Model_B,train,pose_diverse,0,frontal,seen_training_pose
person093,frontal,0,0,16,frontal_16.png,person093/frontal/frontal_16.png,Model_B,train,pose_diverse,0,frontal,seen_training_pose
person093,frontal,0,0,20,frontal_20.png,person093/frontal/frontal_20.png,Model_B,train,pose_diverse,0,frontal,seen_training_pose
person093,right,30,30,4,30_degree04.png,person093/right/30_degree04.png,Model_B,train,pose_diverse,30,right,seen_training_pose
person093,right,30,30,15,30_degree15.png,person093/right/30_degree15.png,Model_B,train,pose_diverse,30,right,seen_training_pose
person093,right,60,60,8,60_degree08.png,person093/right/60_degree08.png,Model_B,train,pose_diverse,60,right,seen_training_pose
person093,right,60,60,17,60_degree17.png,person093/right/60_degree17.png,Model_B,train,pose_diverse,60,right,seen_training_pose
person094,left,60,-60,4,60_degree_04.png,person094/left/60_degree_04.png,Model_B,train,pose_diverse,60,left,seen_training_pose
person094,left,60,-60,10,60_degree_10.png,person094/left/60_degree_10.png,Model_B,train,pose_diverse,60,left,seen_training_pose
person094,left,30,-30,6,30_degree_06.png,person094/left/30_degree_06.png,Model_B,train,pose_diverse,30,left,seen_training_pose
person094,left,30,-30,8,30_degree_08.png,person094/left/30_degree_08.png,Model_B,train,pose_diverse,30,left,seen_training_pose
person094,frontal,0,0,11,frontal_11.png,person094/frontal/frontal_11.png,Model_B,train,pose_diverse,0,frontal,seen_training_pose
person094,frontal,0,0,13,frontal_13.png,person094/frontal/frontal_13.png,Model_B,train,pose_diverse,0,frontal,seen_training_pose
person094,frontal,0,0,15,frontal_15.png,person094/frontal/frontal_15.png,Model_B,train,pose_diverse,0,frontal,seen_training_pose
person094,frontal,0,0,17,frontal_17.png,person094/frontal/frontal_17.png,Model_B,train,pose_diverse,0,frontal,seen_training_pose
person094,right,30,30,7,30_degree07.png,person094/right/30_degree07.png,Model_B,train,pose_diverse,30,right,seen_training_pose
person094,right,30,30,20,30_degree20.png,person094/right/30_degree20.png,Model_B,train,pose_diverse,30,right,seen_training_pose
person094,right,60,60,1,60_degree01.png,person094/right/60_degree01.png,Model_B,train,pose_diverse,60,right,seen_training_pose
person094,right,60,60,16,60_degree16.png,person094/right/60_degree16.png,Model_B,train,pose_diverse,60,right,seen_training_pose
person095,left,60,-60,10,60_degree_10.png,person095/left/60_degree_10.png,Model_B,train,pose_diverse,60,left,seen_training_pose
person095,left,60,-60,16,60_degree_16.png,person095/left/60_degree_16.png,Model_B,train,pose_diverse,60,left,seen_training_pose
person095,left,30,-30,7,30_degree_07.png,person095/left/30_degree_07.png,Model_B,train,pose_diverse,30,left,seen_training_pose
person095,left,30,-30,15,30_degree_15.png,person095/left/30_degree_15.png,Model_B,train,pose_diverse,30,left,seen_training_pose
person095,frontal,0,0,6,frontal_06.png,person095/frontal/frontal_06.png,Model_B,train,pose_diverse,0,frontal,seen_training_pose
person095,frontal,0,0,8,frontal_08.png,person095/frontal/frontal_08.png,Model_B,train,pose_diverse,0,frontal,seen_training_pose
person095,frontal,0,0,13,frontal_13.png,person095/frontal/frontal_13.png,Model_B,train,pose_diverse,0,frontal,seen_training_pose
person095,frontal,0,0,20,frontal_20.png,person095/frontal/frontal_20.png,Model_B,train,pose_diverse,0,frontal,seen_training_pose
person095,right,30,30,1,30_degree01.png,person095/right/30_degree01.png,Model_B,train,pose_diverse,30,right,seen_training_pose
person095,right,30,30,17,30_degree17.png,person095/right/30_degree17.png,Model_B,train,pose_diverse,30,right,seen_training_pose
person095,right,60,60,4,60_degree04.png,person095/right/60_degree04.png,Model_B,train,pose_diverse,60,right,seen_training_pose
person095,right,60,60,11,60_degree11.png,person095/right/60_degree11.png,Model_B,train,pose_diverse,60,right,seen_training_pose
person096,left,60,-60,1,60_degree_01.png,person096/left/60_degree_01.png,Model_B,train,pose_diverse,60,left,seen_training_pose
person096,left,60,-60,20,60_degree_20.png,person096/left/60_degree_20.png,Model_B,train,pose_diverse,60,left,seen_training_pose
person096,left,30,-30,11,30_degree_11.png,person096/left/30_degree_11.png,Model_B,train,pose_diverse,30,left,seen_training_pose
person096,left,30,-30,13,30_degree_13.png,person096/left/30_degree_13.png,Model_B,train,pose_diverse,30,left,seen_training_pose
person096,frontal,0,0,6,frontal_06.png,person096/frontal/frontal_06.png,Model_B,train,pose_diverse,0,frontal,seen_training_pose
person096,frontal,0,0,8,frontal_08.png,person096/frontal/frontal_08.png,Model_B,train,pose_diverse,0,frontal,seen_training_pose
person096,frontal,0,0,15,frontal_15.png,person096/frontal/frontal_15.png,Model_B,train,pose_diverse,0,frontal,seen_training_pose
person096,frontal,0,0,17,frontal_17.png,person096/frontal/frontal_17.png,Model_B,train,pose_diverse,0,frontal,seen_training_pose
person096,right,30,30,4,30_degree04.png,person096/right/30_degree04.png,Model_B,train,pose_diverse,30,right,seen_training_pose
person096,right,30,30,10,30_degree10.png,person096/right/30_degree10.png,Model_B,train,pose_diverse,30,right,seen_training_pose
person096,right,60,60,7,60_degree07.png,person096/right/60_degree07.png,Model_B,train,pose_diverse,60,right,seen_training_pose
person096,right,60,60,16,60_degree16.png,person096/right/60_degree16.png,Model_B,train,pose_diverse,60,right,seen_training_pose
person097,left,60,-60,6,60_degree_06.png,person097/left/60_degree_06.png,Model_B,train,pose_diverse,60,left,seen_training_pose
person097,left,60,-60,13,60_degree_13.png,person097/left/60_degree_13.png,Model_B,train,pose_diverse,60,left,seen_training_pose
person097,left,30,-30,1,30_degree_01.png,person097/left/30_degree_01.png,Model_B,train,pose_diverse,30,left,seen_training_pose
person097,left,30,-30,7,30_degree_07.png,person097/left/30_degree_07.png,Model_B,train,pose_diverse,30,left,seen_training_pose
person097,frontal,0,0,4,frontal_04.png,person097/frontal/frontal_04.png,Model_B,train,pose_diverse,0,frontal,seen_training_pose
person097,frontal,0,0,8,frontal_08.png,person097/frontal/frontal_08.png,Model_B,train,pose_diverse,0,frontal,seen_training_pose
person097,frontal,0,0,10,frontal_10.png,person097/frontal/frontal_10.png,Model_B,train,pose_diverse,0,frontal,seen_training_pose
person097,frontal,0,0,11,frontal_11.png,person097/frontal/frontal_11.png,Model_B,train,pose_diverse,0,frontal,seen_training_pose
person097,right,30,30,16,30_degree16.png,person097/right/30_degree16.png,Model_B,train,pose_diverse,30,right,seen_training_pose
person097,right,30,30,20,30_degree20.png,person097/right/30_degree20.png,Model_B,train,pose_diverse,30,right,seen_training_pose
person097,right,60,60,15,60_degree15.png,person097/right/60_degree15.png,Model_B,train,pose_diverse,60,right,seen_training_pose
person097,right,60,60,17,60_degree17.png,person097/right/60_degree17.png,Model_B,train,pose_diverse,60,right,seen_training_pose
person098,left,60,-60,7,60_degree_07.png,person098/left/60_degree_07.png,Model_B,train,pose_diverse,60,left,seen_training_pose
person098,left,60,-60,15,60_degree_15.png,person098/left/60_degree_15.png,Model_B,train,pose_diverse,60,left,seen_training_pose
person098,left,30,-30,8,30_degree_08.png,person098/left/30_degree_08.png,Model_B,train,pose_diverse,30,left,seen_training_pose
person098,left,30,-30,13,30_degree_13.png,person098/left/30_degree_13.png,Model_B,train,pose_diverse,30,left,seen_training_pose
person098,frontal,0,0,1,frontal_01.png,person098/frontal/frontal_01.png,Model_B,train,pose_diverse,0,frontal,seen_training_pose
person098,frontal,0,0,4,frontal_04.png,person098/frontal/frontal_04.png,Model_B,train,pose_diverse,0,frontal,seen_training_pose
person098,frontal,0,0,17,frontal_17.png,person098/frontal/frontal_17.png,Model_B,train,pose_diverse,0,frontal,seen_training_pose
person098,frontal,0,0,20,frontal_20.png,person098/frontal/frontal_20.png,Model_B,train,pose_diverse,0,frontal,seen_training_pose
person098,right,30,30,6,30_degree06.png,person098/right/30_degree06.png,Model_B,train,pose_diverse,30,right,seen_training_pose
person098,right,30,30,11,30_degree11.png,person098/right/30_degree11.png,Model_B,train,pose_diverse,30,right,seen_training_pose
person098,right,60,60,10,60_degree10.png,person098/right/60_degree10.png,Model_B,train,pose_diverse,60,right,seen_training_pose
person098,right,60,60,16,60_degree16.png,person098/right/60_degree16.png,Model_B,train,pose_diverse,60,right,seen_training_pose
person099,left,60,-60,11,60_degree_11.png,person099/left/60_degree_11.png,Model_B,train,pose_diverse,60,left,seen_training_pose
person099,left,60,-60,13,60_degree_13.png,person099/left/60_degree_13.png,Model_B,train,pose_diverse,60,left,seen_training_pose
person099,left,30,-30,4,30_degree_04.png,person099/left/30_degree_04.png,Model_B,train,pose_diverse,30,left,seen_training_pose
person099,left,30,-30,15,30_degree_15.png,person099/left/30_degree_15.png,Model_B,train,pose_diverse,30,left,seen_training_pose
person099,frontal,0,0,1,frontal_01.png,person099/frontal/frontal_01.png,Model_B,train,pose_diverse,0,frontal,seen_training_pose
person099,frontal,0,0,6,frontal_06.png,person099/frontal/frontal_06.png,Model_B,train,pose_diverse,0,frontal,seen_training_pose
person099,frontal,0,0,17,frontal_17.png,person099/frontal/frontal_17.png,Model_B,train,pose_diverse,0,frontal,seen_training_pose
person099,frontal,0,0,20,frontal_20.png,person099/frontal/frontal_20.png,Model_B,train,pose_diverse,0,frontal,seen_training_pose
person099,right,30,30,8,30_degree08.png,person099/right/30_degree08.png,Model_B,train,pose_diverse,30,right,seen_training_pose
person099,right,30,30,10,30_degree10.png,person099/right/30_degree10.png,Model_B,train,pose_diverse,30,right,seen_training_pose
person099,right,60,60,7,60_degree07.png,person099/right/60_degree07.png,Model_B,train,pose_diverse,60,right,seen_training_pose
person099,right,60,60,16,60_degree16.png,person099/right/60_degree16.png,Model_B,train,pose_diverse,60,right,seen_training_pose
person100,left,60,-60,7,60_degree_07.png,person100/left/60_degree_07.png,Model_B,train,pose_diverse,60,left,seen_training_pose
person100,left,60,-60,20,60_degree_20.png,person100/left/60_degree_20.png,Model_B,train,pose_diverse,60,left,seen_training_pose
person100,left,30,-30,4,30_degree_04.png,person100/left/30_degree_04.png,Model_B,train,pose_diverse,30,left,seen_training_pose
person100,left,30,-30,17,30_degree_17.png,person100/left/30_degree_17.png,Model_B,train,pose_diverse,30,left,seen_training_pose
person100,frontal,0,0,6,frontal_06.png,person100/frontal/frontal_06.png,Model_B,train,pose_diverse,0,frontal,seen_training_pose
person100,frontal,0,0,10,frontal_10.png,person100/frontal/frontal_10.png,Model_B,train,pose_diverse,0,frontal,seen_training_pose
person100,frontal,0,0,13,frontal_13.png,person100/frontal/frontal_13.png,Model_B,train,pose_diverse,0,frontal,seen_training_pose
person100,frontal,0,0,16,frontal_16.png,person100/frontal/frontal_16.png,Model_B,train,pose_diverse,0,frontal,seen_training_pose
person100,right,30,30,1,30_degree01.png,person100/right/30_degree01.png,Model_B,train,pose_diverse,30,right,seen_training_pose
person100,right,30,30,8,30_degree08.png,person100/right/30_degree08.png,Model_B,train,pose_diverse,30,right,seen_training_pose
person100,right,60,60,11,60_degree11.png,person100/right/60_degree11.png,Model_B,train,pose_diverse,60,right,seen_training_pose
person100,right,60,60,15,60_degree15.png,person100/right/60_degree15.png,Model_B,train,pose_diverse,60,right,seen_training_pose
person101,left,60,-60,4,60_degree_04.png,person101/left/60_degree_04.png,Model_B,train,pose_diverse,60,left,seen_training_pose
person101,left,60,-60,13,60_degree_13.png,person101/left/60_degree_13.png,Model_B,train,pose_diverse,60,left,seen_training_pose
person101,left,30,-30,6,30_degree_06.png,person101/left/30_degree_06.png,Model_B,train,pose_diverse,30,left,seen_training_pose
person101,left,30,-30,17,30_degree_17.png,person101/left/30_degree_17.png,Model_B,train,pose_diverse,30,left,seen_training_pose
person101,frontal,0,0,1,frontal_01.png,person101/frontal/frontal_01.png,Model_B,train,pose_diverse,0,frontal,seen_training_pose
person101,frontal,0,0,7,frontal_07.png,person101/frontal/frontal_07.png,Model_B,train,pose_diverse,0,frontal,seen_training_pose
person101,frontal,0,0,8,frontal_08.png,person101/frontal/frontal_08.png,Model_B,train,pose_diverse,0,frontal,seen_training_pose
person101,frontal,0,0,16,frontal_16.png,person101/frontal/frontal_16.png,Model_B,train,pose_diverse,0,frontal,seen_training_pose
person101,right,30,30,11,30_degree11.png,person101/right/30_degree11.png,Model_B,train,pose_diverse,30,right,seen_training_pose
person101,right,30,30,20,30_degree20.png,person101/right/30_degree20.png,Model_B,train,pose_diverse,30,right,seen_training_pose
person101,right,60,60,10,60_degree10.png,person101/right/60_degree10.png,Model_B,train,pose_diverse,60,right,seen_training_pose
person101,right,60,60,15,60_degree15.png,person101/right/60_degree15.png,Model_B,train,pose_diverse,60,right,seen_training_pose
person102,left,60,-60,1,60_degree_01.png,person102/left/60_degree_01.png,Model_B,train,pose_diverse,60,left,seen_training_pose
person102,left,60,-60,13,60_degree_13.png,person102/left/60_degree_13.png,Model_B,train,pose_diverse,60,left,seen_training_pose
person102,left,30,-30,10,30_degree_10.png,person102/left/30_degree_10.png,Model_B,train,pose_diverse,30,left,seen_training_pose
person102,left,30,-30,16,30_degree_16.png,person102/left/30_degree_16.png,Model_B,train,pose_diverse,30,left,seen_training_pose
person102,frontal,0,0,4,frontal_04.png,person102/frontal/frontal_04.png,Model_B,train,pose_diverse,0,frontal,seen_training_pose
person102,frontal,0,0,6,frontal_06.png,person102/frontal/frontal_06.png,Model_B,train,pose_diverse,0,frontal,seen_training_pose
person102,frontal,0,0,7,frontal_07.png,person102/frontal/frontal_07.png,Model_B,train,pose_diverse,0,frontal,seen_training_pose
person102,frontal,0,0,20,frontal_20.png,person102/frontal/frontal_20.png,Model_B,train,pose_diverse,0,frontal,seen_training_pose
person102,right,30,30,15,30_degree15.png,person102/right/30_degree15.png,Model_B,train,pose_diverse,30,right,seen_training_pose
person102,right,30,30,17,30_degree17.png,person102/right/30_degree17.png,Model_B,train,pose_diverse,30,right,seen_training_pose
person102,right,60,60,8,60_degree08.png,person102/right/60_degree08.png,Model_B,train,pose_diverse,60,right,seen_training_pose
person102,right,60,60,11,60_degree11.png,person102/right/60_degree11.png,Model_B,train,pose_diverse,60,right,seen_training_pose
person103,left,60,-60,10,60_degree_10.png,person103/left/60_degree_10.png,Model_B,train,pose_diverse,60,left,seen_training_pose
person103,left,60,-60,16,60_degree_16.png,person103/left/60_degree_16.png,Model_B,train,pose_diverse,60,left,seen_training_pose
person103,left,30,-30,1,30_degree_01.png,person103/left/30_degree_01.png,Model_B,train,pose_diverse,30,left,seen_training_pose
person103,left,30,-30,11,30_degree_11.png,person103/left/30_degree_11.png,Model_B,train,pose_diverse,30,left,seen_training_pose
person103,frontal,0,0,4,frontal_04.png,person103/frontal/frontal_04.png,Model_B,train,pose_diverse,0,frontal,seen_training_pose
person103,frontal,0,0,6,frontal_06.png,person103/frontal/frontal_06.png,Model_B,train,pose_diverse,0,frontal,seen_training_pose
person103,frontal,0,0,7,frontal_07.png,person103/frontal/frontal_07.png,Model_B,train,pose_diverse,0,frontal,seen_training_pose
person103,frontal,0,0,20,frontal_20.png,person103/frontal/frontal_20.png,Model_B,train,pose_diverse,0,frontal,seen_training_pose
person103,right,30,30,13,30_degree13.png,person103/right/30_degree13.png,Model_B,train,pose_diverse,30,right,seen_training_pose
person103,right,30,30,15,30_degree15.png,person103/right/30_degree15.png,Model_B,train,pose_diverse,30,right,seen_training_pose
person103,right,60,60,8,60_degree08.png,person103/right/60_degree08.png,Model_B,train,pose_diverse,60,right,seen_training_pose
person103,right,60,60,17,60_degree17.png,person103/right/60_degree17.png,Model_B,train,pose_diverse,60,right,seen_training_pose
person104,left,60,-60,15,60_degree_15.png,person104/left/60_degree_15.png,Model_B,train,pose_diverse,60,left,seen_training_pose
person104,left,60,-60,16,60_degree_16.png,person104/left/60_degree_16.png,Model_B,train,pose_diverse,60,left,seen_training_pose
person104,left,30,-30,6,30_degree_06.png,person104/left/30_degree_06.png,Model_B,train,pose_diverse,30,left,seen_training_pose
person104,left,30,-30,8,30_degree_08.png,person104/left/30_degree_08.png,Model_B,train,pose_diverse,30,left,seen_training_pose
person104,frontal,0,0,7,frontal_07.png,person104/frontal/frontal_07.png,Model_B,train,pose_diverse,0,frontal,seen_training_pose
person104,frontal,0,0,11,frontal_11.png,person104/frontal/frontal_11.png,Model_B,train,pose_diverse,0,frontal,seen_training_pose
person104,frontal,0,0,13,frontal_13.png,person104/frontal/frontal_13.png,Model_B,train,pose_diverse,0,frontal,seen_training_pose
person104,frontal,0,0,20,frontal_20.png,person104/frontal/frontal_20.png,Model_B,train,pose_diverse,0,frontal,seen_training_pose
person104,right,30,30,1,30_degree01.png,person104/right/30_degree01.png,Model_B,train,pose_diverse,30,right,seen_training_pose
person104,right,30,30,17,30_degree17.png,person104/right/30_degree17.png,Model_B,train,pose_diverse,30,right,seen_training_pose
person104,right,60,60,4,60_degree04.png,person104/right/60_degree04.png,Model_B,train,pose_diverse,60,right,seen_training_pose
person104,right,60,60,10,60_degree10.png,person104/right/60_degree10.png,Model_B,train,pose_diverse,60,right,seen_training_pose
person105,left,60,-60,11,60_degree_11.png,person105/left/60_degree_11.png,Model_B,train,pose_diverse,60,left,seen_training_pose
person105,left,60,-60,16,60_degree_16.png,person105/left/60_degree_16.png,Model_B,train,pose_diverse,60,left,seen_training_pose
person105,left,30,-30,10,30_degree_10.png,person105/left/30_degree_10.png,Model_B,train,pose_diverse,30,left,seen_training_pose
person105,left,30,-30,20,30_degree_20.png,person105/left/30_degree_20.png,Model_B,train,pose_diverse,30,left,seen_training_pose
person105,frontal,0,0,1,frontal_01.png,person105/frontal/frontal_01.png,Model_B,train,pose_diverse,0,frontal,seen_training_pose
person105,frontal,0,0,6,frontal_06.png,person105/frontal/frontal_06.png,Model_B,train,pose_diverse,0,frontal,seen_training_pose
person105,frontal,0,0,7,frontal_07.png,person105/frontal/frontal_07.png,Model_B,train,pose_diverse,0,frontal,seen_training_pose
person105,frontal,0,0,17,frontal_17.png,person105/frontal/frontal_17.png,Model_B,train,pose_diverse,0,frontal,seen_training_pose
person105,right,30,30,8,30_degree08.png,person105/right/30_degree08.png,Model_B,train,pose_diverse,30,right,seen_training_pose
person105,right,30,30,13,30_degree13.png,person105/right/30_degree13.png,Model_B,train,pose_diverse,30,right,seen_training_pose
person105,right,60,60,4,60_degree04.png,person105/right/60_degree04.png,Model_B,train,pose_diverse,60,right,seen_training_pose
person105,right,60,60,15,60_degree15.png,person105/right/60_degree15.png,Model_B,train,pose_diverse,60,right,seen_training_pose
person106,left,60,-60,13,60_degree_13.png,person106/left/60_degree_13.png,Model_B,train,pose_diverse,60,left,seen_training_pose
person106,left,60,-60,16,60_degree_16.png,person106/left/60_degree_16.png,Model_B,train,pose_diverse,60,left,seen_training_pose
person106,left,30,-30,7,30_degree_07.png,person106/left/30_degree_07.png,Model_B,train,pose_diverse,30,left,seen_training_pose
person106,left,30,-30,10,30_degree_10.png,person106/left/30_degree_10.png,Model_B,train,pose_diverse,30,left,seen_training_pose
person106,frontal,0,0,1,frontal_01.png,person106/frontal/frontal_01.png,Model_B,train,pose_diverse,0,frontal,seen_training_pose
person106,frontal,0,0,6,frontal_06.png,person106/frontal/frontal_06.png,Model_B,train,pose_diverse,0,frontal,seen_training_pose
person106,frontal,0,0,8,frontal_08.png,person106/frontal/frontal_08.png,Model_B,train,pose_diverse,0,frontal,seen_training_pose
person106,frontal,0,0,11,frontal_11.png,person106/frontal/frontal_11.png,Model_B,train,pose_diverse,0,frontal,seen_training_pose
person106,right,30,30,4,30_degree04.png,person106/right/30_degree04.png,Model_B,train,pose_diverse,30,right,seen_training_pose
person106,right,30,30,15,30_degree15.png,person106/right/30_degree15.png,Model_B,train,pose_diverse,30,right,seen_training_pose
person106,right,60,60,17,60_degree17.png,person106/right/60_degree17.png,Model_B,train,pose_diverse,60,right,seen_training_pose
person106,right,60,60,20,60_degree20.png,person106/right/60_degree20.png,Model_B,train,pose_diverse,60,right,seen_training_pose
person107,left,60,-60,8,60_degree_08.png,person107/left/60_degree_08.png,Model_B,train,pose_diverse,60,left,seen_training_pose
person107,left,60,-60,16,60_degree_16.png,person107/left/60_degree_16.png,Model_B,train,pose_diverse,60,left,seen_training_pose
person107,left,30,-30,7,30_degree_07.png,person107/left/30_degree_07.png,Model_B,train,pose_diverse,30,left,seen_training_pose
person107,left,30,-30,17,30_degree_17.png,person107/left/30_degree_17.png,Model_B,train,pose_diverse,30,left,seen_training_pose
person107,frontal,0,0,1,frontal_01.png,person107/frontal/frontal_01.png,Model_B,train,pose_diverse,0,frontal,seen_training_pose
person107,frontal,0,0,6,frontal_06.png,person107/frontal/frontal_06.png,Model_B,train,pose_diverse,0,frontal,seen_training_pose
person107,frontal,0,0,10,frontal_10.png,person107/frontal/frontal_10.png,Model_B,train,pose_diverse,0,frontal,seen_training_pose
person107,frontal,0,0,11,frontal_11.png,person107/frontal/frontal_11.png,Model_B,train,pose_diverse,0,frontal,seen_training_pose
person107,right,30,30,13,30_degree13.png,person107/right/30_degree13.png,Model_B,train,pose_diverse,30,right,seen_training_pose
person107,right,30,30,15,30_degree15.png,person107/right/30_degree15.png,Model_B,train,pose_diverse,30,right,seen_training_pose
person107,right,60,60,4,60_degree04.png,person107/right/60_degree04.png,Model_B,train,pose_diverse,60,right,seen_training_pose
person107,right,60,60,20,60_degree20.png,person107/right/60_degree20.png,Model_B,train,pose_diverse,60,right,seen_training_pose
person108,left,60,-60,8,60_degree_08.png,person108/left/60_degree_08.png,Model_B,train,pose_diverse,60,left,seen_training_pose
person108,left,60,-60,17,60_degree_17.png,person108/left/60_degree_17.png,Model_B,train,pose_diverse,60,left,seen_training_pose
person108,left,30,-30,10,30_degree_10.png,person108/left/30_degree_10.png,Model_B,train,pose_diverse,30,left,seen_training_pose
person108,left,30,-30,15,30_degree_15.png,person108/left/30_degree_15.png,Model_B,train,pose_diverse,30,left,seen_training_pose
person108,frontal,0,0,4,frontal_04.png,person108/frontal/frontal_04.png,Model_B,train,pose_diverse,0,frontal,seen_training_pose
person108,frontal,0,0,7,frontal_07.png,person108/frontal/frontal_07.png,Model_B,train,pose_diverse,0,frontal,seen_training_pose
person108,frontal,0,0,13,frontal_13.png,person108/frontal/frontal_13.png,Model_B,train,pose_diverse,0,frontal,seen_training_pose
person108,frontal,0,0,16,frontal_16.png,person108/frontal/frontal_16.png,Model_B,train,pose_diverse,0,frontal,seen_training_pose
person108,right,30,30,1,30_degree01.png,person108/right/30_degree01.png,Model_B,train,pose_diverse,30,right,seen_training_pose
person108,right,30,30,20,30_degree20.png,person108/right/30_degree20.png,Model_B,train,pose_diverse,30,right,seen_training_pose
person108,right,60,60,6,60_degree06.png,person108/right/60_degree06.png,Model_B,train,pose_diverse,60,right,seen_training_pose
person108,right,60,60,11,60_degree11.png,person108/right/60_degree11.png,Model_B,train,pose_diverse,60,right,seen_training_pose
person109,left,60,-60,11,60_degree_11.png,person109/left/60_degree_11.png,Model_B,train,pose_diverse,60,left,seen_training_pose
person109,left,60,-60,15,60_degree_15.png,person109/left/60_degree_15.png,Model_B,train,pose_diverse,60,left,seen_training_pose
person109,left,30,-30,1,30_degree_01.png,person109/left/30_degree_01.png,Model_B,train,pose_diverse,30,left,seen_training_pose
person109,left,30,-30,20,30_degree_20.png,person109/left/30_degree_20.png,Model_B,train,pose_diverse,30,left,seen_training_pose
person109,frontal,0,0,8,frontal_08.png,person109/frontal/frontal_08.png,Model_B,train,pose_diverse,0,frontal,seen_training_pose
person109,frontal,0,0,10,frontal_10.png,person109/frontal/frontal_10.png,Model_B,train,pose_diverse,0,frontal,seen_training_pose
person109,frontal,0,0,16,frontal_16.png,person109/frontal/frontal_16.png,Model_B,train,pose_diverse,0,frontal,seen_training_pose
person109,frontal,0,0,17,frontal_17.png,person109/frontal/frontal_17.png,Model_B,train,pose_diverse,0,frontal,seen_training_pose
person109,right,30,30,4,30_degree04.png,person109/right/30_degree04.png,Model_B,train,pose_diverse,30,right,seen_training_pose
person109,right,30,30,7,30_degree07.png,person109/right/30_degree07.png,Model_B,train,pose_diverse,30,right,seen_training_pose
person109,right,60,60,6,60_degree06.png,person109/right/60_degree06.png,Model_B,train,pose_diverse,60,right,seen_training_pose
person109,right,60,60,13,60_degree13.png,person109/right/60_degree13.png,Model_B,train,pose_diverse,60,right,seen_training_pose
person110,left,60,-60,8,60_degree_08.png,person110/left/60_degree_08.png,Model_B,train,pose_diverse,60,left,seen_training_pose
person110,left,60,-60,17,60_degree_17.png,person110/left/60_degree_17.png,Model_B,train,pose_diverse,60,left,seen_training_pose
person110,left,30,-30,13,30_degree_13.png,person110/left/30_degree_13.png,Model_B,train,pose_diverse,30,left,seen_training_pose
person110,left,30,-30,15,30_degree_15.png,person110/left/30_degree_15.png,Model_B,train,pose_diverse,30,left,seen_training_pose
person110,frontal,0,0,1,frontal_01.png,person110/frontal/frontal_01.png,Model_B,train,pose_diverse,0,frontal,seen_training_pose
person110,frontal,0,0,4,frontal_04.png,person110/frontal/frontal_04.png,Model_B,train,pose_diverse,0,frontal,seen_training_pose
person110,frontal,0,0,7,frontal_07.png,person110/frontal/frontal_07.png,Model_B,train,pose_diverse,0,frontal,seen_training_pose
person110,frontal,0,0,20,frontal_20.png,person110/frontal/frontal_20.png,Model_B,train,pose_diverse,0,frontal,seen_training_pose
person110,right,30,30,11,30_degree11.png,person110/right/30_degree11.png,Model_B,train,pose_diverse,30,right,seen_training_pose
person110,right,30,30,16,30_degree16.png,person110/right/30_degree16.png,Model_B,train,pose_diverse,30,right,seen_training_pose
person110,right,60,60,6,60_degree06.png,person110/right/60_degree06.png,Model_B,train,pose_diverse,60,right,seen_training_pose
person110,right,60,60,10,60_degree10.png,person110/right/60_degree10.png,Model_B,train,pose_diverse,60,right,seen_training_pose
person111,left,60,-60,16,60_degree_16.png,person111/left/60_degree_16.png,Model_B,train,pose_diverse,60,left,seen_training_pose
person111,left,60,-60,20,60_degree_20.png,person111/left/60_degree_20.png,Model_B,train,pose_diverse,60,left,seen_training_pose
person111,left,30,-30,4,30_degree_04.png,person111/left/30_degree_04.png,Model_B,train,pose_diverse,30,left,seen_training_pose
person111,left,30,-30,11,30_degree_11.png,person111/left/30_degree_11.png,Model_B,train,pose_diverse,30,left,seen_training_pose
person111,frontal,0,0,6,frontal_06.png,person111/frontal/frontal_06.png,Model_B,train,pose_diverse,0,frontal,seen_training_pose
person111,frontal,0,0,8,frontal_08.png,person111/frontal/frontal_08.png,Model_B,train,pose_diverse,0,frontal,seen_training_pose
person111,frontal,0,0,10,frontal_10.png,person111/frontal/frontal_10.png,Model_B,train,pose_diverse,0,frontal,seen_training_pose
person111,frontal,0,0,13,frontal_13.png,person111/frontal/frontal_13.png,Model_B,train,pose_diverse,0,frontal,seen_training_pose
person111,right,30,30,1,30_degree01.png,person111/right/30_degree01.png,Model_B,train,pose_diverse,30,right,seen_training_pose
person111,right,30,30,7,30_degree07.png,person111/right/30_degree07.png,Model_B,train,pose_diverse,30,right,seen_training_pose
person111,right,60,60,15,60_degree15.png,person111/right/60_degree15.png,Model_B,train,pose_diverse,60,right,seen_training_pose
person111,right,60,60,17,60_degree17.png,person111/right/60_degree17.png,Model_B,train,pose_diverse,60,right,seen_training_pose
person112,left,60,-60,4,60_degree_04.png,person112/left/60_degree_04.png,Model_B,train,pose_diverse,60,left,seen_training_pose
person112,left,60,-60,8,60_degree_08.png,person112/left/60_degree_08.png,Model_B,train,pose_diverse,60,left,seen_training_pose
person112,left,30,-30,10,30_degree_10.png,person112/left/30_degree_10.png,Model_B,train,pose_diverse,30,left,seen_training_pose
person112,left,30,-30,20,30_degree_20.png,person112/left/30_degree_20.png,Model_B,train,pose_diverse,30,left,seen_training_pose
person112,frontal,0,0,1,frontal_01.png,person112/frontal/frontal_01.png,Model_B,train,pose_diverse,0,frontal,seen_training_pose
person112,frontal,0,0,11,frontal_11.png,person112/frontal/frontal_11.png,Model_B,train,pose_diverse,0,frontal,seen_training_pose
person112,frontal,0,0,13,frontal_13.png,person112/frontal/frontal_13.png,Model_B,train,pose_diverse,0,frontal,seen_training_pose
person112,frontal,0,0,17,frontal_17.png,person112/frontal/frontal_17.png,Model_B,train,pose_diverse,0,frontal,seen_training_pose
person112,right,30,30,7,30_degree07.png,person112/right/30_degree07.png,Model_B,train,pose_diverse,30,right,seen_training_pose
person112,right,30,30,16,30_degree16.png,person112/right/30_degree16.png,Model_B,train,pose_diverse,30,right,seen_training_pose
person112,right,60,60,6,60_degree06.png,person112/right/60_degree06.png,Model_B,train,pose_diverse,60,right,seen_training_pose
person112,right,60,60,15,60_degree15.png,person112/right/60_degree15.png,Model_B,train,pose_diverse,60,right,seen_training_pose
person113,left,60,-60,7,60_degree_07.png,person113/left/60_degree_07.png,Model_B,train,pose_diverse,60,left,seen_training_pose
person113,left,60,-60,20,60_degree_20.png,person113/left/60_degree_20.png,Model_B,train,pose_diverse,60,left,seen_training_pose
person113,left,30,-30,15,30_degree_15.png,person113/left/30_degree_15.png,Model_B,train,pose_diverse,30,left,seen_training_pose
person113,left,30,-30,17,30_degree_17.png,person113/left/30_degree_17.png,Model_B,train,pose_diverse,30,left,seen_training_pose
person113,frontal,0,0,6,frontal_06.png,person113/frontal/frontal_06.png,Model_B,train,pose_diverse,0,frontal,seen_training_pose
person113,frontal,0,0,8,frontal_08.png,person113/frontal/frontal_08.png,Model_B,train,pose_diverse,0,frontal,seen_training_pose
person113,frontal,0,0,11,frontal_11.png,person113/frontal/frontal_11.png,Model_B,train,pose_diverse,0,frontal,seen_training_pose
person113,frontal,0,0,13,frontal_13.png,person113/frontal/frontal_13.png,Model_B,train,pose_diverse,0,frontal,seen_training_pose
person113,right,30,30,1,30_degree01.png,person113/right/30_degree01.png,Model_B,train,pose_diverse,30,right,seen_training_pose
person113,right,30,30,16,30_degree16.png,person113/right/30_degree16.png,Model_B,train,pose_diverse,30,right,seen_training_pose
person113,right,60,60,4,60_degree04.png,person113/right/60_degree04.png,Model_B,train,pose_diverse,60,right,seen_training_pose
person113,right,60,60,10,60_degree10.png,person113/right/60_degree10.png,Model_B,train,pose_diverse,60,right,seen_training_pose
person114,left,60,-60,11,60_degree_11.png,person114/left/60_degree_11.png,Model_B,train,pose_diverse,60,left,seen_training_pose
person114,left,60,-60,20,60_degree_20.png,person114/left/60_degree_20.png,Model_B,train,pose_diverse,60,left,seen_training_pose
person114,left,30,-30,10,30_degree_10.png,person114/left/30_degree_10.png,Model_B,train,pose_diverse,30,left,seen_training_pose
person114,left,30,-30,17,30_degree_17.png,person114/left/30_degree_17.png,Model_B,train,pose_diverse,30,left,seen_training_pose
person114,frontal,0,0,4,frontal_04.png,person114/frontal/frontal_04.png,Model_B,train,pose_diverse,0,frontal,seen_training_pose
person114,frontal,0,0,6,frontal_06.png,person114/frontal/frontal_06.png,Model_B,train,pose_diverse,0,frontal,seen_training_pose
person114,frontal,0,0,8,frontal_08.png,person114/frontal/frontal_08.png,Model_B,train,pose_diverse,0,frontal,seen_training_pose
person114,frontal,0,0,16,frontal_16.png,person114/frontal/frontal_16.png,Model_B,train,pose_diverse,0,frontal,seen_training_pose
person114,right,30,30,1,30_degree01.png,person114/right/30_degree01.png,Model_B,train,pose_diverse,30,right,seen_training_pose
person114,right,30,30,15,30_degree15.png,person114/right/30_degree15.png,Model_B,train,pose_diverse,30,right,seen_training_pose
person114,right,60,60,7,60_degree07.png,person114/right/60_degree07.png,Model_B,train,pose_diverse,60,right,seen_training_pose
person114,right,60,60,13,60_degree13.png,person114/right/60_degree13.png,Model_B,train,pose_diverse,60,right,seen_training_pose
person115,left,60,-60,6,60_degree_06.png,person115/left/60_degree_06.png,Model_B,train,pose_diverse,60,left,seen_training_pose
person115,left,60,-60,13,60_degree_13.png,person115/left/60_degree_13.png,Model_B,train,pose_diverse,60,left,seen_training_pose
person115,left,30,-30,4,30_degree_04.png,person115/left/30_degree_04.png,Model_B,train,pose_diverse,30,left,seen_training_pose
person115,left,30,-30,8,30_degree_08.png,person115/left/30_degree_08.png,Model_B,train,pose_diverse,30,left,seen_training_pose
person115,frontal,0,0,15,frontal_15.png,person115/frontal/frontal_15.png,Model_B,train,pose_diverse,0,frontal,seen_training_pose
person115,frontal,0,0,16,frontal_16.png,person115/frontal/frontal_16.png,Model_B,train,pose_diverse,0,frontal,seen_training_pose
person115,frontal,0,0,17,frontal_17.png,person115/frontal/frontal_17.png,Model_B,train,pose_diverse,0,frontal,seen_training_pose
person115,frontal,0,0,20,frontal_20.png,person115/frontal/frontal_20.png,Model_B,train,pose_diverse,0,frontal,seen_training_pose
person115,right,30,30,10,30_degree10.png,person115/right/30_degree10.png,Model_B,train,pose_diverse,30,right,seen_training_pose
person115,right,30,30,11,30_degree11.png,person115/right/30_degree11.png,Model_B,train,pose_diverse,30,right,seen_training_pose
person115,right,60,60,1,60_degree01.png,person115/right/60_degree01.png,Model_B,train,pose_diverse,60,right,seen_training_pose
person115,right,60,60,7,60_degree07.png,person115/right/60_degree07.png,Model_B,train,pose_diverse,60,right,seen_training_pose
person116,left,60,-60,6,60_degree_06.png,person116/left/60_degree_06.png,Model_B,train,pose_diverse,60,left,seen_training_pose
person116,left,60,-60,10,60_degree_10.png,person116/left/60_degree_10.png,Model_B,train,pose_diverse,60,left,seen_training_pose
person116,left,30,-30,7,30_degree_07.png,person116/left/30_degree_07.png,Model_B,train,pose_diverse,30,left,seen_training_pose
person116,left,30,-30,17,30_degree_17.png,person116/left/30_degree_17.png,Model_B,train,pose_diverse,30,left,seen_training_pose
person116,frontal,0,0,1,frontal_01.png,person116/frontal/frontal_01.png,Model_B,train,pose_diverse,0,frontal,seen_training_pose
person116,frontal,0,0,8,frontal_08.png,person116/frontal/frontal_08.png,Model_B,train,pose_diverse,0,frontal,seen_training_pose
person116,frontal,0,0,11,frontal_11.png,person116/frontal/frontal_11.png,Model_B,train,pose_diverse,0,frontal,seen_training_pose
person116,frontal,0,0,13,frontal_13.png,person116/frontal/frontal_13.png,Model_B,train,pose_diverse,0,frontal,seen_training_pose
person116,right,30,30,16,30_degree16.png,person116/right/30_degree16.png,Model_B,train,pose_diverse,30,right,seen_training_pose
person116,right,30,30,20,30_degree20.png,person116/right/30_degree20.png,Model_B,train,pose_diverse,30,right,seen_training_pose
person116,right,60,60,4,60_degree04.png,person116/right/60_degree04.png,Model_B,train,pose_diverse,60,right,seen_training_pose
person116,right,60,60,15,60_degree15.png,person116/right/60_degree15.png,Model_B,train,pose_diverse,60,right,seen_training_pose
person117,left,60,-60,4,60_degree_04.png,person117/left/60_degree_04.png,Model_B,train,pose_diverse,60,left,seen_training_pose
person117,left,60,-60,8,60_degree_08.png,person117/left/60_degree_08.png,Model_B,train,pose_diverse,60,left,seen_training_pose
person117,left,30,-30,1,30_degree_01.png,person117/left/30_degree_01.png,Model_B,train,pose_diverse,30,left,seen_training_pose
person117,left,30,-30,16,30_degree_16.png,person117/left/30_degree_16.png,Model_B,train,pose_diverse,30,left,seen_training_pose
person117,frontal,0,0,6,frontal_06.png,person117/frontal/frontal_06.png,Model_B,train,pose_diverse,0,frontal,seen_training_pose
person117,frontal,0,0,7,frontal_07.png,person117/frontal/frontal_07.png,Model_B,train,pose_diverse,0,frontal,seen_training_pose
person117,frontal,0,0,11,frontal_11.png,person117/frontal/frontal_11.png,Model_B,train,pose_diverse,0,frontal,seen_training_pose
person117,frontal,0,0,13,frontal_13.png,person117/frontal/frontal_13.png,Model_B,train,pose_diverse,0,frontal,seen_training_pose
person117,right,30,30,15,30_degree15.png,person117/right/30_degree15.png,Model_B,train,pose_diverse,30,right,seen_training_pose
person117,right,30,30,20,30_degree20.png,person117/right/30_degree20.png,Model_B,train,pose_diverse,30,right,seen_training_pose
person117,right,60,60,10,60_degree10.png,person117/right/60_degree10.png,Model_B,train,pose_diverse,60,right,seen_training_pose
person117,right,60,60,17,60_degree17.png,person117/right/60_degree17.png,Model_B,train,pose_diverse,60,right,seen_training_pose
person118,left,60,-60,13,60_degree_13.png,person118/left/60_degree_13.png,Model_B,train,pose_diverse,60,left,seen_training_pose
person118,left,60,-60,20,60_degree_20.png,person118/left/60_degree_20.png,Model_B,train,pose_diverse,60,left,seen_training_pose
person118,left,30,-30,15,30_degree_15.png,person118/left/30_degree_15.png,Model_B,train,pose_diverse,30,left,seen_training_pose
person118,left,30,-30,16,30_degree_16.png,person118/left/30_degree_16.png,Model_B,train,pose_diverse,30,left,seen_training_pose
person118,frontal,0,0,1,frontal_01.png,person118/frontal/frontal_01.png,Model_B,train,pose_diverse,0,frontal,seen_training_pose
person118,frontal,0,0,4,frontal_04.png,person118/frontal/frontal_04.png,Model_B,train,pose_diverse,0,frontal,seen_training_pose
person118,frontal,0,0,7,frontal_07.png,person118/frontal/frontal_07.png,Model_B,train,pose_diverse,0,frontal,seen_training_pose
person118,frontal,0,0,8,frontal_08.png,person118/frontal/frontal_08.png,Model_B,train,pose_diverse,0,frontal,seen_training_pose
person118,right,30,30,11,30_degree11.png,person118/right/30_degree11.png,Model_B,train,pose_diverse,30,right,seen_training_pose
person118,right,30,30,17,30_degree17.png,person118/right/30_degree17.png,Model_B,train,pose_diverse,30,right,seen_training_pose
person118,right,60,60,6,60_degree06.png,person118/right/60_degree06.png,Model_B,train,pose_diverse,60,right,seen_training_pose
person118,right,60,60,10,60_degree10.png,person118/right/60_degree10.png,Model_B,train,pose_diverse,60,right,seen_training_pose
person119,left,60,-60,7,60_degree_07.png,person119/left/60_degree_07.png,Model_B,train,pose_diverse,60,left,seen_training_pose
person119,left,60,-60,16,60_degree_16.png,person119/left/60_degree_16.png,Model_B,train,pose_diverse,60,left,seen_training_pose
person119,left,30,-30,6,30_degree_06.png,person119/left/30_degree_06.png,Model_B,train,pose_diverse,30,left,seen_training_pose
person119,left,30,-30,17,30_degree_17.png,person119/left/30_degree_17.png,Model_B,train,pose_diverse,30,left,seen_training_pose
person119,frontal,0,0,4,frontal_04.png,person119/frontal/frontal_04.png,Model_B,train,pose_diverse,0,frontal,seen_training_pose
person119,frontal,0,0,10,frontal_10.png,person119/frontal/frontal_10.png,Model_B,train,pose_diverse,0,frontal,seen_training_pose
person119,frontal,0,0,11,frontal_11.png,person119/frontal/frontal_11.png,Model_B,train,pose_diverse,0,frontal,seen_training_pose
person119,frontal,0,0,13,frontal_13.png,person119/frontal/frontal_13.png,Model_B,train,pose_diverse,0,frontal,seen_training_pose
person119,right,30,30,1,30_degree01.png,person119/right/30_degree01.png,Model_B,train,pose_diverse,30,right,seen_training_pose
person119,right,30,30,20,30_degree20.png,person119/right/30_degree20.png,Model_B,train,pose_diverse,30,right,seen_training_pose
person119,right,60,60,8,60_degree08.png,person119/right/60_degree08.png,Model_B,train,pose_diverse,60,right,seen_training_pose
person119,right,60,60,15,60_degree15.png,person119/right/60_degree15.png,Model_B,train,pose_diverse,60,right,seen_training_pose
person120,left,60,-60,6,60_degree_06.png,person120/left/60_degree_06.png,Model_B,train,pose_diverse,60,left,seen_training_pose
person120,left,60,-60,11,60_degree_11.png,person120/left/60_degree_11.png,Model_B,train,pose_diverse,60,left,seen_training_pose
person120,left,30,-30,1,30_degree_01.png,person120/left/30_degree_01.png,Model_B,train,pose_diverse,30,left,seen_training_pose
person120,left,30,-30,4,30_degree_04.png,person120/left/30_degree_04.png,Model_B,train,pose_diverse,30,left,seen_training_pose
person120,frontal,0,0,8,frontal_08.png,person120/frontal/frontal_08.png,Model_B,train,pose_diverse,0,frontal,seen_training_pose
person120,frontal,0,0,13,frontal_13.png,person120/frontal/frontal_13.png,Model_B,train,pose_diverse,0,frontal,seen_training_pose
person120,frontal,0,0,15,frontal_15.png,person120/frontal/frontal_15.png,Model_B,train,pose_diverse,0,frontal,seen_training_pose
person120,frontal,0,0,17,frontal_17.png,person120/frontal/frontal_17.png,Model_B,train,pose_diverse,0,frontal,seen_training_pose
person120,right,30,30,10,30_degree10.png,person120/right/30_degree10.png,Model_B,train,pose_diverse,30,right,seen_training_pose
person120,right,30,30,16,30_degree16.png,person120/right/30_degree16.png,Model_B,train,pose_diverse,30,right,seen_training_pose
person120,right,60,60,7,60_degree07.png,person120/right/60_degree07.png,Model_B,train,pose_diverse,60,right,seen_training_pose
person120,right,60,60,20,60_degree20.png,person120/right/60_degree20.png,Model_B,train,pose_diverse,60,right,seen_training_pose
person121,left,60,-60,10,60_degree_10.png,person121/left/60_degree_10.png,Model_B,train,pose_diverse,60,left,seen_training_pose
person121,left,60,-60,15,60_degree_15.png,person121/left/60_degree_15.png,Model_B,train,pose_diverse,60,left,seen_training_pose
person121,left,30,-30,8,30_degree_08.png,person121/left/30_degree_08.png,Model_B,train,pose_diverse,30,left,seen_training_pose
person121,left,30,-30,16,30_degree_16.png,person121/left/30_degree_16.png,Model_B,train,pose_diverse,30,left,seen_training_pose
person121,frontal,0,0,1,frontal_01.png,person121/frontal/frontal_01.png,Model_B,train,pose_diverse,0,frontal,seen_training_pose
person121,frontal,0,0,7,frontal_07.png,person121/frontal/frontal_07.png,Model_B,train,pose_diverse,0,frontal,seen_training_pose
person121,frontal,0,0,13,frontal_13.png,person121/frontal/frontal_13.png,Model_B,train,pose_diverse,0,frontal,seen_training_pose
person121,frontal,0,0,20,frontal_20.png,person121/frontal/frontal_20.png,Model_B,train,pose_diverse,0,frontal,seen_training_pose
person121,right,30,30,4,30_degree04.png,person121/right/30_degree04.png,Model_B,train,pose_diverse,30,right,seen_training_pose
person121,right,30,30,17,30_degree17.png,person121/right/30_degree17.png,Model_B,train,pose_diverse,30,right,seen_training_pose
person121,right,60,60,6,60_degree06.png,person121/right/60_degree06.png,Model_B,train,pose_diverse,60,right,seen_training_pose
person121,right,60,60,11,60_degree11.png,person121/right/60_degree11.png,Model_B,train,pose_diverse,60,right,seen_training_pose
person122,left,60,-60,1,60_degree_01.png,person122/left/60_degree_01.png,Model_B,train,pose_diverse,60,left,seen_training_pose
person122,left,60,-60,11,60_degree_11.png,person122/left/60_degree_11.png,Model_B,train,pose_diverse,60,left,seen_training_pose
person122,left,30,-30,13,30_degree_13.png,person122/left/30_degree_13.png,Model_B,train,pose_diverse,30,left,seen_training_pose
person122,left,30,-30,20,30_degree_20.png,person122/left/30_degree_20.png,Model_B,train,pose_diverse,30,left,seen_training_pose
person122,frontal,0,0,4,frontal_04.png,person122/frontal/frontal_04.png,Model_B,train,pose_diverse,0,frontal,seen_training_pose
person122,frontal,0,0,10,frontal_10.png,person122/frontal/frontal_10.png,Model_B,train,pose_diverse,0,frontal,seen_training_pose
person122,frontal,0,0,15,frontal_15.png,person122/frontal/frontal_15.png,Model_B,train,pose_diverse,0,frontal,seen_training_pose
person122,frontal,0,0,17,frontal_17.png,person122/frontal/frontal_17.png,Model_B,train,pose_diverse,0,frontal,seen_training_pose
person122,right,30,30,7,30_degree07.png,person122/right/30_degree07.png,Model_B,train,pose_diverse,30,right,seen_training_pose
person122,right,30,30,8,30_degree08.png,person122/right/30_degree08.png,Model_B,train,pose_diverse,30,right,seen_training_pose
person122,right,60,60,6,60_degree06.png,person122/right/60_degree06.png,Model_B,train,pose_diverse,60,right,seen_training_pose
person122,right,60,60,16,60_degree16.png,person122/right/60_degree16.png,Model_B,train,pose_diverse,60,right,seen_training_pose
person123,left,60,-60,11,60_degree_11.png,person123/left/60_degree_11.png,Model_B,train,pose_diverse,60,left,seen_training_pose
person123,left,60,-60,15,60_degree_15.png,person123/left/60_degree_15.png,Model_B,train,pose_diverse,60,left,seen_training_pose
person123,left,30,-30,4,30_degree_04.png,person123/left/30_degree_04.png,Model_B,train,pose_diverse,30,left,seen_training_pose
person123,left,30,-30,17,30_degree_17.png,person123/left/30_degree_17.png,Model_B,train,pose_diverse,30,left,seen_training_pose
person123,frontal,0,0,1,frontal_01.png,person123/frontal/frontal_01.png,Model_B,train,pose_diverse,0,frontal,seen_training_pose
person123,frontal,0,0,7,frontal_07.png,person123/frontal/frontal_07.png,Model_B,train,pose_diverse,0,frontal,seen_training_pose
person123,frontal,0,0,10,frontal_10.png,person123/frontal/frontal_10.png,Model_B,train,pose_diverse,0,frontal,seen_training_pose
person123,frontal,0,0,13,frontal_13.png,person123/frontal/frontal_13.png,Model_B,train,pose_diverse,0,frontal,seen_training_pose
person123,right,30,30,6,30_degree06.png,person123/right/30_degree06.png,Model_B,train,pose_diverse,30,right,seen_training_pose
person123,right,30,30,20,30_degree20.png,person123/right/30_degree20.png,Model_B,train,pose_diverse,30,right,seen_training_pose
person123,right,60,60,8,60_degree08.png,person123/right/60_degree08.png,Model_B,train,pose_diverse,60,right,seen_training_pose
person123,right,60,60,16,60_degree16.png,person123/right/60_degree16.png,Model_B,train,pose_diverse,60,right,seen_training_pose
person124,left,60,-60,10,60_degree_10.png,person124/left/60_degree_10.png,Model_B,train,pose_diverse,60,left,seen_training_pose
person124,left,60,-60,11,60_degree_11.png,person124/left/60_degree_11.png,Model_B,train,pose_diverse,60,left,seen_training_pose
person124,left,30,-30,4,30_degree_04.png,person124/left/30_degree_04.png,Model_B,train,pose_diverse,30,left,seen_training_pose
person124,left,30,-30,15,30_degree_15.png,person124/left/30_degree_15.png,Model_B,train,pose_diverse,30,left,seen_training_pose
person124,frontal,0,0,6,frontal_06.png,person124/frontal/frontal_06.png,Model_B,train,pose_diverse,0,frontal,seen_training_pose
person124,frontal,0,0,13,frontal_13.png,person124/frontal/frontal_13.png,Model_B,train,pose_diverse,0,frontal,seen_training_pose
person124,frontal,0,0,16,frontal_16.png,person124/frontal/frontal_16.png,Model_B,train,pose_diverse,0,frontal,seen_training_pose
person124,frontal,0,0,17,frontal_17.png,person124/frontal/frontal_17.png,Model_B,train,pose_diverse,0,frontal,seen_training_pose
person124,right,30,30,1,30_degree01.png,person124/right/30_degree01.png,Model_B,train,pose_diverse,30,right,seen_training_pose
person124,right,30,30,20,30_degree20.png,person124/right/30_degree20.png,Model_B,train,pose_diverse,30,right,seen_training_pose
person124,right,60,60,7,60_degree07.png,person124/right/60_degree07.png,Model_B,train,pose_diverse,60,right,seen_training_pose
person124,right,60,60,8,60_degree08.png,person124/right/60_degree08.png,Model_B,train,pose_diverse,60,right,seen_training_pose
person125,left,60,-60,8,60_degree_08.png,person125/left/60_degree_08.png,Model_B,train,pose_diverse,60,left,seen_training_pose
person125,left,60,-60,17,60_degree_17.png,person125/left/60_degree_17.png,Model_B,train,pose_diverse,60,left,seen_training_pose
person125,left,30,-30,10,30_degree_10.png,person125/left/30_degree_10.png,Model_B,train,pose_diverse,30,left,seen_training_pose
person125,left,30,-30,11,30_degree_11.png,person125/left/30_degree_11.png,Model_B,train,pose_diverse,30,left,seen_training_pose
person125,frontal,0,0,1,frontal_01.png,person125/frontal/frontal_01.png,Model_B,train,pose_diverse,0,frontal,seen_training_pose
person125,frontal,0,0,7,frontal_07.png,person125/frontal/frontal_07.png,Model_B,train,pose_diverse,0,frontal,seen_training_pose
person125,frontal,0,0,15,frontal_15.png,person125/frontal/frontal_15.png,Model_B,train,pose_diverse,0,frontal,seen_training_pose
person125,frontal,0,0,20,frontal_20.png,person125/frontal/frontal_20.png,Model_B,train,pose_diverse,0,frontal,seen_training_pose
person125,right,30,30,4,30_degree04.png,person125/right/30_degree04.png,Model_B,train,pose_diverse,30,right,seen_training_pose
person125,right,30,30,6,30_degree06.png,person125/right/30_degree06.png,Model_B,train,pose_diverse,30,right,seen_training_pose
person125,right,60,60,13,60_degree13.png,person125/right/60_degree13.png,Model_B,train,pose_diverse,60,right,seen_training_pose
person125,right,60,60,16,60_degree16.png,person125/right/60_degree16.png,Model_B,train,pose_diverse,60,right,seen_training_pose
person126,left,60,-60,4,60_degree_04.png,person126/left/60_degree_04.png,Model_B,train,pose_diverse,60,left,seen_training_pose
person126,left,60,-60,16,60_degree_16.png,person126/left/60_degree_16.png,Model_B,train,pose_diverse,60,left,seen_training_pose
person126,left,30,-30,17,30_degree_17.png,person126/left/30_degree_17.png,Model_B,train,pose_diverse,30,left,seen_training_pose
person126,left,30,-30,20,30_degree_20.png,person126/left/30_degree_20.png,Model_B,train,pose_diverse,30,left,seen_training_pose
person126,frontal,0,0,6,frontal_06.png,person126/frontal/frontal_06.png,Model_B,train,pose_diverse,0,frontal,seen_training_pose
person126,frontal,0,0,8,frontal_08.png,person126/frontal/frontal_08.png,Model_B,train,pose_diverse,0,frontal,seen_training_pose
person126,frontal,0,0,10,frontal_10.png,person126/frontal/frontal_10.png,Model_B,train,pose_diverse,0,frontal,seen_training_pose
person126,frontal,0,0,11,frontal_11.png,person126/frontal/frontal_11.png,Model_B,train,pose_diverse,0,frontal,seen_training_pose
person126,right,30,30,7,30_degree07.png,person126/right/30_degree07.png,Model_B,train,pose_diverse,30,right,seen_training_pose
person126,right,30,30,13,30_degree13.png,person126/right/30_degree13.png,Model_B,train,pose_diverse,30,right,seen_training_pose
person126,right,60,60,1,60_degree01.png,person126/right/60_degree01.png,Model_B,train,pose_diverse,60,right,seen_training_pose
person126,right,60,60,15,60_degree15.png,person126/right/60_degree15.png,Model_B,train,pose_diverse,60,right,seen_training_pose
person127,left,60,-60,4,60_degree_04.png,person127/left/60_degree_04.png,Model_B,train,pose_diverse,60,left,seen_training_pose
person127,left,60,-60,20,60_degree_20.png,person127/left/60_degree_20.png,Model_B,train,pose_diverse,60,left,seen_training_pose
person127,left,30,-30,6,30_degree_06.png,person127/left/30_degree_06.png,Model_B,train,pose_diverse,30,left,seen_training_pose
person127,left,30,-30,15,30_degree_15.png,person127/left/30_degree_15.png,Model_B,train,pose_diverse,30,left,seen_training_pose
person127,frontal,0,0,10,frontal_10.png,person127/frontal/frontal_10.png,Model_B,train,pose_diverse,0,frontal,seen_training_pose
person127,frontal,0,0,11,frontal_11.png,person127/frontal/frontal_11.png,Model_B,train,pose_diverse,0,frontal,seen_training_pose
person127,frontal,0,0,13,frontal_13.png,person127/frontal/frontal_13.png,Model_B,train,pose_diverse,0,frontal,seen_training_pose
person127,frontal,0,0,16,frontal_16.png,person127/frontal/frontal_16.png,Model_B,train,pose_diverse,0,frontal,seen_training_pose
person127,right,30,30,7,30_degree07.png,person127/right/30_degree07.png,Model_B,train,pose_diverse,30,right,seen_training_pose
person127,right,30,30,17,30_degree17.png,person127/right/30_degree17.png,Model_B,train,pose_diverse,30,right,seen_training_pose
person127,right,60,60,1,60_degree01.png,person127/right/60_degree01.png,Model_B,train,pose_diverse,60,right,seen_training_pose
person127,right,60,60,8,60_degree08.png,person127/right/60_degree08.png,Model_B,train,pose_diverse,60,right,seen_training_pose
person128,left,60,-60,7,60_degree_07.png,person128/left/60_degree_07.png,Model_B,train,pose_diverse,60,left,seen_training_pose
person128,left,60,-60,10,60_degree_10.png,person128/left/60_degree_10.png,Model_B,train,pose_diverse,60,left,seen_training_pose
person128,left,30,-30,8,30_degree_08.png,person128/left/30_degree_08.png,Model_B,train,pose_diverse,30,left,seen_training_pose
person128,left,30,-30,16,30_degree_16.png,person128/left/30_degree_16.png,Model_B,train,pose_diverse,30,left,seen_training_pose
person128,frontal,0,0,6,frontal_06.png,person128/frontal/frontal_06.png,Model_B,train,pose_diverse,0,frontal,seen_training_pose
person128,frontal,0,0,11,frontal_11.png,person128/frontal/frontal_11.png,Model_B,train,pose_diverse,0,frontal,seen_training_pose
person128,frontal,0,0,13,frontal_13.png,person128/frontal/frontal_13.png,Model_B,train,pose_diverse,0,frontal,seen_training_pose
person128,frontal,0,0,15,frontal_15.png,person128/frontal/frontal_15.png,Model_B,train,pose_diverse,0,frontal,seen_training_pose
person128,right,30,30,1,30_degree01.png,person128/right/30_degree01.png,Model_B,train,pose_diverse,30,right,seen_training_pose
person128,right,30,30,17,30_degree17.png,person128/right/30_degree17.png,Model_B,train,pose_diverse,30,right,seen_training_pose
person128,right,60,60,4,60_degree04.png,person128/right/60_degree04.png,Model_B,train,pose_diverse,60,right,seen_training_pose
person128,right,60,60,20,60_degree20.png,person128/right/60_degree20.png,Model_B,train,pose_diverse,60,right,seen_training_pose
person129,left,60,-60,6,60_degree_06.png,person129/left/60_degree_06.png,Model_B,train,pose_diverse,60,left,seen_training_pose
person129,left,60,-60,10,60_degree_10.png,person129/left/60_degree_10.png,Model_B,train,pose_diverse,60,left,seen_training_pose
person129,left,30,-30,4,30_degree_04.png,person129/left/30_degree_04.png,Model_B,train,pose_diverse,30,left,seen_training_pose
person129,left,30,-30,8,30_degree_08.png,person129/left/30_degree_08.png,Model_B,train,pose_diverse,30,left,seen_training_pose
person129,frontal,0,0,1,frontal_01.png,person129/frontal/frontal_01.png,Model_B,train,pose_diverse,0,frontal,seen_training_pose
person129,frontal,0,0,13,frontal_13.png,person129/frontal/frontal_13.png,Model_B,train,pose_diverse,0,frontal,seen_training_pose
person129,frontal,0,0,15,frontal_15.png,person129/frontal/frontal_15.png,Model_B,train,pose_diverse,0,frontal,seen_training_pose
person129,frontal,0,0,20,frontal_20.png,person129/frontal/frontal_20.png,Model_B,train,pose_diverse,0,frontal,seen_training_pose
person129,right,30,30,7,30_degree07.png,person129/right/30_degree07.png,Model_B,train,pose_diverse,30,right,seen_training_pose
person129,right,30,30,11,30_degree11.png,person129/right/30_degree11.png,Model_B,train,pose_diverse,30,right,seen_training_pose
person129,right,60,60,16,60_degree16.png,person129/right/60_degree16.png,Model_B,train,pose_diverse,60,right,seen_training_pose
person129,right,60,60,17,60_degree17.png,person129/right/60_degree17.png,Model_B,train,pose_diverse,60,right,seen_training_pose
person130,left,60,-60,13,60_degree_13.png,person130/left/60_degree_13.png,Model_B,train,pose_diverse,60,left,seen_training_pose
person130,left,60,-60,16,60_degree_16.png,person130/left/60_degree_16.png,Model_B,train,pose_diverse,60,left,seen_training_pose
person130,left,30,-30,6,30_degree_06.png,person130/left/30_degree_06.png,Model_B,train,pose_diverse,30,left,seen_training_pose
person130,left,30,-30,10,30_degree_10.png,person130/left/30_degree_10.png,Model_B,train,pose_diverse,30,left,seen_training_pose
person130,frontal,0,0,7,frontal_07.png,person130/frontal/frontal_07.png,Model_B,train,pose_diverse,0,frontal,seen_training_pose
person130,frontal,0,0,8,frontal_08.png,person130/frontal/frontal_08.png,Model_B,train,pose_diverse,0,frontal,seen_training_pose
person130,frontal,0,0,11,frontal_11.png,person130/frontal/frontal_11.png,Model_B,train,pose_diverse,0,frontal,seen_training_pose
person130,frontal,0,0,20,frontal_20.png,person130/frontal/frontal_20.png,Model_B,train,pose_diverse,0,frontal,seen_training_pose
person130,right,30,30,1,30_degree01.png,person130/right/30_degree01.png,Model_B,train,pose_diverse,30,right,seen_training_pose
person130,right,30,30,4,30_degree04.png,person130/right/30_degree04.png,Model_B,train,pose_diverse,30,right,seen_training_pose
person130,right,60,60,15,60_degree15.png,person130/right/60_degree15.png,Model_B,train,pose_diverse,60,right,seen_training_pose
person130,right,60,60,17,60_degree17.png,person130/right/60_degree17.png,Model_B,train,pose_diverse,60,right,seen_training_pose
person131,left,60,-60,13,60_degree_13.png,person131/left/60_degree_13.png,Model_B,train,pose_diverse,60,left,seen_training_pose
person131,left,60,-60,15,60_degree_15.png,person131/left/60_degree_15.png,Model_B,train,pose_diverse,60,left,seen_training_pose
person131,left,30,-30,10,30_degree_10.png,person131/left/30_degree_10.png,Model_B,train,pose_diverse,30,left,seen_training_pose
person131,left,30,-30,17,30_degree_17.png,person131/left/30_degree_17.png,Model_B,train,pose_diverse,30,left,seen_training_pose
person131,frontal,0,0,6,frontal_06.png,person131/frontal/frontal_06.png,Model_B,train,pose_diverse,0,frontal,seen_training_pose
person131,frontal,0,0,8,frontal_08.png,person131/frontal/frontal_08.png,Model_B,train,pose_diverse,0,frontal,seen_training_pose
person131,frontal,0,0,11,frontal_11.png,person131/frontal/frontal_11.png,Model_B,train,pose_diverse,0,frontal,seen_training_pose
person131,frontal,0,0,16,frontal_16.png,person131/frontal/frontal_16.png,Model_B,train,pose_diverse,0,frontal,seen_training_pose
person131,right,30,30,7,30_degree07.png,person131/right/30_degree07.png,Model_B,train,pose_diverse,30,right,seen_training_pose
person131,right,30,30,20,30_degree20.png,person131/right/30_degree20.png,Model_B,train,pose_diverse,30,right,seen_training_pose
person131,right,60,60,1,60_degree01.png,person131/right/60_degree01.png,Model_B,train,pose_diverse,60,right,seen_training_pose
person131,right,60,60,4,60_degree04.png,person131/right/60_degree04.png,Model_B,train,pose_diverse,60,right,seen_training_pose
person132,left,60,-60,10,60_degree_10.png,person132/left/60_degree_10.png,Model_B,train,pose_diverse,60,left,seen_training_pose
person132,left,60,-60,20,60_degree_20.png,person132/left/60_degree_20.png,Model_B,train,pose_diverse,60,left,seen_training_pose
person132,left,30,-30,8,30_degree_08.png,person132/left/30_degree_08.png,Model_B,train,pose_diverse,30,left,seen_training_pose
person132,left,30,-30,16,30_degree_16.png,person132/left/30_degree_16.png,Model_B,train,pose_diverse,30,left,seen_training_pose
person132,frontal,0,0,1,frontal_01.png,person132/frontal/frontal_01.png,Model_B,train,pose_diverse,0,frontal,seen_training_pose
person132,frontal,0,0,4,frontal_04.png,person132/frontal/frontal_04.png,Model_B,train,pose_diverse,0,frontal,seen_training_pose
person132,frontal,0,0,15,frontal_15.png,person132/frontal/frontal_15.png,Model_B,train,pose_diverse,0,frontal,seen_training_pose
person132,frontal,0,0,17,frontal_17.png,person132/frontal/frontal_17.png,Model_B,train,pose_diverse,0,frontal,seen_training_pose
person132,right,30,30,6,30_degree06.png,person132/right/30_degree06.png,Model_B,train,pose_diverse,30,right,seen_training_pose
person132,right,30,30,13,30_degree13.png,person132/right/30_degree13.png,Model_B,train,pose_diverse,30,right,seen_training_pose
person132,right,60,60,7,60_degree07.png,person132/right/60_degree07.png,Model_B,train,pose_diverse,60,right,seen_training_pose
person132,right,60,60,11,60_degree11.png,person132/right/60_degree11.png,Model_B,train,pose_diverse,60,right,seen_training_pose
person133,left,60,-60,1,60_degree_01.png,person133/left/60_degree_01.png,Model_B,train,pose_diverse,60,left,seen_training_pose
person133,left,60,-60,11,60_degree_11.png,person133/left/60_degree_11.png,Model_B,train,pose_diverse,60,left,seen_training_pose
person133,left,30,-30,8,30_degree_08.png,person133/left/30_degree_08.png,Model_B,train,pose_diverse,30,left,seen_training_pose
person133,left,30,-30,13,30_degree_13.png,person133/left/30_degree_13.png,Model_B,train,pose_diverse,30,left,seen_training_pose
person133,frontal,0,0,6,frontal_06.png,person133/frontal/frontal_06.png,Model_B,train,pose_diverse,0,frontal,seen_training_pose
person133,frontal,0,0,7,frontal_07.png,person133/frontal/frontal_07.png,Model_B,train,pose_diverse,0,frontal,seen_training_pose
person133,frontal,0,0,10,frontal_10.png,person133/frontal/frontal_10.png,Model_B,train,pose_diverse,0,frontal,seen_training_pose
person133,frontal,0,0,20,frontal_20.png,person133/frontal/frontal_20.png,Model_B,train,pose_diverse,0,frontal,seen_training_pose
person133,right,30,30,16,30_degree16.png,person133/right/30_degree16.png,Model_B,train,pose_diverse,30,right,seen_training_pose
person133,right,30,30,17,30_degree17.png,person133/right/30_degree17.png,Model_B,train,pose_diverse,30,right,seen_training_pose
person133,right,60,60,4,60_degree04.png,person133/right/60_degree04.png,Model_B,train,pose_diverse,60,right,seen_training_pose
person133,right,60,60,15,60_degree15.png,person133/right/60_degree15.png,Model_B,train,pose_diverse,60,right,seen_training_pose
person134,left,60,-60,13,60_degree_13.png,person134/left/60_degree_13.png,Model_B,train,pose_diverse,60,left,seen_training_pose
person134,left,60,-60,17,60_degree_17.png,person134/left/60_degree_17.png,Model_B,train,pose_diverse,60,left,seen_training_pose
person134,left,30,-30,6,30_degree_06.png,person134/left/30_degree_06.png,Model_B,train,pose_diverse,30,left,seen_training_pose
person134,left,30,-30,7,30_degree_07.png,person134/left/30_degree_07.png,Model_B,train,pose_diverse,30,left,seen_training_pose
person134,frontal,0,0,1,frontal_01.png,person134/frontal/frontal_01.png,Model_B,train,pose_diverse,0,frontal,seen_training_pose
person134,frontal,0,0,4,frontal_04.png,person134/frontal/frontal_04.png,Model_B,train,pose_diverse,0,frontal,seen_training_pose
person134,frontal,0,0,16,frontal_16.png,person134/frontal/frontal_16.png,Model_B,train,pose_diverse,0,frontal,seen_training_pose
person134,frontal,0,0,20,frontal_20.png,person134/frontal/frontal_20.png,Model_B,train,pose_diverse,0,frontal,seen_training_pose
person134,right,30,30,8,30_degree08.png,person134/right/30_degree08.png,Model_B,train,pose_diverse,30,right,seen_training_pose
person134,right,30,30,10,30_degree10.png,person134/right/30_degree10.png,Model_B,train,pose_diverse,30,right,seen_training_pose
person134,right,60,60,11,60_degree11.png,person134/right/60_degree11.png,Model_B,train,pose_diverse,60,right,seen_training_pose
person134,right,60,60,15,60_degree15.png,person134/right/60_degree15.png,Model_B,train,pose_diverse,60,right,seen_training_pose
person135,left,60,-60,1,60_degree_01.png,person135/left/60_degree_01.png,Model_B,train,pose_diverse,60,left,seen_training_pose
person135,left,60,-60,11,60_degree_11.png,person135/left/60_degree_11.png,Model_B,train,pose_diverse,60,left,seen_training_pose
person135,left,30,-30,4,30_degree_04.png,person135/left/30_degree_04.png,Model_B,train,pose_diverse,30,left,seen_training_pose
person135,left,30,-30,8,30_degree_08.png,person135/left/30_degree_08.png,Model_B,train,pose_diverse,30,left,seen_training_pose
person135,frontal,0,0,6,frontal_06.png,person135/frontal/frontal_06.png,Model_B,train,pose_diverse,0,frontal,seen_training_pose
person135,frontal,0,0,7,frontal_07.png,person135/frontal/frontal_07.png,Model_B,train,pose_diverse,0,frontal,seen_training_pose
person135,frontal,0,0,13,frontal_13.png,person135/frontal/frontal_13.png,Model_B,train,pose_diverse,0,frontal,seen_training_pose
person135,frontal,0,0,17,frontal_17.png,person135/frontal/frontal_17.png,Model_B,train,pose_diverse,0,frontal,seen_training_pose
person135,right,30,30,15,30_degree15.png,person135/right/30_degree15.png,Model_B,train,pose_diverse,30,right,seen_training_pose
person135,right,30,30,16,30_degree16.png,person135/right/30_degree16.png,Model_B,train,pose_diverse,30,right,seen_training_pose
person135,right,60,60,10,60_degree10.png,person135/right/60_degree10.png,Model_B,train,pose_diverse,60,right,seen_training_pose
person135,right,60,60,20,60_degree20.png,person135/right/60_degree20.png,Model_B,train,pose_diverse,60,right,seen_training_pose
person136,left,60,-60,8,60_degree_08.png,person136/left/60_degree_08.png,Model_B,train,pose_diverse,60,left,seen_training_pose
person136,left,60,-60,20,60_degree_20.png,person136/left/60_degree_20.png,Model_B,train,pose_diverse,60,left,seen_training_pose
person136,left,30,-30,1,30_degree_01.png,person136/left/30_degree_01.png,Model_B,train,pose_diverse,30,left,seen_training_pose
person136,left,30,-30,6,30_degree_06.png,person136/left/30_degree_06.png,Model_B,train,pose_diverse,30,left,seen_training_pose
person136,frontal,0,0,7,frontal_07.png,person136/frontal/frontal_07.png,Model_B,train,pose_diverse,0,frontal,seen_training_pose
person136,frontal,0,0,10,frontal_10.png,person136/frontal/frontal_10.png,Model_B,train,pose_diverse,0,frontal,seen_training_pose
person136,frontal,0,0,11,frontal_11.png,person136/frontal/frontal_11.png,Model_B,train,pose_diverse,0,frontal,seen_training_pose
person136,frontal,0,0,15,frontal_15.png,person136/frontal/frontal_15.png,Model_B,train,pose_diverse,0,frontal,seen_training_pose
person136,right,30,30,13,30_degree13.png,person136/right/30_degree13.png,Model_B,train,pose_diverse,30,right,seen_training_pose
person136,right,30,30,16,30_degree16.png,person136/right/30_degree16.png,Model_B,train,pose_diverse,30,right,seen_training_pose
person136,right,60,60,4,60_degree04.png,person136/right/60_degree04.png,Model_B,train,pose_diverse,60,right,seen_training_pose
person136,right,60,60,17,60_degree17.png,person136/right/60_degree17.png,Model_B,train,pose_diverse,60,right,seen_training_pose
person137,left,60,-60,1,60_degree_01.png,person137/left/60_degree_01.png,Model_B,train,pose_diverse,60,left,seen_training_pose
person137,left,60,-60,20,60_degree_20.png,person137/left/60_degree_20.png,Model_B,train,pose_diverse,60,left,seen_training_pose
person137,left,30,-30,7,30_degree_07.png,person137/left/30_degree_07.png,Model_B,train,pose_diverse,30,left,seen_training_pose
person137,left,30,-30,16,30_degree_16.png,person137/left/30_degree_16.png,Model_B,train,pose_diverse,30,left,seen_training_pose
person137,frontal,0,0,6,frontal_06.png,person137/frontal/frontal_06.png,Model_B,train,pose_diverse,0,frontal,seen_training_pose
person137,frontal,0,0,8,frontal_08.png,person137/frontal/frontal_08.png,Model_B,train,pose_diverse,0,frontal,seen_training_pose
person137,frontal,0,0,10,frontal_10.png,person137/frontal/frontal_10.png,Model_B,train,pose_diverse,0,frontal,seen_training_pose
person137,frontal,0,0,13,frontal_13.png,person137/frontal/frontal_13.png,Model_B,train,pose_diverse,0,frontal,seen_training_pose
person137,right,30,30,4,30_degree04.png,person137/right/30_degree04.png,Model_B,train,pose_diverse,30,right,seen_training_pose
person137,right,30,30,15,30_degree15.png,person137/right/30_degree15.png,Model_B,train,pose_diverse,30,right,seen_training_pose
person137,right,60,60,11,60_degree11.png,person137/right/60_degree11.png,Model_B,train,pose_diverse,60,right,seen_training_pose
person137,right,60,60,17,60_degree17.png,person137/right/60_degree17.png,Model_B,train,pose_diverse,60,right,seen_training_pose
person138,left,60,-60,15,60_degree_15.png,person138/left/60_degree_15.png,Model_B,train,pose_diverse,60,left,seen_training_pose
person138,left,60,-60,20,60_degree_20.png,person138/left/60_degree_20.png,Model_B,train,pose_diverse,60,left,seen_training_pose
person138,left,30,-30,1,30_degree_01.png,person138/left/30_degree_01.png,Model_B,train,pose_diverse,30,left,seen_training_pose
person138,left,30,-30,7,30_degree_07.png,person138/left/30_degree_07.png,Model_B,train,pose_diverse,30,left,seen_training_pose
person138,frontal,0,0,6,frontal_06.png,person138/frontal/frontal_06.png,Model_B,train,pose_diverse,0,frontal,seen_training_pose
person138,frontal,0,0,8,frontal_08.png,person138/frontal/frontal_08.png,Model_B,train,pose_diverse,0,frontal,seen_training_pose
person138,frontal,0,0,10,frontal_10.png,person138/frontal/frontal_10.png,Model_B,train,pose_diverse,0,frontal,seen_training_pose
person138,frontal,0,0,11,frontal_11.png,person138/frontal/frontal_11.png,Model_B,train,pose_diverse,0,frontal,seen_training_pose
person138,right,30,30,4,30_degree04.png,person138/right/30_degree04.png,Model_B,train,pose_diverse,30,right,seen_training_pose
person138,right,30,30,16,30_degree16.png,person138/right/30_degree16.png,Model_B,train,pose_diverse,30,right,seen_training_pose
person138,right,60,60,13,60_degree13.png,person138/right/60_degree13.png,Model_B,train,pose_diverse,60,right,seen_training_pose
person138,right,60,60,17,60_degree17.png,person138/right/60_degree17.png,Model_B,train,pose_diverse,60,right,seen_training_pose
person139,left,60,-60,8,60_degree_08.png,person139/left/60_degree_08.png,Model_B,train,pose_diverse,60,left,seen_training_pose
person139,left,60,-60,15,60_degree_15.png,person139/left/60_degree_15.png,Model_B,train,pose_diverse,60,left,seen_training_pose
person139,left,30,-30,11,30_degree_11.png,person139/left/30_degree_11.png,Model_B,train,pose_diverse,30,left,seen_training_pose
person139,left,30,-30,20,30_degree_20.png,person139/left/30_degree_20.png,Model_B,train,pose_diverse,30,left,seen_training_pose
person139,frontal,0,0,6,frontal_06.png,person139/frontal/frontal_06.png,Model_B,train,pose_diverse,0,frontal,seen_training_pose
person139,frontal,0,0,7,frontal_07.png,person139/frontal/frontal_07.png,Model_B,train,pose_diverse,0,frontal,seen_training_pose
person139,frontal,0,0,16,frontal_16.png,person139/frontal/frontal_16.png,Model_B,train,pose_diverse,0,frontal,seen_training_pose
person139,frontal,0,0,17,frontal_17.png,person139/frontal/frontal_17.png,Model_B,train,pose_diverse,0,frontal,seen_training_pose
person139,right,30,30,1,30_degree01.png,person139/right/30_degree01.png,Model_B,train,pose_diverse,30,right,seen_training_pose
person139,right,30,30,13,30_degree13.png,person139/right/30_degree13.png,Model_B,train,pose_diverse,30,right,seen_training_pose
person139,right,60,60,4,60_degree04.png,person139/right/60_degree04.png,Model_B,train,pose_diverse,60,right,seen_training_pose
person139,right,60,60,10,60_degree10.png,person139/right/60_degree10.png,Model_B,train,pose_diverse,60,right,seen_training_pose
person140,left,60,-60,11,60_degree_11.png,person140/left/60_degree_11.png,Model_B,train,pose_diverse,60,left,seen_training_pose
person140,left,60,-60,20,60_degree_20.png,person140/left/60_degree_20.png,Model_B,train,pose_diverse,60,left,seen_training_pose
person140,left,30,-30,6,30_degree_06.png,person140/left/30_degree_06.png,Model_B,train,pose_diverse,30,left,seen_training_pose
person140,left,30,-30,15,30_degree_15.png,person140/left/30_degree_15.png,Model_B,train,pose_diverse,30,left,seen_training_pose
person140,frontal,0,0,1,frontal_01.png,person140/frontal/frontal_01.png,Model_B,train,pose_diverse,0,frontal,seen_training_pose
person140,frontal,0,0,10,frontal_10.png,person140/frontal/frontal_10.png,Model_B,train,pose_diverse,0,frontal,seen_training_pose
person140,frontal,0,0,13,frontal_13.png,person140/frontal/frontal_13.png,Model_B,train,pose_diverse,0,frontal,seen_training_pose
person140,frontal,0,0,17,frontal_17.png,person140/frontal/frontal_17.png,Model_B,train,pose_diverse,0,frontal,seen_training_pose
person140,right,30,30,7,30_degree07.png,person140/right/30_degree07.png,Model_B,train,pose_diverse,30,right,seen_training_pose
person140,right,30,30,8,30_degree08.png,person140/right/30_degree08.png,Model_B,train,pose_diverse,30,right,seen_training_pose
person140,right,60,60,4,60_degree04.png,person140/right/60_degree04.png,Model_B,train,pose_diverse,60,right,seen_training_pose
person140,right,60,60,16,60_degree16.png,person140/right/60_degree16.png,Model_B,train,pose_diverse,60,right,seen_training_pose
person141,left,60,-60,15,60_degree_15.png,person141/left/60_degree_15.png,Model_B,train,pose_diverse,60,left,seen_training_pose
person141,left,60,-60,17,60_degree_17.png,person141/left/60_degree_17.png,Model_B,train,pose_diverse,60,left,seen_training_pose
person141,left,30,-30,7,30_degree_07.png,person141/left/30_degree_07.png,Model_B,train,pose_diverse,30,left,seen_training_pose
person141,left,30,-30,10,30_degree_10.png,person141/left/30_degree_10.png,Model_B,train,pose_diverse,30,left,seen_training_pose
person141,frontal,0,0,1,frontal_01.png,person141/frontal/frontal_01.png,Model_B,train,pose_diverse,0,frontal,seen_training_pose
person141,frontal,0,0,6,frontal_06.png,person141/frontal/frontal_06.png,Model_B,train,pose_diverse,0,frontal,seen_training_pose
person141,frontal,0,0,8,frontal_08.png,person141/frontal/frontal_08.png,Model_B,train,pose_diverse,0,frontal,seen_training_pose
person141,frontal,0,0,20,frontal_20.png,person141/frontal/frontal_20.png,Model_B,train,pose_diverse,0,frontal,seen_training_pose
person141,right,30,30,13,30_degree13.png,person141/right/30_degree13.png,Model_B,train,pose_diverse,30,right,seen_training_pose
person141,right,30,30,16,30_degree16.png,person141/right/30_degree16.png,Model_B,train,pose_diverse,30,right,seen_training_pose
person141,right,60,60,4,60_degree04.png,person141/right/60_degree04.png,Model_B,train,pose_diverse,60,right,seen_training_pose
person141,right,60,60,11,60_degree11.png,person141/right/60_degree11.png,Model_B,train,pose_diverse,60,right,seen_training_pose
person142,left,60,-60,6,60_degree_06.png,person142/left/60_degree_06.png,Model_B,train,pose_diverse,60,left,seen_training_pose
person142,left,60,-60,20,60_degree_20.png,person142/left/60_degree_20.png,Model_B,train,pose_diverse,60,left,seen_training_pose
person142,left,30,-30,1,30_degree_01.png,person142/left/30_degree_01.png,Model_B,train,pose_diverse,30,left,seen_training_pose
person142,left,30,-30,16,30_degree_16.png,person142/left/30_degree_16.png,Model_B,train,pose_diverse,30,left,seen_training_pose
person142,frontal,0,0,7,frontal_07.png,person142/frontal/frontal_07.png,Model_B,train,pose_diverse,0,frontal,seen_training_pose
person142,frontal,0,0,8,frontal_08.png,person142/frontal/frontal_08.png,Model_B,train,pose_diverse,0,frontal,seen_training_pose
person142,frontal,0,0,13,frontal_13.png,person142/frontal/frontal_13.png,Model_B,train,pose_diverse,0,frontal,seen_training_pose
person142,frontal,0,0,15,frontal_15.png,person142/frontal/frontal_15.png,Model_B,train,pose_diverse,0,frontal,seen_training_pose
person142,right,30,30,4,30_degree04.png,person142/right/30_degree04.png,Model_B,train,pose_diverse,30,right,seen_training_pose
person142,right,30,30,10,30_degree10.png,person142/right/30_degree10.png,Model_B,train,pose_diverse,30,right,seen_training_pose
person142,right,60,60,11,60_degree11.png,person142/right/60_degree11.png,Model_B,train,pose_diverse,60,right,seen_training_pose
person142,right,60,60,17,60_degree17.png,person142/right/60_degree17.png,Model_B,train,pose_diverse,60,right,seen_training_pose
person143,left,60,-60,1,60_degree_01.png,person143/left/60_degree_01.png,Model_B,train,pose_diverse,60,left,seen_training_pose
person143,left,60,-60,10,60_degree_10.png,person143/left/60_degree_10.png,Model_B,train,pose_diverse,60,left,seen_training_pose
person143,left,30,-30,11,30_degree_11.png,person143/left/30_degree_11.png,Model_B,train,pose_diverse,30,left,seen_training_pose
person143,left,30,-30,20,30_degree_20.png,person143/left/30_degree_20.png,Model_B,train,pose_diverse,30,left,seen_training_pose
person143,frontal,0,0,6,frontal_06.png,person143/frontal/frontal_06.png,Model_B,train,pose_diverse,0,frontal,seen_training_pose
person143,frontal,0,0,13,frontal_13.png,person143/frontal/frontal_13.png,Model_B,train,pose_diverse,0,frontal,seen_training_pose
person143,frontal,0,0,16,frontal_16.png,person143/frontal/frontal_16.png,Model_B,train,pose_diverse,0,frontal,seen_training_pose
person143,frontal,0,0,17,frontal_17.png,person143/frontal/frontal_17.png,Model_B,train,pose_diverse,0,frontal,seen_training_pose
person143,right,30,30,8,30_degree08.png,person143/right/30_degree08.png,Model_B,train,pose_diverse,30,right,seen_training_pose
person143,right,30,30,15,30_degree15.png,person143/right/30_degree15.png,Model_B,train,pose_diverse,30,right,seen_training_pose
person143,right,60,60,4,60_degree04.png,person143/right/60_degree04.png,Model_B,train,pose_diverse,60,right,seen_training_pose
person143,right,60,60,7,60_degree07.png,person143/right/60_degree07.png,Model_B,train,pose_diverse,60,right,seen_training_pose
person144,left,60,-60,7,60_degree_07.png,person144/left/60_degree_07.png,Model_B,train,pose_diverse,60,left,seen_training_pose
person144,left,60,-60,11,60_degree_11.png,person144/left/60_degree_11.png,Model_B,train,pose_diverse,60,left,seen_training_pose
person144,left,30,-30,1,30_degree_01.png,person144/left/30_degree_01.png,Model_B,train,pose_diverse,30,left,seen_training_pose
person144,left,30,-30,6,30_degree_06.png,person144/left/30_degree_06.png,Model_B,train,pose_diverse,30,left,seen_training_pose
person144,frontal,0,0,4,frontal_04.png,person144/frontal/frontal_04.png,Model_B,train,pose_diverse,0,frontal,seen_training_pose
person144,frontal,0,0,8,frontal_08.png,person144/frontal/frontal_08.png,Model_B,train,pose_diverse,0,frontal,seen_training_pose
person144,frontal,0,0,10,frontal_10.png,person144/frontal/frontal_10.png,Model_B,train,pose_diverse,0,frontal,seen_training_pose
person144,frontal,0,0,20,frontal_20.png,person144/frontal/frontal_20.png,Model_B,train,pose_diverse,0,frontal,seen_training_pose
person144,right,30,30,13,30_degree13.png,person144/right/30_degree13.png,Model_B,train,pose_diverse,30,right,seen_training_pose
person144,right,30,30,17,30_degree17.png,person144/right/30_degree17.png,Model_B,train,pose_diverse,30,right,seen_training_pose
person144,right,60,60,15,60_degree15.png,person144/right/60_degree15.png,Model_B,train,pose_diverse,60,right,seen_training_pose
person144,right,60,60,16,60_degree16.png,person144/right/60_degree16.png,Model_B,train,pose_diverse,60,right,seen_training_pose
person145,left,60,-60,1,60_degree_01.png,person145/left/60_degree_01.png,Model_B,train,pose_diverse,60,left,seen_training_pose
person145,left,60,-60,17,60_degree_17.png,person145/left/60_degree_17.png,Model_B,train,pose_diverse,60,left,seen_training_pose
person145,left,30,-30,4,30_degree_04.png,person145/left/30_degree_04.png,Model_B,train,pose_diverse,30,left,seen_training_pose
person145,left,30,-30,6,30_degree_06.png,person145/left/30_degree_06.png,Model_B,train,pose_diverse,30,left,seen_training_pose
person145,frontal,0,0,7,frontal_07.png,person145/frontal/frontal_07.png,Model_B,train,pose_diverse,0,frontal,seen_training_pose
person145,frontal,0,0,11,frontal_11.png,person145/frontal/frontal_11.png,Model_B,train,pose_diverse,0,frontal,seen_training_pose
person145,frontal,0,0,13,frontal_13.png,person145/frontal/frontal_13.png,Model_B,train,pose_diverse,0,frontal,seen_training_pose
person145,frontal,0,0,16,frontal_16.png,person145/frontal/frontal_16.png,Model_B,train,pose_diverse,0,frontal,seen_training_pose
person145,right,30,30,8,30_degree08.png,person145/right/30_degree08.png,Model_B,train,pose_diverse,30,right,seen_training_pose
person145,right,30,30,10,30_degree10.png,person145/right/30_degree10.png,Model_B,train,pose_diverse,30,right,seen_training_pose
person145,right,60,60,15,60_degree15.png,person145/right/60_degree15.png,Model_B,train,pose_diverse,60,right,seen_training_pose
person145,right,60,60,20,60_degree20.png,person145/right/60_degree20.png,Model_B,train,pose_diverse,60,right,seen_training_pose
person146,left,60,-60,8,60_degree_08.png,person146/left/60_degree_08.png,Model_B,train,pose_diverse,60,left,seen_training_pose
person146,left,60,-60,10,60_degree_10.png,person146/left/60_degree_10.png,Model_B,train,pose_diverse,60,left,seen_training_pose
person146,left,30,-30,6,30_degree_06.png,person146/left/30_degree_06.png,Model_B,train,pose_diverse,30,left,seen_training_pose
person146,left,30,-30,15,30_degree_15.png,person146/left/30_degree_15.png,Model_B,train,pose_diverse,30,left,seen_training_pose
person146,frontal,0,0,7,frontal_07.png,person146/frontal/frontal_07.png,Model_B,train,pose_diverse,0,frontal,seen_training_pose
person146,frontal,0,0,13,frontal_13.png,person146/frontal/frontal_13.png,Model_B,train,pose_diverse,0,frontal,seen_training_pose
person146,frontal,0,0,16,frontal_16.png,person146/frontal/frontal_16.png,Model_B,train,pose_diverse,0,frontal,seen_training_pose
person146,frontal,0,0,17,frontal_17.png,person146/frontal/frontal_17.png,Model_B,train,pose_diverse,0,frontal,seen_training_pose
person146,right,30,30,1,30_degree01.png,person146/right/30_degree01.png,Model_B,train,pose_diverse,30,right,seen_training_pose
person146,right,30,30,11,30_degree11.png,person146/right/30_degree11.png,Model_B,train,pose_diverse,30,right,seen_training_pose
person146,right,60,60,4,60_degree04.png,person146/right/60_degree04.png,Model_B,train,pose_diverse,60,right,seen_training_pose
person146,right,60,60,20,60_degree20.png,person146/right/60_degree20.png,Model_B,train,pose_diverse,60,right,seen_training_pose
person147,left,60,-60,1,60_degree_01.png,person147/left/60_degree_01.png,Model_B,train,pose_diverse,60,left,seen_training_pose
person147,left,60,-60,7,60_degree_07.png,person147/left/60_degree_07.png,Model_B,train,pose_diverse,60,left,seen_training_pose
person147,left,30,-30,6,30_degree_06.png,person147/left/30_degree_06.png,Model_B,train,pose_diverse,30,left,seen_training_pose
person147,left,30,-30,17,30_degree_17.png,person147/left/30_degree_17.png,Model_B,train,pose_diverse,30,left,seen_training_pose
person147,frontal,0,0,4,frontal_04.png,person147/frontal/frontal_04.png,Model_B,train,pose_diverse,0,frontal,seen_training_pose
person147,frontal,0,0,11,frontal_11.png,person147/frontal/frontal_11.png,Model_B,train,pose_diverse,0,frontal,seen_training_pose
person147,frontal,0,0,15,frontal_15.png,person147/frontal/frontal_15.png,Model_B,train,pose_diverse,0,frontal,seen_training_pose
person147,frontal,0,0,16,frontal_16.png,person147/frontal/frontal_16.png,Model_B,train,pose_diverse,0,frontal,seen_training_pose
person147,right,30,30,8,30_degree08.png,person147/right/30_degree08.png,Model_B,train,pose_diverse,30,right,seen_training_pose
person147,right,30,30,13,30_degree13.png,person147/right/30_degree13.png,Model_B,train,pose_diverse,30,right,seen_training_pose
person147,right,60,60,10,60_degree10.png,person147/right/60_degree10.png,Model_B,train,pose_diverse,60,right,seen_training_pose
person147,right,60,60,20,60_degree20.png,person147/right/60_degree20.png,Model_B,train,pose_diverse,60,right,seen_training_pose
person148,left,60,-60,4,60_degree_04.png,person148/left/60_degree_04.png,Model_B,train,pose_diverse,60,left,seen_training_pose
person148,left,60,-60,17,60_degree_17.png,person148/left/60_degree_17.png,Model_B,train,pose_diverse,60,left,seen_training_pose
person148,left,30,-30,8,30_degree_08.png,person148/left/30_degree_08.png,Model_B,train,pose_diverse,30,left,seen_training_pose
person148,left,30,-30,20,30_degree_20.png,person148/left/30_degree_20.png,Model_B,train,pose_diverse,30,left,seen_training_pose
person148,frontal,0,0,6,frontal_06.png,person148/frontal/frontal_06.png,Model_B,train,pose_diverse,0,frontal,seen_training_pose
person148,frontal,0,0,7,frontal_07.png,person148/frontal/frontal_07.png,Model_B,train,pose_diverse,0,frontal,seen_training_pose
person148,frontal,0,0,11,frontal_11.png,person148/frontal/frontal_11.png,Model_B,train,pose_diverse,0,frontal,seen_training_pose
person148,frontal,0,0,16,frontal_16.png,person148/frontal/frontal_16.png,Model_B,train,pose_diverse,0,frontal,seen_training_pose
person148,right,30,30,1,30_degree01.png,person148/right/30_degree01.png,Model_B,train,pose_diverse,30,right,seen_training_pose
person148,right,30,30,15,30_degree15.png,person148/right/30_degree15.png,Model_B,train,pose_diverse,30,right,seen_training_pose
person148,right,60,60,10,60_degree10.png,person148/right/60_degree10.png,Model_B,train,pose_diverse,60,right,seen_training_pose
person148,right,60,60,13,60_degree13.png,person148/right/60_degree13.png,Model_B,train,pose_diverse,60,right,seen_training_pose
person149,left,60,-60,1,60_degree_01.png,person149/left/60_degree_01.png,Model_B,train,pose_diverse,60,left,seen_training_pose
person149,left,60,-60,10,60_degree_10.png,person149/left/60_degree_10.png,Model_B,train,pose_diverse,60,left,seen_training_pose
person149,left,30,-30,4,30_degree_04.png,person149/left/30_degree_04.png,Model_B,train,pose_diverse,30,left,seen_training_pose
person149,left,30,-30,20,30_degree_20.png,person149/left/30_degree_20.png,Model_B,train,pose_diverse,30,left,seen_training_pose
person149,frontal,0,0,7,frontal_07.png,person149/frontal/frontal_07.png,Model_B,train,pose_diverse,0,frontal,seen_training_pose
person149,frontal,0,0,11,frontal_11.png,person149/frontal/frontal_11.png,Model_B,train,pose_diverse,0,frontal,seen_training_pose
person149,frontal,0,0,15,frontal_15.png,person149/frontal/frontal_15.png,Model_B,train,pose_diverse,0,frontal,seen_training_pose
person149,frontal,0,0,16,frontal_16.png,person149/frontal/frontal_16.png,Model_B,train,pose_diverse,0,frontal,seen_training_pose
person149,right,30,30,6,30_degree06.png,person149/right/30_degree06.png,Model_B,train,pose_diverse,30,right,seen_training_pose
person149,right,30,30,13,30_degree13.png,person149/right/30_degree13.png,Model_B,train,pose_diverse,30,right,seen_training_pose
person149,right,60,60,8,60_degree08.png,person149/right/60_degree08.png,Model_B,train,pose_diverse,60,right,seen_training_pose
person149,right,60,60,17,60_degree17.png,person149/right/60_degree17.png,Model_B,train,pose_diverse,60,right,seen_training_pose
person150,left,60,-60,6,60_degree_06.png,person150/left/60_degree_06.png,Model_B,train,pose_diverse,60,left,seen_training_pose
person150,left,60,-60,16,60_degree_16.png,person150/left/60_degree_16.png,Model_B,train,pose_diverse,60,left,seen_training_pose
person150,left,30,-30,8,30_degree_08.png,person150/left/30_degree_08.png,Model_B,train,pose_diverse,30,left,seen_training_pose
person150,left,30,-30,13,30_degree_13.png,person150/left/30_degree_13.png,Model_B,train,pose_diverse,30,left,seen_training_pose
person150,frontal,0,0,1,frontal_01.png,person150/frontal/frontal_01.png,Model_B,train,pose_diverse,0,frontal,seen_training_pose
person150,frontal,0,0,10,frontal_10.png,person150/frontal/frontal_10.png,Model_B,train,pose_diverse,0,frontal,seen_training_pose
person150,frontal,0,0,15,frontal_15.png,person150/frontal/frontal_15.png,Model_B,train,pose_diverse,0,frontal,seen_training_pose
person150,frontal,0,0,17,frontal_17.png,person150/frontal/frontal_17.png,Model_B,train,pose_diverse,0,frontal,seen_training_pose
person150,right,30,30,4,30_degree04.png,person150/right/30_degree04.png,Model_B,train,pose_diverse,30,right,seen_training_pose
person150,right,30,30,20,30_degree20.png,person150/right/30_degree20.png,Model_B,train,pose_diverse,30,right,seen_training_pose
person150,right,60,60,7,60_degree07.png,person150/right/60_degree07.png,Model_B,train,pose_diverse,60,right,seen_training_pose
person150,right,60,60,11,60_degree11.png,person150/right/60_degree11.png,Model_B,train,pose_diverse,60,right,seen_training_pose
person151,left,60,-60,6,60_degree_06.png,person151/left/60_degree_06.png,Model_B,train,pose_diverse,60,left,seen_training_pose
person151,left,60,-60,17,60_degree_17.png,person151/left/60_degree_17.png,Model_B,train,pose_diverse,60,left,seen_training_pose
person151,left,30,-30,7,30_degree_07.png,person151/left/30_degree_07.png,Model_B,train,pose_diverse,30,left,seen_training_pose
person151,left,30,-30,20,30_degree_20.png,person151/left/30_degree_20.png,Model_B,train,pose_diverse,30,left,seen_training_pose
person151,frontal,0,0,8,frontal_08.png,person151/frontal/frontal_08.png,Model_B,train,pose_diverse,0,frontal,seen_training_pose
person151,frontal,0,0,10,frontal_10.png,person151/frontal/frontal_10.png,Model_B,train,pose_diverse,0,frontal,seen_training_pose
person151,frontal,0,0,15,frontal_15.png,person151/frontal/frontal_15.png,Model_B,train,pose_diverse,0,frontal,seen_training_pose
person151,frontal,0,0,16,frontal_16.png,person151/frontal/frontal_16.png,Model_B,train,pose_diverse,0,frontal,seen_training_pose
person151,right,30,30,11,30_degree11.png,person151/right/30_degree11.png,Model_B,train,pose_diverse,30,right,seen_training_pose
person151,right,30,30,13,30_degree13.png,person151/right/30_degree13.png,Model_B,train,pose_diverse,30,right,seen_training_pose
person151,right,60,60,1,60_degree01.png,person151/right/60_degree01.png,Model_B,train,pose_diverse,60,right,seen_training_pose
person151,right,60,60,4,60_degree04.png,person151/right/60_degree04.png,Model_B,train,pose_diverse,60,right,seen_training_pose
person152,left,60,-60,8,60_degree_08.png,person152/left/60_degree_08.png,Model_B,train,pose_diverse,60,left,seen_training_pose
person152,left,60,-60,17,60_degree_17.png,person152/left/60_degree_17.png,Model_B,train,pose_diverse,60,left,seen_training_pose
person152,left,30,-30,4,30_degree_04.png,person152/left/30_degree_04.png,Model_B,train,pose_diverse,30,left,seen_training_pose
person152,left,30,-30,10,30_degree_10.png,person152/left/30_degree_10.png,Model_B,train,pose_diverse,30,left,seen_training_pose
person152,frontal,0,0,6,frontal_06.png,person152/frontal/frontal_06.png,Model_B,train,pose_diverse,0,frontal,seen_training_pose
person152,frontal,0,0,7,frontal_07.png,person152/frontal/frontal_07.png,Model_B,train,pose_diverse,0,frontal,seen_training_pose
person152,frontal,0,0,11,frontal_11.png,person152/frontal/frontal_11.png,Model_B,train,pose_diverse,0,frontal,seen_training_pose
person152,frontal,0,0,20,frontal_20.png,person152/frontal/frontal_20.png,Model_B,train,pose_diverse,0,frontal,seen_training_pose
person152,right,30,30,1,30_degree01.png,person152/right/30_degree01.png,Model_B,train,pose_diverse,30,right,seen_training_pose
person152,right,30,30,13,30_degree13.png,person152/right/30_degree13.png,Model_B,train,pose_diverse,30,right,seen_training_pose
person152,right,60,60,15,60_degree15.png,person152/right/60_degree15.png,Model_B,train,pose_diverse,60,right,seen_training_pose
person152,right,60,60,16,60_degree16.png,person152/right/60_degree16.png,Model_B,train,pose_diverse,60,right,seen_training_pose
person153,left,60,-60,10,60_degree_10.png,person153/left/60_degree_10.png,Model_B,train,pose_diverse,60,left,seen_training_pose
person153,left,60,-60,13,60_degree_13.png,person153/left/60_degree_13.png,Model_B,train,pose_diverse,60,left,seen_training_pose
person153,left,30,-30,7,30_degree_07.png,person153/left/30_degree_07.png,Model_B,train,pose_diverse,30,left,seen_training_pose
person153,left,30,-30,20,30_degree_20.png,person153/left/30_degree_20.png,Model_B,train,pose_diverse,30,left,seen_training_pose
person153,frontal,0,0,1,frontal_01.png,person153/frontal/frontal_01.png,Model_B,train,pose_diverse,0,frontal,seen_training_pose
person153,frontal,0,0,4,frontal_04.png,person153/frontal/frontal_04.png,Model_B,train,pose_diverse,0,frontal,seen_training_pose
person153,frontal,0,0,6,frontal_06.png,person153/frontal/frontal_06.png,Model_B,train,pose_diverse,0,frontal,seen_training_pose
person153,frontal,0,0,11,frontal_11.png,person153/frontal/frontal_11.png,Model_B,train,pose_diverse,0,frontal,seen_training_pose
person153,right,30,30,8,30_degree08.png,person153/right/30_degree08.png,Model_B,train,pose_diverse,30,right,seen_training_pose
person153,right,30,30,15,30_degree15.png,person153/right/30_degree15.png,Model_B,train,pose_diverse,30,right,seen_training_pose
person153,right,60,60,16,60_degree16.png,person153/right/60_degree16.png,Model_B,train,pose_diverse,60,right,seen_training_pose
person153,right,60,60,17,60_degree17.png,person153/right/60_degree17.png,Model_B,train,pose_diverse,60,right,seen_training_pose
