model,person,predicted_person,count,n_seeds,mean_confidence,mean_abs_yaw
Model_A,person077,person058,62,3,0.23011737,54.435483870967744
Model_A,person015,person058,61,3,0.26113942,60.0
Model_A,person012,person079,55,3,0.38476953,61.63636363636363
Model_A,person031,person126,52,3,0.29007962,56.82692307692308
Model_A,person081,person126,51,3,0.27358484,57.94117647058823
Model_A,person090,person126,50,3,0.3447154,54.3
Model_A,person119,person058,50,3,0.2757906,66.9
Model_A,person148,person002,49,3,0.19103418,52.6530612244898
Model_A,person098,person058,48,3,0.20498203,52.1875
Model_A,person057,person058,47,3,0.19058156,52.659574468085104
Model_A,person083,person126,46,3,0.2111034,53.80434782608695
Model_A,person084,person002,45,3,0.31224775,46.333333333333336
Model_A,person055,person126,45,3,0.27020165,56.333333333333336
Model_A,person045,person058,45,3,0.20406908,49.333333333333336
Model_A,person116,person058,44,3,0.27196234,51.47727272727273
Model_A,person069,person126,44,3,0.2677221,59.65909090909091
Model_A,person063,person058,44,3,0.23322636,51.47727272727273
Model_A,person067,person002,44,3,0.23178078,45.68181818181818
Model_A,person080,person126,43,3,0.29469886,55.46511627906977
Model_A,person038,person126,42,3,0.2862001,57.5
Model_A,person138,person002,42,3,0.25651115,54.642857142857146
Model_A,person005,person126,42,3,0.23135437,52.142857142857146
Model_A,person096,person126,42,3,0.22687744,60.0
Model_A,person023,person002,42,3,0.22162472,52.5
Model_A,person005,person002,42,3,0.215751,47.142857142857146
Model_A,person048,person079,42,3,0.19938564,69.28571428571429
Model_A,person021,person058,42,3,0.19571725,46.07142857142857
Model_A,person148,person126,42,2,0.28310615,55.357142857142854
Model_A,person060,person126,41,3,0.27399534,58.90243902439025
Model_A,person030,person126,41,3,0.23367247,56.34146341463415
Model_A,person068,person126,41,3,0.21000837,53.048780487804876
Model_A,person127,person058,41,3,0.15053229,53.048780487804876
Model_A,person062,person126,40,3,0.3437457,57.75
Model_A,person007,person126,40,3,0.25539714,54.75
Model_A,person151,person126,40,3,0.20608397,54.375
Model_A,person121,person002,40,3,0.19462751,54.375
Model_A,person108,person002,40,3,0.17218208,42.375
Model_A,person019,person126,39,3,0.2514641,63.46153846153846
Model_A,person041,person126,39,3,0.23690791,53.84615384615385
Model_A,person085,person126,39,3,0.22762161,60.0
Model_A,person023,person126,39,3,0.22704147,58.46153846153846
Model_A,person045,person002,39,3,0.20412873,57.30769230769231
Model_A,person128,person126,38,3,0.3405168,51.31578947368421
Model_A,person124,person002,38,3,0.25788698,57.23684210526316
Model_A,person094,person058,38,3,0.22791915,57.63157894736842
Model_A,person073,person002,38,2,0.23474957,51.71052631578947
Model_A,person061,person079,37,3,0.414116,71.35135135135135
Model_A,person033,person002,37,3,0.33013618,40.945945945945944
Model_A,person034,person126,37,3,0.28818282,47.83783783783784
Model_A,person049,person002,37,3,0.2331283,55.13513513513514
Model_A,person096,person058,37,3,0.19317804,53.513513513513516
Model_A,person108,person126,36,3,0.3099669,58.75
Model_A,person081,person002,36,3,0.24334505,47.083333333333336
Model_A,person142,person126,36,3,0.22479717,55.416666666666664
Model_A,person092,person126,35,3,0.36389077,51.857142857142854
Model_A,person033,person126,35,3,0.24502523,58.285714285714285
Model_A,person133,person126,35,3,0.23493521,64.71428571428571
Model_A,person056,person058,35,3,0.22245926,65.14285714285714
Model_A,person143,person002,35,3,0.22053163,46.714285714285715
Model_A,person050,person126,35,3,0.19457062,44.57142857142857
Model_A,person042,person079,34,3,0.2667157,38.38235294117647
Model_A,person059,person126,34,3,0.24169928,52.5
Model_A,person047,person002,34,3,0.23105475,50.73529411764706
Model_A,person089,person126,34,3,0.21472538,60.44117647058823
Model_A,person130,person058,34,3,0.1418415,59.55882352941177
Model_A,person043,person058,34,3,0.14132392,57.794117647058826
Model_A,person142,person058,34,3,0.12894678,54.705882352941174
Model_A,person144,person126,34,2,0.2228533,48.529411764705884
Model_A,person097,person079,33,3,0.27518478,71.36363636363636
Model_A,person149,person126,33,3,0.268746,55.90909090909091
Model_A,person116,person002,33,3,0.24134302,53.18181818181818
Model_A,person068,person058,33,3,0.22513892,59.09090909090909
Model_A,person144,person002,33,3,0.22509229,64.0909090909091
Model_A,person110,person126,33,3,0.20373598,55.90909090909091
Model_A,person066,person079,32,3,0.29817215,62.34375
Model_A,person067,person058,32,3,0.21181597,47.8125
Model_A,person050,person058,32,3,0.1874358,60.9375
Model_A,person030,person002,32,3,0.16649096,56.71875
Model_A,person146,person126,32,2,0.27493116,67.03125
Model_A,person105,person126,31,3,0.3019273,51.29032258064516
Model_A,person075,person126,31,3,0.28697255,57.58064516129032
Model_A,person013,person126,31,3,0.24960107,58.064516129032256
Model_A,person078,person079,31,3,0.20982808,72.09677419354838
Model_A,person138,person058,31,3,0.18546134,48.87096774193548
Model_A,person107,person058,31,3,0.16310157,46.935483870967744
Model_A,person059,person002,31,2,0.23512112,60.0
Model_A,person023,person058,30,3,0.27504438,44.5
Model_A,person101,person058,30,3,0.22318964,44.5
Model_A,person051,person126,30,3,0.20199734,57.0
Model_A,person120,person035,30,3,0.11226574,60.5
Model_A,person088,person126,29,3,0.26687685,66.20689655172414
Model_A,person115,person079,29,3,0.2615859,77.06896551724138
Model_A,person039,person002,29,3,0.25394955,48.62068965517241
Model_A,person072,person126,29,3,0.1983827,67.75862068965517
Model_A,person147,person126,29,3,0.17703131,50.689655172413794
Model_A,person121,person126,29,2,0.23460387,55.3448275862069
Model_A,person116,person126,29,2,0.20161013,60.51724137931034
Model_A,person024,person126,28,3,0.27375787,54.107142857142854
Model_A,person052,person126,28,3,0.2693915,57.857142857142854
Model_A,person102,person139,28,3,0.21492489,24.642857142857142
Model_A,person132,person002,28,3,0.1988262,36.964285714285715
Model_A,person102,person002,28,3,0.18887874,60.0
Model_A,person137,person002,28,3,0.17391337,51.964285714285715
Model_A,person106,person079,28,3,0.16396214,72.32142857142857
Model_A,person113,person058,28,3,0.1498107,54.107142857142854
Model_A,person106,person126,28,2,0.29460326,58.92857142857143
Model_A,person065,person126,28,2,0.22209883,54.107142857142854
Model_A,person112,person035,28,2,0.10495125,62.142857142857146
Model_A,person111,person079,27,3,0.32604373,78.33333333333333
Model_A,person039,person126,27,3,0.20356776,58.333333333333336
Model_A,person027,person126,27,3,0.19999221,57.77777777777778
Model_A,person076,person002,27,3,0.19843027,49.44444444444444
Model_A,person003,person035,27,3,0.19640456,71.11111111111111
Model_A,person001,person126,27,3,0.19352339,49.44444444444444
Model_A,person069,person058,27,3,0.19294623,58.333333333333336
Model_A,person091,person002,27,3,0.16662253,48.333333333333336
Model_A,person006,person058,27,3,0.15348043,55.55555555555556
Model_A,person013,person058,27,3,0.15300407,56.666666666666664
Model_A,person035,person058,27,3,0.15185513,57.22222222222222
Model_A,person006,person126,27,2,0.17805767,55.55555555555556
Model_A,person051,person002,26,3,0.30773848,32.88461538461539
Model_A,person029,person002,26,3,0.23908101,38.07692307692308
Model_A,person027,person002,26,3,0.21299392,47.30769230769231
Model_A,person006,person062,26,3,0.19269237,49.03846153846154
Model_A,person076,person126,26,3,0.17079523,66.92307692307692
Model_A,person008,person058,26,3,0.17009789,53.65384615384615
Model_A,person109,person058,26,3,0.16557874,66.92307692307692
Model_A,person152,person002,26,3,0.14448877,53.65384615384615
Model_A,person064,person079,25,3,0.3029544,67.8
Model_A,person032,person079,25,3,0.2883016,74.4
Model_A,person020,person126,25,3,0.24597593,54.6
Model_A,person050,person002,25,3,0.23006023,46.2
Model_A,person026,person126,25,3,0.21510978,49.2
Model_A,person082,person126,25,3,0.20616359,61.2
Model_A,person062,person058,25,3,0.18908148,59.4
Model_A,person100,person002,25,3,0.15873702,46.8
Model_A,person001,person002,25,3,0.15604156,48.6
Model_A,person139,person002,25,3,0.1547633,54.0
Model_A,person025,person126,25,3,0.13274689,58.8
Model_A,person092,person058,25,3,0.11801768,45.0
Model_A,person044,person079,24,3,0.43709,76.875
Model_A,person111,person002,24,3,0.29777277,39.375
Model_A,person123,person079,24,3,0.2879872,74.375
Model_A,person141,person126,24,3,0.2213593,59.375
Model_A,person136,person002,24,3,0.16656597,55.0
Model_A,person141,person079,24,3,0.1451409,72.5
Model_A,person037,person035,24,3,0.13724615,68.125
Model_A,person078,person126,24,2,0.21648993,55.625
Model_A,person100,person126,24,2,0.20029126,56.875
Model_A,person118,person126,24,2,0.17097895,61.875
Model_A,person070,person079,23,3,0.30259678,62.608695652173914
Model_A,person149,person002,23,3,0.22952276,45.65217391304348
Model_A,person039,person058,23,3,0.21436971,58.69565217391305
Model_A,person086,person058,23,3,0.17920314,47.608695652173914
Model_A,person135,person058,23,3,0.1600785,56.08695652173913
Model_A,person089,person058,23,3,0.15018216,48.91304347826087
Model_A,person136,person058,23,3,0.11960477,60.65217391304348
Model_A,person029,person126,23,2,0.25019103,73.69565217391305
Model_A,person010,person126,23,2,0.20579168,59.34782608695652
Model_A,person082,person058,23,2,0.19965072,58.04347826086956
Model_A,person137,person058,23,2,0.14709924,71.08695652173913
Model_A,person016,person003,23,1,0.19909762,71.73913043478261
Model_A,person025,person079,22,3,0.3190502,66.81818181818181
Model_A,person090,person002,22,3,0.27883112,44.31818181818182
Model_A,person152,person139,22,3,0.27828553,30.681818181818183
Model_A,person041,person002,22,3,0.18169442,41.59090909090909
Model_A,person007,person058,22,3,0.17894496,53.18181818181818
Model_A,person127,person002,22,3,0.17702799,60.68181818181818
Model_A,person105,person058,22,3,0.16908568,59.31818181818182
Model_A,person056,person126,22,3,0.16891077,49.09090909090909
Model_A,person060,person058,22,3,0.13358536,62.72727272727273
Model_A,person134,person126,22,2,0.21918412,62.72727272727273
Model_A,person053,person126,22,2,0.14366117,60.68181818181818
Model_A,person047,person139,21,3,0.29413602,41.42857142857143
Model_A,person122,person079,21,3,0.27334514,70.0
Model_A,person113,person002,21,3,0.22063558,54.285714285714285
Model_A,person021,person002,21,3,0.2080292,62.142857142857146
Model_A,person105,person002,21,3,0.20452268,47.142857142857146
Model_A,person144,person058,21,3,0.19900317,45.714285714285715
Model_A,person143,person139,21,3,0.18884781,32.857142857142854
Model_A,person150,person058,21,3,0.16621931,61.42857142857143
Model_A,person125,person058,21,3,0.16309436,53.57142857142857
Model_A,person072,person058,21,3,0.16084997,42.142857142857146
Model_A,person143,person058,21,3,0.15782884,60.714285714285715
Model_A,person088,person055,21,3,0.1453286,59.285714285714285
Model_A,person046,person035,21,3,0.14459233,55.714285714285715
Model_A,person072,person002,21,3,0.14186844,63.57142857142857
Model_A,person054,person114,21,3,0.11001294,33.57142857142857
Model_A,person111,person126,21,2,0.26474538,57.142857142857146
Model_A,person152,person058,21,2,0.13948795,58.57142857142857
Model_A,person083,person058,20,3,0.24408087,52.5
Model_A,person003,person058,20,3,0.2288192,47.25
Model_A,person002,person058,20,3,0.19344702,55.5
Model_A,person141,person058,20,3,0.16500798,51.75
Model_A,person026,person058,20,3,0.14338434,45.75
Model_A,person059,person058,20,2,0.21692117,45.0
Model_A,person016,person079,20,2,0.20446262,59.25
Model_A,person067,person126,20,2,0.18433312,57.75
Model_A,person083,person002,20,2,0.15076607,60.0
Model_A,person101,person002,20,2,0.13530608,67.5
Model_A,person003,person139,19,3,0.2991132,36.31578947368421
Model_A,person026,person002,19,3,0.16938484,58.421052631578945
Model_A,person016,person058,19,3,0.16380543,69.47368421052632
Model_A,person128,person002,19,3,0.15768765,41.05263157894737
Model_A,person137,person139,19,3,0.1462276,33.1578947368421
Model_A,person004,person002,19,3,0.14568906,49.73684210526316
Model_A,person140,person002,19,3,0.14299993,56.8421052631579
Model_A,person131,person058,19,3,0.1368516,67.89473684210526
Model_A,person109,person079,19,2,0.3127829,62.36842105263158
Model_A,person022,person102,19,2,0.2190584,39.473684210526315
Model_A,person043,person112,19,2,0.17249914,29.210526315789473
Model_A,person145,person079,19,2,0.16661862,63.94736842105263
Model_A,person150,person002,19,2,0.15670611,62.36842105263158
Model_A,person150,person126,19,2,0.13798803,60.0
Model_A,person002,person126,18,3,0.2425472,70.83333333333333
Model_A,person024,person058,18,3,0.17038812,53.333333333333336
Model_A,person084,person126,18,3,0.16099298,48.333333333333336
Model_A,person104,person058,18,3,0.15466672,43.333333333333336
Model_A,person031,person002,18,3,0.14921153,44.166666666666664
Model_A,person066,person058,18,3,0.14316629,73.33333333333333
Model_A,person103,person058,18,3,0.121039204,51.666666666666664
Model_A,person110,person002,18,3,0.107255645,33.333333333333336
Model_A,person087,person006,18,3,0.10574811,75.83333333333333
Model_A,person117,person079,18,2,0.2565193,72.5
Model_A,person022,person002,18,2,0.19871706,60.0
Model_A,person004,person058,18,2,0.14444198,58.333333333333336
Model_A,person059,person021,18,2,0.1401797,56.666666666666664
Model_A,person057,person002,18,2,0.13936104,61.666666666666664
Model_A,person052,person058,18,2,0.13407284,64.16666666666667
Model_A,person109,person119,18,2,0.12585315,61.666666666666664
Model_A,person099,person079,17,3,0.2571492,74.11764705882354
Model_A,person087,person002,17,3,0.20955645,47.64705882352941
Model_A,person009,person079,17,3,0.2044806,65.29411764705883
Model_A,person049,person139,17,3,0.18044345,37.05882352941177
Model_A,person091,person126,17,3,0.164423,65.29411764705883
Model_A,person070,person058,17,3,0.16359511,68.82352941176471
Model_A,person049,person058,17,3,0.16192144,60.0
Model_A,person040,person058,17,3,0.15699512,60.0
Model_A,person139,person126,17,3,0.15393639,68.82352941176471
Model_A,person095,person079,17,3,0.14816773,59.11764705882353
Model_A,person127,person139,17,3,0.14796472,31.764705882352942
Model_A,person008,person102,17,3,0.13708788,37.94117647058823
Model_A,person071,person058,17,3,0.13525596,49.411764705882355
Model_A,person147,person058,17,3,0.13272081,68.82352941176471
Model_A,person102,person058,17,3,0.12255053,57.35294117647059
Model_A,person028,person058,17,3,0.108779125,62.64705882352941
Model_A,person053,person079,17,2,0.27862635,75.0
Model_A,person054,person079,17,2,0.26905227,72.3529411764706
Model_A,person029,person058,17,2,0.21662366,60.88235294117647
Model_A,person035,person003,17,2,0.21633573,55.588235294117645
Model_A,person022,person058,17,2,0.17601186,65.29411764705883
Model_A,person040,person102,17,2,0.16712452,35.294117647058826
Model_A,person057,person126,17,2,0.16679259,53.8235294117647
Model_A,person107,person002,17,2,0.16201746,45.88235294117647
Model_A,person132,person126,17,2,0.14608683,62.64705882352941
Model_A,person152,person126,17,2,0.13707262,64.41176470588235
Model_A,person036,person035,17,2,0.11515926,78.52941176470588
Model_A,person085,person058,17,2,0.1135834,72.3529411764706
Model_A,person135,person002,17,2,0.11241647,59.11764705882353
Model_A,person114,person079,16,3,0.27731854,69.375
Model_A,person085,person002,16,3,0.24554974,51.5625
Model_A,person136,person139,16,3,0.19776723,37.5
Model_A,person135,person139,16,3,0.19200468,30.0
Model_A,person034,person002,16,3,0.18428198,37.5
Model_A,person084,person058,16,3,0.16489227,59.0625
Model_A,person038,person002,16,3,0.14597534,38.4375
Model_A,person075,person058,16,3,0.14002694,45.9375
Model_A,person055,person058,16,3,0.1346134,58.125
Model_A,person063,person126,16,3,0.13057984,62.8125
Model_A,person080,person058,16,3,0.1202837,59.0625
Model_A,person122,person126,16,3,0.118018724,53.4375
Model_A,person106,person058,16,3,0.11072101,45.0
Model_A,person129,person018,16,3,0.10521871,44.0625
Model_A,person092,person079,16,3,0.09447004,78.75
Model_A,person004,person139,16,2,0.20044555,59.0625
Model_A,person130,person126,16,2,0.19121835,60.0
Model_A,person148,person058,16,2,0.16175035,54.375
Model_A,person087,person126,16,2,0.1427866,59.0625
Model_A,person125,person126,16,2,0.140072,50.625
Model_A,person018,person126,16,2,0.12633012,67.5
Model_A,person101,person116,16,2,0.12320468,60.9375
Model_A,person093,person126,16,2,0.12008719,67.5
Model_A,person041,person058,16,2,0.11908001,60.0
Model_A,person024,person062,16,2,0.112021156,54.375
Model_A,person140,person058,16,2,0.09427971,67.5
Model_A,person105,person084,15,3,0.4281978,18.0
Model_A,person101,person139,15,3,0.27245507,31.0
Model_A,person146,person151,15,3,0.21184154,27.0
Model_A,person081,person058,15,3,0.17444237,63.0
Model_A,person100,person058,15,3,0.1674478,68.0
Model_A,person129,person002,15,3,0.15749793,59.0
Model_A,person079,person036,15,3,0.15058652,72.0
Model_A,person038,person058,15,3,0.13382724,60.0
Model_A,person091,person124,15,3,0.12769121,21.0
Model_A,person151,person002,15,3,0.11476372,48.0
Model_A,person086,person126,15,3,0.10782861,53.0
Model_A,person071,person139,15,2,0.23699255,32.0
Model_A,person010,person079,15,2,0.21861237,67.0
Model_A,person075,person062,15,2,0.21223108,54.0
Model_A,person136,person126,15,2,0.17806032,57.0
Model_A,person051,person058,15,2,0.1652115,57.0
Model_A,person074,person126,15,2,0.14573354,71.0
Model_A,person020,person079,15,2,0.13169919,62.0
Model_A,person103,person002,15,2,0.12961379,50.0
Model_A,person104,person002,15,2,0.12845413,57.0
Model_A,person037,person126,15,2,0.11867086,62.0
Model_A,person135,person047,15,1,0.21433719,45.0
Model_A,person009,person003,15,1,0.18615481,70.0
Model_A,person011,person116,15,1,0.11170316,60.0
Model_A,person028,person139,14,3,0.2230611,45.0
Model_A,person047,person124,14,3,0.16839945,21.428571428571427
Model_A,person055,person062,14,3,0.16267636,48.214285714285715
Model_A,person088,person058,14,3,0.15026505,55.714285714285715
Model_A,person075,person092,14,3,0.14219926,25.714285714285715
Model_A,person138,person139,14,3,0.14091842,33.214285714285715
Model_A,person093,person002,14,3,0.13555238,65.35714285714286
Model_A,person082,person002,14,3,0.09843891,41.785714285714285
Model_A,person053,person058,14,3,0.08926122,53.57142857142857
Model_A,person083,person047,14,2,0.32158217,25.714285714285715
Model_A,person145,person058,14,2,0.18740933,54.642857142857146
Model_A,person096,person002,14,2,0.16888711,68.57142857142857
Model_A,person134,person062,14,2,0.1648171,58.92857142857143
Model_A,person127,person126,14,2,0.16280682,68.57142857142857
Model_A,person077,person126,14,2,0.15780447,51.42857142857143
Model_A,person082,person079,14,2,0.15666099,66.42857142857143
Model_A,person146,person035,14,2,0.13207352,49.285714285714285
Model_A,person047,person126,14,2,0.12876062,73.92857142857143
Model_A,person146,person002,14,2,0.120652795,67.5
Model_A,person114,person003,14,1,0.27337188,67.5
Model_A,person153,person093,14,1,0.18239982,62.142857142857146
Model_A,person070,person003,14,1,0.16538955,78.21428571428571
Model_A,person113,person079,14,1,0.15534176,70.71428571428571
Model_A,person015,person023,14,1,0.13381113,47.142857142857146
Model_A,person007,person096,14,1,0.09962273,71.78571428571429
Model_A,person107,person139,13,3,0.23409775,34.61538461538461
Model_A,person133,person031,13,3,0.2191219,19.615384615384617
Model_A,person117,person126,13,3,0.21424398,53.07692307692308
Model_A,person064,person123,13,3,0.1986424,33.46153846153846
Model_A,person149,person058,13,3,0.15973017,49.61538461538461
Model_A,person145,person002,13,3,0.1528205,43.84615384615385
Model_A,person110,person058,13,3,0.14664677,61.15384615384615
Model_A,person107,person126,13,3,0.14306241,69.23076923076923
Model_A,person015,person139,13,3,0.13723645,25.384615384615383
Model_A,person094,person139,13,3,0.12734708,55.38461538461539
Model_A,person020,person058,13,3,0.12622544,49.61538461538461
Model_A,person071,person002,13,3,0.12070929,41.53846153846154
Model_A,person113,person126,13,3,0.111886926,53.07692307692308
Model_A,person065,person079,13,2,0.18455482,77.3076923076923
Model_A,person130,person079,13,2,0.1623706,70.38461538461539
Model_A,person052,person047,13,2,0.15039873,31.153846153846153
Model_A,person094,person119,13,2,0.1497811,55.38461538461539
Model_A,person004,person126,13,2,0.108012185,61.15384615384615
Model_A,person102,person079,13,1,0.3053693,72.6923076923077
Model_A,person011,person093,13,1,0.23355502,66.92307692307692
Model_A,person015,person112,13,1,0.20498167,70.38461538461539
Model_A,person123,person003,13,1,0.17285068,65.76923076923077
Model_A,person063,person003,13,1,0.111872904,64.61538461538461
Model_A,person017,person126,13,1,0.08906181,61.15384615384615
Model_A,person014,person068,13,1,0.08179005,53.07692307692308
Model_A,person060,person139,12,3,0.23170131,23.75
Model_A,person152,person124,12,3,0.2237779,37.5
Model_A,person067,person139,12,3,0.19389166,37.5
Model_A,person139,person079,12,3,0.18938436,85.0
Model_A,person125,person002,12,3,0.181969,38.75
Model_A,person093,person058,12,3,0.15908334,53.75
Model_A,person106,person092,12,3,0.14945607,38.75
Model_A,person042,person058,12,3,0.1482822,80.0
Model_A,person018,person058,12,3,0.14703049,68.75
Model_A,person093,person035,12,3,0.14239356,55.0
Model_A,person001,person058,12,3,0.11755804,46.25
Model_A,person122,person035,12,3,0.11391785,58.75
Model_A,person153,person058,12,3,0.11274763,41.25
Model_A,person133,person002,12,3,0.10975618,55.0
Model_A,person074,person002,12,3,0.107998826,42.5
Model_A,person014,person002,12,3,0.08709108,65.0
Model_A,person110,person079,12,2,0.31952295,81.25
Model_A,person144,person139,12,2,0.28210437,26.25
Model_A,person018,person079,12,2,0.2635176,76.25
Model_A,person047,person058,12,2,0.18607746,47.5
Model_A,person086,person079,12,2,0.18208188,81.25
Model_A,person027,person058,12,2,0.16831791,65.0
Model_A,person142,person062,12,2,0.16479807,72.5
Model_A,person128,person058,12,2,0.14793211,46.25
Model_A,person045,person126,12,2,0.14751367,75.0
Model_A,person069,person002,12,2,0.13934894,56.25
Model_A,person105,person021,12,2,0.13925047,80.0
Model_A,person140,person126,12,2,0.13853818,76.25
Model_A,person134,person058,12,2,0.13496794,80.0
Model_A,person049,person126,12,2,0.118065946,63.75
Model_A,person117,person035,12,2,0.11600939,45.0
Model_A,person133,person035,12,2,0.11101859,47.5
Model_A,person076,person058,12,2,0.08489256,72.5
Model_A,person035,person021,12,1,0.27630797,75.0
Model_A,person008,person021,12,1,0.1637906,71.25
Model_A,person077,person008,12,1,0.15429036,53.75
Model_A,person040,person023,12,1,0.12432454,43.75
Model_A,person089,person021,12,1,0.11416695,70.0
Model_A,person045,person139,11,3,0.18942204,23.181818181818183
Model_A,person064,person058,11,3,0.17658275,54.54545454545455
Model_A,person014,person035,11,3,0.15476747,39.54545454545455
Model_A,person054,person058,11,3,0.14582068,50.45454545454545
Model_A,person026,person021,11,3,0.14212249,73.63636363636364
Model_A,person013,person139,11,3,0.13432145,46.36363636363637
Model_A,person131,person079,11,3,0.124481134,68.18181818181819
Model_A,person030,person058,11,3,0.11230398,57.27272727272727
Model_A,person153,person002,11,3,0.10868701,43.63636363636363
Model_A,person126,person002,11,3,0.0878431,80.45454545454545
Model_A,person084,person139,11,2,0.26783153,36.81818181818182
Model_A,person043,person047,11,2,0.22958526,23.181818181818183
Model_A,person015,person022,11,2,0.20418324,38.18181818181818
Model_A,person024,person079,11,2,0.20381556,75.0
Model_A,person104,person093,11,2,0.1898945,73.63636363636364
Model_A,person089,person062,11,2,0.18828802,53.18181818181818
Model_A,person103,person102,11,2,0.18602926,35.45454545454545
Model_A,person014,person079,11,2,0.18421707,75.0
Model_A,person046,person058,11,2,0.16227451,76.36363636363636
Model_A,person073,person139,11,2,0.15757729,38.18181818181818
Model_A,person074,person058,11,2,0.14855526,64.0909090909091
Model_A,person014,person126,11,2,0.14034912,57.27272727272727
Model_A,person031,person058,11,2,0.1401148,68.18181818181819
Model_A,person021,person126,11,2,0.13831381,69.54545454545455
Model_A,person091,person079,11,2,0.13452066,79.0909090909091
Model_A,person129,person069,11,2,0.1341766,30.0
Model_A,person133,person023,11,2,0.12831996,55.90909090909091
Model_A,person028,person153,11,2,0.12419779,69.54545454545455
Model_A,person040,person124,11,2,0.12174397,38.18181818181818
Model_A,person084,person116,11,2,0.1182085,72.27272727272727
Model_A,person043,person126,11,2,0.11719919,75.0
Model_A,person138,person126,11,2,0.105852135,73.63636363636364
Model_A,person131,person119,11,2,0.10070049,38.18181818181818
Model_A,person034,person062,11,2,0.09846901,72.27272727272727
Model_A,person044,person126,11,2,0.09377038,60.0
Model_A,person011,person058,11,2,0.0913241,73.63636363636364
Model_A,person054,person008,11,2,0.07584638,51.81818181818182
Model_A,person028,person079,11,1,0.21064611,58.63636363636363
Model_A,person027,person151,11,1,0.17444502,28.636363636363637
Model_A,person117,person021,11,1,0.16271664,76.36363636363636
Model_A,person098,person002,11,1,0.1394227,51.81818181818182
Model_A,person080,person151,11,1,0.12447107,28.636363636363637
Model_A,person117,person068,11,1,0.11784249,50.45454545454545
Model_A,person074,person014,11,1,0.11296518,42.27272727272727
Model_A,person053,person021,11,1,0.10585473,68.18181818181819
Model_A,person071,person116,11,1,0.07102049,65.45454545454545
Model_A,person093,person139,10,3,0.19212641,45.0
Model_A,person132,person139,10,3,0.16836563,34.5
Model_A,person048,person058,10,3,0.16789117,60.0
Model_A,person114,person058,10,3,0.1638811,67.5
Model_A,person060,person002,10,3,0.16272938,43.5
Model_A,person017,person002,10,3,0.14500013,45.0
Model_A,person042,person126,10,3,0.14380331,72.0
Model_A,person080,person002,10,3,0.12540346,36.0
Model_A,person099,person058,10,3,0.12476007,58.5
Model_A,person133,person058,10,3,0.12310479,51.0
Model_A,person122,person058,10,3,0.11173066,60.0
Model_A,person153,person102,10,3,0.10269783,34.5
Model_A,person011,person002,10,3,0.09065595,48.0
Model_A,person033,person058,10,3,0.08205837,69.0
Model_A,person088,person062,10,3,0.07798572,70.5
Model_A,person063,person139,10,2,0.22821772,45.0
Model_A,person150,person047,10,2,0.22698303,22.5
Model_A,person118,person035,10,2,0.19653752,75.0
Model_A,person128,person079,10,2,0.19076373,85.5
Model_A,person085,person047,10,2,0.18062182,28.5
Model_A,person125,person139,10,2,0.1754867,60.0
Model_A,person073,person126,10,2,0.16980541,54.0
Model_A,person015,person102,10,2,0.1680614,36.0
Model_A,person129,person126,10,2,0.16686812,63.0
Model_A,person090,person058,10,2,0.16666152,75.0
Model_A,person046,person112,10,2,0.15184987,36.0
Model_A,person075,person079,10,2,0.15028587,79.5
Model_A,person091,person058,10,2,0.14953622,58.5
Model_A,person046,person093,10,2,0.14893149,48.0
Model_A,person005,person058,10,2,0.14795749,70.5
Model_A,person098,person126,10,2,0.14794782,57.0
Model_A,person137,person126,10,2,0.14700279,72.0
Model_A,person088,person092,10,2,0.13780098,27.0
Model_A,person040,person002,10,2,0.13749138,58.5
Model_A,person035,person112,10,2,0.13133939,24.0
Model_A,person012,person020,10,2,0.12984328,42.0
Model_A,person034,person058,10,2,0.12672272,63.0
Model_A,person074,person065,10,2,0.11294031,33.0
Model_A,person019,person058,10,2,0.11092196,57.0
Model_A,person003,person126,10,2,0.11026243,79.5
Model_A,person032,person126,10,2,0.10497538,58.5
Model_A,person125,person086,10,2,0.101899125,57.0
Model_A,person010,person021,10,2,0.10149409,78.0
Model_A,person147,person079,10,1,0.38541844,73.5
Model_A,person091,person139,10,1,0.2132723,40.5
Model_A,person126,person122,10,1,0.2131292,76.5
Model_A,person074,person139,10,1,0.20801537,48.0
Model_A,person033,person034,10,1,0.19684193,48.0
Model_A,person037,person079,10,1,0.18532637,60.0
Model_A,person108,person124,10,1,0.18256272,27.0
Model_A,person073,person079,10,1,0.17536756,70.5
Model_A,person078,person096,10,1,0.16701125,61.5
Model_A,person049,person079,10,1,0.16116622,70.5
Model_A,person017,person093,10,1,0.16081421,73.5
Model_A,person124,person079,10,1,0.15418148,67.5
Model_A,person061,person126,10,1,0.14053972,61.5
Model_A,person153,person116,10,1,0.13048743,76.5
Model_A,person134,person011,10,1,0.12426627,76.5
Model_A,person122,person021,10,1,0.12237845,78.0
Model_A,person150,person021,10,1,0.11421313,78.0
Model_A,person040,person022,10,1,0.11143901,28.5
Model_A,person037,person003,10,1,0.10492696,48.0
Model_A,person120,person021,10,1,0.103300214,76.5
Model_A,person009,person112,10,1,0.095820144,75.0
Model_A,person151,person021,10,1,0.09566899,75.0
Model_A,person099,person003,10,1,0.09554281,67.5
Model_A,person130,person096,10,1,0.08337412,58.5
Model_A,person144,person084,9,3,0.40644538,15.0
Model_A,person057,person139,9,3,0.18576288,26.666666666666668
Model_A,person039,person139,9,3,0.16255939,38.333333333333336
Model_A,person065,person058,9,3,0.13877414,56.666666666666664
Model_A,person140,person124,9,3,0.120852984,21.666666666666668
Model_A,person080,person144,9,3,0.11855234,21.666666666666668
Model_A,person097,person058,9,3,0.10426467,63.333333333333336
Model_A,person033,person025,9,3,0.094595775,75.0
Model_A,person120,person139,9,2,0.20782551,46.666666666666664
Model_A,person108,person058,9,2,0.20447254,66.66666666666667
Model_A,person058,person002,9,2,0.20098755,80.0
Model_A,person001,person079,9,2,0.18580748,80.0
Model_A,person120,person058,9,2,0.18258926,46.666666666666664
Model_A,person125,person079,9,2,0.17162815,85.0
Model_A,person115,person126,9,2,0.17046258,38.333333333333336
Model_A,person061,person058,9,2,0.16451666,61.666666666666664
Model_A,person079,person058,9,2,0.16229288,78.33333333333333
Model_A,person112,person058,9,2,0.15290713,46.666666666666664
Model_A,person028,person126,9,2,0.15099765,40.0
Model_A,person115,person021,9,2,0.14908256,80.0
Model_A,person150,person102,9,2,0.14780729,41.666666666666664
Model_A,person124,person139,9,2,0.14754325,40.0
Model_A,person066,person119,9,2,0.14564265,46.666666666666664
Model_A,person094,person035,9,2,0.1267266,33.333333333333336
Model_A,person151,person035,9,2,0.12141652,43.333333333333336
Model_A,person005,person122,9,2,0.11763391,65.0
Model_A,person088,person006,9,2,0.11729697,30.0
Model_A,person008,person124,9,2,0.11516562,46.666666666666664
Model_A,person009,person058,9,2,0.10679228,71.66666666666667
Model_A,person132,person079,9,2,0.10192764,86.66666666666667
Model_A,person048,person092,9,2,0.10091514,43.333333333333336
Model_A,person080,person035,9,2,0.09333957,50.0
Model_A,person020,person021,9,2,0.07066587,78.33333333333333
Model_A,person146,person139,9,1,0.26027286,25.0
Model_A,person008,person093,9,1,0.24893506,75.0
Model_A,person019,person079,9,1,0.23520139,75.0
Model_A,person040,person093,9,1,0.22542638,73.33333333333333
Model_A,person022,person023,9,1,0.2095923,40.0
Model_A,person002,person079,9,1,0.17459826,73.33333333333333
Model_A,person080,person021,9,1,0.15772031,80.0
Model_A,person028,person082,9,1,0.14421108,78.33333333333333
Model_A,person095,person055,9,1,0.13390353,56.666666666666664
Model_A,person112,person003,9,1,0.13109286,45.0
Model_A,person135,person023,9,1,0.12817441,55.0
Model_A,person112,person021,9,1,0.122491255,73.33333333333333
Model_A,person001,person021,9,1,0.119451255,80.0
Model_A,person133,person151,9,1,0.11908449,40.0
Model_A,person145,person082,9,1,0.11875705,76.66666666666667
Model_A,person012,person003,9,1,0.11784821,66.66666666666667
Model_A,person148,person151,9,1,0.10825076,26.666666666666668
Model_A,person133,person021,9,1,0.10278824,76.66666666666667
Model_A,person070,person112,9,1,0.10273976,78.33333333333333
Model_A,person060,person122,9,1,0.10233556,73.33333333333333
Model_A,person010,person120,9,1,0.09820286,75.0
Model_A,person149,person021,9,1,0.097349815,75.0
Model_A,person095,person036,9,1,0.09556969,81.66666666666667
Model_A,person071,person021,9,1,0.0939891,73.33333333333333
Model_A,person135,person149,9,1,0.078087054,76.66666666666667
Model_A,person153,person021,9,1,0.073512524,76.66666666666667
Model_A,person087,person079,8,3,0.2986954,76.875
Model_A,person030,person139,8,3,0.2419188,41.25
Model_A,person021,person139,8,3,0.21598247,24.375
Model_A,person149,person059,8,3,0.178119,15.0
Model_A,person013,person079,8,3,0.14426185,63.75
Model_A,person003,person002,8,3,0.13792345,48.75
Model_A,person013,person135,8,3,0.13347776,16.875
Model_A,person037,person002,8,3,0.12811291,54.375
Model_A,person037,person139,8,3,0.12720843,46.875
Model_A,person121,person151,8,3,0.12606186,20.625
Model_A,person095,person075,8,3,0.12313545,39.375
Model_A,person084,person021,8,3,0.1183541,30.0
Model_A,person145,person020,8,3,0.10691858,41.25
Model_A,person065,person002,8,3,0.0931329,46.875
Model_A,person114,person126,8,3,0.088291794,46.875
Model_A,person051,person025,8,3,0.08457398,69.375
Model_A,person029,person139,8,2,0.24285808,35.625
Model_A,person004,person047,8,2,0.23126456,20.625
Model_A,person147,person139,8,2,0.2024898,56.25
Model_A,person104,person112,8,2,0.19750258,37.5
Model_A,person145,person035,8,2,0.18901676,31.875
Model_A,person017,person058,8,2,0.17194784,54.375
Model_A,person098,person139,8,2,0.17033374,48.75
Model_A,person071,person079,8,2,0.15311895,78.75
Model_A,person038,person079,8,2,0.14927007,82.5
Model_A,person006,person079,8,2,0.14905638,88.125
Model_A,person010,person002,8,2,0.13935216,45.0
Model_A,person120,person126,8,2,0.13801254,63.75
Model_A,person046,person023,8,2,0.13499868,48.75
Model_A,person011,person079,8,2,0.1349977,78.75
Model_A,person012,person058,8,2,0.13077872,69.375
Model_A,person121,person058,8,2,0.1251103,65.625
Model_A,person028,person011,8,2,0.12264765,75.0
Model_A,person094,person113,8,2,0.112424016,16.875
Model_A,person044,person082,8,2,0.11042043,71.25
Model_A,person118,person021,8,2,0.100161,75.0
Model_A,person033,person021,8,2,0.09454072,71.25
Model_A,person007,person002,8,2,0.09197715,61.875
Model_A,person011,person102,8,2,0.08927227,28.125
Model_A,person008,person035,8,2,0.08646351,56.25
Model_A,person143,person126,8,2,0.08432376,69.375
Model_A,person029,person113,8,2,0.08012778,15.0
Model_A,person150,person079,8,1,0.21491012,80.625
Model_A,person146,person058,8,1,0.2082973,37.5
Model_A,person078,person092,8,1,0.20379911,30.0
Model_A,person084,person079,8,1,0.1983225,75.0
Model_A,person012,person109,8,1,0.19316168,22.5
Model_A,person028,person047,8,1,0.19017598,37.5
Model_A,person050,person079,8,1,0.17726186,69.375
Model_A,person103,person124,8,1,0.17411387,37.5
Model_A,person119,person003,8,1,0.17240661,78.75
Model_A,person047,person102,8,1,0.1688621,31.875
Model_A,person044,person003,8,1,0.16667558,76.875
Model_A,person066,person003,8,1,0.1631047,69.375
Model_A,person101,person079,8,1,0.16191603,76.875
Model_A,person123,person020,8,1,0.1584366,37.5
Model_A,person046,person021,8,1,0.1580882,73.125
Model_A,person071,person093,8,1,0.15798587,73.125
Model_A,person025,person034,8,1,0.15796645,33.75
Model_A,person123,person008,8,1,0.13834661,43.125
Model_A,person147,person047,8,1,0.13334197,33.75
Model_A,person099,person093,8,1,0.13011487,60.0
Model_A,person056,person062,8,1,0.12914076,75.0
Model_A,person054,person082,8,1,0.12746175,80.625
Model_A,person122,person068,8,1,0.12710463,37.5
Model_A,person023,person059,8,1,0.12653178,22.5
Model_A,person125,person124,8,1,0.12042925,37.5
Model_A,person017,person061,8,1,0.11903371,71.25
Model_A,person082,person011,8,1,0.118193544,73.125
Model_A,person123,person112,8,1,0.11396145,76.875
Model_A,person128,person021,8,1,0.11360311,78.75
Model_A,person086,person021,8,1,0.11178097,80.625
Model_A,person020,person095,8,1,0.108082004,71.25
Model_A,person022,person021,8,1,0.10800335,78.75
Model_A,person104,person021,8,1,0.1057065,75.0
Model_A,person040,person116,8,1,0.10482324,76.875
Model_A,person062,person122,8,1,0.10165376,80.625
Model_A,person014,person124,8,1,0.10056506,35.625
Model_A,person103,person014,8,1,0.10042023,33.75
Model_A,person146,person021,8,1,0.09999276,80.625
Model_A,person041,person122,8,1,0.099377386,69.375
Model_A,person097,person119,8,1,0.09507662,63.75
Model_A,person054,person126,8,1,0.09497452,45.0
Model_A,person141,person119,8,1,0.09389283,73.125
Model_A,person131,person109,8,1,0.090870254,69.375
Model_A,person026,person023,8,1,0.0893589,33.75
Model_A,person017,person008,8,1,0.0788196,69.375
Model_A,person097,person082,8,1,0.073649555,76.875
Model_A,person099,person014,8,1,0.071712986,28.125
Model_A,person113,person119,8,1,0.06565053,80.625
Model_A,person116,person139,7,3,0.25009653,23.571428571428573
Model_A,person079,person020,7,3,0.2196705,47.142857142857146
Model_A,person110,person020,7,3,0.16290899,32.142857142857146
Model_A,person123,person058,7,3,0.13945019,70.71428571428571
Model_A,person042,person036,7,3,0.1222111,79.28571428571429
Model_A,person104,person102,7,3,0.11716104,38.57142857142857
Model_A,person019,person092,7,3,0.10615504,30.0
Model_A,person126,person035,7,3,0.087002344,64.28571428571429
Model_A,person064,person114,7,3,0.083630264,66.42857142857143
Model_A,person034,person090,7,2,0.27821934,15.0
Model_A,person044,person002,7,2,0.2486241,49.285714285714285
Model_A,person124,person058,7,2,0.20724423,42.857142857142854
Model_A,person073,person058,7,2,0.20496228,55.714285714285715
Model_A,person027,person023,7,2,0.19726922,34.285714285714285
Model_A,person003,person093,7,2,0.19680765,79.28571428571429
Model_A,person105,person079,7,2,0.19428165,81.42857142857143
Model_A,person052,person079,7,2,0.18482257,79.28571428571429
Model_A,person065,person139,7,2,0.17229342,64.28571428571429
Model_A,person139,person058,7,2,0.17047702,75.0
Model_A,person074,person079,7,2,0.17003874,81.42857142857143
Model_A,person073,person124,7,2,0.16621241,27.857142857142858
Model_A,person112,person126,7,2,0.1658139,68.57142857142857
Model_A,person027,person079,7,2,0.14780353,72.85714285714286
Model_A,person025,person002,7,2,0.14594959,55.714285714285715
Model_A,person028,person023,7,2,0.13957258,36.42857142857143
Model_A,person054,person102,7,2,0.13340458,40.714285714285715
Model_A,person111,person058,7,2,0.12675817,45.0
Model_A,person014,person058,7,2,0.122731246,68.57142857142857
Model_A,person070,person114,7,2,0.12115036,62.142857142857146
Model_A,person151,person058,7,2,0.11664259,66.42857142857143
Model_A,person065,person035,7,2,0.11591049,40.714285714285715
Model_A,person137,person023,7,2,0.1125725,30.0
Model_A,person014,person065,7,2,0.11146079,25.714285714285715
Model_A,person097,person126,7,2,0.10849602,55.714285714285715
Model_A,person019,person062,7,2,0.105515964,49.285714285714285
Model_A,person150,person139,7,2,0.10542316,38.57142857142857
Model_A,person118,person006,7,2,0.104333,83.57142857142857
Model_A,person051,person093,7,2,0.09930085,32.142857142857146
Model_A,person147,person121,7,2,0.090854585,17.142857142857142
Model_A,person151,person122,7,2,0.09013933,66.42857142857143
Model_A,person018,person035,7,2,0.088934064,68.57142857142857
Model_A,person099,person126,7,2,0.08891267,62.142857142857146
Model_A,person007,person023,7,2,0.08312719,34.285714285714285
Model_A,person099,person086,7,2,0.08184831,42.857142857142854
Model_A,person054,person023,7,2,0.07955762,36.42857142857143
Model_A,person114,person016,7,2,0.07226797,36.42857142857143
Model_A,person076,person139,7,1,0.26399016,47.142857142857146
Model_A,person136,person079,7,1,0.24344148,81.42857142857143
Model_A,person094,person021,7,1,0.22685386,83.57142857142857
Model_A,person121,person079,7,1,0.21351154,81.42857142857143
Model_A,person144,person021,7,1,0.21275075,83.57142857142857
Model_A,person135,person021,7,1,0.20778465,85.71428571428571
Model_A,person014,person102,7,1,0.2010215,38.57142857142857
Model_A,person107,person079,7,1,0.19554326,83.57142857142857
Model_A,person103,person047,7,1,0.18584086,34.285714285714285
Model_A,person153,person061,7,1,0.1843482,62.142857142857146
Model_A,person017,person023,7,1,0.17903666,36.42857142857143
Model_A,person057,person079,7,1,0.1785692,77.14285714285714
Model_A,person137,person079,7,1,0.16890213,77.14285714285714
Model_A,person010,person122,7,1,0.16592158,66.42857142857143
Model_A,person029,person124,7,1,0.16051598,34.285714285714285
Model_A,person080,person047,7,1,0.1559799,40.714285714285715
Model_A,person061,person003,7,1,0.14571133,81.42857142857143
Model_A,person071,person124,7,1,0.1455111,30.0
Model_A,person146,person124,7,1,0.14315155,21.428571428571427
Model_A,person118,person068,7,1,0.14301251,36.42857142857143
Model_A,person043,person003,7,1,0.14252111,75.0
Model_A,person098,person079,7,1,0.14233449,83.57142857142857
Model_A,person115,person035,7,1,0.13918665,32.142857142857146
Model_A,person061,person082,7,1,0.13735631,66.42857142857143
Model_A,person045,person021,7,1,0.12644868,77.14285714285714
Model_A,person108,person151,7,1,0.12525564,27.857142857142858
Model_A,person105,person096,7,1,0.122276224,79.28571428571429
Model_A,person106,person062,7,1,0.120684825,49.285714285714285
Model_A,person111,person123,7,1,0.11693962,77.14285714285714
Model_A,person020,person088,7,1,0.115078405,81.42857142857143
Model_A,person104,person023,7,1,0.11473729,40.714285714285715
Model_A,person064,person109,7,1,0.11362133,64.28571428571429
Model_A,person111,person092,7,1,0.112242535,70.71428571428571
Model_A,person079,person070,7,1,0.11127792,70.71428571428571
Model_A,person117,person149,7,1,0.11125999,72.85714285714286
Model_A,person019,person153,7,1,0.11050931,64.28571428571429
Model_A,person020,person068,7,1,0.110465184,42.857142857142854
Model_A,person102,person126,7,1,0.10924311,83.57142857142857
Model_A,person053,person003,7,1,0.10880937,66.42857142857143
Model_A,person030,person122,7,1,0.104953475,77.14285714285714
Model_A,person141,person096,7,1,0.10265685,66.42857142857143
Model_A,person149,person011,7,1,0.10181321,79.28571428571429
Model_A,person130,person021,7,1,0.10099853,83.57142857142857
Model_A,person064,person020,7,1,0.097816944,60.0
Model_A,person075,person114,7,1,0.09779065,77.14285714285714
Model_A,person091,person122,7,1,0.09364746,68.57142857142857
Model_A,person153,person008,7,1,0.09213122,68.57142857142857
Model_A,person108,person021,7,1,0.09122362,77.14285714285714
Model_A,person140,person116,7,1,0.08997907,64.28571428571429
Model_A,person072,person021,7,1,0.08754412,72.85714285714286
Model_A,person017,person003,7,1,0.087457165,45.0
Model_A,person125,person003,7,1,0.08326693,60.0
Model_A,person083,person021,7,1,0.074981384,72.85714285714286
Model_A,person073,person150,7,1,0.073657565,72.85714285714286
Model_A,person098,person116,7,1,0.07305342,70.71428571428571
Model_A,person008,person126,7,1,0.071070306,21.428571428571427
Model_A,person073,person021,7,1,0.069930606,79.28571428571429
Model_A,person004,person003,7,1,0.06931978,77.14285714285714
Model_A,person138,person116,7,1,0.06470201,75.0
Model_A,person063,person021,7,1,0.06223054,83.57142857142857
Model_A,person017,person091,7,1,0.057268206,66.42857142857143
Model_A,person072,person139,6,3,0.16304232,35.0
Model_A,person142,person002,6,3,0.16013591,40.0
Model_A,person115,person058,6,3,0.13824356,55.0
Model_A,person132,person058,6,3,0.13025342,60.0
Model_A,person147,person002,6,3,0.12950502,35.0
Model_A,person120,person002,6,3,0.12554203,37.5
Model_A,person042,person035,6,3,0.08730782,62.5
Model_A,person117,person058,6,2,0.2868644,47.5
Model_A,person038,person031,6,2,0.272301,15.0
Model_A,person059,person149,6,2,0.25571743,17.5
Model_A,person036,person079,6,2,0.25186488,40.0
Model_A,person029,person030,6,2,0.24360402,30.0
Model_A,person039,person047,6,2,0.22014576,15.0
Model_A,person128,person031,6,2,0.21699817,15.0
Model_A,person140,person047,6,2,0.21322238,20.0
Model_A,person016,person066,6,2,0.20338099,30.0
Model_A,person118,person058,6,2,0.19086595,40.0
Model_A,person048,person126,6,2,0.1752718,57.5
Model_A,person087,person058,6,2,0.1729547,67.5
Model_A,person089,person139,6,2,0.16816711,22.5
Model_A,person066,person114,6,2,0.16754358,47.5
Model_A,person140,person112,6,2,0.16449508,37.5
Model_A,person094,person079,6,2,0.16112511,65.0
Model_A,person129,person079,6,2,0.16031171,90.0
Model_A,person016,person020,6,2,0.15938304,70.0
Model_A,person051,person034,6,2,0.156581,45.0
Model_A,person140,person093,6,2,0.15168522,65.0
Model_A,person080,person124,6,2,0.14694883,30.0
Model_A,person063,person102,6,2,0.14003624,25.0
Model_A,person143,person112,6,2,0.13411468,55.0
Model_A,person136,person035,6,2,0.13371095,37.5
Model_A,person052,person035,6,2,0.13045865,45.0
Model_A,person012,person070,6,2,0.12909353,62.5
Model_A,person034,person079,6,2,0.1231836,77.5
Model_A,person072,person124,6,2,0.12084269,20.0
Model_A,person052,person002,6,2,0.12003907,47.5
Model_A,person046,person002,6,2,0.116010815,50.0
Model_A,person065,person020,6,2,0.113041885,20.0
Model_A,person011,person126,6,2,0.11267716,62.5
Model_A,person053,person035,6,2,0.11119884,77.5
Model_A,person024,person021,6,2,0.10667214,82.5
Model_A,person089,person113,6,2,0.10511985,15.0
Model_A,person129,person062,6,2,0.099897,62.5
Model_A,person129,person075,6,2,0.09940644,27.5
Model_A,person122,person092,6,2,0.09847946,25.0
Model_A,person125,person096,6,2,0.095363885,85.0
Model_A,person151,person124,6,2,0.09462463,17.5
Model_A,person020,person075,6,2,0.093368806,32.5
Model_A,person016,person035,6,2,0.09293138,87.5
Model_A,person124,person035,6,2,0.091774076,40.0
Model_A,person108,person122,6,2,0.091102004,65.0
Model_A,person082,person047,6,2,0.09035658,22.5
Model_A,person009,person114,6,2,0.08692613,60.0
Model_A,person135,person035,6,2,0.08562062,57.5
Model_A,person104,person124,6,2,0.083531626,27.5
Model_A,person041,person153,6,2,0.0769212,70.0
Model_A,person151,person023,6,2,0.07681546,62.5
Model_A,person153,person014,6,2,0.069000535,22.5
Model_A,person011,person073,6,2,0.066778764,60.0
Model_A,person065,person117,6,2,0.06616595,25.0
Model_A,person052,person023,6,2,0.06604969,45.0
Model_A,person102,person124,6,1,0.29782382,25.0
Model_A,person063,person124,6,1,0.24876678,37.5
Model_A,person052,person139,6,1,0.2453904,75.0
Model_A,person067,person079,6,1,0.24396442,75.0
Model_A,person035,person047,6,1,0.24123438,30.0
Model_A,person096,person047,6,1,0.22232522,35.0
Model_A,person010,person015,6,1,0.21841602,35.0
Model_A,person100,person079,6,1,0.20951559,75.0
Model_A,person021,person047,6,1,0.20477875,30.0
Model_A,person072,person047,6,1,0.20210396,25.0
Model_A,person085,person139,6,1,0.19652009,20.0
Model_A,person040,person112,6,1,0.1894473,45.0
Model_A,person100,person023,6,1,0.18848218,25.0
Model_A,person047,person079,6,1,0.18547004,82.5
Model_A,person120,person068,6,1,0.17558937,45.0
Model_A,person076,person069,6,1,0.17357886,65.0
Model_A,person104,person132,6,1,0.1691796,17.5
Model_A,person152,person079,6,1,0.16767329,82.5
Model_A,person087,person134,6,1,0.16208427,45.0
Model_A,person058,person079,6,1,0.15988047,72.5
Model_A,person046,person003,6,1,0.15870851,72.5
Model_A,person077,person021,6,1,0.15869194,85.0
Model_A,person109,person003,6,1,0.15276375,72.5
Model_A,person129,person036,6,1,0.14895727,85.0
Model_A,person071,person023,6,1,0.14470203,40.0
Model_A,person090,person015,6,1,0.14255005,47.5
Model_A,person120,person079,6,1,0.14145447,85.0
Model_A,person015,person045,6,1,0.13828026,20.0
Model_A,person112,person068,6,1,0.13354419,40.0
Model_A,person077,person003,6,1,0.1311659,80.0
Model_A,person129,person034,6,1,0.13059592,62.5
Model_A,person075,person088,6,1,0.12964869,57.5
Model_A,person032,person078,6,1,0.12869786,47.5
Model_A,person035,person093,6,1,0.12572469,40.0
Model_A,person027,person124,6,1,0.12000265,37.5
Model_A,person031,person122,6,1,0.11985222,80.0
Model_A,person029,person021,6,1,0.119831465,82.5
Model_A,person149,person079,6,1,0.11808846,75.0
Model_A,person120,person124,6,1,0.113826305,40.0
Model_A,person023,person021,6,1,0.11173415,77.5
Model_A,person120,person149,6,1,0.10934179,67.5
Model_A,person145,person068,6,1,0.106793016,57.5
Model_A,person083,person122,6,1,0.106309414,77.5
Model_A,person011,person021,6,1,0.10285697,75.0
Model_A,person092,person096,6,1,0.101838976,77.5
Model_A,person153,person023,6,1,0.100936286,32.5
Model_A,person075,person095,6,1,0.097342946,80.0
Model_A,person115,person149,6,1,0.094733715,80.0
Model_A,person090,person021,6,1,0.09409722,70.0
Model_A,person082,person062,6,1,0.093759745,85.0
Model_A,person029,person151,6,1,0.09265683,40.0
Model_A,person090,person062,6,1,0.092301995,77.5
Model_A,person117,person124,6,1,0.091825835,37.5
Model_A,person043,person021,6,1,0.09175983,67.5
Model_A,person014,person023,6,1,0.09112188,35.0
Model_A,person088,person068,6,1,0.09072555,50.0
Model_A,person153,person124,6,1,0.090586774,35.0
Model_A,person006,person096,6,1,0.08959364,82.5
Model_A,person040,person021,6,1,0.08946735,80.0
Model_A,person146,person023,6,1,0.08584384,67.5
Model_A,person042,person003,6,1,0.08538061,80.0
Model_A,person122,person003,6,1,0.085335165,70.0
Model_A,person026,person101,6,1,0.084648766,67.5
Model_A,person038,person096,6,1,0.08322775,70.0
Model_A,person079,person003,6,1,0.0827385,67.5
Model_A,person142,person096,6,1,0.08270192,50.0
Model_A,person038,person153,6,1,0.08039016,75.0
Model_A,person104,person082,6,1,0.07932961,82.5
Model_A,person139,person122,6,1,0.07849797,82.5
Model_A,person012,person075,6,1,0.077994,25.0
Model_A,person055,person122,6,1,0.07776159,70.0
Model_A,person147,person073,6,1,0.07585579,47.5
Model_A,person013,person062,6,1,0.07131692,67.5
Model_A,person117,person065,6,1,0.06764671,22.5
Model_A,person034,person021,6,1,0.06363257,77.5
Model_A,person019,person005,6,1,0.06348065,80.0
Model_A,person151,person008,6,1,0.05512488,80.0
Model_A,person033,person116,6,1,0.05456075,57.5
Model_A,person126,person058,5,3,0.27330562,51.0
Model_A,person083,person139,5,3,0.18231681,24.0
Model_A,person118,person002,5,3,0.10911995,66.0
Model_A,person044,person058,5,3,0.105726555,63.0
Model_A,person010,person020,5,3,0.101984344,54.0
Model_A,person041,person144,5,3,0.08977308,15.0
Model_A,person047,person113,5,3,0.089376464,45.0
Model_A,person107,person113,5,3,0.077589005,39.0
Model_A,person132,person069,5,3,0.06367674,57.0
Model_A,person051,person079,5,2,0.2311373,90.0
Model_A,person136,person047,5,2,0.2195613,18.0
Model_A,person022,person093,5,2,0.19053754,72.0
Model_A,person134,person002,5,2,0.18013206,51.0
Model_A,person087,person021,5,2,0.16021118,81.0
Model_A,person018,person036,5,2,0.15970728,81.0
Model_A,person115,person002,5,2,0.15815493,48.0
Model_A,person137,person035,5,2,0.1511701,39.0
Model_A,person098,person102,5,2,0.14966345,36.0
Model_A,person103,person139,5,2,0.14826666,54.0
Model_A,person052,person124,5,2,0.14502046,15.0
Model_A,person004,person102,5,2,0.14114031,42.0
Model_A,person011,person047,5,2,0.13606597,18.0
Model_A,person048,person070,5,2,0.13104549,81.0
Model_A,person054,person035,5,2,0.1292592,48.0
Model_A,person082,person035,5,2,0.12826864,27.0
Model_A,person074,person035,5,2,0.1272959,42.0
Model_A,person028,person035,5,2,0.12632775,48.0
Model_A,person014,person139,5,2,0.12631297,36.0
Model_A,person020,person092,5,2,0.12419553,36.0
Model_A,person087,person035,5,2,0.1233145,39.0
Model_A,person017,person035,5,2,0.11488215,30.0
Model_A,person141,person002,5,2,0.11324992,48.0
Model_A,person152,person073,5,2,0.11291708,51.0
Model_A,person055,person002,5,2,0.11042692,57.0
Model_A,person058,person035,5,2,0.10822773,72.0
Model_A,person009,person035,5,2,0.10810031,84.0
Model_A,person058,person126,5,2,0.10782124,81.0
Model_A,person041,person035,5,2,0.104549184,42.0
Model_A,person099,person065,5,2,0.10057268,33.0
Model_A,person103,person079,5,2,0.100241445,84.0
Model_A,person111,person062,5,2,0.0996945,48.0
Model_A,person079,person034,5,2,0.09964375,57.0
Model_A,person036,person112,5,2,0.099246696,90.0
Model_A,person125,person008,5,2,0.097378924,60.0
Model_A,person044,person084,5,2,0.09709096,30.0
Model_A,person085,person035,5,2,0.09707267,39.0
Model_A,person071,person065,5,2,0.09640077,15.0
Model_A,person010,person058,5,2,0.09583483,51.0
Model_A,person145,person046,5,2,0.09522627,60.0
Model_A,person114,person008,5,2,0.09406604,78.0
Model_A,person042,person111,5,2,0.093572766,48.0
Model_A,person012,person139,5,2,0.0913293,75.0
Model_A,person109,person126,5,2,0.0912178,54.0
Model_A,person043,person113,5,2,0.09075739,15.0
Model_A,person037,person124,5,2,0.09053763,27.0
Model_A,person054,person127,5,2,0.090064585,69.0
Model_A,person019,person142,5,2,0.087777,69.0
Model_A,person068,person023,5,2,0.08753496,51.0
Model_A,person025,person008,5,2,0.08753036,72.0
Model_A,person087,person025,5,2,0.08734282,75.0
Model_A,person141,person023,5,2,0.08726212,33.0
Model_A,person064,person008,5,2,0.087206855,69.0
Model_A,person001,person011,5,2,0.08701368,15.0
Model_A,person114,person075,5,2,0.08614187,39.0
Model_A,person043,person124,5,2,0.08611514,45.0
Model_A,person118,person088,5,2,0.085649334,78.0
Model_A,person152,person148,5,2,0.08496133,15.0
Model_A,person136,person150,5,2,0.083825015,84.0
Model_A,person066,person126,5,2,0.08381901,60.0
Model_A,person108,person144,5,2,0.08347011,15.0
Model_A,person059,person035,5,2,0.08280853,54.0
Model_A,person086,person117,5,2,0.081242934,21.0
Model_A,person094,person124,5,2,0.079775885,36.0
Model_A,person092,person023,5,2,0.07967929,60.0
Model_A,person067,person021,5,2,0.079382226,63.0
Model_A,person032,person123,5,2,0.07547149,57.0
Model_A,person152,person122,5,2,0.07402047,72.0
Model_A,person003,person046,5,2,0.07045944,72.0
Model_A,person010,person117,5,2,0.061803747,36.0
Model_A,person024,person119,5,2,0.058854282,63.0
Model_A,person100,person004,5,2,0.0584025,57.0
Model_A,person027,person139,5,1,0.3058974,18.0
Model_A,person073,person023,5,1,0.28393468,39.0
Model_A,person077,person102,5,1,0.23391294,42.0
Model_A,person143,person093,5,1,0.21849987,81.0
Model_A,person130,person102,5,1,0.20401561,39.0
Model_A,person032,person109,5,1,0.20228879,72.0
Model_A,person025,person021,5,1,0.19246224,81.0
Model_A,person041,person139,5,1,0.18989818,78.0
Model_A,person052,person031,5,1,0.18026064,27.0
Model_A,person017,person087,5,1,0.17848344,39.0
Model_A,person120,person047,5,1,0.17811497,24.0
Model_A,person119,person021,5,1,0.1707924,81.0
Model_A,person113,person023,5,1,0.1690381,33.0
Model_A,person145,person109,5,1,0.16340686,84.0
Model_A,person103,person093,5,1,0.16221237,72.0
Model_A,person075,person149,5,1,0.15840419,24.0
Model_A,person143,person079,5,1,0.1554987,63.0
Model_A,person095,person034,5,1,0.1553814,66.0
Model_A,person044,person034,5,1,0.1530589,57.0
Model_A,person004,person124,5,1,0.15270369,36.0
Model_A,person078,person024,5,1,0.15237519,24.0
Model_A,person007,person047,5,1,0.15163589,27.0
Model_A,person065,person023,5,1,0.14987536,36.0
Model_A,person013,person124,5,1,0.14303607,27.0
Model_A,person101,person124,5,1,0.13959575,42.0
Model_A,person049,person035,5,1,0.13793303,24.0
Model_A,person037,person047,5,1,0.13731618,42.0
Model_A,person134,person110,5,1,0.13728423,42.0
Model_A,person024,person008,5,1,0.13536043,72.0
Model_A,person043,person037,5,1,0.13288829,36.0
Model_A,person119,person079,5,1,0.12789537,78.0
Model_A,person017,person015,5,1,0.12735584,42.0
Model_A,person031,person079,5,1,0.12720886,75.0
Model_A,person114,person021,5,1,0.1225272,81.0
Model_A,person095,person112,5,1,0.12056074,84.0
Model_A,person114,person119,5,1,0.12009065,24.0
Model_A,person086,person102,5,1,0.11459676,39.0
Model_A,person013,person047,5,1,0.112954535,36.0
Model_A,person093,person003,5,1,0.1121968,81.0
Model_A,person003,person124,5,1,0.10917535,39.0
Model_A,person074,person021,5,1,0.10798152,84.0
Model_A,person069,person122,5,1,0.10566471,69.0
Model_A,person027,person116,5,1,0.10479613,63.0
Model_A,person104,person042,5,1,0.104454115,84.0
Model_A,person101,person021,5,1,0.10444375,72.0
Model_A,person014,person093,5,1,0.104334936,84.0
Model_A,person068,person003,5,1,0.1040535,78.0
Model_A,person060,person021,5,1,0.10395446,87.0
Model_A,person097,person139,5,1,0.10363805,57.0
Model_A,person046,person068,5,1,0.10308534,42.0
Model_A,person027,person021,5,1,0.1008216,87.0
Model_A,person054,person045,5,1,0.09986347,15.0
Model_A,person034,person096,5,1,0.0997063,84.0
Model_A,person118,person089,5,1,0.09868256,57.0
Model_A,person065,person014,5,1,0.09827025,66.0
Model_A,person136,person023,5,1,0.09815055,36.0
Model_A,person008,person003,5,1,0.09743575,72.0
Model_A,person026,person079,5,1,0.09740615,81.0
Model_A,person109,person082,5,1,0.09711954,66.0
Model_A,person032,person134,5,1,0.09703279,42.0
Model_A,person141,person021,5,1,0.09649618,81.0
Model_A,person080,person062,5,1,0.09631055,87.0
Model_A,person058,person119,5,1,0.09502162,69.0
Model_A,person101,person126,5,1,0.094580635,75.0
Model_A,person092,person062,5,1,0.09428076,51.0
Model_A,person134,person018,5,1,0.09329531,45.0
Model_A,person006,person008,5,1,0.09147417,78.0
Model_A,person002,person150,5,1,0.090461515,69.0
Model_A,person097,person112,5,1,0.0891536,87.0
Model_A,person061,person046,5,1,0.0890437,57.0
Model_A,person140,person021,5,1,0.0886446,75.0
Model_A,person053,person134,5,1,0.088188246,36.0
Model_A,person112,person149,5,1,0.088010326,72.0
Model_A,person008,person149,5,1,0.08711366,78.0
Model_A,person103,person021,5,1,0.0862968,87.0
Model_A,person011,person086,5,1,0.085657224,36.0
Model_A,person104,person116,5,1,0.08533271,69.0
Model_A,person034,person023,5,1,0.084752604,45.0
Model_A,person109,person008,5,1,0.08351971,81.0
Model_A,person018,person003,5,1,0.083474055,69.0
Model_A,person105,person062,5,1,0.08217325,69.0
Model_A,person054,person021,5,1,0.08205213,87.0
Model_A,person104,person022,5,1,0.08170331,48.0
Model_A,person094,person126,5,1,0.08122398,60.0
Model_A,person063,person002,5,1,0.08063674,66.0
Model_A,person145,person053,5,1,0.08054678,78.0
Model_A,person107,person003,5,1,0.07933399,69.0
Model_A,person081,person021,5,1,0.07843902,69.0
Model_A,person014,person003,5,1,0.07806526,42.0
Model_A,person082,person005,5,1,0.078053616,78.0
Model_A,person099,person082,5,1,0.07682268,78.0
Model_A,person085,person014,5,1,0.07678799,36.0
Model_A,person153,person126,5,1,0.07641639,78.0
Model_A,person148,person021,5,1,0.07615236,81.0
Model_A,person103,person116,5,1,0.07607081,66.0
Model_A,person050,person116,5,1,0.07557666,81.0
Model_A,person057,person116,5,1,0.074860275,81.0
Model_A,person113,person138,5,1,0.07209934,84.0
Model_A,person064,person003,5,1,0.07116472,78.0
Model_A,person092,person075,5,1,0.070551924,42.0
Model_A,person069,person008,5,1,0.070274614,72.0
Model_A,person071,person082,5,1,0.06897692,75.0
Model_A,person001,person035,5,1,0.06670399,81.0
Model_A,person047,person150,5,1,0.066452526,87.0
Model_A,person147,person109,5,1,0.066022485,72.0
Model_A,person128,person062,5,1,0.06596535,87.0
Model_A,person132,person091,5,1,0.06584497,66.0
Model_A,person025,person119,5,1,0.065367274,72.0
Model_A,person029,person122,5,1,0.06501378,81.0
Model_A,person099,person124,5,1,0.06440674,33.0
Model_A,person136,person093,5,1,0.063220516,36.0
Model_A,person039,person122,5,1,0.062484123,72.0
Model_A,person148,person011,5,1,0.061323762,72.0
Model_A,person067,person033,5,1,0.058295883,81.0
Model_A,person145,person062,5,1,0.05799342,81.0
Model_A,person040,person082,5,1,0.056568615,81.0
Model_A,person118,person075,5,1,0.056197036,42.0
Model_A,person086,person063,5,1,0.0556826,78.0
Model_A,person044,person042,5,1,0.055484105,33.0
Model_A,person023,person150,5,1,0.04953187,75.0
Model_A,person093,person140,5,1,0.04787177,72.0
Model_A,person062,person002,4,3,0.09500781,71.25
Model_A,person037,person036,4,3,0.08749297,26.25
Model_A,person031,person007,4,3,0.08441554,30.0
Model_A,person048,person129,4,3,0.08416008,15.0
Model_A,person045,person035,4,3,0.079146236,63.75
Model_A,person132,person073,4,3,0.06641116,78.75
Model_A,person101,person047,4,2,0.28613237,15.0
Model_A,person131,person021,4,2,0.18123665,78.75
Model_A,person140,person139,4,2,0.17892364,30.0
Model_A,person127,person047,4,2,0.17590626,15.0
Model_A,person145,person021,4,2,0.17547697,75.0
Model_A,person073,person084,4,2,0.17066428,15.0
Model_A,person025,person084,4,2,0.17060174,18.75
Model_A,person019,person002,4,2,0.16848859,45.0
Model_A,person129,person070,4,2,0.16124023,48.75
Model_A,person061,person139,4,2,0.15833627,67.5
Model_A,person088,person095,4,2,0.15041158,67.5
Model_A,person095,person070,4,2,0.13814695,56.25
Model_A,person048,person123,4,2,0.1354529,30.0
Model_A,person140,person035,4,2,0.13403186,41.25
Model_A,person153,person079,4,2,0.13159868,82.5
Model_A,person078,person055,4,2,0.12907249,33.75
Model_A,person123,person070,4,2,0.12743294,37.5
Model_A,person101,person093,4,2,0.12630087,60.0
Model_A,person095,person114,4,2,0.12556511,78.75
Model_A,person027,person093,4,2,0.12476229,60.0
Model_A,person075,person006,4,2,0.12384883,60.0
Model_A,person120,person117,4,2,0.120485045,30.0
Model_A,person107,person093,4,2,0.11987098,48.75
Model_A,person040,person139,4,2,0.11894062,22.5
Model_A,person064,person139,4,2,0.11889371,86.25
Model_A,person080,person079,4,2,0.11878222,90.0
Model_A,person133,person047,4,2,0.116908014,15.0
Model_A,person102,person035,4,2,0.11619072,52.5
Model_A,person106,person055,4,2,0.11593841,56.25
Model_A,person074,person135,4,2,0.11582259,30.0
Model_A,person144,person093,4,2,0.11454503,56.25
Model_A,person122,person020,4,2,0.113255635,26.25
Model_A,person095,person126,4,2,0.11206723,71.25
Model_A,person106,person002,4,2,0.111366674,45.0
Model_A,person062,person089,4,2,0.109883934,63.75
Model_A,person050,person096,4,2,0.109511204,78.75
Model_A,person056,person035,4,2,0.1079897,41.25
Model_A,person031,person023,4,2,0.10696864,48.75
Model_A,person017,person079,4,2,0.10578871,86.25
Model_A,person128,person025,4,2,0.10446146,63.75
Model_A,person060,person030,4,2,0.10430013,15.0
Model_A,person024,person047,4,2,0.102646254,33.75
Model_A,person121,person150,4,2,0.09857921,60.0
Model_A,person076,person020,4,2,0.0959026,56.25
Model_A,person079,person092,4,2,0.09490548,71.25
Model_A,person131,person075,4,2,0.09412184,56.25
Model_A,person073,person030,4,2,0.093442805,60.0
Model_A,person009,person036,4,2,0.09293246,63.75
Model_A,person001,person047,4,2,0.09118998,15.0
Model_A,person072,person023,4,2,0.09081651,78.75
Model_A,person046,person116,4,2,0.08887713,56.25
Model_A,person031,person035,4,2,0.087556615,48.75
Model_A,person013,person086,4,2,0.087476686,15.0
Model_A,person116,person124,4,2,0.08718515,15.0
Model_A,person147,person035,4,2,0.08709806,41.25
Model_A,person110,person018,4,2,0.086061575,26.25
Model_A,person059,person144,4,2,0.08508942,82.5
Model_A,person078,person075,4,2,0.08415614,33.75
Model_A,person066,person082,4,2,0.08240932,67.5
Model_A,person037,person020,4,2,0.08214492,33.75
Model_A,person128,person148,4,2,0.081592426,15.0
Model_A,person132,person076,4,2,0.08121292,22.5
Model_A,person012,person126,4,2,0.080203176,67.5
Model_A,person022,person035,4,2,0.079378635,52.5
Model_A,person009,person119,4,2,0.07834845,48.75
Model_A,person103,person035,4,2,0.07783252,41.25
Model_A,person103,person117,4,2,0.07542729,26.25
Model_A,person112,person079,4,2,0.07351744,82.5
Model_A,person090,person008,4,2,0.07209646,78.75
Model_A,person048,person075,4,2,0.07193643,30.0
Model_A,person098,person131,4,2,0.07181461,15.0
Model_A,person064,person035,4,2,0.07107205,86.25
Model_A,person082,person149,4,2,0.06888764,26.25
Model_A,person038,person035,4,2,0.068753004,48.75
Model_A,person032,person061,4,2,0.066996045,37.5
Model_A,person127,person035,4,2,0.066960484,52.5
Model_A,person151,person003,4,2,0.066845894,71.25
Model_A,person102,person138,4,2,0.06593168,82.5
Model_A,person124,person091,4,2,0.06509596,48.75
Model_A,person039,person096,4,2,0.06285989,86.25
Model_A,person149,person008,4,2,0.05884736,78.75
Model_A,person051,person005,4,2,0.055857465,86.25
Model_A,person048,person012,4,2,0.054898504,15.0
Model_A,person113,person035,4,2,0.046315186,52.5
Model_A,person028,person049,4,2,0.04289973,60.0
Model_A,person138,person047,4,1,0.39651725,15.0
Model_A,person033,person084,4,1,0.38630417,15.0
Model_A,person111,person084,4,1,0.30104247,15.0
Model_A,person081,person084,4,1,0.25113967,15.0
Model_A,person037,person023,4,1,0.24737194,45.0
Model_A,person043,person139,4,1,0.24000663,52.5
Model_A,person030,person047,4,1,0.22331297,15.0
Model_A,person085,person124,4,1,0.2230285,15.0
Model_A,person127,person079,4,1,0.22123915,86.25
Model_A,person008,person112,4,1,0.21351922,48.75
Model_A,person043,person093,4,1,0.21321774,67.5
Model_A,person044,person121,4,1,0.21003243,45.0
Model_A,person127,person102,4,1,0.19680674,45.0
Model_A,person140,person079,4,1,0.19023293,86.25
Model_A,person129,person095,4,1,0.18855669,90.0
Model_A,person080,person068,4,1,0.18709347,45.0
Model_A,person098,person021,4,1,0.18600196,90.0
Model_A,person129,person035,4,1,0.18286464,67.5
Model_A,person034,person088,4,1,0.1806215,90.0
Model_A,person033,person149,4,1,0.17889126,15.0
Model_A,person024,person139,4,1,0.17783543,52.5
Model_A,person153,person139,4,1,0.17782995,41.25
Model_A,person137,person102,4,1,0.17733422,37.5
Model_A,person101,person023,4,1,0.1713272,37.5
Model_A,person038,person124,4,1,0.17131656,15.0
Model_A,person063,person093,4,1,0.1702136,82.5
Model_A,person135,person079,4,1,0.16892064,60.0
Model_A,person072,person079,4,1,0.16839734,56.25
Model_A,person007,person025,4,1,0.16797353,71.25
Model_A,person149,person062,4,1,0.16716541,41.25
Model_A,person122,person002,4,1,0.1667606,33.75
Model_A,person044,person047,4,1,0.16553931,45.0
Model_A,person017,person139,4,1,0.16518241,30.0
Model_A,person094,person023,4,1,0.16512173,26.25
Model_A,person015,person079,4,1,0.16071892,48.75
Model_A,person026,person119,4,1,0.16066298,90.0
Model_A,person034,person084,4,1,0.15651813,15.0
Model_A,person023,person084,4,1,0.1565166,15.0
Model_A,person080,person114,4,1,0.15633677,86.25
Model_A,person123,person109,4,1,0.1559133,63.75
Model_A,person097,person003,4,1,0.15578446,90.0
Model_A,person114,person020,4,1,0.15566744,90.0
Model_A,person095,person086,4,1,0.14897679,60.0
Model_A,person069,person089,4,1,0.14726214,30.0
Model_A,person066,person008,4,1,0.14536841,41.25
Model_A,person001,person124,4,1,0.14326859,26.25
Model_A,person029,person084,4,1,0.14321181,15.0
Model_A,person135,person102,4,1,0.14285523,30.0
Model_A,person106,person020,4,1,0.14231345,22.5
Model_A,person049,person113,4,1,0.14073753,15.0
Model_A,person044,person046,4,1,0.14029668,60.0
Model_A,person089,person047,4,1,0.13898335,15.0
Model_A,person017,person102,4,1,0.13849099,41.25
Model_A,person063,person053,4,1,0.1382195,15.0
Model_A,person089,person124,4,1,0.13806282,22.5
Model_A,person037,person102,4,1,0.13627347,30.0
Model_A,person121,person124,4,1,0.1345529,22.5
Model_A,person122,person149,4,1,0.13214992,63.75
Model_A,person135,person093,4,1,0.13148949,86.25
Model_A,person124,person029,4,1,0.1311588,71.25
Model_A,person032,person082,4,1,0.13106483,67.5
Model_A,person107,person023,4,1,0.13071005,37.5
Model_A,person087,person109,4,1,0.12881291,78.75
Model_A,person043,person116,4,1,0.12804547,75.0
Model_A,person046,person088,4,1,0.12727408,90.0
Model_A,person115,person114,4,1,0.12550431,45.0
Model_A,person070,person020,4,1,0.12543215,37.5
Model_A,person120,person147,4,1,0.12537068,15.0
Model_A,person132,person093,4,1,0.1238954,67.5
Model_A,person101,person035,4,1,0.122018404,26.25
Model_A,person129,person092,4,1,0.12182265,41.25
Model_A,person099,person139,4,1,0.12168571,48.75
Model_A,person107,person124,4,1,0.11991604,33.75
Model_A,person144,person116,4,1,0.118153706,71.25
Model_A,person110,person062,4,1,0.11727451,78.75
Model_A,person046,person073,4,1,0.11673861,45.0
Model_A,person048,person018,4,1,0.116520025,52.5
Model_A,person043,person023,4,1,0.11614531,22.5
Model_A,person056,person002,4,1,0.11583147,56.25
Model_A,person114,person139,4,1,0.11446872,67.5
Model_A,person135,person112,4,1,0.11350563,60.0
Model_A,person013,person021,4,1,0.11349086,82.5
Model_A,person010,person003,4,1,0.112886444,90.0
Model_A,person134,person004,4,1,0.112200305,60.0
Model_A,person046,person117,4,1,0.11151095,15.0
Model_A,person022,person079,4,1,0.11135551,71.25
Model_A,person056,person003,4,1,0.11024827,78.75
Model_A,person007,person021,4,1,0.10975146,82.5
Model_A,person131,person003,4,1,0.10898844,90.0
Model_A,person138,person112,4,1,0.10862437,67.5
Model_A,person110,person122,4,1,0.10852529,60.0
Model_A,person086,person112,4,1,0.108171344,52.5
Model_A,person027,person035,4,1,0.10795225,30.0
Model_A,person027,person108,4,1,0.10793491,15.0
Model_A,person117,person096,4,1,0.10750588,82.5
Model_A,person068,person062,4,1,0.10714232,78.75
Model_A,person071,person149,4,1,0.107083976,82.5
Model_A,person149,person023,4,1,0.1060905,71.25
Model_A,person120,person118,4,1,0.10251993,15.0
Model_A,person103,person126,4,1,0.10125326,71.25
Model_A,person090,person096,4,1,0.099582195,78.75
Model_A,person094,person082,4,1,0.0993575,78.75
Model_A,person128,person034,4,1,0.09899755,60.0
Model_A,person065,person068,4,1,0.09786177,37.5
Model_A,person014,person021,4,1,0.09752872,82.5
Model_A,person015,person003,4,1,0.097021155,60.0
Model_A,person114,person064,4,1,0.09649433,82.5
Model_A,person008,person002,4,1,0.09574236,78.75
Model_A,person011,person003,4,1,0.095699966,52.5
Model_A,person086,person089,4,1,0.09544539,41.25
Model_A,person140,person100,4,1,0.09426037,37.5
Model_A,person099,person041,4,1,0.094257705,15.0
Model_A,person130,person116,4,1,0.0941097,75.0
Model_A,person124,person149,4,1,0.09398735,75.0
Model_A,person039,person009,4,1,0.093656346,15.0
Model_A,person125,person047,4,1,0.09245166,26.25
Model_A,person098,person113,4,1,0.092411324,15.0
Model_A,person076,person122,4,1,0.09217465,86.25
Model_A,person045,person079,4,1,0.09135603,30.0
Model_A,person046,person149,4,1,0.09106678,71.25
Model_A,person147,person096,4,1,0.09092845,67.5
Model_A,person071,person126,4,1,0.089938834,48.75
Model_A,person099,person076,4,1,0.08977753,33.75
Model_A,person104,person091,4,1,0.088702634,78.75
Model_A,person016,person075,4,1,0.0885755,37.5
Model_A,person071,person127,4,1,0.08787972,15.0
Model_A,person098,person082,4,1,0.08719191,78.75
Model_A,person129,person058,4,1,0.08709864,82.5
Model_A,person132,person122,4,1,0.08612691,75.0
Model_A,person110,person120,4,1,0.08503668,60.0
Model_A,person128,person122,4,1,0.084599175,78.75
Model_A,person034,person003,4,1,0.084411964,71.25
Model_A,person053,person047,4,1,0.08318648,41.25
Model_A,person048,person035,4,1,0.08290217,41.25
Model_A,person082,person081,4,1,0.08265169,15.0
Model_A,person151,person068,4,1,0.08244944,33.75
Model_A,person103,person082,4,1,0.08243045,86.25
Model_A,person125,person117,4,1,0.08188731,22.5
Model_A,person107,person031,4,1,0.08168676,15.0
Model_A,person014,person116,4,1,0.08113473,86.25
Model_A,person056,person084,4,1,0.0809463,52.5
Model_A,person085,person033,4,1,0.08085132,63.75
Model_A,person139,person021,4,1,0.080062404,71.25
Model_A,person026,person139,4,1,0.07957812,26.25
Model_A,person036,person119,4,1,0.078888446,86.25
Model_A,person047,person021,4,1,0.07847499,71.25
Model_A,person001,person069,4,1,0.07842258,63.75
Model_A,person017,person124,4,1,0.0783547,37.5
Model_A,person096,person122,4,1,0.078257725,67.5
Model_A,person056,person082,4,1,0.078208864,90.0
Model_A,person097,person020,4,1,0.077421695,37.5
Model_A,person131,person047,4,1,0.0774063,52.5
Model_A,person103,person076,4,1,0.076040536,15.0
Model_A,person040,person148,4,1,0.075552195,90.0
Model_A,person085,person021,4,1,0.07542163,82.5
Model_A,person120,person082,4,1,0.075361,82.5
Model_A,person103,person003,4,1,0.07528782,78.75
Model_A,person067,person109,4,1,0.07492587,75.0
Model_A,person032,person047,4,1,0.0746222,48.75
Model_A,person105,person122,4,1,0.074373156,60.0
Model_A,person037,person112,4,1,0.073359914,22.5
Model_A,person083,person014,4,1,0.072523594,52.5
Model_A,person110,person015,4,1,0.07248847,48.75
Model_A,person004,person122,4,1,0.072082914,63.75
Model_A,person022,person003,4,1,0.071038544,78.75
Model_A,person027,person003,4,1,0.07070047,86.25
Model_A,person127,person150,4,1,0.070655525,90.0
Model_A,person013,person122,4,1,0.07003155,67.5
Model_A,person022,person082,4,1,0.06871649,86.25
Model_A,person079,person035,4,1,0.068319336,86.25
Model_A,person131,person096,4,1,0.06821456,75.0
Model_A,person102,person150,4,1,0.06537225,63.75
Model_A,person001,person116,4,1,0.064564615,78.75
Model_A,person032,person114,4,1,0.063370146,56.25
Model_A,person116,person150,4,1,0.06127648,78.75
Model_A,person150,person023,4,1,0.060372368,22.5
Model_A,person117,person047,4,1,0.060369045,22.5
Model_A,person107,person116,4,1,0.059004072,67.5
Model_A,person064,person116,4,1,0.057853,45.0
Model_A,person054,person002,4,1,0.056900464,60.0
Model_A,person086,person003,4,1,0.056758508,75.0
Model_A,person108,person062,4,1,0.05650567,90.0
Model_A,person064,person042,4,1,0.055859324,15.0
Model_A,person052,person096,4,1,0.055222794,75.0
Model_A,person114,person068,4,1,0.053946998,75.0
Model_A,person124,person150,4,1,0.048180018,67.5
Model_A,person127,person014,4,1,0.04784748,41.25
Model_A,person121,person021,3,3,0.16328402,75.0
Model_A,person134,person020,3,3,0.16239181,35.0
Model_A,person079,person126,3,3,0.14362648,65.0
Model_A,person115,person102,3,3,0.13579734,35.0
Model_A,person110,person023,3,3,0.13388789,45.0
Model_A,person052,person015,3,3,0.05619742,50.0
Model_A,person051,person084,3,2,0.297214,15.0
Model_A,person033,person139,3,2,0.24886121,30.0
Model_A,person005,person139,3,2,0.24423395,40.0
Model_A,person049,person023,3,2,0.24355705,45.0
Model_A,person066,person070,3,2,0.21752638,30.0
Model_A,person042,person034,3,2,0.1967677,60.0
Model_A,person066,person075,3,2,0.19269408,30.0
Model_A,person096,person139,3,2,0.18764514,25.0
Model_A,person079,person021,3,2,0.1866272,70.0
Model_A,person114,person123,3,2,0.1849855,15.0
Model_A,person042,person009,3,2,0.17619807,15.0
Model_A,person129,person012,3,2,0.16260228,15.0
Model_A,person024,person142,3,2,0.15824883,40.0
Model_A,person100,person113,3,2,0.15324397,15.0
Model_A,person053,person075,3,2,0.15049835,70.0
Model_A,person121,person035,3,2,0.14120653,55.0
Model_A,person142,person139,3,2,0.14117023,30.0
Model_A,person127,person084,3,2,0.14034133,15.0
Model_A,person146,person102,3,2,0.12998708,15.0
Model_A,person025,person059,3,2,0.12897153,15.0
Model_A,person052,person072,3,2,0.12587124,15.0
Model_A,person018,person112,3,2,0.12522964,75.0
Model_A,person119,person002,3,2,0.124072164,70.0
Model_A,person077,person139,3,2,0.12212327,60.0
Model_A,person141,person139,3,2,0.12142942,25.0
Model_A,person060,person079,3,2,0.120915405,60.0
Model_A,person088,person020,3,2,0.1186355,25.0
Model_A,person063,person112,3,2,0.11254931,50.0
Model_A,person048,person020,3,2,0.11237081,75.0
Model_A,person075,person055,3,2,0.10823077,85.0
Model_A,person120,person112,3,2,0.10810885,35.0
Model_A,person081,person023,3,2,0.107599564,70.0
Model_A,person105,person113,3,2,0.10720963,15.0
Model_A,person068,person114,3,2,0.10620137,75.0
Model_A,person145,person126,3,2,0.10558048,40.0
Model_A,person039,person093,3,2,0.09979393,45.0
Model_A,person019,person024,3,2,0.09979355,25.0
Model_A,person022,person139,3,2,0.09890864,55.0
Model_A,person144,person035,3,2,0.095685445,65.0
Model_A,person095,person035,3,2,0.09562525,75.0
Model_A,person145,person097,3,2,0.09323606,15.0
Model_A,person096,person035,3,2,0.09033067,50.0
Model_A,person019,person023,3,2,0.08966269,55.0
Model_A,person115,person119,3,2,0.0886366,75.0
Model_A,person081,person122,3,2,0.0865073,65.0
Model_A,person110,person021,3,2,0.08611038,55.0
Model_A,person123,person036,3,2,0.08568684,80.0
Model_A,person010,person139,3,2,0.0852165,30.0
Model_A,person117,person075,3,2,0.0846535,35.0
Model_A,person019,person118,3,2,0.083806016,15.0
Model_A,person097,person002,3,2,0.082893275,55.0
Model_A,person104,person035,3,2,0.082812,75.0
Model_A,person143,person035,3,2,0.08170685,65.0
Model_A,person054,person153,3,2,0.08164143,20.0
Model_A,person100,person035,3,2,0.08065989,45.0
Model_A,person026,person114,3,2,0.08060276,50.0
Model_A,person120,person075,3,2,0.07660867,45.0
Model_A,person078,person035,3,2,0.07557923,60.0
Model_A,person078,person062,3,2,0.0754666,40.0
Model_A,person151,person033,3,2,0.07540939,15.0
Model_A,person112,person122,3,2,0.07531414,75.0
Model_A,person034,person122,3,2,0.07479077,65.0
Model_A,person084,person093,3,2,0.074236244,55.0
Model_A,person009,person126,3,2,0.07043187,50.0
Model_A,person048,person002,3,2,0.07026664,45.0
Model_A,person013,person055,3,2,0.07012547,90.0
Model_A,person092,person002,3,2,0.070017226,55.0
Model_A,person009,person110,3,2,0.069669984,35.0
Model_A,person150,person127,3,2,0.0694351,45.0
Model_A,person130,person008,3,2,0.069404416,75.0
Model_A,person123,person126,3,2,0.0692542,75.0
Model_A,person099,person073,3,2,0.06859397,70.0
Model_A,person024,person109,3,2,0.06856344,60.0
Model_A,person143,person150,3,2,0.06815961,90.0
Model_A,person051,person150,3,2,0.06815851,90.0
Model_A,person092,person095,3,2,0.06777378,80.0
Model_A,person009,person111,3,2,0.06763058,50.0
Model_A,person017,person117,3,2,0.06732792,15.0
Model_A,person001,person115,3,2,0.066857316,15.0
Model_A,person076,person008,3,2,0.066322826,80.0
Model_A,person027,person073,3,2,0.065469675,80.0
Model_A,person152,person138,3,2,0.064633586,70.0
Model_A,person084,person073,3,2,0.06320987,80.0
Model_A,person072,person052,3,2,0.06296489,70.0
Model_A,person057,person150,3,2,0.06140897,90.0
Model_A,person001,person082,3,2,0.059278917,40.0
Model_A,person043,person107,3,2,0.05914833,70.0
Model_A,person009,person092,3,2,0.05882178,45.0
Model_A,person114,person024,3,2,0.05839632,35.0
Model_A,person067,person122,3,2,0.053984974,70.0
Model_A,person075,person069,3,2,0.05343171,20.0
Model_A,person011,person046,3,2,0.05282858,65.0
Model_A,person031,person006,3,2,0.05241673,70.0
Model_A,person030,person015,3,2,0.051637713,65.0
Model_A,person121,person015,3,2,0.05125911,65.0
Model_A,person039,person073,3,2,0.050532725,60.0
Model_A,person124,person023,3,1,0.3164455,45.0
Model_A,person143,person084,3,1,0.28494874,15.0
Model_A,person007,person079,3,1,0.2703106,90.0
Model_A,person082,person139,3,1,0.2696098,65.0
Model_A,person097,person021,3,1,0.24720943,70.0
Model_A,person094,person003,3,1,0.22621746,90.0
Model_A,person040,person047,3,1,0.22306937,15.0
Model_A,person126,person079,3,1,0.22191621,85.0
Model_A,person074,person124,3,1,0.22143197,30.0
Model_A,person074,person041,3,1,0.21421438,15.0
Model_A,person046,person079,3,1,0.20932941,65.0
Model_A,person132,person124,3,1,0.19868791,40.0
Model_A,person081,person059,3,1,0.19640754,15.0
Model_A,person143,person023,3,1,0.19560033,50.0
Model_A,person035,person023,3,1,0.19306426,30.0
Model_A,person057,person047,3,1,0.19165087,20.0
Model_A,person098,person047,3,1,0.18599719,25.0
Model_A,person110,person088,3,1,0.18407248,80.0
Model_A,person010,person124,3,1,0.18107529,20.0
Model_A,person066,person139,3,1,0.17747049,90.0
Model_A,person096,person005,3,1,0.17702247,30.0
Model_A,person082,person084,3,1,0.17638947,15.0
Model_A,person066,person021,3,1,0.17618139,90.0
Model_A,person121,person117,3,1,0.17086864,30.0
Model_A,person069,person124,3,1,0.16725607,15.0
Model_A,person147,person088,3,1,0.16578552,85.0
Model_A,person011,person139,3,1,0.16388625,25.0
Model_A,person084,person150,3,1,0.1552021,85.0
Model_A,person103,person065,3,1,0.1537847,15.0
Model_A,person026,person047,3,1,0.15373878,35.0
Model_A,person089,person079,3,1,0.15205006,90.0
Model_A,person114,person070,3,1,0.15178275,50.0
Model_A,person124,person093,3,1,0.14967263,75.0
Model_A,person044,person061,3,1,0.14749916,30.0
Model_A,person026,person084,3,1,0.14715815,30.0
Model_A,person001,person088,3,1,0.1457585,90.0
Model_A,person124,person126,3,1,0.1455847,80.0
Model_A,person141,person112,3,1,0.14339666,75.0
Model_A,person134,person109,3,1,0.14066298,85.0
Model_A,person058,person139,3,1,0.13960554,30.0
Model_A,person088,person123,3,1,0.13954201,15.0
Model_A,person016,person082,3,1,0.1383572,70.0
Model_A,person045,person102,3,1,0.13654667,45.0
Model_A,person039,person079,3,1,0.13600509,70.0
Model_A,person099,person021,3,1,0.13564073,85.0
Model_A,person145,person088,3,1,0.13523443,90.0
Model_A,person123,person021,3,1,0.13511322,90.0
Model_A,person070,person035,3,1,0.13429852,90.0
Model_A,person010,person100,3,1,0.13404115,30.0
Model_A,person070,person008,3,1,0.1339456,45.0
Model_A,person008,person115,3,1,0.1339356,30.0
Model_A,person051,person124,3,1,0.13362429,30.0
Model_A,person011,person124,3,1,0.13361074,35.0
Model_A,person075,person018,3,1,0.13295537,15.0
Model_A,person113,person102,3,1,0.13209665,35.0
Model_A,person134,person021,3,1,0.13197424,80.0
Model_A,person066,person092,3,1,0.130786,45.0
Model_A,person046,person127,3,1,0.12766653,15.0
Model_A,person053,person092,3,1,0.12660424,35.0
Model_A,person011,person076,3,1,0.12656797,45.0
Model_A,person059,person084,3,1,0.12564938,15.0
Model_A,person054,person093,3,1,0.12498378,45.0
Model_A,person149,person084,3,1,0.1236251,30.0
Model_A,person020,person031,3,1,0.12296244,65.0
Model_A,person137,person022,3,1,0.12213036,45.0
Model_A,person129,person082,3,1,0.12160742,15.0
Model_A,person057,person023,3,1,0.12097167,45.0
Model_A,person110,person095,3,1,0.12068409,90.0
Model_A,person046,person047,3,1,0.12028992,15.0
Model_A,person046,person018,3,1,0.119961046,90.0
Model_A,person031,person124,3,1,0.11895609,15.0
Model_A,person056,person068,3,1,0.118542254,35.0
Model_A,person119,person114,3,1,0.11843715,45.0
Model_A,person020,person122,3,1,0.11842307,60.0
Model_A,person074,person088,3,1,0.117413074,85.0
Model_A,person006,person119,3,1,0.11452673,65.0
Model_A,person071,person061,3,1,0.112643726,60.0
Model_A,person029,person073,3,1,0.11189333,70.0
Model_A,person064,person113,3,1,0.110054635,15.0
Model_A,person017,person147,3,1,0.10952566,15.0
Model_A,person053,person119,3,1,0.10939423,70.0
Model_A,person056,person139,3,1,0.10906908,55.0
Model_A,person049,person082,3,1,0.10848477,90.0
Model_A,person061,person070,3,1,0.10801494,70.0
Model_A,person068,person117,3,1,0.107892126,30.0
Model_A,person147,person021,3,1,0.10744577,85.0
Model_A,person120,person003,3,1,0.10731443,50.0
Model_A,person075,person123,3,1,0.107001394,65.0
Model_A,person004,person035,3,1,0.106183015,35.0
Model_A,person102,person042,3,1,0.106050275,90.0
Model_A,person122,person014,3,1,0.1059084,25.0
Model_A,person061,person073,3,1,0.10566348,40.0
Model_A,person021,person094,3,1,0.10547463,40.0
Model_A,person038,person122,3,1,0.10508027,60.0
Model_A,person012,person112,3,1,0.10494113,65.0
Model_A,person121,person148,3,1,0.104907334,15.0
Model_A,person106,person088,3,1,0.10490436,85.0
Model_A,person002,person021,3,1,0.10485405,85.0
Model_A,person006,person089,3,1,0.104795456,35.0
Model_A,person004,person079,3,1,0.104319476,90.0
Model_A,person148,person093,3,1,0.1038464,40.0
Model_A,person114,person054,3,1,0.10371786,35.0
Model_A,person108,person034,3,1,0.103574,65.0
Model_A,person093,person031,3,1,0.10340058,15.0
Model_A,person004,person113,3,1,0.10338881,25.0
Model_A,person121,person003,3,1,0.10310318,15.0
Model_A,person089,person114,3,1,0.10302643,50.0
Model_A,person068,person021,3,1,0.102906786,90.0
Model_A,person129,person005,3,1,0.102046646,70.0
Model_A,person008,person114,3,1,0.10182604,40.0
Model_A,person041,person089,3,1,0.1007339,70.0
Model_A,person037,person068,3,1,0.100049935,55.0
Model_A,person089,person033,3,1,0.09954274,90.0
Model_A,person022,person047,3,1,0.09941673,15.0
Model_A,person117,person088,3,1,0.09878253,75.0
Model_A,person066,person020,3,1,0.097658694,60.0
Model_A,person125,person102,3,1,0.09735779,30.0
Model_A,person147,person116,3,1,0.09729886,60.0
Model_A,person016,person046,3,1,0.09674394,45.0
Model_A,person126,person149,3,1,0.09648347,75.0
Model_A,person052,person021,3,1,0.096260846,80.0
Model_A,person070,person082,3,1,0.095875256,65.0
Model_A,person073,person033,3,1,0.0951713,65.0
Model_A,person052,person003,3,1,0.09512863,75.0
Model_A,person100,person020,3,1,0.09472823,50.0
Model_A,person142,person008,3,1,0.0947023,80.0
Model_A,person104,person047,3,1,0.09381923,25.0
Model_A,person055,person075,3,1,0.093571484,35.0
Model_A,person028,person021,3,1,0.09329486,85.0
Model_A,person138,person030,3,1,0.09286348,50.0
Model_A,person142,person116,3,1,0.09255586,75.0
Model_A,person099,person008,3,1,0.09198371,35.0
Model_A,person093,person152,3,1,0.09108412,70.0
Model_A,person026,person052,3,1,0.09079775,60.0
Model_A,person134,person006,3,1,0.09043577,55.0
Model_A,person130,person112,3,1,0.090287305,70.0
Model_A,person146,person068,3,1,0.089979075,60.0
Model_A,person025,person030,3,1,0.08930115,35.0
Model_A,person143,person116,3,1,0.08896804,70.0
Model_A,person025,person092,3,1,0.08896115,90.0
Model_A,person133,person079,3,1,0.0887948,90.0
Model_A,person014,person149,3,1,0.08854037,85.0
Model_A,person142,person021,3,1,0.08851326,90.0
Model_A,person057,person107,3,1,0.08800716,60.0
Model_A,person120,person046,3,1,0.087616004,65.0
Model_A,person046,person104,3,1,0.087527774,15.0
Model_A,person095,person096,3,1,0.08679954,65.0
Model_A,person042,person149,3,1,0.08667886,45.0
Model_A,person094,person127,3,1,0.08662631,30.0
Model_A,person103,person149,3,1,0.0865904,70.0
Model_A,person011,person067,3,1,0.08627526,75.0
Model_A,person112,person020,3,1,0.0859533,65.0
Model_A,person038,person068,3,1,0.08588038,35.0
Model_A,person123,person035,3,1,0.085707925,65.0
Model_A,person048,person068,3,1,0.08528921,40.0
Model_A,person113,person149,3,1,0.08513886,85.0
Model_A,person021,person122,3,1,0.08483646,90.0
Model_A,person007,person062,3,1,0.08446192,90.0
Model_A,person038,person005,3,1,0.08417673,45.0
Model_A,person115,person082,3,1,0.0836659,65.0
Model_A,person125,person021,3,1,0.08351586,85.0
Model_A,person025,person009,3,1,0.08296516,20.0
Model_A,person106,person142,3,1,0.0825422,75.0
Model_A,person051,person049,3,1,0.081880756,90.0
Model_A,person061,person020,3,1,0.08182754,45.0
Model_A,person024,person116,3,1,0.0813382,90.0
Model_A,person091,person020,3,1,0.08095465,45.0
Model_A,person132,person021,3,1,0.08053278,85.0
Model_A,person116,person021,3,1,0.080453806,85.0
Model_A,person085,person151,3,1,0.08023707,15.0
Model_A,person013,person096,3,1,0.08010455,85.0
Model_A,person126,person031,3,1,0.08006022,70.0
Model_A,person146,person003,3,1,0.07991598,55.0
Model_A,person131,person062,3,1,0.07984132,85.0
Model_A,person019,person065,3,1,0.07982694,70.0
Model_A,person121,person034,3,1,0.07956895,90.0
Model_A,person068,person118,3,1,0.07892222,15.0
Model_A,person095,person037,3,1,0.07890219,90.0
Model_A,person020,person053,3,1,0.078603126,85.0
Model_A,person022,person098,3,1,0.07853669,15.0
Model_A,person091,person021,3,1,0.0783645,85.0
Model_A,person074,person122,3,1,0.078240514,75.0
Model_A,person013,person005,3,1,0.07782924,15.0
Model_A,person065,person122,3,1,0.0774134,75.0
Model_A,person056,person097,3,1,0.077365644,15.0
Model_A,person076,person068,3,1,0.076931,60.0
Model_A,person098,person093,3,1,0.076925546,35.0
Model_A,person136,person021,3,1,0.07675243,85.0
Model_A,person135,person126,3,1,0.07674988,70.0
Model_A,person029,person052,3,1,0.07667567,70.0
Model_A,person013,person035,3,1,0.07649543,30.0
Model_A,person143,person025,3,1,0.07621195,15.0
Model_A,person043,person002,3,1,0.07599704,70.0
Model_A,person028,person072,3,1,0.07599487,15.0
Model_A,person118,person122,3,1,0.075819045,70.0
Model_A,person050,person084,3,1,0.075753905,15.0
Model_A,person143,person003,3,1,0.075155444,85.0
Model_A,person043,person077,3,1,0.07498791,90.0
Model_A,person040,person113,3,1,0.07478586,90.0
Model_A,person050,person122,3,1,0.07451301,60.0
Model_A,person126,person034,3,1,0.07426295,65.0
Model_A,person099,person140,3,1,0.07425707,45.0
Model_A,person098,person140,3,1,0.07407247,30.0
Model_A,person065,person153,3,1,0.07406589,45.0
Model_A,person022,person149,3,1,0.073946685,80.0
Model_A,person019,person089,3,1,0.07393912,30.0
Model_A,person131,person008,3,1,0.07390091,75.0
Model_A,person132,person035,3,1,0.073809355,75.0
Model_A,person123,person018,3,1,0.07340164,75.0
Model_A,person013,person068,3,1,0.07249391,55.0
Model_A,person037,person109,3,1,0.07152238,90.0
Model_A,person002,person091,3,1,0.07133492,60.0
Model_A,person048,person119,3,1,0.07126027,65.0
Model_A,person088,person114,3,1,0.07103943,85.0
Model_A,person054,person003,3,1,0.07094962,70.0
Model_A,person041,person138,3,1,0.0708509,90.0
Model_A,person128,person035,3,1,0.07080949,65.0
Model_A,person144,person003,3,1,0.07078748,90.0
Model_A,person017,person063,3,1,0.070699684,75.0
Model_A,person115,person008,3,1,0.070408285,60.0
Model_A,person040,person053,3,1,0.07001454,15.0
Model_A,person041,person148,3,1,0.06998128,15.0
Model_A,person085,person122,3,1,0.06971421,75.0
Model_A,person060,person023,3,1,0.06967149,30.0
Model_A,person099,person153,3,1,0.06916524,70.0
Model_A,person078,person114,3,1,0.06907558,75.0
Model_A,person010,person082,3,1,0.06849576,80.0
Model_A,person011,person044,3,1,0.068035,15.0
Model_A,person064,person046,3,1,0.06802731,60.0
Model_A,person147,person050,3,1,0.06787419,85.0
Model_A,person065,person003,3,1,0.06766947,50.0
Model_A,person045,person152,3,1,0.06715127,90.0
Model_A,person153,person037,3,1,0.06712938,45.0
Model_A,person124,person116,3,1,0.066666014,80.0
Model_A,person152,person033,3,1,0.066664375,90.0
Model_A,person017,person127,3,1,0.06664857,65.0
Model_A,person051,person021,3,1,0.06661954,65.0
Model_A,person100,person116,3,1,0.06626456,60.0
Model_A,person132,person008,3,1,0.065911405,80.0
Model_A,person011,person149,3,1,0.06548651,65.0
Model_A,person009,person134,3,1,0.064572535,65.0
Model_A,person106,person116,3,1,0.06441913,75.0
Model_A,person050,person062,3,1,0.064412035,90.0
Model_A,person033,person150,3,1,0.064345166,90.0
Model_A,person152,person116,3,1,0.06414492,65.0
Model_A,person139,person150,3,1,0.06366417,60.0
Model_A,person149,person111,3,1,0.06365111,40.0
Model_A,person082,person124,3,1,0.06299302,30.0
Model_A,person057,person113,3,1,0.06233887,15.0
Model_A,person030,person091,3,1,0.062126327,60.0
Model_A,person094,person046,3,1,0.06187424,35.0
Model_A,person038,person138,3,1,0.06147148,80.0
Model_A,person057,person045,3,1,0.06132559,15.0
Model_A,person136,person004,3,1,0.06126027,90.0
Model_A,person028,person017,3,1,0.060896758,25.0
Model_A,person127,person020,3,1,0.0608401,65.0
Model_A,person021,person150,3,1,0.060626563,65.0
Model_A,person004,person025,3,1,0.060210615,90.0
Model_A,person005,person151,3,1,0.05979806,40.0
Model_A,person061,person088,3,1,0.05892436,30.0
Model_A,person052,person086,3,1,0.05831957,75.0
Model_A,person130,person062,3,1,0.058128715,85.0
Model_A,person037,person042,3,1,0.05779435,80.0
Model_A,person082,person153,3,1,0.057541933,60.0
Model_A,person100,person021,3,1,0.057438,75.0
Model_A,person003,person061,3,1,0.05739386,80.0
Model_A,person089,person096,3,1,0.057284873,65.0
Model_A,person131,person089,3,1,0.057057858,75.0
Model_A,person038,person023,3,1,0.05695041,20.0
Model_A,person039,person004,3,1,0.056186628,90.0
Model_A,person100,person063,3,1,0.056113604,90.0
Model_A,person029,person025,3,1,0.055914152,75.0
Model_A,person051,person122,3,1,0.055890758,65.0
Model_A,person072,person122,3,1,0.055792794,65.0
Model_A,person089,person116,3,1,0.055574507,75.0
Model_A,person099,person047,3,1,0.055567402,60.0
Model_A,person041,person109,3,1,0.054483,70.0
Model_A,person011,person022,3,1,0.054013312,35.0
Model_A,person072,person114,3,1,0.053639125,65.0
Model_A,person126,person091,3,1,0.053569674,75.0
Model_A,person034,person093,3,1,0.053408694,35.0
Model_A,person059,person150,3,1,0.052401084,65.0
Model_A,person085,person065,3,1,0.050842244,60.0
Model_A,person060,person113,3,1,0.05002242,15.0
Model_A,person029,person116,3,1,0.04994832,60.0
Model_A,person031,person005,3,1,0.04968113,85.0
Model_A,person005,person055,3,1,0.04961272,90.0
Model_A,person038,person062,3,1,0.048615377,80.0
Model_A,person065,person021,3,1,0.048266795,90.0
Model_A,person031,person153,3,1,0.047946885,80.0
Model_A,person074,person008,3,1,0.047860976,80.0
Model_A,person030,person023,3,1,0.047021955,90.0
Model_A,person053,person093,3,1,0.04688623,30.0
Model_A,person028,person138,3,1,0.04677449,75.0
Model_A,person022,person116,3,1,0.046006974,75.0
Model_A,person099,person117,3,1,0.045456246,15.0
Model_A,person094,person020,3,1,0.044503003,15.0
Model_A,person052,person149,3,1,0.043682892,15.0
Model_A,person117,person062,3,1,0.040443245,90.0
Model_A,person091,person050,3,1,0.03563504,90.0
Model_A,person025,person114,3,1,0.03289026,30.0
Model_A,person137,person047,2,2,0.21439904,22.5
Model_A,person136,person102,2,2,0.20859678,30.0
Model_A,person015,person002,2,2,0.19406162,67.5
Model_A,person124,person021,2,2,0.15703934,75.0
Model_A,person129,person111,2,2,0.15551692,45.0
Model_A,person042,person070,2,2,0.15098009,67.5
Model_A,person144,person023,2,2,0.14634076,52.5
Model_A,person112,person120,2,2,0.14523496,37.5
Model_A,person098,person035,2,2,0.14397292,45.0
Model_A,person024,person019,2,2,0.13811864,52.5
Model_A,person135,person124,2,2,0.13358113,22.5
Model_A,person151,person034,2,2,0.13130084,67.5
Model_A,person122,person065,2,2,0.13002081,15.0
Model_A,person037,person021,2,2,0.12551308,75.0
Model_A,person112,person046,2,2,0.12347861,75.0
Model_A,person112,person002,2,2,0.11913578,75.0
Model_A,person056,person018,2,2,0.11649884,60.0
Model_A,person113,person007,2,2,0.11361515,22.5
Model_A,person025,person075,2,2,0.11302747,45.0
Model_A,person056,person079,2,2,0.11116244,67.5
Model_A,person010,person025,2,2,0.10909471,60.0
Model_A,person117,person002,2,2,0.106429555,75.0
Model_A,person011,person112,2,2,0.10486051,37.5
Model_A,person009,person075,2,2,0.10466376,52.5
Model_A,person117,person020,2,2,0.10464084,37.5
Model_A,person131,person002,2,2,0.10276926,75.0
Model_A,person064,person131,2,2,0.10182499,52.5
Model_A,person007,person139,2,2,0.09984143,75.0
Model_A,person036,person058,2,2,0.09911379,90.0
Model_A,person109,person093,2,2,0.098048225,45.0
Model_A,person131,person009,2,2,0.096284956,22.5
Model_A,person035,person102,2,2,0.09605613,30.0
Model_A,person072,person112,2,2,0.095160924,30.0
Model_A,person130,person006,2,2,0.094465055,60.0
Model_A,person098,person112,2,2,0.09432442,52.5
Model_A,person021,person144,2,2,0.09385045,37.5
Model_A,person046,person126,2,2,0.09357205,67.5
Model_A,person048,person006,2,2,0.09134063,60.0
Model_A,person114,person012,2,2,0.09091996,30.0
Model_A,person149,person025,2,2,0.08975844,45.0
Model_A,person077,person086,2,2,0.08880057,82.5
Model_A,person092,person035,2,2,0.0880699,82.5
Model_A,person105,person006,2,2,0.08748385,60.0
Model_A,person139,person035,2,2,0.084778555,75.0
Model_A,person106,person023,2,2,0.08324467,52.5
Model_A,person148,person035,2,2,0.08245957,45.0
Model_A,person136,person113,2,2,0.08144114,15.0
Model_A,person083,person023,2,2,0.081099376,45.0
Model_A,person006,person021,2,2,0.08094018,82.5
Model_A,person043,person035,2,2,0.079995304,45.0
Model_A,person034,person031,2,2,0.07967201,15.0
Model_A,person046,person082,2,2,0.07835741,75.0
Model_A,person030,person035,2,2,0.07808451,60.0
Model_A,person029,person100,2,2,0.077782616,60.0
Model_A,person019,person086,2,2,0.07750357,30.0
Model_A,person142,person079,2,2,0.07648086,82.5
Model_A,person094,person026,2,2,0.076317176,15.0
Model_A,person121,person075,2,2,0.076214045,75.0
Model_A,person046,person037,2,2,0.07594488,30.0
Model_A,person118,person079,2,2,0.07574512,82.5
Model_A,person036,person018,2,2,0.075565696,82.5
Model_A,person147,person091,2,2,0.07499567,60.0
Model_A,person152,person035,2,2,0.07498333,45.0
Model_A,person025,person036,2,2,0.07480556,30.0
Model_A,person107,person022,2,2,0.074529305,82.5
Model_A,person032,person064,2,2,0.07376553,37.5
Model_A,person036,person020,2,2,0.07373289,75.0
Model_A,person153,person035,2,2,0.07346097,45.0
Model_A,person075,person035,2,2,0.073190026,52.5
Model_A,person032,person018,2,2,0.07293468,60.0
Model_A,person145,person025,2,2,0.072809555,82.5
Model_A,person086,person025,2,2,0.072707996,75.0
Model_A,person056,person075,2,2,0.072496384,37.5
Model_A,person039,person035,2,2,0.07216686,45.0
Model_A,person106,person035,2,2,0.070415124,67.5
Model_A,person064,person097,2,2,0.06933701,15.0
Model_A,person143,person032,2,2,0.069241636,15.0
Model_A,person042,person020,2,2,0.068637386,67.5
Model_A,person012,person114,2,2,0.066555806,52.5
Model_A,person088,person086,2,2,0.06405338,45.0
Model_A,person061,person025,2,2,0.06383225,30.0
Model_A,person043,person018,2,2,0.061803073,37.5
Model_A,person100,person073,2,2,0.060954504,90.0
Model_A,person031,person151,2,2,0.06094436,37.5
Model_A,person021,person149,2,2,0.060722522,75.0
Model_A,person084,person023,2,2,0.05956935,75.0
Model_A,person150,person020,2,2,0.05921142,30.0
Model_A,person032,person034,2,2,0.056833297,37.5
Model_A,person093,person114,2,2,0.05502655,90.0
Model_A,person083,person069,2,2,0.054753147,37.5
Model_A,person147,person135,2,2,0.05465205,60.0
Model_A,person026,person025,2,2,0.0528873,75.0
Model_A,person118,person034,2,2,0.052624576,75.0
Model_A,person085,person005,2,2,0.0497045,82.5
Model_A,person032,person088,2,2,0.048443615,67.5
Model_A,person096,person059,2,2,0.046855144,52.5
Model_A,person153,person099,2,2,0.046000816,45.0
Model_A,person078,person095,2,2,0.044602185,60.0
Model_A,person041,person075,2,2,0.042139705,52.5
Model_A,person032,person096,2,2,0.036019683,60.0
Model_A,person146,person047,2,1,0.311409,30.0
Model_A,person151,person139,2,1,0.2991489,45.0
Model_A,person025,person139,2,1,0.27692056,45.0
Model_A,person050,person047,2,1,0.2754687,15.0
Model_A,person074,person047,2,1,0.25380626,30.0
Model_A,person021,person023,2,1,0.22637075,15.0
Model_A,person089,person002,2,1,0.22555718,45.0
Model_A,person073,person112,2,1,0.22200328,30.0
Model_A,person005,person079,2,1,0.22093868,90.0
Model_A,person112,person047,2,1,0.22036919,30.0
Model_A,person041,person149,2,1,0.21595976,15.0
Model_A,person068,person002,2,1,0.21009131,30.0
Model_A,person085,person079,2,1,0.20549399,75.0
Model_A,person101,person102,2,1,0.20513064,45.0
Model_A,person070,person066,2,1,0.2016514,30.0
Model_A,person050,person088,2,1,0.19807762,90.0
Model_A,person107,person047,2,1,0.19773224,15.0
Model_A,person130,person139,2,1,0.19621862,30.0
Model_A,person100,person102,2,1,0.19315895,15.0
Model_A,person079,person096,2,1,0.19304417,67.5
Model_A,person064,person070,2,1,0.19146755,30.0
Model_A,person046,person020,2,1,0.19125658,45.0
Model_A,person121,person139,2,1,0.18665624,15.0
Model_A,person102,person023,2,1,0.18525869,45.0
Model_A,person016,person114,2,1,0.18495278,45.0
Model_A,person061,person075,2,1,0.1767745,30.0
Model_A,person073,person102,2,1,0.17645344,45.0
Model_A,person034,person124,2,1,0.17626324,37.5
Model_A,person148,person084,2,1,0.17501597,15.0
Model_A,person114,person109,2,1,0.17375593,60.0
Model_A,person027,person088,2,1,0.1703811,90.0
Model_A,person096,person076,2,1,0.16946712,15.0
Model_A,person134,person123,2,1,0.16765605,22.5
Model_A,person152,person047,2,1,0.16358377,22.5
Model_A,person118,person124,2,1,0.16288674,45.0
Model_A,person025,person058,2,1,0.16186914,60.0
Model_A,person107,person102,2,1,0.1604678,45.0
Model_A,person144,person079,2,1,0.15838271,82.5
Model_A,person153,person089,2,1,0.15540192,45.0
Model_A,person028,person124,2,1,0.15409803,45.0
Model_A,person016,person021,2,1,0.15237713,67.5
Model_A,person068,person093,2,1,0.15064129,90.0
Model_A,person070,person075,2,1,0.14967468,30.0
Model_A,person021,person112,2,1,0.14929387,75.0
Model_A,person110,person006,2,1,0.14823587,60.0
Model_A,person100,person139,2,1,0.14765272,45.0
Model_A,person072,person007,2,1,0.14764732,22.5
Model_A,person149,person123,2,1,0.14680117,90.0
Model_A,person018,person095,2,1,0.14627214,90.0
Model_A,person123,person114,2,1,0.14597547,75.0
Model_A,person100,person022,2,1,0.14409897,37.5
Model_A,person094,person002,2,1,0.14377767,45.0
Model_A,person143,person100,2,1,0.1434789,82.5
Model_A,person115,person047,2,1,0.14336935,30.0
Model_A,person078,person142,2,1,0.14308459,45.0
Model_A,person057,person102,2,1,0.142595,30.0
Model_A,person090,person084,2,1,0.14154875,15.0
Model_A,person117,person116,2,1,0.14111608,67.5
Model_A,person151,person079,2,1,0.14084184,52.5
Model_A,person131,person092,2,1,0.14048597,30.0
Model_A,person101,person112,2,1,0.14048314,45.0
Model_A,person123,person075,2,1,0.13965297,45.0
Model_A,person076,person102,2,1,0.13948011,45.0
Model_A,person130,person047,2,1,0.13910586,30.0
Model_A,person103,person088,2,1,0.13676512,90.0
Model_A,person093,person068,2,1,0.13609338,30.0
Model_A,person048,person031,2,1,0.13594605,30.0
Model_A,person124,person102,2,1,0.13541165,15.0
Model_A,person132,person084,2,1,0.13506266,15.0
Model_A,person040,person035,2,1,0.1335714,15.0
Model_A,person009,person055,2,1,0.13282868,90.0
Model_A,person018,person062,2,1,0.13282497,75.0
Model_A,person114,person087,2,1,0.13204765,45.0
Model_A,person056,person111,2,1,0.13185233,67.5
Model_A,person022,person126,2,1,0.13100131,82.5
Model_A,person072,person102,2,1,0.13015305,30.0
Model_A,person009,person139,2,1,0.12994911,67.5
Model_A,person068,person088,2,1,0.12976281,82.5
Model_A,person055,person020,2,1,0.12961775,30.0
Model_A,person070,person056,2,1,0.12929314,30.0
Model_A,person118,person069,2,1,0.12903029,15.0
Model_A,person029,person079,2,1,0.12794961,90.0
Model_A,person128,person068,2,1,0.12784384,15.0
Model_A,person129,person003,2,1,0.12697148,67.5
Model_A,person054,person087,2,1,0.12692249,75.0
Model_A,person016,person018,2,1,0.1263353,90.0
Model_A,person010,person121,2,1,0.12628545,15.0
Model_A,person099,person088,2,1,0.12614392,90.0
Model_A,person018,person025,2,1,0.12526917,60.0
Model_A,person130,person114,2,1,0.12502965,45.0
Model_A,person111,person034,2,1,0.124620155,60.0
Model_A,person001,person139,2,1,0.124426395,52.5
Model_A,person032,person070,2,1,0.12280653,90.0
Model_A,person080,person003,2,1,0.12247759,75.0
Model_A,person063,person069,2,1,0.12225539,90.0
Model_A,person133,person121,2,1,0.12184207,15.0
Model_A,person137,person152,2,1,0.121737,67.5
Model_A,person079,person075,2,1,0.121089704,60.0
Model_A,person122,person005,2,1,0.120960265,15.0
Model_A,person131,person095,2,1,0.12094878,60.0
Model_A,person115,person023,2,1,0.12064895,45.0
Model_A,person063,person047,2,1,0.1205464,45.0
Model_A,person138,person021,2,1,0.1203634,67.5
Model_A,person088,person091,2,1,0.11915155,30.0
Model_A,person042,person075,2,1,0.11885506,75.0
Model_A,person018,person021,2,1,0.11875293,90.0
Model_A,person100,person124,2,1,0.118368655,30.0
Model_A,person110,person082,2,1,0.1180128,82.5
Model_A,person001,person127,2,1,0.117932364,60.0
Model_A,person120,person121,2,1,0.11780684,45.0
Model_A,person122,person139,2,1,0.117129244,60.0
Model_A,person141,person131,2,1,0.11699289,15.0
Model_A,person039,person138,2,1,0.11677525,15.0
Model_A,person004,person077,2,1,0.11571348,90.0
Model_A,person012,person093,2,1,0.11560615,45.0
Model_A,person053,person034,2,1,0.115601726,60.0
Model_A,person138,person124,2,1,0.11535196,15.0
Model_A,person129,person084,2,1,0.11527018,37.5
Model_A,person077,person124,2,1,0.115239635,22.5
Model_A,person016,person112,2,1,0.113494545,52.5
Model_A,person092,person006,2,1,0.113394514,90.0
Model_A,person045,person093,2,1,0.11297026,37.5
Model_A,person086,person139,2,1,0.112697944,60.0
Model_A,person151,person030,2,1,0.11246353,15.0
Model_A,person041,person124,2,1,0.11226734,15.0
Model_A,person129,person134,2,1,0.111406595,52.5
Model_A,person113,person139,2,1,0.11090464,15.0
Model_A,person131,person034,2,1,0.110835046,60.0
Model_A,person028,person122,2,1,0.11036524,67.5
Model_A,person138,person034,2,1,0.11031371,60.0
Model_A,person100,person121,2,1,0.11018811,15.0
Model_A,person137,person093,2,1,0.109392464,30.0
Model_A,person110,person003,2,1,0.109113306,75.0
Model_A,person016,person023,2,1,0.10888226,45.0
Model_A,person069,person021,2,1,0.10872571,67.5
Model_A,person106,person095,2,1,0.10823732,75.0
Model_A,person061,person135,2,1,0.10818534,45.0
Model_A,person115,person092,2,1,0.10776284,60.0
Model_A,person006,person092,2,1,0.10745115,37.5
Model_A,person008,person061,2,1,0.107448116,75.0
Model_A,person004,person022,2,1,0.10684635,30.0
Model_A,person055,person096,2,1,0.106644705,90.0
Model_A,person063,person076,2,1,0.10630663,15.0
Model_A,person011,person074,2,1,0.10614528,45.0
Model_A,person041,person023,2,1,0.10570778,37.5
Model_A,person100,person084,2,1,0.1056775,15.0
Model_A,person056,person011,2,1,0.10474314,60.0
Model_A,person082,person075,2,1,0.10459457,75.0
Model_A,person122,person116,2,1,0.104588315,75.0
Model_A,person058,person021,2,1,0.10448378,82.5
Model_A,person009,person064,2,1,0.104018696,37.5
Model_A,person122,person153,2,1,0.103882745,15.0
Model_A,person142,person089,2,1,0.10327369,37.5
Model_A,person139,person034,2,1,0.10319592,60.0
Model_A,person082,person096,2,1,0.10254191,82.5
Model_A,person014,person135,2,1,0.102287345,45.0
Model_A,person049,person021,2,1,0.10212116,75.0
Model_A,person109,person021,2,1,0.10206879,75.0
Model_A,person011,person077,2,1,0.102038205,90.0
Model_A,person048,person082,2,1,0.10188989,60.0
Model_A,person116,person144,2,1,0.10182579,15.0
Model_A,person054,person149,2,1,0.101801805,45.0
Model_A,person044,person021,2,1,0.10178958,75.0
Model_A,person117,person092,2,1,0.101482555,60.0
Model_A,person122,person124,2,1,0.10133869,45.0
Model_A,person043,person151,2,1,0.10093026,37.5
Model_A,person116,person113,2,1,0.10088084,15.0
Model_A,person149,person144,2,1,0.10087547,15.0
Model_A,person092,person086,2,1,0.100777104,15.0
Model_A,person144,person008,2,1,0.10044922,90.0
Model_A,person057,person021,2,1,0.100104794,67.5
Model_A,person113,person093,2,1,0.09965544,45.0
Model_A,person094,person112,2,1,0.099277616,90.0
Model_A,person064,person075,2,1,0.099157974,30.0
Model_A,person077,person096,2,1,0.09910211,82.5
Model_A,person021,person079,2,1,0.09893222,75.0
Model_A,person060,person084,2,1,0.098709255,15.0
Model_A,person147,person101,2,1,0.09867776,15.0
Model_A,person128,person033,2,1,0.09845829,90.0
Model_A,person033,person072,2,1,0.09804484,15.0
Model_A,person036,person003,2,1,0.09792267,60.0
Model_A,person095,person006,2,1,0.097117364,37.5
Model_A,person078,person031,2,1,0.09704383,75.0
Model_A,person042,person018,2,1,0.096662715,82.5
Model_A,person094,person068,2,1,0.096364126,22.5
Model_A,person095,person020,2,1,0.09598118,45.0
Model_A,person042,person112,2,1,0.09595152,75.0
Model_A,person122,person088,2,1,0.09585739,90.0
Model_A,person118,person112,2,1,0.095849454,82.5
Model_A,person056,person046,2,1,0.09571911,90.0
Model_A,person064,person086,2,1,0.09538798,45.0
Model_A,person007,person069,2,1,0.0953546,60.0
Model_A,person036,person126,2,1,0.09473696,90.0
Model_A,person100,person082,2,1,0.09461281,90.0
Model_A,person060,person068,2,1,0.094522394,60.0
Model_A,person110,person068,2,1,0.094331086,30.0
Model_A,person026,person035,2,1,0.09406053,60.0
Model_A,person143,person113,2,1,0.09393774,15.0
Model_A,person007,person005,2,1,0.09365754,15.0
Model_A,person018,person134,2,1,0.09358381,30.0
Model_A,person011,person117,2,1,0.09351596,15.0
Model_A,person070,person123,2,1,0.09346613,30.0
Model_A,person013,person069,2,1,0.09300533,82.5
Model_A,person005,person096,2,1,0.09298514,90.0
Model_A,person090,person023,2,1,0.09281087,60.0
Model_A,person140,person151,2,1,0.09228727,22.5
Model_A,person017,person116,2,1,0.092147365,90.0
Model_A,person107,person152,2,1,0.09210569,67.5
Model_A,person106,person149,2,1,0.092050895,60.0
Model_A,person034,person011,2,1,0.091699585,90.0
Model_A,person113,person082,2,1,0.09169315,82.5
Model_A,person101,person029,2,1,0.09161219,67.5
Model_A,person131,person126,2,1,0.09132798,45.0
Model_A,person108,person037,2,1,0.0911632,45.0
Model_A,person086,person068,2,1,0.09108471,52.5
Model_A,person032,person035,2,1,0.09106286,82.5
Model_A,person014,person115,2,1,0.09098725,15.0
Model_A,person042,person094,2,1,0.090976775,60.0
Model_A,person020,person086,2,1,0.09088417,60.0
Model_A,person044,person020,2,1,0.09087239,60.0
Model_A,person152,person021,2,1,0.090733826,82.5
Model_A,person066,person112,2,1,0.09068373,82.5
Model_A,person032,person119,2,1,0.09067194,82.5
Model_A,person051,person149,2,1,0.09057316,15.0
Model_A,person145,person036,2,1,0.09055351,37.5
Model_A,person074,person020,2,1,0.090528816,30.0
Model_A,person040,person046,2,1,0.090320565,60.0
Model_A,person131,person139,2,1,0.09013274,60.0
Model_A,person110,person096,2,1,0.09003967,90.0
Model_A,person064,person082,2,1,0.08997868,90.0
Model_A,person142,person003,2,1,0.08984708,60.0
Model_A,person091,person023,2,1,0.08972463,60.0
Model_A,person061,person112,2,1,0.08946731,90.0
Model_A,person040,person003,2,1,0.089447066,67.5
Model_A,person129,person021,2,1,0.08940318,90.0
Model_A,person114,person082,2,1,0.08934261,75.0
Model_A,person004,person034,2,1,0.08928408,90.0
Model_A,person129,person114,2,1,0.08895695,75.0
Model_A,person011,person140,2,1,0.08872138,37.5
Model_A,person014,person053,2,1,0.08864957,75.0
Model_A,person053,person114,2,1,0.08857216,90.0
Model_A,person066,person036,2,1,0.08849877,90.0
Model_A,person126,person021,2,1,0.08847232,82.5
Model_A,person059,person101,2,1,0.08841236,90.0
Model_A,person064,person135,2,1,0.08776841,45.0
Model_A,person097,person116,2,1,0.08766471,45.0
Model_A,person050,person021,2,1,0.08756463,82.5
Model_A,person090,person011,2,1,0.08725169,75.0
Model_A,person088,person031,2,1,0.086823285,67.5
Model_A,person140,person068,2,1,0.08667039,45.0
Model_A,person104,person127,2,1,0.0864588,67.5
Model_A,person018,person069,2,1,0.086435646,60.0
Model_A,person006,person123,2,1,0.08614583,60.0
Model_A,person098,person022,2,1,0.08597301,22.5
Model_A,person102,person022,2,1,0.08567304,45.0
Model_A,person141,person008,2,1,0.08537683,82.5
Model_A,person042,person006,2,1,0.085251115,60.0
Model_A,person024,person002,2,1,0.08519404,37.5
Model_A,person122,person023,2,1,0.08512361,30.0
Model_A,person087,person070,2,1,0.08498365,90.0
Model_A,person035,person053,2,1,0.08491084,60.0
Model_A,person001,person149,2,1,0.08487624,82.5
Model_A,person099,person002,2,1,0.08471448,45.0
Model_A,person069,person062,2,1,0.084226415,90.0
Model_A,person131,person064,2,1,0.084197305,90.0
Model_A,person078,person141,2,1,0.084162995,60.0
Model_A,person006,person023,2,1,0.08338244,75.0
Model_A,person131,person101,2,1,0.08328786,60.0
Model_A,person086,person093,2,1,0.08321946,75.0
Model_A,person034,person035,2,1,0.08312653,60.0
Model_A,person069,person073,2,1,0.0824758,90.0
Model_A,person049,person069,2,1,0.08239627,15.0
Model_A,person064,person077,2,1,0.08235872,90.0
Model_A,person054,person119,2,1,0.08202183,30.0
Model_A,person013,person020,2,1,0.082008526,30.0
Model_A,person084,person149,2,1,0.08149117,60.0
Model_A,person122,person112,2,1,0.08131235,60.0
Model_A,person087,person047,2,1,0.08121455,60.0
Model_A,person078,person088,2,1,0.0808802,82.5
Model_A,person103,person077,2,1,0.080281906,15.0
Model_A,person077,person076,2,1,0.0802527,15.0
Model_A,person129,person089,2,1,0.080235,45.0
Model_A,person086,person018,2,1,0.07993706,90.0
Model_A,person153,person070,2,1,0.07977798,90.0
Model_A,person018,person008,2,1,0.07965415,67.5
Model_A,person086,person082,2,1,0.079582304,82.5
Model_A,person149,person047,2,1,0.079541,60.0
Model_A,person079,person120,2,1,0.07941663,82.5
Model_A,person006,person020,2,1,0.079306066,60.0
Model_A,person031,person047,2,1,0.0791844,15.0
Model_A,person087,person120,2,1,0.07885107,60.0
Model_A,person114,person066,2,1,0.07878153,45.0
Model_A,person073,person029,2,1,0.078386575,67.5
Model_A,person042,person114,2,1,0.07801051,67.5
Model_A,person034,person116,2,1,0.07793327,60.0
Model_A,person074,person025,2,1,0.07785156,90.0
Model_A,person050,person082,2,1,0.07776218,82.5
Model_A,person001,person089,2,1,0.077630945,30.0
Model_A,person057,person037,2,1,0.07722421,45.0
Model_A,person074,person120,2,1,0.077065356,60.0
Model_A,person137,person011,2,1,0.076880336,82.5
Model_A,person109,person127,2,1,0.076737955,37.5
Model_A,person097,person123,2,1,0.07649547,30.0
Model_A,person089,person059,2,1,0.07644105,15.0
Model_A,person035,person032,2,1,0.076174095,82.5
Model_A,person085,person023,2,1,0.07610483,22.5
Model_A,person125,person116,2,1,0.07605779,67.5
Model_A,person034,person110,2,1,0.07599066,15.0
Model_A,person018,person086,2,1,0.075893804,45.0
Model_A,person096,person011,2,1,0.07580213,90.0
Model_A,person085,person091,2,1,0.07575929,30.0
Model_A,person086,person008,2,1,0.07556865,75.0
Model_A,person133,person150,2,1,0.07551824,82.5
Model_A,person146,person008,2,1,0.07548793,82.5
Model_A,person073,person082,2,1,0.07547863,82.5
Model_A,person128,person116,2,1,0.075282365,75.0
Model_A,person116,person151,2,1,0.07499465,22.5
Model_A,person028,person147,2,1,0.074989505,15.0
Model_A,person113,person100,2,1,0.07486877,15.0
Model_A,person153,person127,2,1,0.07449886,67.5
Model_A,person119,person139,2,1,0.07398047,67.5
Model_A,person088,person075,2,1,0.07370485,15.0
Model_A,person153,person065,2,1,0.07340711,15.0
Model_A,person048,person114,2,1,0.07326929,90.0
Model_A,person032,person062,2,1,0.07322298,90.0
Model_A,person050,person068,2,1,0.073209785,52.5
Model_A,person131,person030,2,1,0.07320526,45.0
Model_A,person153,person041,2,1,0.073196106,15.0
Model_A,person068,person015,2,1,0.07317923,82.5
Model_A,person151,person120,2,1,0.07316962,75.0
Model_A,person014,person127,2,1,0.07303585,67.5
Model_A,person089,person008,2,1,0.07290718,90.0
Model_A,person110,person075,2,1,0.072829366,15.0
Model_A,person048,person047,2,1,0.07243665,45.0
Model_A,person071,person003,2,1,0.07233387,67.5
Model_A,person106,person127,2,1,0.07212559,67.5
Model_A,person108,person011,2,1,0.07199856,75.0
Model_A,person081,person011,2,1,0.07192151,90.0
Model_A,person124,person042,2,1,0.07124292,90.0
Model_A,person147,person018,2,1,0.07122402,37.5
Model_A,person004,person021,2,1,0.07116893,67.5
Model_A,person106,person151,2,1,0.07111878,15.0
Model_A,person057,person003,2,1,0.07108033,75.0
Model_A,person128,person006,2,1,0.07094729,60.0
Model_A,person091,person042,2,1,0.07082065,60.0
Model_A,person024,person089,2,1,0.07077981,45.0
Model_A,person145,person124,2,1,0.07077529,30.0
Model_A,person122,person082,2,1,0.070502445,90.0
Model_A,person074,person046,2,1,0.07042912,67.5
Model_A,person018,person139,2,1,0.070066206,90.0
Model_A,person020,person023,2,1,0.07000744,67.5
Model_A,person008,person104,2,1,0.06987718,90.0
Model_A,person093,person077,2,1,0.06981286,90.0
Model_A,person049,person047,2,1,0.06981228,15.0
Model_A,person004,person082,2,1,0.06976384,90.0
Model_A,person008,person132,2,1,0.069661245,60.0
Model_A,person017,person021,2,1,0.06965302,82.5
Model_A,person002,person116,2,1,0.06962307,60.0
Model_A,person058,person082,2,1,0.06960746,90.0
Model_A,person030,person021,2,1,0.069440946,82.5
Model_A,person048,person088,2,1,0.06917073,45.0
Model_A,person020,person091,2,1,0.069018364,82.5
Model_A,person123,person082,2,1,0.06900524,82.5
Model_A,person091,person035,2,1,0.068680495,67.5
Model_A,person114,person065,2,1,0.0683506,45.0
Model_A,person083,person037,2,1,0.068024084,37.5
Model_A,person096,person144,2,1,0.06778063,75.0
Model_A,person019,person033,2,1,0.067739554,60.0
Model_A,person146,person101,2,1,0.06772735,60.0
Model_A,person051,person042,2,1,0.06751764,15.0
Model_A,person081,person005,2,1,0.06722868,90.0
Model_A,person109,person046,2,1,0.0672003,52.5
Model_A,person062,person096,2,1,0.06717413,60.0
Model_A,person080,person011,2,1,0.066909924,60.0
Model_A,person032,person003,2,1,0.06644109,82.5
Model_A,person094,person086,2,1,0.06640423,67.5
Model_A,person047,person023,2,1,0.06637159,60.0
Model_A,person121,person090,2,1,0.066326745,90.0
Model_A,person001,person023,2,1,0.06631831,52.5
Model_A,person052,person020,2,1,0.06621587,52.5
Model_A,person082,person087,2,1,0.0660536,30.0
Model_A,person002,person023,2,1,0.06598384,37.5
Model_A,person089,person006,2,1,0.06597467,90.0
Model_A,person101,person113,2,1,0.06590235,90.0
Model_A,person081,person095,2,1,0.06575958,15.0
Model_A,person081,person062,2,1,0.065639764,90.0
Model_A,person063,person091,2,1,0.06542879,60.0
Model_A,person037,person046,2,1,0.065154046,75.0
Model_A,person146,person122,2,1,0.064927004,75.0
Model_A,person024,person138,2,1,0.0648835,75.0
Model_A,person051,person033,2,1,0.064781934,67.5
Model_A,person090,person034,2,1,0.06452584,90.0
Model_A,person044,person088,2,1,0.06439507,90.0
Model_A,person086,person149,2,1,0.0643243,37.5
Model_A,person138,person035,2,1,0.06428818,67.5
Model_A,person057,person041,2,1,0.06415408,15.0
Model_A,person103,person104,2,1,0.064110786,67.5
Model_A,person122,person086,2,1,0.06408439,30.0
Model_A,person132,person082,2,1,0.0640436,75.0
Model_A,person091,person149,2,1,0.06385047,60.0
Model_A,person121,person122,2,1,0.063700765,67.5
Model_A,person038,person014,2,1,0.063699156,22.5
Model_A,person153,person117,2,1,0.06364645,15.0
Model_A,person083,person062,2,1,0.06352574,90.0
Model_A,person047,person035,2,1,0.06349387,67.5
Model_A,person005,person084,2,1,0.06335868,15.0
Model_A,person074,person096,2,1,0.06332023,90.0
Model_A,person068,person134,2,1,0.0626701,15.0
Model_A,person036,person013,2,1,0.06264724,82.5
Model_A,person136,person003,2,1,0.062543906,75.0
Model_A,person052,person114,2,1,0.062539935,90.0
Model_A,person060,person124,2,1,0.062466353,15.0
Model_A,person111,person142,2,1,0.062384367,75.0
Model_A,person025,person062,2,1,0.062288787,82.5
Model_A,person040,person149,2,1,0.062006652,67.5
Model_A,person024,person075,2,1,0.06186698,90.0
Model_A,person134,person090,2,1,0.061004195,60.0
Model_A,person049,person117,2,1,0.06095368,15.0
Model_A,person120,person008,2,1,0.060754247,90.0
Model_A,person069,person014,2,1,0.060505457,37.5
Model_A,person132,person013,2,1,0.060500972,67.5
Model_A,person075,person030,2,1,0.060441792,67.5
Model_A,person113,person091,2,1,0.060436763,60.0
Model_A,person057,person035,2,1,0.060332723,67.5
Model_A,person103,person023,2,1,0.06029366,52.5
Model_A,person030,person150,2,1,0.060253173,60.0
Model_A,person001,person122,2,1,0.060218453,67.5
Model_A,person149,person033,2,1,0.060119458,45.0
Model_A,person034,person006,2,1,0.059943587,60.0
Model_A,person104,person126,2,1,0.05974222,52.5
Model_A,person068,person035,2,1,0.059677027,90.0
Model_A,person136,person146,2,1,0.059565768,15.0
Model_A,person011,person092,2,1,0.05942102,15.0
Model_A,person005,person062,2,1,0.059412464,90.0
Model_A,person058,person096,2,1,0.059315283,75.0
Model_A,person041,person116,2,1,0.059274323,90.0
Model_A,person112,person121,2,1,0.05921673,52.5
Model_A,person084,person138,2,1,0.05915983,75.0
Model_A,person056,person009,2,1,0.05913429,45.0
Model_A,person137,person121,2,1,0.059106197,60.0
Model_A,person123,person153,2,1,0.05906297,45.0
Model_A,person028,person145,2,1,0.058915623,22.5
Model_A,person044,person025,2,1,0.058886677,60.0
Model_A,person105,person055,2,1,0.058704183,90.0
Model_A,person075,person142,2,1,0.058685638,30.0
Model_A,person075,person020,2,1,0.058567893,75.0
Model_A,person040,person126,2,1,0.058541305,82.5
Model_A,person124,person140,2,1,0.05853337,15.0
Model_A,person135,person053,2,1,0.05849006,67.5
Model_A,person150,person041,2,1,0.058385983,22.5
Model_A,person010,person042,2,1,0.058357783,45.0
Model_A,person005,person073,2,1,0.058178015,82.5
Model_A,person056,person134,2,1,0.058144882,52.5
Model_A,person153,person082,2,1,0.058114424,82.5
Model_A,person044,person091,2,1,0.058054008,60.0
Model_A,person013,person014,2,1,0.057845224,45.0
Model_A,person015,person127,2,1,0.05759901,82.5
Model_A,person130,person020,2,1,0.057593286,22.5
Model_A,person033,person127,2,1,0.057484638,15.0
Model_A,person069,person055,2,1,0.05741431,90.0
Model_A,person107,person112,2,1,0.057242237,60.0
Model_A,person060,person069,2,1,0.057111025,60.0
Model_A,person013,person116,2,1,0.05710869,52.5
Model_A,person049,person111,2,1,0.05707872,75.0
Model_A,person043,person148,2,1,0.05707571,82.5
Model_A,person149,person122,2,1,0.057029307,67.5
Model_A,person047,person014,2,1,0.056789957,67.5
Model_A,person131,person123,2,1,0.056783706,60.0
Model_A,person108,person116,2,1,0.05675134,75.0
Model_A,person043,person073,2,1,0.05672446,75.0
Model_A,person101,person046,2,1,0.056631163,52.5
Model_A,person028,person065,2,1,0.056592464,60.0
Model_A,person041,person006,2,1,0.056365676,67.5
Model_A,person053,person002,2,1,0.056129746,30.0
Model_A,person032,person101,2,1,0.055627324,45.0
Model_A,person102,person112,2,1,0.055208266,90.0
Model_A,person112,person075,2,1,0.05509063,90.0
Model_A,person064,person061,2,1,0.0548147,15.0
Model_A,person150,person124,2,1,0.054662272,30.0
Model_A,person135,person003,2,1,0.054183282,90.0
Model_A,person071,person120,2,1,0.054176003,60.0
Model_A,person099,person132,2,1,0.054125138,37.5
Model_A,person150,person035,2,1,0.0541078,67.5
Model_A,person137,person150,2,1,0.054042175,82.5
Model_A,person002,person034,2,1,0.053906173,75.0
Model_A,person117,person118,2,1,0.053869285,52.5
Model_A,person041,person150,2,1,0.053777315,15.0
Model_A,person140,person049,2,1,0.053642325,90.0
Model_A,person015,person116,2,1,0.05350832,90.0
Model_A,person102,person005,2,1,0.053382337,90.0
Model_A,person115,person153,2,1,0.05289015,67.5
Model_A,person142,person065,2,1,0.05273726,15.0
Model_A,person019,person095,2,1,0.052631587,90.0
Model_A,person091,person073,2,1,0.05256892,90.0
Model_A,person137,person116,2,1,0.05238411,90.0
Model_A,person004,person112,2,1,0.052158818,22.5
Model_A,person064,person013,2,1,0.052019417,60.0
Model_A,person132,person041,2,1,0.05192157,15.0
Model_A,person150,person093,2,1,0.051747203,52.5
Model_A,person004,person087,2,1,0.051677346,30.0
Model_A,person140,person034,2,1,0.05134892,90.0
Model_A,person068,person047,2,1,0.051177874,15.0
Model_A,person148,person114,2,1,0.05110951,75.0
Model_A,person145,person117,2,1,0.051089235,15.0
Model_A,person126,person071,2,1,0.051088054,90.0
Model_A,person093,person075,2,1,0.051016316,60.0
Model_A,person147,person003,2,1,0.05058478,90.0
Model_A,person118,person033,2,1,0.050402325,60.0
Model_A,person041,person011,2,1,0.05039288,67.5
Model_A,person145,person114,2,1,0.05028352,37.5
Model_A,person150,person038,2,1,0.050198577,15.0
Model_A,person127,person113,2,1,0.050178126,15.0
Model_A,person051,person023,2,1,0.049961966,60.0
Model_A,person037,person015,2,1,0.049923692,60.0
Model_A,person038,person069,2,1,0.0497659,82.5
Model_A,person067,person152,2,1,0.04966958,67.5
Model_A,person002,person035,2,1,0.049595773,60.0
Model_A,person103,person074,2,1,0.04954923,37.5
Model_A,person141,person153,2,1,0.049283423,82.5
Model_A,person150,person004,2,1,0.049230635,15.0
Model_A,person148,person150,2,1,0.048544917,82.5
Model_A,person019,person122,2,1,0.04838502,60.0
Model_A,person091,person116,2,1,0.048208747,60.0
Model_A,person133,person144,2,1,0.04814372,37.5
Model_A,person014,person096,2,1,0.048006218,67.5
Model_A,person063,person092,2,1,0.04771916,15.0
Model_A,person004,person015,2,1,0.047599934,75.0
Model_A,person137,person082,2,1,0.047390364,90.0
Model_A,person017,person082,2,1,0.04714613,90.0
Model_A,person047,person121,2,1,0.046948448,60.0
Model_A,person094,person144,2,1,0.046807833,75.0
Model_A,person071,person016,2,1,0.046320327,82.5
Model_A,person026,person073,2,1,0.046046026,60.0
Model_A,person038,person021,2,1,0.045857713,90.0
Model_A,person060,person071,2,1,0.045534804,90.0
Model_A,person017,person104,2,1,0.04551344,90.0
Model_A,person149,person036,2,1,0.04534625,90.0
Model_A,person113,person039,2,1,0.045103975,15.0
Model_A,person083,person109,2,1,0.044501416,90.0
Model_A,person072,person121,2,1,0.04368362,15.0
Model_A,person153,person071,2,1,0.042865325,90.0
Model_A,person074,person062,2,1,0.042790856,82.5
Model_A,person051,person050,2,1,0.042425454,90.0
Model_A,person147,person117,2,1,0.042384386,15.0
Model_A,person029,person062,2,1,0.041970417,90.0
Model_A,person063,person004,2,1,0.041858,90.0
Model_A,person027,person148,2,1,0.041610323,90.0
Model_A,person065,person004,2,1,0.04047236,90.0
Model_A,person059,person011,2,1,0.04021898,67.5
Model_A,person103,person025,2,1,0.039046645,90.0
Model_A,person076,person021,2,1,0.038292002,90.0
Model_A,person104,person099,2,1,0.0382569,52.5
Model_A,person086,person005,2,1,0.03771853,90.0
Model_A,person135,person116,2,1,0.03755124,67.5
Model_A,person052,person005,2,1,0.03630604,90.0
Model_A,person093,person057,2,1,0.036231883,75.0
Model_A,person031,person017,2,1,0.035406183,15.0
Model_A,person017,person092,2,1,0.035161138,15.0
Model_A,person107,person005,2,1,0.03462049,90.0
Model_A,person031,person086,2,1,0.034224786,15.0
Model_A,person067,person023,1,1,0.3972502,30.0
Model_A,person090,person100,1,1,0.35228804,15.0
Model_A,person090,person068,1,1,0.28799132,30.0
Model_A,person032,person143,1,1,0.27928782,30.0
Model_A,person129,person031,1,1,0.26976436,30.0
Model_A,person076,person047,1,1,0.2613217,30.0
Model_A,person012,person021,1,1,0.2572921,90.0
Model_A,person068,person139,1,1,0.25719696,30.0
Model_A,person063,person023,1,1,0.24861228,15.0
Model_A,person061,person143,1,1,0.2262854,30.0
Model_A,person064,person021,1,1,0.22525616,75.0
Model_A,person108,person079,1,1,0.22133629,75.0
Model_A,person003,person112,1,1,0.21999145,45.0
Model_A,person083,person079,1,1,0.21952477,90.0
Model_A,person111,person011,1,1,0.21868095,60.0
Model_A,person094,person114,1,1,0.21485858,45.0
Model_A,person119,person070,1,1,0.2147893,30.0
Model_A,person100,person088,1,1,0.21220747,90.0
Model_A,person045,person023,1,1,0.21199152,15.0
Model_A,person104,person079,1,1,0.21094461,60.0
Model_A,person079,person042,1,1,0.21086632,15.0
Model_A,person152,person023,1,1,0.20891091,45.0
Model_A,person073,person093,1,1,0.2016867,75.0
Model_A,person024,person102,1,1,0.20121095,45.0
Model_A,person020,person035,1,1,0.19797836,75.0
Model_A,person132,person112,1,1,0.19615106,45.0
Model_A,person045,person084,1,1,0.19461015,15.0
Model_A,person039,person088,1,1,0.19347166,90.0
Model_A,person138,person102,1,1,0.19345114,15.0
Model_A,person065,person124,1,1,0.19344029,45.0
Model_A,person068,person076,1,1,0.19218427,45.0
Model_A,person058,person084,1,1,0.19124842,15.0
Model_A,person059,person085,1,1,0.19071668,75.0
Model_A,person126,person062,1,1,0.18957128,60.0
Model_A,person006,person002,1,1,0.18718214,45.0
Model_A,person106,person013,1,1,0.18564118,30.0
Model_A,person057,person112,1,1,0.18447919,60.0
Model_A,person093,person102,1,1,0.1841493,30.0
Model_A,person009,person062,1,1,0.18376389,90.0
Model_A,person027,person112,1,1,0.181999,45.0
Model_A,person051,person112,1,1,0.18196446,30.0
Model_A,person111,person035,1,1,0.18117218,75.0
Model_A,person094,person047,1,1,0.17690568,45.0
Model_A,person084,person124,1,1,0.1760647,45.0
Model_A,person022,person112,1,1,0.17366058,60.0
Model_A,person128,person149,1,1,0.17357053,60.0
Model_A,person034,person068,1,1,0.17305212,45.0
Model_A,person003,person037,1,1,0.17171817,45.0
Model_A,person027,person047,1,1,0.17150226,15.0
Model_A,person093,person023,1,1,0.17131108,30.0
Model_A,person089,person093,1,1,0.17079885,75.0
Model_A,person093,person112,1,1,0.17058304,30.0
Model_A,person002,person152,1,1,0.16983323,75.0
Model_A,person001,person093,1,1,0.16967519,60.0
Model_A,person120,person023,1,1,0.16836189,45.0
Model_A,person109,person070,1,1,0.16606647,30.0
Model_A,person142,person077,1,1,0.16409348,15.0
Model_A,person129,person006,1,1,0.16280535,75.0
Model_A,person063,person068,1,1,0.16251387,30.0
Model_A,person078,person013,1,1,0.16209403,15.0
Model_A,person131,person023,1,1,0.16127561,45.0
Model_A,person037,person088,1,1,0.16046703,75.0
Model_A,person014,person112,1,1,0.15935941,60.0
Model_A,person130,person120,1,1,0.15916064,60.0
Model_A,person111,person021,1,1,0.15820447,75.0
Model_A,person117,person102,1,1,0.15724373,45.0
Model_A,person132,person102,1,1,0.15620208,45.0
Model_A,person019,person006,1,1,0.15524958,60.0
Model_A,person094,person102,1,1,0.15494955,45.0
Model_A,person137,person113,1,1,0.15466726,15.0
Model_A,person146,person025,1,1,0.154621,60.0
Model_A,person139,person023,1,1,0.15449908,45.0
Model_A,person066,person002,1,1,0.15434088,75.0
Model_A,person105,person123,1,1,0.15431161,90.0
Model_A,person032,person056,1,1,0.15389217,30.0
Model_A,person048,person109,1,1,0.1527273,75.0
Model_A,person142,person124,1,1,0.15236457,45.0
Model_A,person112,person093,1,1,0.15125242,60.0
Model_A,person016,person139,1,1,0.14950922,60.0
Model_A,person137,person124,1,1,0.14895786,45.0
Model_A,person048,person112,1,1,0.14866535,90.0
Model_A,person112,person037,1,1,0.14848465,45.0
Model_A,person067,person124,1,1,0.14794068,15.0
Model_A,person026,person124,1,1,0.14677097,15.0
Model_A,person017,person047,1,1,0.14560911,15.0
Model_A,person030,person079,1,1,0.14528432,15.0
Model_A,person025,person152,1,1,0.14471023,75.0
Model_A,person076,person023,1,1,0.14436264,45.0
Model_A,person119,person134,1,1,0.1443161,60.0
Model_A,person042,person015,1,1,0.1439798,75.0
Model_A,person005,person021,1,1,0.14366281,75.0
Model_A,person025,person023,1,1,0.14365762,60.0
Model_A,person092,person123,1,1,0.14259723,90.0
Model_A,person021,person124,1,1,0.14166741,15.0
Model_A,person061,person018,1,1,0.14114876,90.0
Model_A,person118,person121,1,1,0.1408522,45.0
Model_A,person071,person112,1,1,0.1403435,75.0
Model_A,person122,person117,1,1,0.14005814,15.0
Model_A,person054,person059,1,1,0.13910992,15.0
Model_A,person010,person023,1,1,0.1388957,45.0
Model_A,person081,person144,1,1,0.13864256,15.0
Model_A,person001,person068,1,1,0.13778749,60.0
Model_A,person041,person030,1,1,0.13718688,15.0
Model_A,person036,person150,1,1,0.13653235,75.0
Model_A,person036,person093,1,1,0.13653085,75.0
Model_A,person021,person102,1,1,0.13621691,45.0
Model_A,person010,person031,1,1,0.13587667,30.0
Model_A,person113,person101,1,1,0.13552769,75.0
Model_A,person032,person092,1,1,0.13501848,60.0
Model_A,person096,person069,1,1,0.13434233,75.0
Model_A,person024,person153,1,1,0.13352232,30.0
Model_A,person059,person112,1,1,0.1334626,30.0
Model_A,person131,person018,1,1,0.13243479,30.0
Model_A,person045,person015,1,1,0.13170837,60.0
Model_A,person013,person003,1,1,0.13107306,75.0
Model_A,person130,person124,1,1,0.13082977,30.0
Model_A,person026,person149,1,1,0.1307534,15.0
Model_A,person145,person149,1,1,0.13026585,75.0
Model_A,person032,person025,1,1,0.12961906,45.0
Model_A,person105,person109,1,1,0.12921269,60.0
Model_A,person137,person060,1,1,0.12905103,15.0
Model_A,person092,person088,1,1,0.12899825,75.0
Model_A,person057,person088,1,1,0.1287437,90.0
Model_A,person103,person068,1,1,0.12869589,60.0
Model_A,person123,person016,1,1,0.12856235,45.0
Model_A,person004,person088,1,1,0.12852067,90.0
Model_A,person041,person068,1,1,0.12799077,60.0
Model_A,person028,person102,1,1,0.12778,45.0
Model_A,person046,person120,1,1,0.12737812,30.0
Model_A,person126,person120,1,1,0.12731543,60.0
Model_A,person037,person114,1,1,0.1270375,30.0
Model_A,person065,person076,1,1,0.12702677,45.0
Model_A,person028,person140,1,1,0.126922,45.0
Model_A,person143,person051,1,1,0.12625812,15.0
Model_A,person108,person084,1,1,0.12618028,15.0
Model_A,person124,person068,1,1,0.12600835,60.0
Model_A,person013,person075,1,1,0.12598445,60.0
Model_A,person038,person076,1,1,0.12580965,30.0
Model_A,person052,person026,1,1,0.12575382,15.0
Model_A,person017,person112,1,1,0.12517826,75.0
Model_A,person118,person053,1,1,0.125096,90.0
Model_A,person143,person021,1,1,0.1244566,75.0
Model_A,person022,person100,1,1,0.12435325,15.0
Model_A,person092,person142,1,1,0.12430334,30.0
Model_A,person142,person093,1,1,0.12403547,90.0
Model_A,person123,person139,1,1,0.1236931,90.0
Model_A,person144,person150,1,1,0.123476036,90.0
Model_A,person070,person139,1,1,0.12263545,60.0
Model_A,person053,person028,1,1,0.12225383,30.0
Model_A,person141,person142,1,1,0.12216038,30.0
Model_A,person121,person144,1,1,0.12212364,60.0
Model_A,person129,person030,1,1,0.12180861,60.0
Model_A,person048,person111,1,1,0.12172105,60.0
Model_A,person008,person079,1,1,0.12137605,75.0
Model_A,person127,person124,1,1,0.12115484,15.0
Model_A,person056,person069,1,1,0.12111223,45.0
Model_A,person136,person151,1,1,0.12063813,30.0
Model_A,person042,person021,1,1,0.12051911,90.0
Model_A,person134,person035,1,1,0.12047751,75.0
Model_A,person039,person113,1,1,0.12002106,15.0
Model_A,person130,person149,1,1,0.12000933,60.0
Model_A,person002,person139,1,1,0.119811654,30.0
Model_A,person084,person112,1,1,0.119610295,60.0
Model_A,person096,person140,1,1,0.1194116,45.0
Model_A,person035,person132,1,1,0.11924991,15.0
Model_A,person134,person080,1,1,0.11877606,90.0
Model_A,person112,person124,1,1,0.118615344,30.0
Model_A,person095,person131,1,1,0.11851054,30.0
Model_A,person101,person149,1,1,0.11831687,60.0
Model_A,person030,person152,1,1,0.11765511,75.0
Model_A,person036,person015,1,1,0.11727503,75.0
Model_A,person087,person119,1,1,0.11722653,90.0
Model_A,person140,person149,1,1,0.11713844,60.0
Model_A,person044,person109,1,1,0.116934136,60.0
Model_A,person127,person097,1,1,0.11689336,15.0
Model_A,person142,person006,1,1,0.11654079,75.0
Model_A,person149,person035,1,1,0.116407156,75.0
Model_A,person009,person002,1,1,0.115895845,75.0
Model_A,person012,person018,1,1,0.11588688,90.0
Model_A,person013,person002,1,1,0.11576935,30.0
Model_A,person091,person112,1,1,0.115753256,75.0
Model_A,person029,person149,1,1,0.115315884,15.0
Model_A,person127,person076,1,1,0.11510705,45.0
Model_A,person043,person079,1,1,0.11483026,90.0
Model_A,person152,person140,1,1,0.114382796,30.0
Model_A,person077,person079,1,1,0.11411171,75.0
Model_A,person007,person014,1,1,0.11402271,15.0
Model_A,person012,person088,1,1,0.11384891,90.0
Model_A,person007,person122,1,1,0.11341013,60.0
Model_A,person140,person102,1,1,0.113072276,45.0
Model_A,person005,person152,1,1,0.11299707,75.0
Model_A,person047,person149,1,1,0.1126964,60.0
Model_A,person141,person095,1,1,0.11261589,15.0
Model_A,person042,person122,1,1,0.11239405,60.0
Model_A,person148,person023,1,1,0.112009756,15.0
Model_A,person116,person149,1,1,0.1116966,15.0
Model_A,person021,person093,1,1,0.11141824,45.0
Model_A,person017,person036,1,1,0.110601604,30.0
Model_A,person150,person076,1,1,0.110586,15.0
Model_A,person075,person131,1,1,0.11050297,90.0
Model_A,person007,person124,1,1,0.110468075,30.0
Model_A,person074,person111,1,1,0.11023786,15.0
Model_A,person016,person064,1,1,0.11023521,60.0
Model_A,person020,person118,1,1,0.110166594,15.0
Model_A,person136,person135,1,1,0.11002826,90.0
Model_A,person025,person070,1,1,0.109959036,45.0
Model_A,person064,person126,1,1,0.109909594,90.0
Model_A,person007,person112,1,1,0.10985718,75.0
Model_A,person048,person036,1,1,0.10983867,90.0
Model_A,person153,person112,1,1,0.10982691,75.0
Model_A,person128,person089,1,1,0.10973653,30.0
Model_A,person077,person035,1,1,0.10968563,75.0
Model_A,person063,person035,1,1,0.10940881,60.0
Model_A,person052,person033,1,1,0.10925377,60.0
Model_A,person095,person003,1,1,0.1091968,75.0
Model_A,person137,person097,1,1,0.10882797,60.0
Model_A,person128,person008,1,1,0.10865518,90.0
Model_A,person095,person022,1,1,0.10863095,75.0
Model_A,person129,person047,1,1,0.1086253,45.0
Model_A,person138,person123,1,1,0.10862054,90.0
Model_A,person121,person082,1,1,0.108138084,90.0
Model_A,person021,person035,1,1,0.1079372,75.0
Model_A,person148,person102,1,1,0.10778962,15.0
Model_A,person040,person067,1,1,0.10757819,90.0
Model_A,person130,person119,1,1,0.10739412,60.0
Model_A,person143,person067,1,1,0.107241884,75.0
Model_A,person025,person129,1,1,0.10720367,15.0
Model_A,person147,person011,1,1,0.107203394,60.0
Model_A,person146,person034,1,1,0.10690023,60.0
Model_A,person056,person012,1,1,0.10677811,15.0
Model_A,person104,person119,1,1,0.10669128,15.0
Model_A,person096,person014,1,1,0.10666083,75.0
Model_A,person107,person037,1,1,0.10648462,45.0
Model_A,person088,person142,1,1,0.10619098,45.0
Model_A,person095,person092,1,1,0.106188394,90.0
Model_A,person020,person002,1,1,0.10607564,45.0
Model_A,person146,person026,1,1,0.10600688,15.0
Model_A,person153,person149,1,1,0.105965845,60.0
Model_A,person048,person087,1,1,0.10585065,30.0
Model_A,person100,person152,1,1,0.10555108,75.0
Model_A,person045,person112,1,1,0.10532315,60.0
Model_A,person077,person093,1,1,0.10524788,90.0
Model_A,person028,person002,1,1,0.10466345,75.0
Model_A,person069,person023,1,1,0.104572505,30.0
Model_A,person090,person079,1,1,0.104524836,90.0
Model_A,person120,person088,1,1,0.10404135,90.0
Model_A,person045,person151,1,1,0.10400753,30.0
Model_A,person019,person132,1,1,0.103919886,15.0
Model_A,person133,person083,1,1,0.103855036,60.0
Model_A,person021,person009,1,1,0.103783146,75.0
Model_A,person049,person093,1,1,0.10362287,75.0
Model_A,person036,person075,1,1,0.10355892,75.0
Model_A,person114,person036,1,1,0.103541166,90.0
Model_A,person057,person124,1,1,0.10335146,45.0
Model_A,person109,person152,1,1,0.10319769,75.0
Model_A,person107,person137,1,1,0.102855645,60.0
Model_A,person099,person149,1,1,0.102757245,60.0
Model_A,person082,person116,1,1,0.10240753,75.0
Model_A,person115,person124,1,1,0.10227473,30.0
Model_A,person117,person139,1,1,0.10224023,75.0
Model_A,person122,person087,1,1,0.10218764,30.0
Model_A,person051,person120,1,1,0.10212454,60.0
Model_A,person004,person044,1,1,0.102117404,15.0
Model_A,person068,person119,1,1,0.10202388,90.0
Model_A,person056,person095,1,1,0.10201659,90.0
Model_A,person150,person014,1,1,0.10201541,30.0
Model_A,person082,person110,1,1,0.102009796,30.0
Model_A,person053,person013,1,1,0.1016322,90.0
Model_A,person023,person152,1,1,0.10157182,75.0
Model_A,person067,person084,1,1,0.10152602,15.0
Model_A,person151,person149,1,1,0.10145237,60.0
Model_A,person031,person068,1,1,0.1014116,45.0
Model_A,person133,person006,1,1,0.10113541,60.0
Model_A,person142,person088,1,1,0.1010846,90.0
Model_A,person125,person087,1,1,0.10098999,30.0
Model_A,person037,person120,1,1,0.10088885,60.0
Model_A,person083,person005,1,1,0.10078928,15.0
Model_A,person032,person022,1,1,0.10073084,75.0
Model_A,person040,person087,1,1,0.10069439,15.0
Model_A,person087,person020,1,1,0.10061189,45.0
Model_A,person056,person044,1,1,0.10022822,30.0
Model_A,person092,person112,1,1,0.100201644,75.0
Model_A,person003,person023,1,1,0.10017056,60.0
Model_A,person134,person034,1,1,0.10013081,60.0
Model_A,person144,person081,1,1,0.10001618,30.0
Model_A,person133,person033,1,1,0.09979469,75.0
Model_A,person005,person116,1,1,0.09979009,90.0
Model_A,person026,person150,1,1,0.099686064,60.0
Model_A,person086,person070,1,1,0.09954468,60.0
Model_A,person032,person009,1,1,0.09949381,75.0
Model_A,person059,person079,1,1,0.09923878,30.0
Model_A,person054,person089,1,1,0.09920367,15.0
Model_A,person034,person144,1,1,0.09918499,15.0
Model_A,person049,person102,1,1,0.09876483,30.0
Model_A,person128,person086,1,1,0.09875317,15.0
Model_A,person152,person112,1,1,0.09861129,15.0
Model_A,person017,person016,1,1,0.098515615,15.0
Model_A,person010,person084,1,1,0.09845385,15.0
Model_A,person067,person144,1,1,0.09842934,15.0
Model_A,person053,person111,1,1,0.09834849,45.0
Model_A,person134,person070,1,1,0.0983431,60.0
Model_A,person026,person111,1,1,0.09828788,75.0
Model_A,person041,person062,1,1,0.09828399,60.0
Model_A,person082,person014,1,1,0.09820353,45.0
Model_A,person020,person037,1,1,0.098201044,30.0
Model_A,person044,person131,1,1,0.09811293,45.0
Model_A,person070,person047,1,1,0.098007806,45.0
Model_A,person098,person149,1,1,0.09795495,60.0
Model_A,person044,person090,1,1,0.09792768,30.0
Model_A,person070,person119,1,1,0.09782113,45.0
Model_A,person116,person023,1,1,0.0974835,60.0
Model_A,person030,person009,1,1,0.097372696,75.0
Model_A,person092,person009,1,1,0.09707691,75.0
Model_A,person046,person015,1,1,0.097051516,75.0
Model_A,person140,person113,1,1,0.09670698,15.0
Model_A,person098,person068,1,1,0.096696384,60.0
Model_A,person054,person112,1,1,0.09665395,90.0
Model_A,person036,person118,1,1,0.0965968,75.0
Model_A,person050,person060,1,1,0.096572116,15.0
Model_A,person087,person082,1,1,0.096436635,60.0
Model_A,person049,person149,1,1,0.096364,90.0
Model_A,person053,person109,1,1,0.09615325,60.0
Model_A,person079,person086,1,1,0.09604112,60.0
Model_A,person147,person140,1,1,0.09588914,15.0
Model_A,person049,person124,1,1,0.095800646,30.0
Model_A,person072,person093,1,1,0.0957884,45.0
Model_A,person124,person151,1,1,0.09559514,45.0
Model_A,person146,person112,1,1,0.09549593,15.0
Model_A,person109,person075,1,1,0.09548718,30.0
Model_A,person119,person109,1,1,0.09548504,60.0
Model_A,person025,person006,1,1,0.095417276,90.0
Model_A,person108,person152,1,1,0.09540475,75.0
Model_A,person056,person032,1,1,0.09522467,15.0
Model_A,person096,person113,1,1,0.09520201,15.0
Model_A,person058,person023,1,1,0.09508483,30.0
Model_A,person109,person056,1,1,0.09479094,30.0
Model_A,person044,person018,1,1,0.09450164,90.0
Model_A,person032,person081,1,1,0.09439674,45.0
Model_A,person090,person122,1,1,0.09425845,60.0
Model_A,person010,person149,1,1,0.094163895,45.0
Model_A,person108,person150,1,1,0.09412327,75.0
Model_A,person033,person124,1,1,0.094001554,30.0
Model_A,person069,person075,1,1,0.09398665,60.0
Model_A,person098,person044,1,1,0.093978025,15.0
Model_A,person110,person149,1,1,0.09384925,60.0
Model_A,person025,person020,1,1,0.09374318,75.0
Model_A,person011,person150,1,1,0.0936549,90.0
Model_A,person062,person123,1,1,0.09358848,90.0
Model_A,person027,person152,1,1,0.09353361,75.0
Model_A,person027,person033,1,1,0.09346767,75.0
Model_A,person055,person035,1,1,0.093426205,75.0
Model_A,person097,person006,1,1,0.09333143,45.0
Model_A,person146,person079,1,1,0.093285844,75.0
Model_A,person082,person068,1,1,0.09325337,30.0
Model_A,person061,person011,1,1,0.09321808,60.0
Model_A,person148,person116,1,1,0.09304291,60.0
Model_A,person020,person011,1,1,0.09294008,15.0
Model_A,person137,person032,1,1,0.09292725,15.0
Model_A,person040,person079,1,1,0.092887454,90.0
Model_A,person065,person102,1,1,0.09287649,45.0
Model_A,person140,person152,1,1,0.09276,75.0
Model_A,person128,person023,1,1,0.09267065,30.0
Model_A,person070,person092,1,1,0.092445426,45.0
Model_A,person045,person100,1,1,0.0923326,45.0
Model_A,person099,person113,1,1,0.09227867,45.0
Model_A,person002,person122,1,1,0.09218056,90.0
Model_A,person030,person084,1,1,0.09214219,15.0
Model_A,person036,person022,1,1,0.09213682,75.0
Model_A,person104,person063,1,1,0.092040874,90.0
Model_A,person019,person031,1,1,0.09196694,15.0
Model_A,person141,person114,1,1,0.091955364,45.0
Model_A,person085,person007,1,1,0.091843665,60.0
Model_A,person059,person122,1,1,0.09168718,90.0
Model_A,person076,person035,1,1,0.09162895,75.0
Model_A,person030,person124,1,1,0.09158192,15.0
Model_A,person104,person149,1,1,0.091473445,60.0
Model_A,person056,person149,1,1,0.0913112,60.0
Model_A,person136,person145,1,1,0.091271326,30.0
Model_A,person087,person092,1,1,0.09095241,60.0
Model_A,person076,person124,1,1,0.09091801,45.0
Model_A,person142,person075,1,1,0.09086995,60.0
Model_A,person111,person149,1,1,0.09073231,60.0
Model_A,person056,person073,1,1,0.09072312,15.0
Model_A,person015,person126,1,1,0.09054654,90.0
Model_A,person106,person031,1,1,0.09054607,90.0
Model_A,person146,person144,1,1,0.09048184,90.0
Model_A,person009,person118,1,1,0.090478204,90.0
Model_A,person057,person151,1,1,0.09045019,30.0
Model_A,person093,person144,1,1,0.090441465,60.0
Model_A,person151,person075,1,1,0.09032613,60.0
Model_A,person053,person131,1,1,0.090287775,30.0
Model_A,person070,person086,1,1,0.090280235,45.0
Model_A,person111,person031,1,1,0.09010507,90.0
Model_A,person035,person064,1,1,0.090060644,45.0
Model_A,person023,person045,1,1,0.08999784,15.0
Model_A,person012,person047,1,1,0.08998723,75.0
Model_A,person096,person062,1,1,0.08990384,15.0
Model_A,person077,person082,1,1,0.08988428,75.0
Model_A,person011,person035,1,1,0.08986072,15.0
Model_A,person145,person065,1,1,0.089650586,15.0
Model_A,person065,person008,1,1,0.089617915,60.0
Model_A,person024,person127,1,1,0.089509144,60.0
Model_A,person059,person100,1,1,0.08937577,60.0
Model_A,person052,person133,1,1,0.08935728,15.0
Model_A,person123,person064,1,1,0.08932176,45.0
Model_A,person028,person114,1,1,0.08930823,45.0
Model_A,person113,person036,1,1,0.089301825,60.0
Model_A,person035,person018,1,1,0.089275524,90.0
Model_A,person098,person150,1,1,0.08920756,90.0
Model_A,person140,person122,1,1,0.08907998,90.0
Model_A,person115,person109,1,1,0.08890578,60.0
Model_A,person095,person120,1,1,0.08878205,90.0
Model_A,person085,person150,1,1,0.08864279,15.0
Model_A,person010,person087,1,1,0.088620394,90.0
Model_A,person045,person113,1,1,0.08861161,15.0
Model_A,person026,person082,1,1,0.0886059,75.0
Model_A,person081,person152,1,1,0.08857613,75.0
Model_A,person042,person002,1,1,0.08838981,75.0
Model_A,person122,person120,1,1,0.08831488,15.0
Model_A,person140,person073,1,1,0.088302575,15.0
Model_A,person035,person079,1,1,0.08807954,75.0
Model_A,person013,person118,1,1,0.08789966,15.0
Model_A,person145,person075,1,1,0.08784286,60.0
Model_A,person018,person109,1,1,0.08779167,90.0
Model_A,person136,person037,1,1,0.08776144,30.0
Model_A,person026,person015,1,1,0.087554276,75.0
Model_A,person055,person021,1,1,0.08748519,90.0
Model_A,person068,person008,1,1,0.08747241,90.0
Model_A,person036,person009,1,1,0.08744269,75.0
Model_A,person100,person047,1,1,0.08732911,15.0
Model_A,person021,person084,1,1,0.08721502,15.0
Model_A,person109,person020,1,1,0.0871559,60.0
Model_A,person141,person088,1,1,0.08701693,75.0
Model_A,person087,person140,1,1,0.087009124,30.0
Model_A,person147,person131,1,1,0.08699942,15.0
Model_A,person117,person003,1,1,0.08690216,45.0
Model_A,person100,person009,1,1,0.086887814,15.0
Model_A,person053,person088,1,1,0.0868189,90.0
Model_A,person137,person127,1,1,0.08679175,75.0
Model_A,person025,person090,1,1,0.086705826,15.0
Model_A,person151,person116,1,1,0.08658961,90.0
Model_A,person097,person070,1,1,0.086535946,30.0
Model_A,person109,person077,1,1,0.0864647,30.0
Model_A,person142,person033,1,1,0.08645877,90.0
Model_A,person007,person120,1,1,0.08641164,60.0
Model_A,person073,person149,1,1,0.086276636,75.0
Model_A,person065,person047,1,1,0.08627511,15.0
Model_A,person101,person068,1,1,0.086080804,15.0
Model_A,person085,person096,1,1,0.086061396,75.0
Model_A,person094,person064,1,1,0.085941374,90.0
Model_A,person083,person113,1,1,0.08583827,15.0
Model_A,person038,person110,1,1,0.08551211,15.0
Model_A,person072,person083,1,1,0.085503936,60.0
Model_A,person004,person097,1,1,0.085420154,15.0
Model_A,person092,person047,1,1,0.08540671,15.0
Model_A,person118,person096,1,1,0.085301526,90.0
Model_A,person125,person149,1,1,0.08529316,60.0
Model_A,person110,person011,1,1,0.085246734,90.0
Model_A,person090,person150,1,1,0.08518777,90.0
Model_A,person021,person100,1,1,0.08518474,15.0
Model_A,person057,person131,1,1,0.08511659,15.0
Model_A,person086,person020,1,1,0.08506309,30.0
Model_A,person058,person100,1,1,0.08506298,60.0
Model_A,person018,person082,1,1,0.085049905,60.0
Model_A,person051,person031,1,1,0.0849248,15.0
Model_A,person013,person095,1,1,0.08486265,90.0
Model_A,person145,person121,1,1,0.08465577,60.0
Model_A,person136,person152,1,1,0.08463552,60.0
Model_A,person107,person041,1,1,0.08456064,15.0
Model_A,person067,person082,1,1,0.08450187,75.0
Model_A,person016,person047,1,1,0.084329195,75.0
Model_A,person084,person034,1,1,0.08427401,15.0
Model_A,person021,person123,1,1,0.08426979,90.0
Model_A,person023,person109,1,1,0.08423472,90.0
Model_A,person032,person095,1,1,0.084216006,60.0
Model_A,person032,person002,1,1,0.08418928,75.0
Model_A,person136,person041,1,1,0.08416475,15.0
Model_A,person062,person127,1,1,0.084142536,60.0
Model_A,person054,person063,1,1,0.0840859,90.0
Model_A,person024,person096,1,1,0.08405196,90.0
Model_A,person124,person135,1,1,0.08401482,75.0
Model_A,person025,person109,1,1,0.08392091,60.0
Model_A,person010,person052,1,1,0.083904855,60.0
Model_A,person048,person042,1,1,0.08373949,15.0
Model_A,person053,person020,1,1,0.08364518,90.0
Model_A,person115,person030,1,1,0.083634146,60.0
Model_A,person011,person065,1,1,0.08363144,15.0
Model_A,person031,person021,1,1,0.08358708,90.0
Model_A,person012,person023,1,1,0.083575755,45.0
Model_A,person051,person086,1,1,0.083457716,75.0
Model_A,person004,person127,1,1,0.083377935,15.0
Model_A,person077,person112,1,1,0.08331484,90.0
Model_A,person102,person137,1,1,0.08327222,60.0
Model_A,person026,person109,1,1,0.08317541,90.0
Model_A,person058,person101,1,1,0.083113216,90.0
Model_A,person122,person096,1,1,0.083107375,90.0
Model_A,person054,person068,1,1,0.08305608,60.0
Model_A,person049,person127,1,1,0.08303196,60.0
Model_A,person082,person114,1,1,0.08293848,30.0
Model_A,person140,person037,1,1,0.08290978,45.0
Model_A,person107,person150,1,1,0.0829088,90.0
Model_A,person029,person011,1,1,0.0829044,75.0
Model_A,person032,person136,1,1,0.08286618,60.0
Model_A,person118,person120,1,1,0.08278246,60.0
Model_A,person041,person021,1,1,0.08272715,75.0
Model_A,person125,person120,1,1,0.08271392,15.0
Model_A,person039,person101,1,1,0.082690835,15.0
Model_A,person116,person045,1,1,0.082674064,15.0
Model_A,person027,person144,1,1,0.08264693,60.0
Model_A,person146,person150,1,1,0.08263491,90.0
Model_A,person089,person003,1,1,0.08260686,60.0
Model_A,person042,person013,1,1,0.08260571,90.0
Model_A,person086,person035,1,1,0.082534656,75.0
Model_A,person076,person086,1,1,0.08242137,60.0
Model_A,person092,person118,1,1,0.082409486,15.0
Model_A,person145,person018,1,1,0.082398705,15.0
Model_A,person050,person100,1,1,0.08238346,75.0
Model_A,person148,person124,1,1,0.08235866,15.0
Model_A,person078,person070,1,1,0.08232983,30.0
Model_A,person131,person035,1,1,0.08231859,60.0
Model_A,person052,person007,1,1,0.08230557,60.0
Model_A,person032,person020,1,1,0.08221348,90.0
Model_A,person113,person124,1,1,0.082105264,15.0
Model_A,person121,person120,1,1,0.082029134,15.0
Model_A,person045,person075,1,1,0.08191956,90.0
Model_A,person089,person134,1,1,0.08180827,60.0
Model_A,person083,person152,1,1,0.081721164,75.0
Model_A,person029,person023,1,1,0.081607826,15.0
Model_A,person058,person008,1,1,0.081607305,90.0
Model_A,person088,person035,1,1,0.08147808,75.0
Model_A,person068,person055,1,1,0.081312895,90.0
Model_A,person041,person025,1,1,0.08125814,60.0
Model_A,person062,person035,1,1,0.08121883,75.0
Model_A,person142,person114,1,1,0.08111016,60.0
Model_A,person059,person090,1,1,0.08111,30.0
Model_A,person130,person023,1,1,0.0809702,30.0
Model_A,person056,person006,1,1,0.08079627,75.0
Model_A,person004,person073,1,1,0.080467366,90.0
Model_A,person149,person090,1,1,0.08016456,60.0
Model_A,person096,person025,1,1,0.08006705,90.0
Model_A,person027,person102,1,1,0.079980165,45.0
Model_A,person019,person083,1,1,0.07984875,30.0
Model_A,person112,person139,1,1,0.079845734,75.0
Model_A,person125,person068,1,1,0.07982232,60.0
Model_A,person025,person093,1,1,0.079800226,45.0
Model_A,person008,person107,1,1,0.07966097,90.0
Model_A,person124,person113,1,1,0.07963962,90.0
Model_A,person006,person088,1,1,0.07959674,90.0
Model_A,person092,person021,1,1,0.07945956,75.0
Model_A,person052,person109,1,1,0.0792557,60.0
Model_A,person143,person097,1,1,0.07916729,15.0
Model_A,person132,person046,1,1,0.07912073,90.0
Model_A,person090,person035,1,1,0.07911516,75.0
Model_A,person141,person101,1,1,0.0790515,60.0
Model_A,person095,person139,1,1,0.07900281,75.0
Model_A,person136,person131,1,1,0.07888925,15.0
Model_A,person134,person030,1,1,0.07882967,45.0
Model_A,person037,person006,1,1,0.078791544,60.0
Model_A,person122,person053,1,1,0.078767814,90.0
Model_A,person139,person120,1,1,0.078732714,60.0
Model_A,person009,person151,1,1,0.07871346,45.0
Model_A,person022,person057,1,1,0.07866286,75.0
Model_A,person089,person076,1,1,0.07859342,15.0
Model_A,person131,person006,1,1,0.07855766,60.0
Model_A,person042,person046,1,1,0.078535035,60.0
Model_A,person114,person062,1,1,0.07852327,75.0
Model_A,person147,person020,1,1,0.07835777,45.0
Model_A,person037,person093,1,1,0.07833819,75.0
Model_A,person076,person014,1,1,0.07831921,45.0
Model_A,person130,person092,1,1,0.07824112,15.0
Model_A,person084,person037,1,1,0.07820686,45.0
Model_A,person018,person114,1,1,0.078184605,90.0
Model_A,person020,person055,1,1,0.078172095,90.0
Model_A,person026,person042,1,1,0.078140646,60.0
Model_A,person012,person123,1,1,0.078121,15.0
Model_A,person133,person122,1,1,0.07794316,60.0
Model_A,person136,person116,1,1,0.07792487,15.0
Model_A,person041,person014,1,1,0.07792192,45.0
Model_A,person039,person060,1,1,0.077895984,15.0
Model_A,person107,person020,1,1,0.07785103,75.0
Model_A,person124,person061,1,1,0.07782184,60.0
Model_A,person105,person139,1,1,0.07762465,30.0
Model_A,person073,person122,1,1,0.077606924,75.0
Model_A,person128,person120,1,1,0.07760327,60.0
Model_A,person066,person023,1,1,0.0775698,75.0
Model_A,person010,person035,1,1,0.07754987,75.0
Model_A,person039,person014,1,1,0.077506974,60.0
Model_A,person078,person009,1,1,0.07736811,45.0
Model_A,person042,person062,1,1,0.07728146,90.0
Model_A,person073,person116,1,1,0.07727181,60.0
Model_A,person025,person082,1,1,0.07707686,90.0
Model_A,person051,person139,1,1,0.07705342,30.0
Model_A,person072,person105,1,1,0.076937445,30.0
Model_A,person115,person018,1,1,0.076917164,90.0
Model_A,person136,person026,1,1,0.076906644,15.0
Model_A,person006,person102,1,1,0.076904595,75.0
Model_A,person036,person011,1,1,0.07687246,60.0
Model_A,person086,person076,1,1,0.076697566,60.0
Model_A,person132,person037,1,1,0.07666018,45.0
Model_A,person134,person036,1,1,0.07661323,60.0
Model_A,person139,person046,1,1,0.076524585,60.0
Model_A,person095,person088,1,1,0.07649701,75.0
Model_A,person029,person020,1,1,0.07648616,30.0
Model_A,person010,person110,1,1,0.076475546,15.0
Model_A,person115,person020,1,1,0.0764049,45.0
Model_A,person028,person076,1,1,0.076385096,15.0
Model_A,person110,person036,1,1,0.07635511,90.0
Model_A,person022,person073,1,1,0.07628895,15.0
Model_A,person106,person141,1,1,0.076220386,60.0
Model_A,person113,person151,1,1,0.07621429,30.0
Model_A,person113,person021,1,1,0.07618189,90.0
Model_A,person096,person020,1,1,0.07616395,75.0
Model_A,person051,person081,1,1,0.076129824,15.0
Model_A,person054,person069,1,1,0.07604796,60.0
Model_A,person109,person024,1,1,0.07601589,90.0
Model_A,person151,person117,1,1,0.075927116,30.0
Model_A,person112,person082,1,1,0.07591591,90.0
Model_A,person124,person067,1,1,0.075900555,90.0
Model_A,person145,person006,1,1,0.07587127,75.0
Model_A,person119,person112,1,1,0.07583221,60.0
Model_A,person145,person011,1,1,0.07572375,90.0
Model_A,person074,person057,1,1,0.07568825,60.0
Model_A,person067,person093,1,1,0.075562984,60.0
Model_A,person089,person060,1,1,0.075492516,45.0
Model_A,person113,person122,1,1,0.07542341,60.0
Model_A,person039,person151,1,1,0.0753319,30.0
Model_A,person055,person031,1,1,0.07529051,15.0
Model_A,person095,person153,1,1,0.07527004,45.0
Model_A,person150,person115,1,1,0.075270034,15.0
Model_A,person003,person021,1,1,0.075118445,75.0
Model_A,person049,person009,1,1,0.07501832,15.0
Model_A,person061,person035,1,1,0.07497042,75.0
Model_A,person102,person003,1,1,0.07496646,75.0
Model_A,person091,person120,1,1,0.07494511,60.0
Model_A,person079,person112,1,1,0.07490335,90.0
Model_A,person118,person151,1,1,0.0748633,45.0
Model_A,person081,person025,1,1,0.074859016,75.0
Model_A,person012,person044,1,1,0.07482445,45.0
Model_A,person028,person018,1,1,0.07482132,60.0
Model_A,person091,person011,1,1,0.07471798,30.0
Model_A,person132,person025,1,1,0.0747142,60.0
Model_A,person018,person020,1,1,0.074631914,30.0
Model_A,person121,person006,1,1,0.07453896,60.0
Model_A,person078,person002,1,1,0.074520454,75.0
Model_A,person076,person004,1,1,0.07446768,90.0
Model_A,person064,person034,1,1,0.07441276,75.0
Model_A,person019,person014,1,1,0.07434741,45.0
Model_A,person125,person035,1,1,0.07431717,30.0
Model_A,person051,person116,1,1,0.07429384,75.0
Model_A,person012,person078,1,1,0.07429176,15.0
Model_A,person021,person059,1,1,0.07420068,90.0
Model_A,person092,person098,1,1,0.07410893,15.0
Model_A,person087,person003,1,1,0.0740719,90.0
Model_A,person078,person106,1,1,0.073970795,30.0
Model_A,person118,person108,1,1,0.07395031,15.0
Model_A,person146,person090,1,1,0.07394271,90.0
Model_A,person021,person015,1,1,0.073924676,60.0
Model_A,person019,person047,1,1,0.07375629,30.0
Model_A,person061,person131,1,1,0.073751576,90.0
Model_A,person104,person045,1,1,0.07373761,30.0
Model_A,person100,person096,1,1,0.07369937,90.0
Model_A,person136,person137,1,1,0.07369805,15.0
Model_A,person138,person148,1,1,0.0736631,90.0
Model_A,person038,person003,1,1,0.07355909,45.0
Model_A,person034,person073,1,1,0.073503815,75.0
Model_A,person106,person114,1,1,0.07350089,60.0
Model_A,person141,person092,1,1,0.07344522,60.0
Model_A,person031,person091,1,1,0.07342815,45.0
Model_A,person091,person030,1,1,0.07341726,60.0
Model_A,person103,person127,1,1,0.07340926,75.0
Model_A,person033,person148,1,1,0.0733505,75.0
Model_A,person136,person015,1,1,0.07334108,75.0
Model_A,person061,person065,1,1,0.07330909,30.0
Model_A,person130,person086,1,1,0.07327997,15.0
Model_A,person079,person101,1,1,0.07325953,75.0
Model_A,person035,person124,1,1,0.07315274,45.0
Model_A,person054,person062,1,1,0.07312998,90.0
Model_A,person144,person062,1,1,0.073086284,75.0
Model_A,person022,person132,1,1,0.0730721,15.0
Model_A,person055,person009,1,1,0.07304792,75.0
Model_A,person004,person149,1,1,0.07303865,75.0
Model_A,person039,person082,1,1,0.07298921,90.0
Model_A,person091,person117,1,1,0.07295522,30.0
Model_A,person052,person075,1,1,0.072947614,60.0
Model_A,person145,person139,1,1,0.072828904,45.0
Model_A,person007,person004,1,1,0.072774194,90.0
Model_A,person031,person120,1,1,0.07271703,60.0
Model_A,person037,person144,1,1,0.07270362,90.0
Model_A,person071,person005,1,1,0.07268339,90.0
Model_A,person004,person152,1,1,0.0725758,15.0
Model_A,person057,person011,1,1,0.072530314,15.0
Model_A,person074,person149,1,1,0.07245041,60.0
Model_A,person060,person120,1,1,0.07235652,60.0
Model_A,person125,person075,1,1,0.07233786,60.0
Model_A,person089,person069,1,1,0.07233607,60.0
Model_A,person096,person079,1,1,0.07220571,15.0
Model_A,person032,person112,1,1,0.07214577,90.0
Model_A,person139,person013,1,1,0.07204911,90.0
Model_A,person040,person127,1,1,0.07202295,15.0
Model_A,person115,person139,1,1,0.071990445,75.0
Model_A,person100,person122,1,1,0.07197947,60.0
Model_A,person134,person147,1,1,0.07194348,60.0
Model_A,person083,person076,1,1,0.071939014,15.0
Model_A,person146,person116,1,1,0.07190344,90.0
Model_A,person108,person006,1,1,0.0718449,60.0
Model_A,person124,person131,1,1,0.07179854,15.0
Model_A,person076,person127,1,1,0.07175927,75.0
Model_A,person121,person085,1,1,0.071719475,75.0
Model_A,person153,person132,1,1,0.0717136,45.0
Model_A,person149,person114,1,1,0.0716331,30.0
Model_A,person084,person006,1,1,0.07159119,60.0
Model_A,person035,person149,1,1,0.07139628,60.0
Model_A,person099,person056,1,1,0.071306795,15.0
Model_A,person065,person115,1,1,0.07129766,15.0
Model_A,person073,person035,1,1,0.07129005,75.0
Model_A,person088,person002,1,1,0.07123728,75.0
Model_A,person014,person008,1,1,0.07123192,75.0
Model_A,person044,person127,1,1,0.07121414,60.0
Model_A,person065,person114,1,1,0.071184546,60.0
Model_A,person110,person053,1,1,0.070925325,75.0
Model_A,person120,person116,1,1,0.07082795,90.0
Model_A,person108,person093,1,1,0.0708212,45.0
Model_A,person031,person095,1,1,0.07081612,15.0
Model_A,person142,person122,1,1,0.07074991,60.0
Model_A,person117,person036,1,1,0.070693426,30.0
Model_A,person037,person025,1,1,0.070513226,90.0
Model_A,person073,person107,1,1,0.07051109,60.0
Model_A,person018,person034,1,1,0.070460886,60.0
Model_A,person101,person003,1,1,0.07042017,45.0
Model_A,person019,person075,1,1,0.070295975,30.0
Model_A,person075,person039,1,1,0.070291154,75.0
Model_A,person124,person046,1,1,0.07026375,60.0
Model_A,person104,person100,1,1,0.07021478,45.0
Model_A,person026,person018,1,1,0.0701899,90.0
Model_A,person150,person118,1,1,0.07014059,15.0
Model_A,person026,person093,1,1,0.070109785,75.0
Model_A,person152,person114,1,1,0.070084594,60.0
Model_A,person002,person093,1,1,0.0700109,60.0
Model_A,person078,person022,1,1,0.069987,75.0
Model_A,person051,person151,1,1,0.069976814,30.0
Model_A,person149,person150,1,1,0.069956906,60.0
Model_A,person054,person053,1,1,0.06993035,90.0
Model_A,person108,person035,1,1,0.06991318,60.0
Model_A,person103,person042,1,1,0.069863595,90.0
Model_A,person147,person114,1,1,0.06982441,30.0
Model_A,person128,person011,1,1,0.06978935,15.0
Model_A,person005,person069,1,1,0.06977666,75.0
Model_A,person022,person137,1,1,0.06973995,75.0
Model_A,person078,person089,1,1,0.06968132,90.0
Model_A,person107,person062,1,1,0.069665894,45.0
Model_A,person041,person087,1,1,0.069341905,30.0
Model_A,person144,person149,1,1,0.06934106,75.0
Model_A,person025,person047,1,1,0.06925292,60.0
Model_A,person057,person149,1,1,0.069199346,60.0
Model_A,person146,person114,1,1,0.0691889,75.0
Model_A,person050,person026,1,1,0.069004245,15.0
Model_A,person117,person091,1,1,0.068999134,90.0
Model_A,person115,person134,1,1,0.0689872,60.0
Model_A,person018,person119,1,1,0.06875188,60.0
Model_A,person089,person102,1,1,0.06868548,45.0
Model_A,person025,person042,1,1,0.06867207,15.0
Model_A,person043,person114,1,1,0.06866182,90.0
Model_A,person107,person084,1,1,0.06859095,15.0
Model_A,person050,person003,1,1,0.06857354,75.0
Model_A,person041,person079,1,1,0.06856993,90.0
Model_A,person005,person004,1,1,0.06856233,90.0
Model_A,person060,person035,1,1,0.06849773,75.0
Model_A,person072,person151,1,1,0.06849163,30.0
Model_A,person137,person003,1,1,0.06845962,45.0
Model_A,person060,person085,1,1,0.06845731,75.0
Model_A,person059,person020,1,1,0.068377696,75.0
Model_A,person008,person089,1,1,0.068241425,15.0
Model_A,person102,person121,1,1,0.06816943,60.0
Model_A,person071,person069,1,1,0.06816428,60.0
Model_A,person114,person002,1,1,0.0681139,90.0
Model_A,person022,person046,1,1,0.06808968,90.0
Model_A,person050,person039,1,1,0.06806696,15.0
Model_A,person057,person093,1,1,0.068011135,45.0
Model_A,person140,person121,1,1,0.06796306,60.0
Model_A,person074,person023,1,1,0.06794032,45.0
Model_A,person105,person004,1,1,0.06793921,15.0
Model_A,person085,person028,1,1,0.0679135,15.0
Model_A,person065,person096,1,1,0.06787974,90.0
Model_A,person107,person021,1,1,0.067838475,75.0
Model_A,person074,person075,1,1,0.06782859,60.0
Model_A,person008,person101,1,1,0.0678003,90.0
Model_A,person037,person034,1,1,0.06778435,90.0
Model_A,person042,person096,1,1,0.06770806,75.0
Model_A,person021,person051,1,1,0.067686476,15.0
Model_A,person001,person113,1,1,0.06762962,90.0
Model_A,person052,person122,1,1,0.067622975,60.0
Model_A,person068,person077,1,1,0.06747062,75.0
Model_A,person020,person117,1,1,0.06734208,30.0
Model_A,person039,person021,1,1,0.06728737,90.0
Model_A,person036,person144,1,1,0.067246854,90.0
Model_A,person044,person031,1,1,0.06718327,45.0
Model_A,person043,person099,1,1,0.067159034,60.0
Model_A,person013,person073,1,1,0.06715484,75.0
Model_A,person037,person133,1,1,0.06704845,15.0
Model_A,person069,person020,1,1,0.06704747,15.0
Model_A,person153,person118,1,1,0.0669628,60.0
Model_A,person130,person077,1,1,0.06695425,90.0
Model_A,person095,person107,1,1,0.06686425,75.0
Model_A,person067,person034,1,1,0.066861734,90.0
Model_A,person068,person096,1,1,0.06680668,60.0
Model_A,person151,person150,1,1,0.066688225,60.0
Model_A,person100,person015,1,1,0.06656202,60.0
Model_A,person026,person123,1,1,0.0665197,75.0
Model_A,person088,person011,1,1,0.06649429,60.0
Model_A,person073,person113,1,1,0.06648225,90.0
Model_A,person065,person082,1,1,0.06646671,90.0
Model_A,person111,person006,1,1,0.06644474,75.0
Model_A,person117,person033,1,1,0.06634602,60.0
Model_A,person108,person073,1,1,0.066319875,90.0
Model_A,person023,person116,1,1,0.066309944,60.0
Model_A,person104,person018,1,1,0.066292025,15.0
Model_A,person089,person035,1,1,0.06627928,75.0
Model_A,person139,person057,1,1,0.06626619,60.0
Model_A,person103,person099,1,1,0.066227295,75.0
Model_A,person125,person082,1,1,0.06619968,90.0
Model_A,person086,person122,1,1,0.066131525,60.0
Model_A,person017,person011,1,1,0.06611305,60.0
Model_A,person075,person116,1,1,0.06602239,75.0
Model_A,person120,person011,1,1,0.06601449,60.0
Model_A,person067,person035,1,1,0.06597519,60.0
Model_A,person079,person139,1,1,0.065930665,90.0
Model_A,person017,person020,1,1,0.06589066,30.0
Model_A,person056,person109,1,1,0.06578263,30.0
Model_A,person055,person011,1,1,0.06569022,75.0
Model_A,person016,person036,1,1,0.06561926,45.0
Model_A,person053,person070,1,1,0.06557825,30.0
Model_A,person147,person113,1,1,0.06551701,15.0
Model_A,person056,person008,1,1,0.06546934,90.0
Model_A,person104,person001,1,1,0.0654163,90.0
Model_A,person031,person140,1,1,0.065355904,60.0
Model_A,person037,person117,1,1,0.06532692,15.0
Model_A,person071,person014,1,1,0.06528746,60.0
Model_A,person131,person133,1,1,0.06526647,60.0
Model_A,person065,person151,1,1,0.06521294,30.0
Model_A,person153,person011,1,1,0.065180264,15.0
Model_A,person138,person151,1,1,0.065055266,15.0
Model_A,person030,person034,1,1,0.06504551,60.0
Model_A,person014,person020,1,1,0.06501881,15.0
Model_A,person054,person088,1,1,0.06492905,90.0
Model_A,person007,person034,1,1,0.064903714,75.0
Model_A,person060,person006,1,1,0.06489035,60.0
Model_A,person002,person109,1,1,0.06486951,90.0
Model_A,person025,person123,1,1,0.06479371,90.0
Model_A,person001,person062,1,1,0.06475446,30.0
Model_A,person020,person149,1,1,0.06462205,75.0
Model_A,person065,person104,1,1,0.06460227,90.0
Model_A,person004,person140,1,1,0.06459117,15.0
Model_A,person147,person033,1,1,0.064535305,45.0
Model_A,person053,person140,1,1,0.0644827,30.0
Model_A,person004,person148,1,1,0.064467445,15.0
Model_A,person055,person006,1,1,0.06445171,90.0
Model_A,person049,person042,1,1,0.06437565,90.0
Model_A,person005,person027,1,1,0.06436962,15.0
Model_A,person041,person114,1,1,0.064166054,30.0
Model_A,person137,person020,1,1,0.06416227,75.0
Model_A,person102,person122,1,1,0.06412749,90.0
Model_A,person111,person122,1,1,0.06408142,60.0
Model_A,person133,person015,1,1,0.064075686,90.0
Model_A,person140,person030,1,1,0.06403034,60.0
Model_A,person115,person049,1,1,0.06402594,90.0
Model_A,person119,person147,1,1,0.06397399,45.0
Model_A,person028,person030,1,1,0.06392864,90.0
Model_A,person051,person152,1,1,0.06389465,60.0
Model_A,person070,person077,1,1,0.063749135,90.0
Model_A,person051,person133,1,1,0.06373309,15.0
Model_A,person034,person086,1,1,0.06371716,75.0
Model_A,person053,person068,1,1,0.063641936,45.0
Model_A,person097,person088,1,1,0.06356827,75.0
Model_A,person077,person149,1,1,0.06356787,90.0
Model_A,person124,person073,1,1,0.06347206,90.0
Model_A,person127,person026,1,1,0.06345654,15.0
Model_A,person058,person034,1,1,0.06342524,90.0
Model_A,person086,person116,1,1,0.06340661,60.0
Model_A,person010,person099,1,1,0.06335873,45.0
Model_A,person088,person069,1,1,0.06326922,30.0
Model_A,person024,person068,1,1,0.06323133,60.0
Model_A,person081,person114,1,1,0.06319798,75.0
Model_A,person047,person004,1,1,0.06316252,90.0
Model_A,person116,person035,1,1,0.06315103,75.0
Model_A,person118,person030,1,1,0.06303659,60.0
Model_A,person098,person135,1,1,0.06299514,15.0
Model_A,person128,person129,1,1,0.06298798,15.0
Model_A,person020,person044,1,1,0.0629434,90.0
Model_A,person013,person008,1,1,0.06289868,75.0
Model_A,person009,person116,1,1,0.06285643,45.0
Model_A,person098,person122,1,1,0.06283877,60.0
Model_A,person004,person068,1,1,0.06280372,60.0
Model_A,person016,person088,1,1,0.062795945,75.0
Model_A,person125,person005,1,1,0.062718906,90.0
Model_A,person108,person142,1,1,0.06267966,90.0
Model_A,person103,person020,1,1,0.0626056,30.0
Model_A,person099,person119,1,1,0.062537216,90.0
Model_A,person004,person009,1,1,0.0624499,15.0
Model_A,person082,person117,1,1,0.062388975,30.0
Model_A,person142,person047,1,1,0.06235824,15.0
Model_A,person044,person035,1,1,0.062346574,75.0
Model_A,person088,person050,1,1,0.062246963,30.0
Model_A,person118,person061,1,1,0.062224668,75.0
Model_A,person070,person036,1,1,0.062210757,45.0
Model_A,person070,person006,1,1,0.062155206,60.0
Model_A,person136,person020,1,1,0.0621484,90.0
Model_A,person073,person091,1,1,0.06214493,60.0
Model_A,person049,person115,1,1,0.062098227,15.0
Model_A,person103,person045,1,1,0.0620763,60.0
Model_A,person125,person085,1,1,0.062035155,75.0
Model_A,person023,person119,1,1,0.06203072,90.0
Model_A,person029,person117,1,1,0.061970122,15.0
Model_A,person038,person047,1,1,0.06191819,15.0
Model_A,person038,person033,1,1,0.061904848,30.0
Model_A,person085,person073,1,1,0.061866637,75.0
Model_A,person105,person035,1,1,0.061785717,75.0
Model_A,person068,person140,1,1,0.061727453,15.0
Model_A,person129,person093,1,1,0.06163829,75.0
Model_A,person053,person095,1,1,0.06163421,30.0
Model_A,person108,person023,1,1,0.061624717,75.0
Model_A,person115,person053,1,1,0.06160198,90.0
Model_A,person131,person020,1,1,0.061438914,45.0
Model_A,person132,person114,1,1,0.061384734,30.0
Model_A,person120,person036,1,1,0.061371528,15.0
Model_A,person011,person135,1,1,0.061363682,45.0
Model_A,person120,person061,1,1,0.06135389,60.0
Model_A,person007,person138,1,1,0.061201017,75.0
Model_A,person063,person153,1,1,0.06117795,75.0
Model_A,person121,person027,1,1,0.061166923,15.0
Model_A,person052,person140,1,1,0.061140522,30.0
Model_A,person050,person020,1,1,0.061119676,15.0
Model_A,person079,person151,1,1,0.061108734,90.0
Model_A,person097,person081,1,1,0.06110627,45.0
Model_A,person110,person047,1,1,0.06108975,15.0
Model_A,person019,person003,1,1,0.06105283,90.0
Model_A,person062,person006,1,1,0.061006717,60.0
Model_A,person073,person037,1,1,0.060996618,45.0
Model_A,person039,person144,1,1,0.060983095,90.0
Model_A,person098,person063,1,1,0.06092864,90.0
Model_A,person038,person075,1,1,0.06091564,60.0
Model_A,person054,person044,1,1,0.06087896,90.0
Model_A,person088,person021,1,1,0.06087892,90.0
Model_A,person128,person124,1,1,0.060839325,15.0
Model_A,person139,person113,1,1,0.060776502,60.0
Model_A,person078,person053,1,1,0.060764905,90.0
Model_A,person050,person117,1,1,0.060758624,15.0
Model_A,person020,person082,1,1,0.060743168,45.0
Model_A,person059,person030,1,1,0.060737368,60.0
Model_A,person031,person063,1,1,0.060734034,30.0
Model_A,person097,person018,1,1,0.060695544,45.0
Model_A,person129,person149,1,1,0.0606786,60.0
Model_A,person008,person082,1,1,0.060574874,90.0
Model_A,person047,person073,1,1,0.060567547,90.0
Model_A,person032,person113,1,1,0.060536504,30.0
Model_A,person029,person152,1,1,0.060528215,75.0
Model_A,person072,person037,1,1,0.060527053,45.0
Model_A,person014,person123,1,1,0.06052058,15.0
Model_A,person061,person092,1,1,0.06051845,45.0
Model_A,person063,person127,1,1,0.060390968,15.0
Model_A,person132,person071,1,1,0.06038179,60.0
Model_A,person128,person096,1,1,0.060331926,60.0
Model_A,person114,person153,1,1,0.060156055,45.0
Model_A,person008,person064,1,1,0.06014932,75.0
Model_A,person046,person036,1,1,0.06014554,30.0
Model_A,person031,person003,1,1,0.06014516,45.0
Model_A,person049,person003,1,1,0.06010991,15.0
Model_A,person065,person120,1,1,0.060088843,15.0
Model_A,person056,person123,1,1,0.060074877,90.0
Model_A,person001,person096,1,1,0.060000475,60.0
Model_A,person091,person121,1,1,0.059998285,15.0
Model_A,person050,person005,1,1,0.059985317,15.0
Model_A,person111,person089,1,1,0.059956033,90.0
Model_A,person049,person140,1,1,0.05990558,15.0
Model_A,person111,person055,1,1,0.05988445,60.0
Model_A,person053,person086,1,1,0.059859376,30.0
Model_A,person143,person046,1,1,0.059835695,60.0
Model_A,person118,person036,1,1,0.05981564,60.0
Model_A,person133,person062,1,1,0.059804406,45.0
Model_A,person010,person046,1,1,0.05955984,45.0
Model_A,person060,person101,1,1,0.059558414,60.0
Model_A,person127,person137,1,1,0.0595215,75.0
Model_A,person079,person059,1,1,0.059417646,90.0
Model_A,person053,person015,1,1,0.05939736,75.0
Model_A,person118,person116,1,1,0.059317514,75.0
Model_A,person107,person121,1,1,0.05929958,15.0
Model_A,person072,person144,1,1,0.05920264,60.0
Model_A,person005,person033,1,1,0.059108306,90.0
Model_A,person109,person096,1,1,0.05908822,60.0
Model_A,person053,person096,1,1,0.059078,60.0
Model_A,person009,person088,1,1,0.059062354,90.0
Model_A,person138,person049,1,1,0.059022192,90.0
Model_A,person088,person101,1,1,0.058922462,60.0
Model_A,person038,person150,1,1,0.05883814,90.0
Model_A,person076,person138,1,1,0.05882334,90.0
Model_A,person087,person093,1,1,0.058821347,75.0
Model_A,person007,person031,1,1,0.05880005,15.0
Model_A,person070,person068,1,1,0.058755938,45.0
Model_A,person125,person122,1,1,0.058697008,60.0
Model_A,person038,person057,1,1,0.058672424,15.0
Model_A,person021,person082,1,1,0.05866069,90.0
Model_A,person085,person114,1,1,0.058559813,90.0
Model_A,person099,person023,1,1,0.058464684,45.0
Model_A,person023,person122,1,1,0.05845694,60.0
Model_A,person049,person138,1,1,0.05843485,75.0
Model_A,person058,person055,1,1,0.05836691,90.0
Model_A,person107,person035,1,1,0.058332764,60.0
Model_A,person001,person086,1,1,0.058326527,15.0
Model_A,person051,person065,1,1,0.058300823,90.0
Model_A,person047,person064,1,1,0.058292124,90.0
Model_A,person049,person004,1,1,0.058251906,15.0
Model_A,person059,person116,1,1,0.05824505,30.0
Model_A,person028,person084,1,1,0.058243077,30.0
Model_A,person032,person013,1,1,0.058201995,45.0
Model_A,person065,person103,1,1,0.058067553,15.0
Model_A,person033,person122,1,1,0.058049,60.0
Model_A,person128,person119,1,1,0.057999734,60.0
Model_A,person060,person119,1,1,0.057914373,90.0
Model_A,person144,person151,1,1,0.05790727,15.0
Model_A,person104,person029,1,1,0.057899095,60.0
Model_A,person072,person035,1,1,0.05789839,75.0
Model_A,person139,person036,1,1,0.057888187,60.0
Model_A,person048,person023,1,1,0.057753246,75.0
Model_A,person118,person117,1,1,0.057734076,45.0
Model_A,person103,person086,1,1,0.05769348,60.0
Model_A,person051,person020,1,1,0.05767585,60.0
Model_A,person151,person042,1,1,0.057614826,60.0
Model_A,person011,person045,1,1,0.05759708,60.0
Model_A,person074,person116,1,1,0.057589896,90.0
Model_A,person090,person104,1,1,0.057546407,90.0
Model_A,person100,person104,1,1,0.057521563,90.0
Model_A,person137,person045,1,1,0.05751235,15.0
Model_A,person128,person071,1,1,0.05742577,75.0
Model_A,person028,person025,1,1,0.057420686,90.0
Model_A,person080,person008,1,1,0.05741034,60.0
Model_A,person056,person087,1,1,0.057407204,45.0
Model_A,person141,person124,1,1,0.057396635,30.0
Model_A,person032,person139,1,1,0.057387806,90.0
Model_A,person134,person068,1,1,0.057353098,30.0
Model_A,person085,person049,1,1,0.05733321,90.0
Model_A,person109,person153,1,1,0.057302352,45.0
Model_A,person070,person109,1,1,0.05728964,60.0
Model_A,person101,person127,1,1,0.057264194,75.0
Model_A,person092,person037,1,1,0.057248592,15.0
Model_A,person098,person049,1,1,0.05720911,90.0
Model_A,person033,person035,1,1,0.057193,75.0
Model_A,person020,person003,1,1,0.057129886,45.0
Model_A,person058,person049,1,1,0.05707713,90.0
Model_A,person042,person133,1,1,0.05706384,30.0
Model_A,person078,person107,1,1,0.05694053,75.0
Model_A,person132,person101,1,1,0.056916278,90.0
Model_A,person030,person116,1,1,0.056901682,45.0
Model_A,person135,person006,1,1,0.05688152,60.0
Model_A,person026,person129,1,1,0.05687354,60.0
Model_A,person071,person091,1,1,0.05685416,75.0
Model_A,person056,person094,1,1,0.05684257,15.0
Model_A,person028,person093,1,1,0.056774084,30.0
Model_A,person076,person003,1,1,0.05676737,90.0
Model_A,person089,person107,1,1,0.05674056,60.0
Model_A,person129,person059,1,1,0.056706145,45.0
Model_A,person132,person033,1,1,0.056627624,90.0
Model_A,person153,person114,1,1,0.05658312,30.0
Model_A,person101,person150,1,1,0.05656408,75.0
Model_A,person099,person063,1,1,0.056561317,90.0
Model_A,person098,person036,1,1,0.0563089,45.0
Model_A,person129,person051,1,1,0.05628257,30.0
Model_A,person139,person091,1,1,0.05619016,60.0
Model_A,person060,person014,1,1,0.05618778,45.0
Model_A,person138,person150,1,1,0.056187678,90.0
Model_A,person108,person005,1,1,0.056181524,75.0
Model_A,person116,person025,1,1,0.05606676,90.0
Model_A,person072,person101,1,1,0.055956032,60.0
Model_A,person042,person119,1,1,0.05594466,90.0
Model_A,person129,person032,1,1,0.055811264,15.0
Model_A,person078,person109,1,1,0.05580336,75.0
Model_A,person107,person015,1,1,0.055747885,90.0
Model_A,person010,person036,1,1,0.05569451,45.0
Model_A,person087,person012,1,1,0.05567302,90.0
Model_A,person061,person047,1,1,0.055672817,30.0
Model_A,person031,person065,1,1,0.055647396,60.0
Model_A,person143,person148,1,1,0.055594865,75.0
Model_A,person005,person071,1,1,0.05549792,60.0
Model_A,person113,person033,1,1,0.055446792,60.0
Model_A,person093,person122,1,1,0.055431742,60.0
Model_A,person025,person088,1,1,0.055391684,90.0
Model_A,person047,person116,1,1,0.055313416,75.0
Model_A,person034,person008,1,1,0.055308644,90.0
Model_A,person014,person153,1,1,0.05529475,15.0
Model_A,person053,person011,1,1,0.055291243,30.0
Model_A,person026,person096,1,1,0.05526517,60.0
Model_A,person033,person042,1,1,0.05525929,60.0
Model_A,person143,person096,1,1,0.05516939,90.0
Model_A,person074,person005,1,1,0.055165943,90.0
Model_A,person008,person116,1,1,0.055164635,75.0
Model_A,person051,person129,1,1,0.05515492,60.0
Model_A,person049,person119,1,1,0.055057995,15.0
Model_A,person033,person049,1,1,0.055013828,75.0
Model_A,person147,person134,1,1,0.055001754,90.0
Model_A,person088,person018,1,1,0.054995403,30.0
Model_A,person049,person109,1,1,0.05488576,15.0
Model_A,person115,person127,1,1,0.054868907,60.0
Model_A,person113,person120,1,1,0.05482042,60.0
Model_A,person034,person121,1,1,0.054782312,15.0
Model_A,person008,person022,1,1,0.05465344,90.0
Model_A,person085,person006,1,1,0.05464831,60.0
Model_A,person147,person006,1,1,0.054613106,60.0
Model_A,person076,person091,1,1,0.05456572,75.0
Model_A,person131,person070,1,1,0.054495398,60.0
Model_A,person122,person131,1,1,0.054408,90.0
Model_A,person068,person031,1,1,0.054337863,15.0
Model_A,person032,person058,1,1,0.05432224,45.0
Model_A,person136,person077,1,1,0.05431654,90.0
Model_A,person018,person047,1,1,0.05430623,60.0
Model_A,person023,person011,1,1,0.05427344,60.0
Model_A,person117,person080,1,1,0.054259382,15.0
Model_A,person032,person023,1,1,0.054134127,75.0
Model_A,person150,person011,1,1,0.054082412,15.0
Model_A,person013,person127,1,1,0.054065738,30.0
Model_A,person131,person149,1,1,0.05403491,45.0
Model_A,person017,person076,1,1,0.054002598,15.0
Model_A,person011,person125,1,1,0.05393712,15.0
Model_A,person128,person135,1,1,0.053909887,15.0
Model_A,person090,person086,1,1,0.05389337,90.0
Model_A,person063,person149,1,1,0.053864952,15.0
Model_A,person037,person122,1,1,0.05386241,30.0
Model_A,person024,person069,1,1,0.05385861,60.0
Model_A,person028,person109,1,1,0.053845286,75.0
Model_A,person143,person114,1,1,0.053809695,90.0
Model_A,person096,person109,1,1,0.053806774,90.0
Model_A,person101,person020,1,1,0.0537481,75.0
Model_A,person146,person030,1,1,0.05374127,15.0
Model_A,person150,person100,1,1,0.05369244,60.0
Model_A,person047,person005,1,1,0.053665005,90.0
Model_A,person083,person150,1,1,0.053652704,90.0
Model_A,person011,person025,1,1,0.05362426,90.0
Model_A,person045,person119,1,1,0.05361263,75.0
Model_A,person042,person025,1,1,0.05354759,30.0
Model_A,person115,person101,1,1,0.053534478,75.0
Model_A,person143,person138,1,1,0.053510405,60.0
Model_A,person132,person100,1,1,0.053454958,60.0
Model_A,person073,person100,1,1,0.053450245,45.0
Model_A,person071,person031,1,1,0.05342802,15.0
Model_A,person142,person086,1,1,0.053404067,15.0
Model_A,person133,person152,1,1,0.053301103,60.0
Model_A,person069,person119,1,1,0.053266674,60.0
Model_A,person132,person039,1,1,0.05322013,60.0
Model_A,person067,person096,1,1,0.0531712,90.0
Model_A,person043,person022,1,1,0.05316712,60.0
Model_A,person083,person153,1,1,0.053125963,90.0
Model_A,person096,person060,1,1,0.05312421,15.0
Model_A,person136,person031,1,1,0.053081565,15.0
Model_A,person093,person025,1,1,0.053055283,60.0
Model_A,person101,person131,1,1,0.053039465,15.0
Model_A,person133,person027,1,1,0.053010087,90.0
Model_A,person052,person113,1,1,0.05297282,15.0
Model_A,person037,person058,1,1,0.05294407,90.0
Model_A,person122,person073,1,1,0.052941486,45.0
Model_A,person111,person114,1,1,0.05284537,90.0
Model_A,person124,person049,1,1,0.05280176,90.0
Model_A,person067,person052,1,1,0.052784223,90.0
Model_A,person033,person096,1,1,0.0526523,90.0
Model_A,person063,person073,1,1,0.052646693,75.0
Model_A,person079,person123,1,1,0.052609276,45.0
Model_A,person115,person088,1,1,0.05257247,60.0
Model_A,person127,person122,1,1,0.052529532,75.0
Model_A,person009,person123,1,1,0.05252576,30.0
Model_A,person137,person061,1,1,0.05244754,60.0
Model_A,person049,person101,1,1,0.052435324,90.0
Model_A,person045,person059,1,1,0.052409407,90.0
Model_A,person020,person009,1,1,0.0523149,15.0
Model_A,person051,person037,1,1,0.052287795,45.0
Model_A,person082,person026,1,1,0.052253783,15.0
Model_A,person141,person062,1,1,0.05223544,45.0
Model_A,person010,person062,1,1,0.05219848,90.0
Model_A,person075,person008,1,1,0.05219426,15.0
Model_A,person048,person127,1,1,0.05212231,75.0
Model_A,person022,person148,1,1,0.052098725,15.0
Model_A,person153,person073,1,1,0.05194902,90.0
Model_A,person031,person093,1,1,0.051845487,30.0
Model_A,person012,person111,1,1,0.051832873,60.0
Model_A,person055,person008,1,1,0.05177357,75.0
Model_A,person009,person020,1,1,0.05173487,30.0
Model_A,person127,person015,1,1,0.05171411,75.0
Model_A,person143,person020,1,1,0.051682755,90.0
Model_A,person145,person003,1,1,0.05167745,45.0
Model_A,person139,person014,1,1,0.051669043,90.0
Model_A,person137,person138,1,1,0.05158934,60.0
Model_A,person111,person008,1,1,0.051542632,60.0
Model_A,person070,person131,1,1,0.05147599,90.0
Model_A,person025,person096,1,1,0.051459245,60.0
Model_A,person065,person137,1,1,0.051403843,60.0
Model_A,person084,person035,1,1,0.051337145,75.0
Model_A,person126,person008,1,1,0.051214926,90.0
Model_A,person145,person129,1,1,0.051160853,15.0
Model_A,person145,person147,1,1,0.051112052,15.0
Model_A,person039,person015,1,1,0.05108261,60.0
Model_A,person056,person064,1,1,0.051068626,15.0
Model_A,person121,person152,1,1,0.05106455,90.0
Model_A,person113,person006,1,1,0.05103483,60.0
Model_A,person044,person056,1,1,0.051032558,75.0
Model_A,person148,person033,1,1,0.05102074,90.0
Model_A,person105,person073,1,1,0.050997436,15.0
Model_A,person092,person055,1,1,0.050827913,60.0
Model_A,person105,person060,1,1,0.05079181,15.0
Model_A,person001,person063,1,1,0.05073239,90.0
Model_A,person150,person116,1,1,0.05073214,60.0
Model_A,person073,person052,1,1,0.050592806,90.0
Model_A,person028,person123,1,1,0.050592404,15.0
Model_A,person044,person111,1,1,0.050587155,90.0
Model_A,person147,person055,1,1,0.05049001,90.0
Model_A,person133,person003,1,1,0.050472245,60.0
Model_A,person033,person090,1,1,0.05036987,15.0
Model_A,person085,person008,1,1,0.050289154,60.0
Model_A,person021,person101,1,1,0.050141476,90.0
Model_A,person149,person082,1,1,0.050103266,60.0
Model_A,person092,person119,1,1,0.05010003,90.0
Model_A,person117,person098,1,1,0.050080586,15.0
Model_A,person050,person119,1,1,0.05004326,15.0
Model_A,person055,person033,1,1,0.050007276,75.0
Model_A,person016,person073,1,1,0.049972862,30.0
Model_A,person122,person008,1,1,0.049887016,15.0
Model_A,person076,person006,1,1,0.049776103,60.0
Model_A,person100,person014,1,1,0.04975247,60.0
Model_A,person031,person133,1,1,0.04969711,15.0
Model_A,person112,person153,1,1,0.04969495,90.0
Model_A,person117,person082,1,1,0.049664684,90.0
Model_A,person083,person091,1,1,0.049551323,60.0
Model_A,person023,person101,1,1,0.04954889,90.0
Model_A,person101,person041,1,1,0.04948553,15.0
Model_A,person133,person063,1,1,0.049471725,90.0
Model_A,person140,person075,1,1,0.049429264,60.0
Model_A,person039,person034,1,1,0.049408786,60.0
Model_A,person024,person065,1,1,0.0493772,30.0
Model_A,person073,person006,1,1,0.049277104,60.0
Model_A,person143,person082,1,1,0.049246795,90.0
Model_A,person072,person109,1,1,0.04916179,75.0
Model_A,person020,person069,1,1,0.04916018,15.0
Model_A,person069,person152,1,1,0.04913464,75.0
Model_A,person069,person006,1,1,0.0491207,60.0
Model_A,person079,person013,1,1,0.049008973,90.0
Model_A,person001,person114,1,1,0.04896157,75.0
Model_A,person082,person008,1,1,0.048913404,60.0
Model_A,person051,person035,1,1,0.048883848,75.0
Model_A,person130,person117,1,1,0.048876423,15.0
Model_A,person047,person034,1,1,0.04887148,90.0
Model_A,person029,person121,1,1,0.04881172,30.0
Model_A,person033,person023,1,1,0.04879721,90.0
Model_A,person133,person034,1,1,0.048795525,75.0
Model_A,person037,person150,1,1,0.048598688,75.0
Model_A,person054,person132,1,1,0.048540033,90.0
Model_A,person091,person015,1,1,0.04849056,75.0
Model_A,person083,person011,1,1,0.048489925,75.0
Model_A,person044,person139,1,1,0.04844129,45.0
Model_A,person074,person068,1,1,0.04839592,60.0
Model_A,person113,person081,1,1,0.04827398,60.0
Model_A,person117,person022,1,1,0.048184674,15.0
Model_A,person113,person116,1,1,0.048099726,45.0
Model_A,person104,person073,1,1,0.048087634,90.0
Model_A,person131,person082,1,1,0.048055667,75.0
Model_A,person112,person022,1,1,0.048005592,45.0
Model_A,person049,person046,1,1,0.048001047,90.0
Model_A,person143,person034,1,1,0.04799321,90.0
Model_A,person043,person050,1,1,0.047968533,90.0
Model_A,person019,person114,1,1,0.047925774,90.0
Model_A,person014,person120,1,1,0.047894493,15.0
Model_A,person071,person122,1,1,0.04785756,90.0
Model_A,person128,person111,1,1,0.04783655,45.0
Model_A,person104,person044,1,1,0.04783549,90.0
Model_A,person127,person006,1,1,0.047794405,60.0
Model_A,person001,person020,1,1,0.047470782,30.0
Model_A,person119,person020,1,1,0.04742814,60.0
Model_A,person063,person121,1,1,0.047399804,15.0
Model_A,person052,person125,1,1,0.04739706,15.0
Model_A,person069,person121,1,1,0.04720838,15.0
Model_A,person139,person055,1,1,0.047133647,90.0
Model_A,person137,person015,1,1,0.047126707,75.0
Model_A,person098,person014,1,1,0.047113758,30.0
Model_A,person115,person003,1,1,0.047085993,90.0
Model_A,person143,person117,1,1,0.047076207,15.0
Model_A,person130,person127,1,1,0.046975594,60.0
Model_A,person098,person062,1,1,0.046956636,90.0
Model_A,person033,person101,1,1,0.04695386,75.0
Model_A,person085,person051,1,1,0.04693476,15.0
Model_A,person083,person084,1,1,0.046836473,15.0
Model_A,person049,person122,1,1,0.04678838,90.0
Model_A,person112,person042,1,1,0.04678313,75.0
Model_A,person152,person025,1,1,0.04677899,90.0
Model_A,person008,person041,1,1,0.046665974,75.0
Model_A,person098,person107,1,1,0.04666248,90.0
Model_A,person003,person149,1,1,0.046654936,60.0
Model_A,person019,person035,1,1,0.046612643,75.0
Model_A,person014,person075,1,1,0.046574,60.0
Model_A,person143,person052,1,1,0.046534184,90.0
Model_A,person121,person030,1,1,0.0464433,60.0
Model_A,person001,person153,1,1,0.04637594,15.0
Model_A,person043,person121,1,1,0.04635187,45.0
Model_A,person049,person067,1,1,0.04630391,90.0
Model_A,person039,person116,1,1,0.046302278,60.0
Model_A,person116,person114,1,1,0.046266068,75.0
Model_A,person007,person135,1,1,0.0462332,15.0
Model_A,person052,person004,1,1,0.046148177,90.0
Model_A,person151,person140,1,1,0.04614527,30.0
Model_A,person072,person034,1,1,0.046103854,60.0
Model_A,person056,person119,1,1,0.046060935,60.0
Model_A,person135,person084,1,1,0.04596845,15.0
Model_A,person100,person033,1,1,0.045960598,75.0
Model_A,person103,person015,1,1,0.045904808,90.0
Model_A,person072,person081,1,1,0.04586921,60.0
Model_A,person124,person122,1,1,0.045841206,90.0
Model_A,person060,person062,1,1,0.045788296,90.0
Model_A,person046,person102,1,1,0.045788087,45.0
Model_A,person071,person135,1,1,0.045672957,90.0
Model_A,person069,person112,1,1,0.045608737,60.0
Model_A,person056,person113,1,1,0.045560703,30.0
Model_A,person152,person015,1,1,0.045513574,15.0
Model_A,person011,person148,1,1,0.04547729,45.0
Model_A,person088,person122,1,1,0.045370083,90.0
Model_A,person085,person030,1,1,0.04523854,75.0
Model_A,person101,person067,1,1,0.045237757,90.0
Model_A,person151,person006,1,1,0.045135524,90.0
Model_A,person039,person065,1,1,0.04507071,90.0
Model_A,person132,person031,1,1,0.045033164,15.0
Model_A,person132,person011,1,1,0.045005318,90.0
Model_A,person030,person151,1,1,0.044952676,45.0
Model_A,person053,person062,1,1,0.04491124,75.0
Model_A,person027,person122,1,1,0.0448559,60.0
Model_A,person056,person114,1,1,0.04484111,30.0
Model_A,person132,person077,1,1,0.044811495,15.0
Model_A,person047,person086,1,1,0.04478908,90.0
Model_A,person071,person062,1,1,0.044774048,75.0
Model_A,person152,person086,1,1,0.044735197,90.0
Model_A,person100,person151,1,1,0.04469442,45.0
Model_A,person029,person033,1,1,0.044570133,75.0
Model_A,person034,person149,1,1,0.04454661,15.0
Model_A,person048,person091,1,1,0.044522714,90.0
Model_A,person057,person015,1,1,0.044490296,60.0
Model_A,person040,person115,1,1,0.0443839,15.0
Model_A,person026,person090,1,1,0.044288702,60.0
Model_A,person091,person006,1,1,0.044277355,60.0
Model_A,person139,person075,1,1,0.044275064,60.0
Model_A,person104,person117,1,1,0.04426568,15.0
Model_A,person037,person145,1,1,0.04424661,60.0
Model_A,person132,person107,1,1,0.044218503,90.0
Model_A,person136,person140,1,1,0.044141803,15.0
Model_A,person050,person037,1,1,0.044127468,45.0
Model_A,person064,person119,1,1,0.04390718,30.0
Model_A,person007,person035,1,1,0.043860614,75.0
Model_A,person135,person104,1,1,0.043705843,75.0
Model_A,person096,person100,1,1,0.0434436,60.0
Model_A,person009,person018,1,1,0.04342433,90.0
Model_A,person118,person055,1,1,0.043258555,90.0
Model_A,person072,person142,1,1,0.04321057,90.0
Model_A,person138,person020,1,1,0.043193955,90.0
Model_A,person065,person128,1,1,0.04318152,90.0
Model_A,person134,person084,1,1,0.043104637,45.0
Model_A,person027,person100,1,1,0.043075252,90.0
Model_A,person128,person138,1,1,0.043062564,75.0
Model_A,person009,person070,1,1,0.04302321,90.0
Model_A,person063,person008,1,1,0.042994294,90.0
Model_A,person037,person115,1,1,0.042985927,15.0
Model_A,person146,person098,1,1,0.042967062,15.0
Model_A,person057,person121,1,1,0.04296221,60.0
Model_A,person035,person133,1,1,0.042815045,15.0
Model_A,person100,person112,1,1,0.042806737,75.0
Model_A,person139,person030,1,1,0.04257174,60.0
Model_A,person152,person075,1,1,0.042511545,60.0
Model_A,person004,person093,1,1,0.042352743,45.0
Model_A,person144,person046,1,1,0.042229004,60.0
Model_A,person140,person144,1,1,0.042176444,60.0
Model_A,person052,person144,1,1,0.04214958,15.0
Model_A,person115,person122,1,1,0.042133737,60.0
Model_A,person029,person088,1,1,0.04206194,90.0
Model_A,person056,person014,1,1,0.042034846,30.0
Model_A,person039,person150,1,1,0.04191238,90.0
Model_A,person072,person148,1,1,0.041729465,90.0
Model_A,person099,person114,1,1,0.04170292,90.0
Model_A,person138,person077,1,1,0.04157451,90.0
Model_A,person039,person068,1,1,0.041573416,90.0
Model_A,person078,person006,1,1,0.041570984,45.0
Model_A,person050,person124,1,1,0.041539595,15.0
Model_A,person150,person111,1,1,0.041425075,15.0
Model_A,person074,person071,1,1,0.041382235,60.0
Model_A,person086,person085,1,1,0.041333005,75.0
Model_A,person146,person093,1,1,0.041218575,15.0
Model_A,person086,person071,1,1,0.041215476,90.0
Model_A,person084,person052,1,1,0.0411868,90.0
Model_A,person052,person116,1,1,0.041093662,30.0
Model_A,person005,person008,1,1,0.041086953,90.0
Model_A,person101,person098,1,1,0.040978454,15.0
Model_A,person098,person153,1,1,0.040974457,90.0
Model_A,person001,person060,1,1,0.04097267,15.0
Model_A,person076,person065,1,1,0.04096351,90.0
Model_A,person047,person022,1,1,0.040959835,90.0
Model_A,person139,person062,1,1,0.040836826,75.0
Model_A,person150,person087,1,1,0.04082487,15.0
Model_A,person104,person053,1,1,0.040735323,15.0
Model_A,person038,person027,1,1,0.04072697,15.0
Model_A,person078,person132,1,1,0.040726855,90.0
Model_A,person138,person075,1,1,0.04063302,90.0
Model_A,person067,person119,1,1,0.040615648,60.0
Model_A,person060,person144,1,1,0.040534616,90.0
Model_A,person050,person112,1,1,0.04044962,15.0
Model_A,person072,person149,1,1,0.040443372,90.0
Model_A,person081,person008,1,1,0.040403374,90.0
Model_A,person134,person075,1,1,0.040384497,45.0
Model_A,person059,person040,1,1,0.040383488,75.0
Model_A,person081,person035,1,1,0.04033751,45.0
Model_A,person125,person062,1,1,0.040173754,75.0
Model_A,person056,person093,1,1,0.039987475,30.0
Model_A,person136,person014,1,1,0.039958406,90.0
Model_A,person113,person121,1,1,0.039869785,45.0
Model_A,person148,person113,1,1,0.0397975,15.0
Model_A,person080,person075,1,1,0.03968913,60.0
Model_A,person119,person056,1,1,0.039641332,60.0
Model_A,person085,person153,1,1,0.039508328,90.0
Model_A,person125,person073,1,1,0.039474513,90.0
Model_A,person086,person099,1,1,0.039288394,75.0
Model_A,person094,person016,1,1,0.039186,90.0
Model_A,person127,person091,1,1,0.039166383,90.0
Model_A,person030,person144,1,1,0.039152104,60.0
Model_A,person134,person024,1,1,0.039152037,30.0
Model_A,person100,person114,1,1,0.039143227,60.0
Model_A,person152,person109,1,1,0.039115787,60.0
Model_A,person057,person014,1,1,0.03896346,60.0
Model_A,person063,person144,1,1,0.038878273,90.0
Model_A,person069,person049,1,1,0.038843106,90.0
Model_A,person146,person129,1,1,0.03883977,60.0
Model_A,person150,person050,1,1,0.03879681,15.0
Model_A,person046,person025,1,1,0.038721167,90.0
Model_A,person050,person109,1,1,0.038710713,90.0
Model_A,person072,person033,1,1,0.03868667,60.0
Model_A,person033,person111,1,1,0.03867086,60.0
Model_A,person150,person010,1,1,0.038549133,30.0
Model_A,person030,person138,1,1,0.038508534,60.0
Model_A,person106,person072,1,1,0.038491752,15.0
Model_A,person066,person096,1,1,0.038414612,90.0
Model_A,person127,person121,1,1,0.038379703,60.0
Model_A,person153,person031,1,1,0.038338345,15.0
Model_A,person071,person020,1,1,0.038335968,15.0
Model_A,person040,person119,1,1,0.03823974,75.0
Model_A,person052,person093,1,1,0.038138583,30.0
Model_A,person064,person112,1,1,0.038120784,60.0
Model_A,person029,person050,1,1,0.038099527,90.0
Model_A,person092,person065,1,1,0.037907932,15.0
Model_A,person064,person016,1,1,0.03784698,30.0
Model_A,person135,person131,1,1,0.037701283,15.0
Model_A,person069,person065,1,1,0.037151065,90.0
Model_A,person136,person033,1,1,0.0371247,60.0
Model_A,person025,person111,1,1,0.03704873,60.0
Model_A,person125,person014,1,1,0.036943387,45.0
Model_A,person017,person073,1,1,0.036882244,90.0
Model_A,person150,person051,1,1,0.036830008,60.0
Model_A,person024,person026,1,1,0.036751114,30.0
Model_A,person099,person095,1,1,0.036719326,90.0
Model_A,person136,person111,1,1,0.036685087,90.0
Model_A,person046,person124,1,1,0.036667537,45.0
Model_A,person081,person111,1,1,0.036616884,30.0
Model_A,person010,person075,1,1,0.036513954,60.0
Model_A,person041,person069,1,1,0.036481734,15.0
Model_A,person084,person075,1,1,0.03641268,90.0
Model_A,person022,person049,1,1,0.036398444,60.0
Model_A,person122,person076,1,1,0.03639544,15.0
Model_A,person023,person090,1,1,0.036250737,60.0
Model_A,person086,person104,1,1,0.036221124,60.0
Model_A,person004,person037,1,1,0.036170132,15.0
Model_A,person038,person011,1,1,0.036164466,45.0
Model_A,person079,person129,1,1,0.0361525,45.0
Model_A,person014,person005,1,1,0.036128193,90.0
Model_A,person065,person116,1,1,0.03611975,90.0
Model_A,person091,person096,1,1,0.036105156,90.0
Model_A,person060,person091,1,1,0.036100063,75.0
Model_A,person136,person034,1,1,0.036074303,90.0
Model_A,person049,person091,1,1,0.035999864,60.0
Model_A,person147,person031,1,1,0.03575047,15.0
Model_A,person003,person029,1,1,0.03572261,60.0
Model_A,person073,person062,1,1,0.03565193,90.0
Model_A,person117,person107,1,1,0.03555869,75.0
Model_A,person097,person023,1,1,0.03550719,90.0
Model_A,person101,person117,1,1,0.035288982,15.0
Model_A,person150,person013,1,1,0.03523897,30.0
Model_A,person098,person033,1,1,0.035100903,90.0
Model_A,person133,person030,1,1,0.03507428,60.0
Model_A,person140,person050,1,1,0.035024688,90.0
Model_A,person115,person086,1,1,0.03501378,60.0
Model_A,person092,person153,1,1,0.034967758,15.0
Model_A,person091,person140,1,1,0.034644935,60.0
Model_A,person131,person063,1,1,0.034596086,30.0
Model_A,person001,person117,1,1,0.034585383,15.0
Model_A,person085,person004,1,1,0.03457215,90.0
Model_A,person086,person107,1,1,0.034459908,75.0
Model_A,person004,person111,1,1,0.034082927,45.0
Model_A,person096,person034,1,1,0.034046143,90.0
Model_A,person083,person039,1,1,0.03395299,15.0
Model_A,person091,person133,1,1,0.033950664,90.0
Model_A,person054,person103,1,1,0.03385017,90.0
Model_A,person145,person016,1,1,0.03341045,30.0
Model_A,person138,person033,1,1,0.03334162,60.0
Model_A,person099,person120,1,1,0.033336136,90.0
Model_A,person113,person107,1,1,0.03320018,60.0
Model_A,person086,person105,1,1,0.033179443,15.0
Model_A,person116,person067,1,1,0.03282163,90.0
Model_A,person022,person040,1,1,0.03277794,60.0
Model_A,person031,person034,1,1,0.03262273,90.0
Model_A,person091,person100,1,1,0.03255805,75.0
Model_A,person063,person142,1,1,0.032220118,15.0
Model_A,person145,person127,1,1,0.03217269,30.0
Model_A,person100,person127,1,1,0.032161184,90.0
Model_A,person039,person104,1,1,0.03186962,90.0
Model_A,person103,person148,1,1,0.03183641,75.0
Model_A,person065,person063,1,1,0.03177422,90.0
Model_A,person065,person062,1,1,0.031689897,90.0
Model_A,person125,person103,1,1,0.031409714,90.0
Model_A,person071,person050,1,1,0.031290922,90.0
Model_A,person001,person003,1,1,0.031050665,90.0
Model_A,person042,person139,1,1,0.030977838,90.0
Model_A,person068,person061,1,1,0.030975927,15.0
Model_A,person124,person014,1,1,0.03076336,75.0
Model_A,person034,person009,1,1,0.030743903,15.0
Model_A,person079,person095,1,1,0.030176088,60.0
Model_A,person068,person094,1,1,0.030056322,15.0
Model_A,person126,person101,1,1,0.029980496,90.0
Model_A,person031,person062,1,1,0.029787201,90.0
Model_A,person133,person059,1,1,0.02972653,60.0
Model_A,person152,person052,1,1,0.029472828,90.0
Model_A,person015,person021,1,1,0.029436516,90.0
Model_A,person025,person122,1,1,0.029390281,60.0
Model_A,person127,person152,1,1,0.029238993,60.0
Model_A,person049,person034,1,1,0.0290083,90.0
Model_A,person140,person148,1,1,0.028598871,90.0
Model_A,person010,person088,1,1,0.027792333,30.0
Model_A,person065,person099,1,1,0.02752312,90.0
Model_A,person104,person040,1,1,0.026662108,90.0
Model_A,person140,person023,1,1,0.026614426,90.0
Model_A,person071,person131,1,1,0.026377058,90.0
Model_A,person133,person064,1,1,0.026154874,60.0
Model_A,person032,person086,1,1,0.025936998,45.0
Model_A,person091,person027,1,1,0.025506716,90.0
Model_B,person042,person036,19,3,0.40301916,86.05263157894737
Model_B,person009,person036,18,3,0.47228718,86.66666666666667
Model_B,person079,person036,17,3,0.55442244,86.47058823529412
Model_B,person148,person116,14,3,0.24699359,69.64285714285714
Model_B,person149,person059,13,3,0.45524853,35.76923076923077
Model_B,person016,person036,13,2,0.33741194,90.0
Model_B,person022,person015,12,3,0.30779108,81.25
Model_B,person148,person039,11,3,0.3732702,60.0
Model_B,person018,person036,11,3,0.26023605,88.63636363636364
Model_B,person112,person140,11,2,0.2532396,84.54545454545455
Model_B,person085,person081,11,2,0.20149194,87.27272727272727
Model_B,person114,person036,10,3,0.4469033,90.0
Model_B,person033,person149,10,3,0.20291504,90.0
Model_B,person040,person101,10,2,0.47270554,84.0
Model_B,person101,person104,9,3,0.5168388,15.0
Model_B,person144,person080,9,3,0.43913174,86.66666666666667
Model_B,person108,person144,9,2,0.28053904,33.333333333333336
Model_B,person025,person034,9,1,0.22471873,85.0
Model_B,person011,person101,8,3,0.38265473,75.0
Model_B,person010,person110,8,3,0.31682107,84.375
Model_B,person098,person101,8,3,0.2953696,84.375
Model_B,person073,person084,8,3,0.21622422,86.25
Model_B,person012,person036,8,3,0.14904806,90.0
Model_B,person125,person103,8,2,0.60298496,45.0
Model_B,person052,person072,8,2,0.4797199,26.25
Model_B,person089,person062,8,2,0.3621337,80.625
Model_B,person023,person059,8,2,0.3402224,75.0
Model_B,person077,person063,8,2,0.30489853,67.5
Model_B,person097,person143,8,2,0.26296836,90.0
Model_B,person124,person101,8,2,0.1882721,82.5
Model_B,person110,person010,8,1,0.42304575,30.0
Model_B,person093,person143,7,3,0.7063025,45.0
Model_B,person039,person148,7,3,0.32386675,62.142857142857146
Model_B,person123,person070,7,3,0.28591114,85.71428571428571
Model_B,person131,person064,7,3,0.27902654,79.28571428571429
Model_B,person148,person050,7,3,0.22047566,87.85714285714286
Model_B,person002,person139,7,3,0.2095727,79.28571428571429
Model_B,person115,person061,7,3,0.20164986,87.85714285714286
Model_B,person152,person148,7,3,0.19490056,53.57142857142857
Model_B,person086,person099,7,3,0.1903783,68.57142857142857
Model_B,person094,person143,7,3,0.17991175,85.71428571428571
Model_B,person089,person024,7,3,0.159007,87.85714285714286
Model_B,person073,person113,7,3,0.15784487,90.0
Model_B,person040,person015,7,2,0.36531052,81.42857142857143
Model_B,person046,person035,7,2,0.27177334,85.71428571428571
Model_B,person125,person091,7,2,0.24565862,90.0
Model_B,person107,person152,7,2,0.22200993,90.0
Model_B,person007,person149,7,2,0.20984748,90.0
Model_B,person067,person084,7,2,0.19085114,85.71428571428571
Model_B,person121,person116,7,1,0.256314,83.57142857142857
Model_B,person123,person036,6,3,0.56635475,90.0
Model_B,person146,person080,6,3,0.41128293,90.0
Model_B,person143,person015,6,3,0.3679583,77.5
Model_B,person100,person015,6,3,0.34890512,70.0
Model_B,person138,person039,6,3,0.25907537,90.0
Model_B,person051,person116,6,3,0.25816163,60.0
Model_B,person107,person057,6,3,0.25054875,85.0
Model_B,person027,person034,6,3,0.24511106,90.0
Model_B,person097,person066,6,3,0.22687429,87.5
Model_B,person062,person132,6,3,0.21443887,80.0
Model_B,person102,person098,6,3,0.18793768,85.0
Model_B,person087,person036,6,3,0.15351756,85.0
Model_B,person140,person116,6,2,0.42011598,82.5
Model_B,person138,person073,6,2,0.38374114,55.0
Model_B,person030,person039,6,2,0.3419882,82.5
Model_B,person021,person067,6,2,0.32696614,45.0
Model_B,person149,person111,6,2,0.29864687,90.0
Model_B,person038,person128,6,2,0.2645068,90.0
Model_B,person063,person043,6,2,0.25429922,72.5
Model_B,person047,person150,6,2,0.24858068,85.0
Model_B,person038,person092,6,2,0.23298144,87.5
Model_B,person057,person043,6,2,0.18874113,77.5
Model_B,person117,person091,6,2,0.17640722,72.5
Model_B,person074,person091,6,2,0.16712047,90.0
Model_B,person122,person011,6,1,0.29376268,85.0
Model_B,person067,person057,6,1,0.21820968,85.0
Model_B,person146,person116,6,1,0.19281964,82.5
Model_B,person105,person081,6,1,0.15402882,77.5
Model_B,person145,person090,6,1,0.09974933,85.0
Model_B,person066,person015,5,3,0.4264137,75.0
Model_B,person070,person015,5,3,0.39612883,75.0
Model_B,person014,person015,5,3,0.38336962,78.0
Model_B,person117,person015,5,3,0.30723435,75.0
Model_B,person112,person120,5,3,0.29533124,45.0
Model_B,person151,person128,5,3,0.29308835,90.0
Model_B,person150,person047,5,3,0.2742339,51.0
Model_B,person147,person015,5,3,0.24895422,81.0
Model_B,person073,person040,5,3,0.22423759,75.0
Model_B,person002,person045,5,3,0.2152926,81.0
Model_B,person123,person015,5,3,0.20640159,75.0
Model_B,person051,person147,5,3,0.19044454,90.0
Model_B,person086,person104,5,3,0.18623228,81.0
Model_B,person086,person011,5,3,0.18016613,90.0
Model_B,person142,person062,5,3,0.16412997,90.0
Model_B,person026,person059,5,3,0.15530398,90.0
Model_B,person139,person001,5,3,0.14892411,90.0
Model_B,person048,person042,5,2,0.4488674,15.0
Model_B,person027,person146,5,2,0.41009253,90.0
Model_B,person085,person052,5,2,0.36187944,84.0
Model_B,person020,person095,5,2,0.3605748,84.0
Model_B,person004,person015,5,2,0.31604448,81.0
Model_B,person005,person050,5,2,0.3146647,90.0
Model_B,person041,person028,5,2,0.29779696,15.0
Model_B,person141,person024,5,2,0.29726928,87.0
Model_B,person135,person047,5,2,0.28555664,78.0
Model_B,person056,person032,5,2,0.2828303,90.0
Model_B,person047,person057,5,2,0.27359867,78.0
Model_B,person039,person050,5,2,0.26761863,90.0
Model_B,person067,person002,5,2,0.26582322,15.0
Model_B,person108,person034,5,2,0.2630772,78.0
Model_B,person062,person089,5,2,0.2558538,78.0
Model_B,person108,person080,5,2,0.25293285,90.0
Model_B,person146,person121,5,2,0.24512115,27.0
Model_B,person112,person116,5,2,0.23858023,84.0
Model_B,person087,person134,5,2,0.23483923,87.0
Model_B,person151,person092,5,2,0.21902403,90.0
Model_B,person131,person036,5,2,0.21675353,90.0
Model_B,person148,person080,5,2,0.20983963,87.0
Model_B,person136,person148,5,2,0.20050664,75.0
Model_B,person014,person071,5,2,0.19207701,87.0
Model_B,person085,person033,5,2,0.18785307,33.0
Model_B,person006,person088,5,2,0.18397024,90.0
Model_B,person007,person038,5,2,0.17561063,90.0
Model_B,person032,person129,5,2,0.1756046,72.0
Model_B,person070,person036,5,2,0.13278137,90.0
Model_B,person087,person018,5,2,0.121903576,90.0
Model_B,person104,person103,5,1,0.75152147,21.0
Model_B,person052,person033,5,1,0.39883155,33.0
Model_B,person120,person068,5,1,0.35330176,87.0
Model_B,person117,person011,5,1,0.23145929,90.0
Model_B,person111,person006,4,3,0.46751198,86.25
Model_B,person125,person015,4,3,0.46006918,75.0
Model_B,person071,person135,4,3,0.44259858,45.0
Model_B,person104,person015,4,3,0.40974182,78.75
Model_B,person052,person051,4,3,0.36500943,45.0
Model_B,person009,person114,4,3,0.35816616,75.0
Model_B,person050,person039,4,3,0.3474019,60.0
Model_B,person130,person015,4,3,0.34503818,75.0
Model_B,person053,person015,4,3,0.30790296,75.0
Model_B,person043,person015,4,3,0.29865986,75.0
Model_B,person010,person015,4,3,0.28188497,75.0
Model_B,person120,person015,4,3,0.26389682,75.0
Model_B,person152,person098,4,3,0.25302207,63.75
Model_B,person110,person015,4,3,0.24726184,75.0
Model_B,person065,person103,4,3,0.21739516,86.25
Model_B,person067,person081,4,3,0.19297867,82.5
Model_B,person134,person059,4,3,0.1921281,75.0
Model_B,person085,person019,4,3,0.18630746,86.25
Model_B,person146,person081,4,3,0.17217812,90.0
Model_B,person066,person123,4,3,0.14401118,90.0
Model_B,person083,person081,4,3,0.12676182,90.0
Model_B,person028,person048,4,3,0.10149642,90.0
Model_B,person054,person017,4,2,0.4046159,45.0
Model_B,person138,person084,4,2,0.39350536,67.5
Model_B,person134,person126,4,2,0.3545257,90.0
Model_B,person107,person150,4,2,0.3393307,90.0
Model_B,person061,person123,4,2,0.3111581,90.0
Model_B,person135,person015,4,2,0.30214632,82.5
Model_B,person016,person015,4,2,0.29725862,75.0
Model_B,person033,person051,4,2,0.28922144,75.0
Model_B,person115,person131,4,2,0.2882275,90.0
Model_B,person070,person123,4,2,0.2842559,82.5
Model_B,person149,person023,4,2,0.27970016,60.0
Model_B,person138,person072,4,2,0.2624315,90.0
Model_B,person041,person105,4,2,0.26169857,22.5
Model_B,person025,person111,4,2,0.26168865,86.25
Model_B,person129,person095,4,2,0.25593993,90.0
Model_B,person049,person067,4,2,0.25282922,63.75
Model_B,person025,person059,4,2,0.23075351,86.25
Model_B,person124,person148,4,2,0.22794086,71.25
Model_B,person057,person116,4,2,0.21292639,78.75
Model_B,person118,person080,4,2,0.21114688,90.0
Model_B,person013,person092,4,2,0.20803532,86.25
Model_B,person049,person147,4,2,0.19291878,90.0
Model_B,person049,person057,4,2,0.17938459,90.0
Model_B,person102,person057,4,2,0.17599547,78.75
Model_B,person121,person081,4,2,0.17167129,86.25
Model_B,person069,person031,4,2,0.15979296,90.0
Model_B,person016,person143,4,2,0.15771598,86.25
Model_B,person066,person036,4,2,0.14235312,90.0
Model_B,person003,person093,4,1,0.3819561,90.0
Model_B,person088,person055,4,1,0.3579284,90.0
Model_B,person150,person057,4,1,0.30781853,82.5
Model_B,person152,person124,4,1,0.29705653,67.5
Model_B,person038,person031,4,1,0.25574282,82.5
Model_B,person016,person123,4,1,0.24359299,90.0
Model_B,person050,person148,4,1,0.22355476,63.75
Model_B,person027,person121,4,1,0.20751965,90.0
Model_B,person053,person088,4,1,0.16225491,90.0
Model_B,person009,person068,4,1,0.15292047,86.25
Model_B,person105,person129,4,1,0.14255035,82.5
Model_B,person066,person114,4,1,0.13158068,90.0
Model_B,person072,person133,4,1,0.11922429,90.0
Model_B,person046,person015,3,3,0.4614232,75.0
Model_B,person122,person015,3,3,0.43769333,75.0
Model_B,person035,person015,3,3,0.38963187,75.0
Model_B,person103,person015,3,3,0.3833538,75.0
Model_B,person044,person059,3,3,0.34561,80.0
Model_B,person140,person057,3,3,0.30064002,75.0
Model_B,person132,person015,3,3,0.28719994,75.0
Model_B,person074,person015,3,3,0.2853455,75.0
Model_B,person085,person072,3,3,0.24088383,45.0
Model_B,person048,person020,3,3,0.22530496,90.0
Model_B,person038,person015,3,3,0.22207947,75.0
Model_B,person005,person038,3,3,0.21682382,90.0
Model_B,person079,person045,3,3,0.20577268,75.0
Model_B,person051,person084,3,3,0.17114602,60.0
Model_B,person051,person050,3,3,0.14291255,90.0
Model_B,person142,person008,3,3,0.14038996,75.0
Model_B,person017,person015,3,2,0.46684965,75.0
Model_B,person018,person015,3,2,0.4489448,75.0
Model_B,person144,person116,3,2,0.41984975,90.0
Model_B,person124,person015,3,2,0.4047766,75.0
Model_B,person048,person059,3,2,0.40338787,75.0
Model_B,person072,person052,3,2,0.39313197,90.0
Model_B,person061,person015,3,2,0.37611437,75.0
Model_B,person096,person050,3,2,0.3224853,80.0
Model_B,person015,person101,3,2,0.32117555,85.0
Model_B,person082,person111,3,2,0.3153256,90.0
Model_B,person011,person015,3,2,0.29990986,75.0
Model_B,person040,person043,3,2,0.2944082,80.0
Model_B,person081,person059,3,2,0.28286675,35.0
Model_B,person145,person053,3,2,0.27949917,90.0
Model_B,person150,person073,3,2,0.2721807,80.0
Model_B,person005,person039,3,2,0.26655957,90.0
Model_B,person065,person015,3,2,0.26458392,75.0
Model_B,person106,person092,3,2,0.26193175,85.0
Model_B,person015,person040,3,2,0.25998566,90.0
Model_B,person012,person079,3,2,0.25403604,90.0
Model_B,person067,person021,3,2,0.23912376,35.0
Model_B,person110,person090,3,2,0.23872744,85.0
Model_B,person149,person062,3,2,0.23553999,90.0
Model_B,person039,person116,3,2,0.23413432,80.0
Model_B,person146,person034,3,2,0.23317565,90.0
Model_B,person151,person116,3,2,0.23083402,75.0
Model_B,person146,person144,3,2,0.22835116,15.0
Model_B,person100,person148,3,2,0.22096218,45.0
Model_B,person152,person116,3,2,0.21943153,90.0
Model_B,person019,person128,3,2,0.21438593,55.0
Model_B,person121,person045,3,2,0.20597358,75.0
Model_B,person011,person099,3,2,0.19415802,75.0
Model_B,person028,person083,3,2,0.19359834,60.0
Model_B,person045,person058,3,2,0.19226837,85.0
Model_B,person036,person045,3,2,0.19197595,75.0
Model_B,person062,person001,3,2,0.19137383,80.0
Model_B,person045,person002,3,2,0.17976303,90.0
Model_B,person100,person029,3,2,0.17938502,75.0
Model_B,person150,person021,3,2,0.1735184,85.0
Model_B,person131,person141,3,2,0.17029099,85.0
Model_B,person104,person035,3,2,0.168712,90.0
Model_B,person089,person001,3,2,0.1665931,65.0
Model_B,person153,person008,3,2,0.158697,85.0
Model_B,person037,person061,3,2,0.15732376,90.0
Model_B,person151,person106,3,2,0.15372671,90.0
Model_B,person108,person121,3,2,0.14418961,75.0
Model_B,person130,person024,3,2,0.13948809,90.0
Model_B,person113,person026,3,2,0.13426207,90.0
Model_B,person124,person046,3,2,0.13342576,90.0
Model_B,person102,person152,3,2,0.12189108,90.0
Model_B,person052,person078,3,2,0.11715153,90.0
Model_B,person147,person053,3,2,0.10813403,90.0
Model_B,person082,person056,3,2,0.10098066,90.0
Model_B,person047,person136,3,2,0.09444841,90.0
Model_B,person065,person011,3,2,0.080579735,90.0
Model_B,person109,person064,3,1,0.5482957,90.0
Model_B,person024,person064,3,1,0.42914113,90.0
Model_B,person149,person096,3,1,0.4273769,80.0
Model_B,person117,person151,3,1,0.4091085,60.0
Model_B,person046,person145,3,1,0.3976853,15.0
Model_B,person023,person045,3,1,0.38344184,85.0
Model_B,person119,person045,3,1,0.38256803,80.0
Model_B,person094,person098,3,1,0.3661457,45.0
Model_B,person096,person083,3,1,0.35100797,75.0
Model_B,person001,person127,3,1,0.34314266,65.0
Model_B,person002,person033,3,1,0.32929838,90.0
Model_B,person086,person071,3,1,0.32394585,90.0
Model_B,person028,person096,3,1,0.32306018,90.0
Model_B,person151,person030,3,1,0.32283846,15.0
Model_B,person020,person106,3,1,0.31251743,90.0
Model_B,person137,person015,3,1,0.2921287,80.0
Model_B,person045,person026,3,1,0.27667078,90.0
Model_B,person086,person077,3,1,0.27280146,45.0
Model_B,person092,person095,3,1,0.26935017,85.0
Model_B,person029,person010,3,1,0.26670617,90.0
Model_B,person045,person057,3,1,0.2656412,80.0
Model_B,person066,person095,3,1,0.26329654,90.0
Model_B,person002,person127,3,1,0.26043937,80.0
Model_B,person066,person064,3,1,0.2488172,90.0
Model_B,person153,person011,3,1,0.24501555,65.0
Model_B,person031,person088,3,1,0.2432363,90.0
Model_B,person127,person107,3,1,0.24185015,85.0
Model_B,person112,person080,3,1,0.23928094,70.0
Model_B,person002,person057,3,1,0.2316583,80.0
Model_B,person126,person083,3,1,0.22944282,90.0
Model_B,person032,person024,3,1,0.2264135,85.0
Model_B,person044,person053,3,1,0.22157401,90.0
Model_B,person039,person045,3,1,0.22061463,55.0
Model_B,person128,person055,3,1,0.21916372,90.0
Model_B,person134,person111,3,1,0.21644075,90.0
Model_B,person125,person011,3,1,0.21406351,90.0
Model_B,person060,person059,3,1,0.21340406,90.0
Model_B,person052,person031,3,1,0.21211381,90.0
Model_B,person079,person020,3,1,0.21108328,75.0
Model_B,person135,person040,3,1,0.20132703,85.0
Model_B,person091,person116,3,1,0.198695,75.0
Model_B,person021,person150,3,1,0.19657211,75.0
Model_B,person132,person038,3,1,0.19601148,90.0
Model_B,person126,person134,3,1,0.19392473,85.0
Model_B,person099,person095,3,1,0.19355373,90.0
Model_B,person002,person116,3,1,0.19239932,85.0
Model_B,person056,person150,3,1,0.19146706,85.0
Model_B,person030,person034,3,1,0.18756145,90.0
Model_B,person073,person101,3,1,0.18520784,75.0
Model_B,person149,person050,3,1,0.17642762,90.0
Model_B,person139,person092,3,1,0.17299318,90.0
Model_B,person034,person027,3,1,0.16678315,90.0
Model_B,person124,person098,3,1,0.16304614,55.0
Model_B,person062,person128,3,1,0.16222584,90.0
Model_B,person122,person095,3,1,0.16032726,90.0
Model_B,person065,person013,3,1,0.15277286,90.0
Model_B,person090,person111,3,1,0.15126221,90.0
Model_B,person070,person064,3,1,0.15025985,90.0
Model_B,person039,person136,3,1,0.14649053,85.0
Model_B,person037,person064,3,1,0.14582543,80.0
Model_B,person106,person088,3,1,0.14378186,90.0
Model_B,person135,person035,3,1,0.14269024,90.0
Model_B,person034,person088,3,1,0.14142255,90.0
Model_B,person034,person020,3,1,0.13469727,90.0
Model_B,person030,person080,3,1,0.11900794,85.0
Model_B,person032,person078,3,1,0.10947055,90.0
Model_B,person083,person050,3,1,0.101469,90.0
Model_B,person033,person034,3,1,0.09901589,90.0
Model_B,person075,person055,2,2,0.55710965,45.0
Model_B,person003,person015,2,2,0.55357456,75.0
Model_B,person054,person015,2,2,0.52128047,75.0
Model_B,person097,person119,2,2,0.5176023,90.0
Model_B,person099,person015,2,2,0.50781417,75.0
Model_B,person036,person015,2,2,0.49395484,75.0
Model_B,person007,person047,2,2,0.49106425,75.0
Model_B,person051,person015,2,2,0.49052787,75.0
Model_B,person101,person015,2,2,0.48583102,75.0
Model_B,person068,person059,2,2,0.46068472,90.0
Model_B,person012,person015,2,2,0.44034618,75.0
Model_B,person114,person015,2,2,0.43961897,75.0
Model_B,person082,person015,2,2,0.42286402,75.0
Model_B,person086,person015,2,2,0.4213279,75.0
Model_B,person031,person085,2,2,0.40364787,45.0
Model_B,person048,person129,2,2,0.39428636,30.0
Model_B,person138,person101,2,2,0.39075816,45.0
Model_B,person027,person015,2,2,0.37729365,75.0
Model_B,person088,person059,2,2,0.3718431,75.0
Model_B,person089,person132,2,2,0.36407542,15.0
Model_B,person127,person083,2,2,0.35479355,75.0
Model_B,person096,person076,2,2,0.35323292,67.5
Model_B,person077,person015,2,2,0.35245752,75.0
Model_B,person019,person078,2,2,0.34730044,90.0
Model_B,person098,person015,2,2,0.34002852,75.0
Model_B,person056,person045,2,2,0.3393152,75.0
Model_B,person085,person015,2,2,0.3241536,75.0
Model_B,person150,person015,2,2,0.31906992,75.0
Model_B,person026,person021,2,2,0.31857285,82.5
Model_B,person088,person126,2,2,0.31705278,90.0
Model_B,person049,person047,2,2,0.31687057,75.0
Model_B,person106,person015,2,2,0.31649786,75.0
Model_B,person090,person015,2,2,0.3164696,75.0
Model_B,person009,person123,2,2,0.31513524,82.5
Model_B,person063,person015,2,2,0.31460807,75.0
Model_B,person062,person127,2,2,0.31359127,75.0
Model_B,person052,person007,2,2,0.3127044,30.0
Model_B,person025,person042,2,2,0.3121404,60.0
Model_B,person030,person015,2,2,0.30919066,75.0
Model_B,person104,person017,2,2,0.30893517,90.0
Model_B,person152,person039,2,2,0.30721524,90.0
Model_B,person057,person015,2,2,0.30123132,75.0
Model_B,person069,person015,2,2,0.2994578,75.0
Model_B,person041,person007,2,2,0.2969339,67.5
Model_B,person075,person059,2,2,0.2935118,75.0
Model_B,person144,person057,2,2,0.29161176,75.0
Model_B,person102,person015,2,2,0.29091948,82.5
Model_B,person132,person050,2,2,0.2902766,75.0
Model_B,person104,person040,2,2,0.28342357,67.5
Model_B,person077,person107,2,2,0.28035343,90.0
Model_B,person094,person097,2,2,0.2703556,52.5
Model_B,person025,person064,2,2,0.26776755,82.5
Model_B,person133,person057,2,2,0.26541895,75.0
Model_B,person077,person035,2,2,0.26337305,90.0
Model_B,person006,person015,2,2,0.26243922,75.0
Model_B,person073,person047,2,2,0.26082227,75.0
Model_B,person022,person040,2,2,0.25718483,75.0
Model_B,person004,person045,2,2,0.25391954,45.0
Model_B,person025,person109,2,2,0.25340906,82.5
Model_B,person038,person057,2,2,0.2515374,75.0
Model_B,person041,person082,2,2,0.2463839,52.5
Model_B,person121,person057,2,2,0.24625416,75.0
Model_B,person044,person061,2,2,0.24552482,90.0
Model_B,person080,person116,2,2,0.24527848,75.0
Model_B,person056,person129,2,2,0.24414507,90.0
Model_B,person138,person116,2,2,0.24321023,90.0
Model_B,person051,person057,2,2,0.24320151,75.0
Model_B,person023,person081,2,2,0.24044374,75.0
Model_B,person104,person011,2,2,0.23811744,90.0
Model_B,person062,person059,2,2,0.23626578,75.0
Model_B,person152,person101,2,2,0.23166719,75.0
Model_B,person032,person126,2,2,0.23158157,90.0
Model_B,person056,person123,2,2,0.2303241,90.0
Model_B,person032,person026,2,2,0.22831991,75.0
Model_B,person026,person025,2,2,0.22516416,82.5
Model_B,person142,person015,2,2,0.22308764,75.0
Model_B,person118,person059,2,2,0.21977027,75.0
Model_B,person031,person015,2,2,0.21702021,75.0
Model_B,person084,person116,2,2,0.21482937,75.0
Model_B,person121,person034,2,2,0.2147801,82.5
Model_B,person034,person081,2,2,0.21276456,82.5
Model_B,person145,person040,2,2,0.21168494,75.0
Model_B,person049,person110,2,2,0.21071532,90.0
Model_B,person028,person021,2,2,0.20705917,75.0
Model_B,person113,person057,2,2,0.20254591,75.0
Model_B,person079,person015,2,2,0.2013857,75.0
Model_B,person019,person007,2,2,0.20033509,60.0
Model_B,person056,person137,2,2,0.19988036,82.5
Model_B,person069,person057,2,2,0.1998045,75.0
Model_B,person031,person116,2,2,0.1982051,82.5
Model_B,person033,person067,2,2,0.19569081,75.0
Model_B,person151,person146,2,2,0.19456097,52.5
Model_B,person131,person079,2,2,0.19334611,90.0
Model_B,person127,person045,2,2,0.19202608,82.5
Model_B,person041,person083,2,2,0.18987331,45.0
Model_B,person124,person002,2,2,0.18924543,82.5
Model_B,person141,person113,2,2,0.18885133,75.0
Model_B,person131,person045,2,2,0.18646728,75.0
Model_B,person129,person079,2,2,0.18521631,90.0
Model_B,person032,person056,2,2,0.18441239,90.0
Model_B,person034,person015,2,2,0.18360886,75.0
Model_B,person018,person056,2,2,0.18197417,90.0
Model_B,person103,person040,2,2,0.1807155,75.0
Model_B,person076,person015,2,2,0.18063755,75.0
Model_B,person028,person134,2,2,0.1785918,90.0
Model_B,person053,person095,2,2,0.17639717,90.0
Model_B,person085,person137,2,2,0.17598385,75.0
Model_B,person069,person050,2,2,0.17571673,90.0
Model_B,person067,person047,2,2,0.1720904,75.0
Model_B,person106,person055,2,2,0.17183489,67.5
Model_B,person150,person107,2,2,0.17176571,90.0
Model_B,person108,person133,2,2,0.17129758,90.0
Model_B,person062,person013,2,2,0.17009622,90.0
Model_B,person105,person067,2,2,0.16961387,90.0
Model_B,person081,person021,2,2,0.16902071,75.0
Model_B,person005,person073,2,2,0.165398,75.0
Model_B,person119,person143,2,2,0.164401,90.0
Model_B,person079,person119,2,2,0.16322044,82.5
Model_B,person107,person137,2,2,0.16262352,82.5
Model_B,person137,person100,2,2,0.156971,90.0
Model_B,person041,person015,2,2,0.15670002,75.0
Model_B,person117,person053,2,2,0.1516203,82.5
Model_B,person019,person059,2,2,0.14758745,75.0
Model_B,person097,person070,2,2,0.14571291,82.5
Model_B,person044,person121,2,2,0.14480604,75.0
Model_B,person086,person106,2,2,0.14310682,90.0
Model_B,person002,person034,2,2,0.13867776,90.0
Model_B,person031,person128,2,2,0.13239521,67.5
Model_B,person044,person068,2,2,0.12966587,90.0
Model_B,person105,person128,2,2,0.12899253,82.5
Model_B,person124,person084,2,2,0.12681504,90.0
Model_B,person085,person031,2,2,0.12644544,82.5
Model_B,person147,person059,2,2,0.12236254,90.0
Model_B,person044,person043,2,2,0.12145695,82.5
Model_B,person005,person015,2,2,0.1124698,75.0
Model_B,person087,person015,2,2,0.106425844,75.0
Model_B,person002,person107,2,2,0.10514583,90.0
Model_B,person105,person057,2,2,0.097859815,75.0
Model_B,person139,person135,2,2,0.09113096,90.0
Model_B,person069,person118,2,2,0.086380675,82.5
Model_B,person053,person036,2,2,0.083898395,82.5
Model_B,person005,person133,2,2,0.07953549,90.0
Model_B,person030,person057,2,2,0.07938933,75.0
Model_B,person073,person058,2,2,0.072439015,90.0
Model_B,person052,person088,2,2,0.06471321,90.0
Model_B,person039,person073,2,1,0.6224795,45.0
Model_B,person109,person123,2,1,0.5970199,90.0
Model_B,person059,person023,2,1,0.5237665,45.0
Model_B,person071,person011,2,1,0.516438,90.0
Model_B,person012,person066,2,1,0.5074967,45.0
Model_B,person110,person042,2,1,0.49601847,15.0
Model_B,person121,person027,2,1,0.48670766,45.0
Model_B,person032,person137,2,1,0.46117547,75.0
Model_B,person064,person141,2,1,0.45497105,90.0
Model_B,person093,person015,2,1,0.44257712,82.5
Model_B,person120,person080,2,1,0.4362318,75.0
Model_B,person129,person123,2,1,0.42139134,90.0
Model_B,person143,person116,2,1,0.41152254,90.0
Model_B,person085,person078,2,1,0.39772528,90.0
Model_B,person097,person015,2,1,0.3954238,75.0
Model_B,person013,person135,2,1,0.3934507,52.5
Model_B,person096,person039,2,1,0.38426733,45.0
Model_B,person105,person015,2,1,0.3807503,82.5
Model_B,person112,person015,2,1,0.37102288,75.0
Model_B,person078,person015,2,1,0.36750716,75.0
Model_B,person131,person015,2,1,0.35474056,75.0
Model_B,person145,person015,2,1,0.34275502,75.0
Model_B,person111,person059,2,1,0.3422965,82.5
Model_B,person132,person130,2,1,0.33786768,90.0
Model_B,person021,person146,2,1,0.33479127,90.0
Model_B,person127,person057,2,1,0.33412662,82.5
Model_B,person120,person035,2,1,0.33292377,90.0
Model_B,person136,person015,2,1,0.3310778,75.0
Model_B,person055,person059,2,1,0.3266449,75.0
Model_B,person019,person031,2,1,0.3261696,60.0
Model_B,person088,person080,2,1,0.32289356,75.0
Model_B,person127,person137,2,1,0.31992835,75.0
Model_B,person133,person052,2,1,0.30785826,90.0
Model_B,person097,person045,2,1,0.30348724,75.0
Model_B,person140,person043,2,1,0.30267683,90.0
Model_B,person097,person137,2,1,0.30019897,75.0
Model_B,person136,person104,2,1,0.3001767,90.0
Model_B,person068,person127,2,1,0.30004913,82.5
Model_B,person019,person055,2,1,0.29472765,75.0
Model_B,person094,person053,2,1,0.29062366,90.0
Model_B,person039,person038,2,1,0.28452522,90.0
Model_B,person021,person047,2,1,0.2836986,82.5
Model_B,person049,person084,2,1,0.2816128,75.0
Model_B,person139,person107,2,1,0.27898255,82.5
Model_B,person007,person031,2,1,0.27640212,90.0
Model_B,person077,person086,2,1,0.276106,45.0
Model_B,person120,person112,2,1,0.2746106,90.0
Model_B,person014,person124,2,1,0.27365476,90.0
Model_B,person135,person057,2,1,0.27222708,75.0
Model_B,person030,person118,2,1,0.27094272,90.0
Model_B,person094,person101,2,1,0.26951566,90.0
Model_B,person125,person099,2,1,0.26935098,60.0
Model_B,person045,person116,2,1,0.2686868,60.0
Model_B,person120,person090,2,1,0.26765049,90.0
Model_B,person067,person138,2,1,0.26632437,15.0
Model_B,person153,person103,2,1,0.26618043,90.0
Model_B,person151,person144,2,1,0.26269263,45.0
Model_B,person119,person026,2,1,0.26252112,75.0
Model_B,person108,person031,2,1,0.26067472,90.0
Model_B,person071,person114,2,1,0.25757,15.0
Model_B,person106,person006,2,1,0.2565027,45.0
Model_B,person041,person081,2,1,0.25546867,45.0
Model_B,person060,person139,2,1,0.25463217,90.0
Model_B,person141,person128,2,1,0.25243825,90.0
Model_B,person082,person055,2,1,0.2515268,90.0
Model_B,person083,person111,2,1,0.25131732,90.0
Model_B,person138,person045,2,1,0.25110757,75.0
Model_B,person140,person152,2,1,0.24287988,90.0
Model_B,person074,person038,2,1,0.23946925,90.0
Model_B,person087,person111,2,1,0.23886943,90.0
Model_B,person089,person127,2,1,0.23870614,75.0
Model_B,person009,person143,2,1,0.23713031,82.5
Model_B,person028,person150,2,1,0.2357887,90.0
Model_B,person153,person099,2,1,0.23290381,90.0
Model_B,person004,person101,2,1,0.23188658,75.0
Model_B,person076,person083,2,1,0.23134872,82.5
Model_B,person149,person081,2,1,0.2288611,75.0
Model_B,person042,person015,2,1,0.22347671,75.0
Model_B,person094,person119,2,1,0.22230235,90.0
Model_B,person121,person146,2,1,0.22062305,90.0
Model_B,person141,person130,2,1,0.2203762,90.0
Model_B,person143,person023,2,1,0.22031462,90.0
Model_B,person143,person067,2,1,0.21899273,90.0
Model_B,person011,person043,2,1,0.21831144,90.0
Model_B,person086,person040,2,1,0.21815753,82.5
Model_B,person025,person079,2,1,0.21477559,75.0
Model_B,person041,person013,2,1,0.21278247,90.0
Model_B,person082,person081,2,1,0.20707019,45.0
Model_B,person103,person011,2,1,0.20639403,82.5
Model_B,person103,person065,2,1,0.20581669,90.0
Model_B,person014,person106,2,1,0.2038876,90.0
Model_B,person094,person049,2,1,0.20300418,45.0
Model_B,person099,person040,2,1,0.20186752,75.0
Model_B,person151,person034,2,1,0.20102432,90.0
Model_B,person090,person038,2,1,0.20063648,90.0
Model_B,person135,person113,2,1,0.19888178,45.0
Model_B,person121,person010,2,1,0.19844663,90.0
Model_B,person088,person128,2,1,0.19679274,90.0
Model_B,person117,person035,2,1,0.19353695,75.0
Model_B,person050,person081,2,1,0.19285338,82.5
Model_B,person032,person064,2,1,0.19183144,82.5
Model_B,person137,person010,2,1,0.19114906,90.0
Model_B,person109,person056,2,1,0.18778792,90.0
Model_B,person139,person045,2,1,0.18691364,75.0
Model_B,person025,person036,2,1,0.18501447,90.0
Model_B,person095,person015,2,1,0.18325932,75.0
Model_B,person119,person015,2,1,0.1823112,82.5
Model_B,person129,person048,2,1,0.18016617,90.0
Model_B,person128,person038,2,1,0.17992774,90.0
Model_B,person031,person038,2,1,0.17838049,90.0
Model_B,person067,person052,2,1,0.17661631,82.5
Model_B,person152,person140,2,1,0.174703,82.5
Model_B,person111,person062,2,1,0.17348613,90.0
Model_B,person082,person057,2,1,0.17290634,82.5
Model_B,person051,person011,2,1,0.1715631,90.0
Model_B,person084,person033,2,1,0.17026113,90.0
Model_B,person012,person016,2,1,0.1690839,90.0
Model_B,person038,person116,2,1,0.16905253,82.5
Model_B,person152,person151,2,1,0.16762173,82.5
Model_B,person050,person057,2,1,0.16600272,45.0
Model_B,person146,person136,2,1,0.16583899,67.5
Model_B,person102,person101,2,1,0.1656137,90.0
Model_B,person117,person017,2,1,0.16421011,60.0
Model_B,person146,person045,2,1,0.16336444,75.0
Model_B,person135,person127,2,1,0.16335163,90.0
Model_B,person126,person055,2,1,0.16239513,90.0
Model_B,person046,person011,2,1,0.1612688,82.5
Model_B,person090,person100,2,1,0.16007642,90.0
Model_B,person041,person128,2,1,0.1584512,90.0
Model_B,person098,person057,2,1,0.15699515,82.5
Model_B,person149,person038,2,1,0.1540463,90.0
Model_B,person073,person150,2,1,0.15349817,82.5
Model_B,person051,person081,2,1,0.1530241,75.0
Model_B,person132,person113,2,1,0.14891115,90.0
Model_B,person076,person038,2,1,0.14884698,90.0
Model_B,person147,person111,2,1,0.14829768,90.0
Model_B,person105,person056,2,1,0.1473098,75.0
Model_B,person096,person062,2,1,0.14701535,90.0
Model_B,person077,person008,2,1,0.14460407,82.5
Model_B,person127,person043,2,1,0.14404956,67.5
Model_B,person145,person117,2,1,0.13973425,90.0
Model_B,person041,person060,2,1,0.13967763,15.0
Model_B,person132,person128,2,1,0.13941213,90.0
Model_B,person041,person055,2,1,0.13737741,90.0
Model_B,person097,person073,2,1,0.13681227,82.5
Model_B,person091,person080,2,1,0.1356805,90.0
Model_B,person127,person093,2,1,0.13511142,90.0
Model_B,person030,person144,2,1,0.1337584,82.5
Model_B,person083,person137,2,1,0.13276365,75.0
Model_B,person005,person092,2,1,0.13204871,90.0
Model_B,person049,person145,2,1,0.13000315,82.5
Model_B,person152,person113,2,1,0.12820661,90.0
Model_B,person038,person150,2,1,0.12437172,90.0
Model_B,person069,person007,2,1,0.12437054,75.0
Model_B,person042,person021,2,1,0.12431152,75.0
Model_B,person105,person012,2,1,0.12377858,82.5
Model_B,person031,person133,2,1,0.12154882,90.0
Model_B,person103,person061,2,1,0.12129612,90.0
Model_B,person037,person043,2,1,0.12106502,75.0
Model_B,person049,person087,2,1,0.12079583,15.0
Model_B,person128,person050,2,1,0.120419264,90.0
Model_B,person051,person031,2,1,0.11748426,90.0
Model_B,person074,person120,2,1,0.11477489,90.0
Model_B,person097,person009,2,1,0.114345536,82.5
Model_B,person065,person050,2,1,0.11236593,90.0
Model_B,person138,person067,2,1,0.11169282,82.5
Model_B,person112,person065,2,1,0.108234495,45.0
Model_B,person117,person080,2,1,0.108091295,82.5
Model_B,person135,person101,2,1,0.10721582,90.0
Model_B,person145,person121,2,1,0.10680435,82.5
Model_B,person052,person055,2,1,0.106773175,90.0
Model_B,person113,person025,2,1,0.105048805,90.0
Model_B,person033,person133,2,1,0.104161814,90.0
Model_B,person113,person058,2,1,0.10029412,90.0
Model_B,person002,person023,2,1,0.10027153,90.0
Model_B,person131,person127,2,1,0.10003767,90.0
Model_B,person136,person150,2,1,0.09885663,90.0
Model_B,person126,person059,2,1,0.09879247,75.0
Model_B,person074,person050,2,1,0.096156895,82.5
Model_B,person038,person129,2,1,0.0941967,90.0
Model_B,person140,person151,2,1,0.09213288,75.0
Model_B,person033,person147,2,1,0.08846576,90.0
Model_B,person041,person150,2,1,0.08648963,45.0
Model_B,person014,person008,2,1,0.08514838,90.0
Model_B,person091,person105,2,1,0.084947206,90.0
Model_B,person091,person092,2,1,0.08396638,90.0
Model_B,person127,person060,2,1,0.08362584,90.0
Model_B,person028,person129,2,1,0.07210381,90.0
Model_B,person139,person050,2,1,0.059313513,90.0
Model_B,person012,person045,2,1,0.05909426,75.0
Model_B,person020,person059,1,1,0.78084457,75.0
Model_B,person058,person137,1,1,0.7486601,75.0
Model_B,person043,person107,1,1,0.690762,15.0
Model_B,person078,person095,1,1,0.6576002,90.0
Model_B,person116,person015,1,1,0.5951606,75.0
Model_B,person056,person015,1,1,0.59047335,75.0
Model_B,person032,person059,1,1,0.58613354,75.0
Model_B,person059,person096,1,1,0.5712065,90.0
Model_B,person116,person045,1,1,0.5661848,15.0
Model_B,person095,person137,1,1,0.56387895,75.0
Model_B,person091,person015,1,1,0.5541686,75.0
Model_B,person020,person015,1,1,0.53113705,75.0
Model_B,person022,person137,1,1,0.52410173,75.0
Model_B,person095,person079,1,1,0.5235113,90.0
Model_B,person113,person137,1,1,0.50697774,75.0
Model_B,person137,person045,1,1,0.5059651,75.0
Model_B,person078,person137,1,1,0.5045609,75.0
Model_B,person047,person015,1,1,0.5003922,75.0
Model_B,person116,person148,1,1,0.48051006,90.0
Model_B,person133,person108,1,1,0.47832143,45.0
Model_B,person148,person045,1,1,0.47165635,75.0
Model_B,person009,person137,1,1,0.46741432,75.0
Model_B,person021,person137,1,1,0.45941392,75.0
Model_B,person120,person103,1,1,0.4592732,15.0
Model_B,person140,person015,1,1,0.4567679,75.0
Model_B,person092,person015,1,1,0.45670488,75.0
Model_B,person120,person059,1,1,0.45623532,75.0
Model_B,person096,person057,1,1,0.45320362,75.0
Model_B,person007,person057,1,1,0.44453016,75.0
Model_B,person064,person015,1,1,0.44002095,75.0
Model_B,person031,person007,1,1,0.43628168,45.0
Model_B,person011,person040,1,1,0.43450192,75.0
Model_B,person136,person021,1,1,0.43348458,75.0
Model_B,person128,person107,1,1,0.42603487,75.0
Model_B,person049,person015,1,1,0.4202882,75.0
Model_B,person034,person080,1,1,0.41660202,90.0
Model_B,person070,person021,1,1,0.4151992,75.0
Model_B,person037,person040,1,1,0.41267273,75.0
Model_B,person151,person015,1,1,0.4114838,75.0
Model_B,person073,person098,1,1,0.4082009,75.0
Model_B,person047,person137,1,1,0.4067231,75.0
Model_B,person082,person098,1,1,0.4063839,75.0
Model_B,person152,person015,1,1,0.4050708,75.0
Model_B,person073,person015,1,1,0.39240545,75.0
Model_B,person042,person137,1,1,0.3921719,75.0
Model_B,person058,person119,1,1,0.38670978,90.0
Model_B,person058,person021,1,1,0.38583842,90.0
Model_B,person066,person016,1,1,0.38469562,90.0
Model_B,person140,person148,1,1,0.38049483,45.0
Model_B,person107,person015,1,1,0.3781672,75.0
Model_B,person010,person100,1,1,0.37666,90.0
Model_B,person026,person137,1,1,0.37564903,75.0
Model_B,person086,person153,1,1,0.37508968,45.0
Model_B,person023,person021,1,1,0.37332663,75.0
Model_B,person091,person133,1,1,0.37108657,90.0
Model_B,person083,person062,1,1,0.37045816,90.0
Model_B,person144,person015,1,1,0.37027454,75.0
Model_B,person081,person062,1,1,0.37001914,90.0
Model_B,person147,person067,1,1,0.36970848,90.0
Model_B,person125,person098,1,1,0.36907053,45.0
Model_B,person133,person034,1,1,0.36894915,75.0
Model_B,person080,person151,1,1,0.3678445,15.0
Model_B,person040,person022,1,1,0.36759713,90.0
Model_B,person068,person119,1,1,0.36559755,75.0
Model_B,person071,person013,1,1,0.36436504,15.0
Model_B,person153,person015,1,1,0.3624495,75.0
Model_B,person118,person068,1,1,0.36026564,90.0
Model_B,person030,person045,1,1,0.35858205,75.0
Model_B,person046,person093,1,1,0.35761535,90.0
Model_B,person148,person015,1,1,0.35688442,75.0
Model_B,person146,person137,1,1,0.35587326,75.0
Model_B,person035,person037,1,1,0.3546487,15.0
Model_B,person049,person102,1,1,0.35282436,15.0
Model_B,person099,person101,1,1,0.35196486,75.0
Model_B,person032,person015,1,1,0.3509924,75.0
Model_B,person115,person040,1,1,0.3502913,75.0
Model_B,person026,person109,1,1,0.34992355,90.0
Model_B,person071,person015,1,1,0.3485404,75.0
Model_B,person102,person002,1,1,0.34818164,75.0
Model_B,person089,person006,1,1,0.34513402,75.0
Model_B,person111,person137,1,1,0.3431486,75.0
Model_B,person145,person059,1,1,0.34112364,75.0
Model_B,person106,person116,1,1,0.34068236,75.0
Model_B,person128,person008,1,1,0.3366418,75.0
Model_B,person083,person024,1,1,0.3359594,90.0
Model_B,person109,person015,1,1,0.33591083,75.0
Model_B,person146,person148,1,1,0.33478138,45.0
Model_B,person084,person015,1,1,0.33286598,75.0
Model_B,person081,person137,1,1,0.33261687,75.0
Model_B,person011,person103,1,1,0.3318709,45.0
Model_B,person143,person021,1,1,0.33048174,75.0
Model_B,person131,person137,1,1,0.32709375,75.0
Model_B,person037,person015,1,1,0.32699504,75.0
Model_B,person116,person023,1,1,0.32564092,45.0
Model_B,person011,person086,1,1,0.32549798,45.0
Model_B,person009,person097,1,1,0.32362774,75.0
Model_B,person042,person048,1,1,0.32269642,75.0
Model_B,person021,person015,1,1,0.3190919,75.0
Model_B,person113,person015,1,1,0.31710756,75.0
Model_B,person058,person015,1,1,0.3162203,75.0
Model_B,person151,person108,1,1,0.31596753,75.0
Model_B,person037,person137,1,1,0.3153166,75.0
Model_B,person152,person143,1,1,0.3150358,15.0
Model_B,person030,person081,1,1,0.3146319,90.0
Model_B,person003,person035,1,1,0.3132762,90.0
Model_B,person075,person015,1,1,0.31155458,75.0
Model_B,person015,person046,1,1,0.31090328,90.0
Model_B,person028,person137,1,1,0.31086877,75.0
Model_B,person106,person075,1,1,0.31072712,90.0
Model_B,person129,person062,1,1,0.30932438,75.0
Model_B,person008,person015,1,1,0.3091999,75.0
Model_B,person018,person059,1,1,0.30685303,75.0
Model_B,person041,person127,1,1,0.30664834,75.0
Model_B,person102,person137,1,1,0.30549452,75.0
Model_B,person045,person015,1,1,0.30549252,75.0
Model_B,person015,person022,1,1,0.30352005,15.0
Model_B,person004,person137,1,1,0.30235142,75.0
Model_B,person072,person137,1,1,0.30071327,75.0
Model_B,person059,person015,1,1,0.3001444,75.0
Model_B,person057,person136,1,1,0.29981956,45.0
Model_B,person083,person057,1,1,0.2988093,75.0
Model_B,person105,person033,1,1,0.29833794,15.0
Model_B,person101,person113,1,1,0.29800132,15.0
Model_B,person067,person015,1,1,0.29785562,75.0
Model_B,person050,person067,1,1,0.2970181,75.0
Model_B,person060,person127,1,1,0.29657686,45.0
Model_B,person009,person015,1,1,0.29464698,75.0
Model_B,person067,person045,1,1,0.29454416,15.0
Model_B,person063,person091,1,1,0.2945068,90.0
Model_B,person031,person110,1,1,0.2942991,45.0
Model_B,person081,person045,1,1,0.29418188,75.0
Model_B,person105,person059,1,1,0.2941449,75.0
Model_B,person085,person038,1,1,0.29365695,90.0
Model_B,person093,person046,1,1,0.29322448,90.0
Model_B,person045,person137,1,1,0.29253432,75.0
Model_B,person063,person098,1,1,0.29171777,75.0
Model_B,person143,person040,1,1,0.28869593,75.0
Model_B,person087,person082,1,1,0.28867245,75.0
Model_B,person121,person015,1,1,0.2885698,75.0
Model_B,person138,person015,1,1,0.28762448,75.0
Model_B,person109,person131,1,1,0.28722966,90.0
Model_B,person035,person112,1,1,0.28704748,15.0
Model_B,person081,person144,1,1,0.28686318,15.0
Model_B,person072,person019,1,1,0.28673694,90.0
Model_B,person142,person024,1,1,0.28637064,90.0
Model_B,person134,person034,1,1,0.28629655,90.0
Model_B,person033,person148,1,1,0.2849947,75.0
Model_B,person003,person116,1,1,0.2845549,75.0
Model_B,person141,person007,1,1,0.28331006,45.0
Model_B,person094,person015,1,1,0.2832885,75.0
Model_B,person025,person015,1,1,0.283249,75.0
Model_B,person148,person021,1,1,0.28304762,75.0
Model_B,person109,person137,1,1,0.2828578,75.0
Model_B,person067,person150,1,1,0.28268087,90.0
Model_B,person057,person143,1,1,0.28239664,90.0
Model_B,person127,person015,1,1,0.28199348,75.0
Model_B,person017,person103,1,1,0.27839407,90.0
Model_B,person050,person084,1,1,0.27832407,45.0
Model_B,person040,person008,1,1,0.27822343,75.0
Model_B,person121,person084,1,1,0.2773301,75.0
Model_B,person133,person121,1,1,0.27559862,75.0
Model_B,person114,person008,1,1,0.27465975,75.0
Model_B,person024,person015,1,1,0.27463102,75.0
Model_B,person005,person098,1,1,0.27448887,90.0
Model_B,person072,person039,1,1,0.27385828,75.0
Model_B,person015,person021,1,1,0.27336937,75.0
Model_B,person086,person142,1,1,0.27248394,45.0
Model_B,person128,person132,1,1,0.27227136,90.0
Model_B,person072,person047,1,1,0.27202505,75.0
Model_B,person105,person137,1,1,0.27197707,90.0
Model_B,person136,person035,1,1,0.2708393,90.0
Model_B,person124,person073,1,1,0.2706395,45.0
Model_B,person025,person057,1,1,0.26929927,75.0
Model_B,person146,person133,1,1,0.26901084,75.0
Model_B,person119,person137,1,1,0.26807958,75.0
Model_B,person039,person030,1,1,0.2679371,75.0
Model_B,person118,person092,1,1,0.26571578,90.0
Model_B,person141,person137,1,1,0.26563907,75.0
Model_B,person061,person032,1,1,0.26550892,90.0
Model_B,person152,person136,1,1,0.2646296,75.0
Model_B,person064,person137,1,1,0.26415417,75.0
Model_B,person061,person079,1,1,0.26358896,90.0
Model_B,person118,person031,1,1,0.26354954,90.0
Model_B,person019,person142,1,1,0.26327246,45.0
Model_B,person139,person015,1,1,0.26317933,75.0
Model_B,person143,person137,1,1,0.2615846,75.0
Model_B,person114,person045,1,1,0.26064608,75.0
Model_B,person089,person096,1,1,0.26031378,90.0
Model_B,person026,person032,1,1,0.26021373,90.0
Model_B,person079,person088,1,1,0.2598949,90.0
Model_B,person112,person036,1,1,0.25827593,90.0
Model_B,person048,person031,1,1,0.25780717,15.0
Model_B,person023,person137,1,1,0.25731394,75.0
Model_B,person004,person136,1,1,0.2559813,15.0
Model_B,person129,person036,1,1,0.25564742,90.0
Model_B,person108,person116,1,1,0.2549353,75.0
Model_B,person034,person029,1,1,0.2545204,75.0
Model_B,person101,person011,1,1,0.25405303,15.0
Model_B,person038,person051,1,1,0.25401106,75.0
Model_B,person024,person137,1,1,0.25398156,75.0
Model_B,person061,person137,1,1,0.25375625,75.0
Model_B,person083,person096,1,1,0.25365666,75.0
Model_B,person059,person021,1,1,0.25352877,75.0
Model_B,person090,person017,1,1,0.2532705,90.0
Model_B,person133,person015,1,1,0.2527756,75.0
Model_B,person085,person150,1,1,0.25227523,90.0
Model_B,person129,person026,1,1,0.25122333,75.0
Model_B,person084,person143,1,1,0.25090024,75.0
Model_B,person014,person046,1,1,0.25058872,90.0
Model_B,person037,person112,1,1,0.2505581,45.0
Model_B,person129,person015,1,1,0.25025743,75.0
Model_B,person092,person137,1,1,0.2502035,75.0
Model_B,person131,person114,1,1,0.24964663,90.0
Model_B,person023,person084,1,1,0.24870014,15.0
Model_B,person039,person057,1,1,0.24855389,75.0
Model_B,person047,person098,1,1,0.24829498,90.0
Model_B,person100,person011,1,1,0.2476207,90.0
Model_B,person092,person059,1,1,0.24759127,75.0
Model_B,person144,person045,1,1,0.24719355,75.0
Model_B,person029,person137,1,1,0.2464644,75.0
Model_B,person152,person150,1,1,0.24639241,90.0
Model_B,person093,person101,1,1,0.2460921,75.0
Model_B,person063,person137,1,1,0.24558365,75.0
Model_B,person126,person015,1,1,0.24445465,75.0
Model_B,person124,person102,1,1,0.24444066,60.0
Model_B,person138,person058,1,1,0.24440001,90.0
Model_B,person054,person016,1,1,0.24392766,90.0
Model_B,person091,person136,1,1,0.24354649,75.0
Model_B,person141,person015,1,1,0.24298534,75.0
Model_B,person100,person140,1,1,0.24295223,90.0
Model_B,person122,person040,1,1,0.242243,75.0
Model_B,person007,person015,1,1,0.24165894,75.0
Model_B,person047,person073,1,1,0.24068059,90.0
Model_B,person136,person137,1,1,0.24041453,75.0
Model_B,person013,person015,1,1,0.2375817,75.0
Model_B,person003,person043,1,1,0.23751992,75.0
Model_B,person048,person053,1,1,0.23749202,15.0
Model_B,person098,person084,1,1,0.23701568,90.0
Model_B,person132,person071,1,1,0.23681204,75.0
Model_B,person029,person021,1,1,0.23658857,75.0
Model_B,person116,person039,1,1,0.23602904,90.0
Model_B,person084,person101,1,1,0.23593709,75.0
Model_B,person006,person050,1,1,0.23581046,90.0
Model_B,person022,person093,1,1,0.23567419,90.0
Model_B,person144,person059,1,1,0.23503236,75.0
Model_B,person069,person137,1,1,0.23443963,75.0
Model_B,person021,person127,1,1,0.23378049,90.0
Model_B,person091,person100,1,1,0.2337494,75.0
Model_B,person060,person055,1,1,0.23349176,90.0
Model_B,person051,person055,1,1,0.23308364,75.0
Model_B,person096,person134,1,1,0.23304762,90.0
Model_B,person058,person089,1,1,0.23246737,90.0
Model_B,person063,person101,1,1,0.23150937,90.0
Model_B,person148,person137,1,1,0.23150909,75.0
Model_B,person069,person045,1,1,0.23130415,75.0
Model_B,person086,person092,1,1,0.2311949,90.0
Model_B,person096,person059,1,1,0.23076415,75.0
Model_B,person094,person137,1,1,0.22991437,75.0
Model_B,person003,person080,1,1,0.22917505,90.0
Model_B,person089,person008,1,1,0.229146,75.0
Model_B,person027,person116,1,1,0.22906063,75.0
Model_B,person021,person059,1,1,0.22896542,75.0
Model_B,person060,person015,1,1,0.22894348,75.0
Model_B,person146,person026,1,1,0.22867356,75.0
Model_B,person069,person141,1,1,0.22864455,90.0
Model_B,person038,person088,1,1,0.22853339,90.0
Model_B,person041,person026,1,1,0.22846267,15.0
Model_B,person130,person132,1,1,0.22819671,90.0
Model_B,person053,person032,1,1,0.22818187,90.0
Model_B,person066,person119,1,1,0.2273973,90.0
Model_B,person137,person136,1,1,0.22708935,75.0
Model_B,person082,person128,1,1,0.22682418,90.0
Model_B,person099,person011,1,1,0.22665714,90.0
Model_B,person135,person064,1,1,0.22647576,90.0
Model_B,person029,person031,1,1,0.22610794,90.0
Model_B,person101,person057,1,1,0.22591962,45.0
Model_B,person021,person057,1,1,0.22544184,45.0
Model_B,person067,person101,1,1,0.22475861,75.0
Model_B,person084,person021,1,1,0.22473434,75.0
Model_B,person137,person133,1,1,0.2243693,90.0
Model_B,person151,person112,1,1,0.22414742,90.0
Model_B,person019,person032,1,1,0.22403245,75.0
Model_B,person148,person081,1,1,0.22385053,75.0
Model_B,person108,person059,1,1,0.22380558,75.0
Model_B,person127,person058,1,1,0.22350916,90.0
Model_B,person146,person032,1,1,0.22332574,90.0
Model_B,person064,person078,1,1,0.22300206,90.0
Model_B,person025,person045,1,1,0.22196376,75.0
Model_B,person096,person005,1,1,0.22158949,75.0
Model_B,person061,person131,1,1,0.22105551,75.0
Model_B,person065,person001,1,1,0.22078942,75.0
Model_B,person072,person045,1,1,0.2203031,75.0
Model_B,person118,person006,1,1,0.22028649,90.0
Model_B,person074,person004,1,1,0.21991181,90.0
Model_B,person121,person032,1,1,0.21954429,90.0
Model_B,person093,person137,1,1,0.21818998,75.0
Model_B,person061,person136,1,1,0.21816087,75.0
Model_B,person087,person006,1,1,0.21812025,90.0
Model_B,person096,person041,1,1,0.21782507,90.0
Model_B,person067,person116,1,1,0.21775939,75.0
Model_B,person014,person035,1,1,0.21706662,90.0
Model_B,person104,person099,1,1,0.21687518,15.0
Model_B,person109,person119,1,1,0.21680067,15.0
Model_B,person057,person101,1,1,0.2160188,90.0
Model_B,person051,person039,1,1,0.21577354,45.0
Model_B,person124,person152,1,1,0.21570565,45.0
Model_B,person067,person027,1,1,0.21547882,90.0
Model_B,person132,person074,1,1,0.21542026,90.0
Model_B,person093,person057,1,1,0.21538968,75.0
Model_B,person072,person015,1,1,0.21521798,75.0
Model_B,person090,person031,1,1,0.21423143,90.0
Model_B,person005,person030,1,1,0.21422708,90.0
Model_B,person025,person021,1,1,0.21344739,75.0
Model_B,person093,person045,1,1,0.21336414,75.0
Model_B,person028,person024,1,1,0.21327962,90.0
Model_B,person116,person137,1,1,0.21327126,75.0
Model_B,person121,person144,1,1,0.21320155,75.0
Model_B,person050,person116,1,1,0.21293205,75.0
Model_B,person070,person143,1,1,0.21166156,90.0
Model_B,person052,person028,1,1,0.2112717,15.0
Model_B,person058,person045,1,1,0.21097419,75.0
Model_B,person090,person059,1,1,0.21059896,75.0
Model_B,person109,person045,1,1,0.21018085,75.0
Model_B,person029,person059,1,1,0.2095941,75.0
Model_B,person051,person085,1,1,0.20913734,75.0
Model_B,person039,person015,1,1,0.20902625,75.0
Model_B,person121,person117,1,1,0.20867252,90.0
Model_B,person082,person013,1,1,0.20865183,90.0
Model_B,person028,person057,1,1,0.20776673,75.0
Model_B,person101,person098,1,1,0.20727286,15.0
Model_B,person012,person044,1,1,0.20719065,90.0
Model_B,person128,person130,1,1,0.2061991,75.0
Model_B,person028,person047,1,1,0.20566821,75.0
Model_B,person056,person021,1,1,0.20559321,75.0
Model_B,person007,person021,1,1,0.20524223,90.0
Model_B,person029,person050,1,1,0.20522809,90.0
Model_B,person059,person116,1,1,0.20508716,45.0
Model_B,person054,person061,1,1,0.20499419,90.0
Model_B,person055,person063,1,1,0.2029851,75.0
Model_B,person125,person107,1,1,0.20292602,75.0
Model_B,person064,person113,1,1,0.20228393,75.0
Model_B,person105,person136,1,1,0.20222838,90.0
Model_B,person104,person023,1,1,0.20220234,90.0
Model_B,person140,person137,1,1,0.20219348,75.0
Model_B,person058,person059,1,1,0.20216598,90.0
Model_B,person146,person021,1,1,0.20201609,75.0
Model_B,person133,person093,1,1,0.20194523,75.0
Model_B,person100,person051,1,1,0.20188434,45.0
Model_B,person042,person134,1,1,0.20183522,90.0
Model_B,person042,person090,1,1,0.2013639,90.0
Model_B,person045,person059,1,1,0.20131192,90.0
Model_B,person025,person024,1,1,0.20130803,90.0
Model_B,person074,person092,1,1,0.201106,90.0
Model_B,person071,person113,1,1,0.20092729,90.0
Model_B,person096,person127,1,1,0.20071076,75.0
Model_B,person115,person015,1,1,0.2005203,75.0
Model_B,person037,person093,1,1,0.20008121,75.0
Model_B,person030,person050,1,1,0.19994712,90.0
Model_B,person109,person032,1,1,0.19926123,90.0
Model_B,person082,person136,1,1,0.19861206,75.0
Model_B,person136,person101,1,1,0.19857672,75.0
Model_B,person101,person116,1,1,0.19857438,45.0
Model_B,person013,person038,1,1,0.19815575,90.0
Model_B,person009,person045,1,1,0.1979531,75.0
Model_B,person089,person021,1,1,0.1977975,75.0
Model_B,person139,person026,1,1,0.19748707,75.0
Model_B,person018,person064,1,1,0.19745839,90.0
Model_B,person114,person026,1,1,0.19744387,75.0
Model_B,person133,person137,1,1,0.19665748,75.0
Model_B,person004,person143,1,1,0.19625571,15.0
Model_B,person117,person146,1,1,0.19512077,75.0
Model_B,person049,person026,1,1,0.19465567,15.0
Model_B,person004,person099,1,1,0.19430445,75.0
Model_B,person018,person137,1,1,0.19428004,75.0
Model_B,person018,person118,1,1,0.19379888,90.0
Model_B,person013,person127,1,1,0.19378799,75.0
Model_B,person100,person043,1,1,0.193346,75.0
Model_B,person069,person068,1,1,0.19320337,75.0
Model_B,person032,person134,1,1,0.19302371,90.0
Model_B,person041,person038,1,1,0.1927796,90.0
Model_B,person104,person061,1,1,0.19234352,90.0
Model_B,person066,person021,1,1,0.19227141,75.0
Model_B,person064,person129,1,1,0.19221833,90.0
Model_B,person105,person022,1,1,0.1922155,75.0
Model_B,person088,person106,1,1,0.19212614,75.0
Model_B,person089,person111,1,1,0.19176617,90.0
Model_B,person147,person048,1,1,0.19134782,90.0
Model_B,person127,person068,1,1,0.1909834,90.0
Model_B,person001,person128,1,1,0.19088545,90.0
Model_B,person013,person105,1,1,0.19036622,15.0
Model_B,person071,person124,1,1,0.18962726,90.0
Model_B,person052,person133,1,1,0.18948068,90.0
Model_B,person067,person051,1,1,0.18907458,15.0
Model_B,person098,person102,1,1,0.18876912,90.0
Model_B,person016,person045,1,1,0.18869402,75.0
Model_B,person097,person021,1,1,0.1876276,90.0
Model_B,person108,person140,1,1,0.18742797,90.0
Model_B,person073,person138,1,1,0.18689695,60.0
Model_B,person120,person091,1,1,0.18580967,90.0
Model_B,person121,person090,1,1,0.1855226,90.0
Model_B,person118,person122,1,1,0.18474948,90.0
Model_B,person100,person073,1,1,0.18454659,45.0
Model_B,person067,person152,1,1,0.18434033,75.0
Model_B,person026,person127,1,1,0.18416858,75.0
Model_B,person137,person101,1,1,0.18415196,75.0
Model_B,person079,person090,1,1,0.18410188,90.0
Model_B,person075,person109,1,1,0.18377812,75.0
Model_B,person074,person055,1,1,0.183501,90.0
Model_B,person068,person015,1,1,0.18285756,75.0
Model_B,person100,person133,1,1,0.182469,90.0
Model_B,person005,person057,1,1,0.1823607,75.0
Model_B,person105,person062,1,1,0.1822293,90.0
Model_B,person131,person109,1,1,0.18221347,75.0
Model_B,person099,person071,1,1,0.18171297,90.0
Model_B,person065,person008,1,1,0.18168731,75.0
Model_B,person153,person040,1,1,0.18161924,75.0
Model_B,person093,person146,1,1,0.18161073,90.0
Model_B,person145,person044,1,1,0.18146555,90.0
Model_B,person018,person068,1,1,0.18090697,90.0
Model_B,person087,person064,1,1,0.18045363,90.0
Model_B,person129,person029,1,1,0.1802884,75.0
Model_B,person136,person047,1,1,0.18003431,90.0
Model_B,person143,person022,1,1,0.17995673,90.0
Model_B,person110,person029,1,1,0.17995217,90.0
Model_B,person045,person107,1,1,0.17991261,90.0
Model_B,person049,person136,1,1,0.17989482,90.0
Model_B,person083,person015,1,1,0.17933898,75.0
Model_B,person124,person039,1,1,0.17911848,45.0
Model_B,person151,person057,1,1,0.1790154,75.0
Model_B,person026,person134,1,1,0.17888956,90.0
Model_B,person088,person137,1,1,0.17850025,75.0
Model_B,person094,person113,1,1,0.17794074,45.0
Model_B,person059,person137,1,1,0.17752811,75.0
Model_B,person060,person137,1,1,0.17727609,75.0
Model_B,person023,person062,1,1,0.17724821,90.0
Model_B,person056,person134,1,1,0.17651202,90.0
Model_B,person150,person058,1,1,0.17643599,90.0
Model_B,person129,person126,1,1,0.17621109,90.0
Model_B,person136,person002,1,1,0.1754326,90.0
Model_B,person004,person047,1,1,0.17537014,15.0
Model_B,person083,person038,1,1,0.1752912,90.0
Model_B,person120,person011,1,1,0.17528342,90.0
Model_B,person082,person149,1,1,0.17521657,90.0
Model_B,person020,person137,1,1,0.17519023,75.0
Model_B,person072,person101,1,1,0.1751386,75.0
Model_B,person056,person025,1,1,0.17505398,90.0
Model_B,person152,person084,1,1,0.17476147,75.0
Model_B,person052,person137,1,1,0.17455968,75.0
Model_B,person052,person010,1,1,0.17435032,90.0
Model_B,person009,person021,1,1,0.1743202,75.0
Model_B,person139,person099,1,1,0.17426115,90.0
Model_B,person092,person001,1,1,0.17412622,75.0
Model_B,person049,person021,1,1,0.17409766,75.0
Model_B,person054,person008,1,1,0.17399815,90.0
Model_B,person136,person004,1,1,0.17352496,90.0
Model_B,person072,person031,1,1,0.17343535,90.0
Model_B,person082,person024,1,1,0.17330013,90.0
Model_B,person134,person137,1,1,0.17305095,75.0
Model_B,person001,person114,1,1,0.1727825,90.0
Model_B,person053,person087,1,1,0.1716541,90.0
Model_B,person149,person137,1,1,0.1712316,75.0
Model_B,person108,person107,1,1,0.17110284,75.0
Model_B,person060,person045,1,1,0.17081676,75.0
Model_B,person080,person035,1,1,0.17064075,90.0
Model_B,person104,person071,1,1,0.17063263,75.0
Model_B,person027,person029,1,1,0.1705842,45.0
Model_B,person096,person149,1,1,0.17056246,90.0
Model_B,person093,person043,1,1,0.17046025,75.0
Model_B,person077,person001,1,1,0.1703492,90.0
Model_B,person031,person151,1,1,0.17021692,90.0
Model_B,person100,person116,1,1,0.17008854,45.0
Model_B,person047,person107,1,1,0.1696545,75.0
Model_B,person121,person059,1,1,0.16956191,90.0
Model_B,person061,person101,1,1,0.16954848,75.0
Model_B,person049,person061,1,1,0.16951136,90.0
Model_B,person132,person135,1,1,0.16938367,90.0
Model_B,person056,person107,1,1,0.16929339,75.0
Model_B,person010,person057,1,1,0.16909724,75.0
Model_B,person127,person008,1,1,0.16877711,75.0
Model_B,person135,person011,1,1,0.16871163,90.0
Model_B,person060,person126,1,1,0.16866954,90.0
Model_B,person151,person011,1,1,0.16862603,75.0
Model_B,person043,person057,1,1,0.1683371,15.0
Model_B,person118,person112,1,1,0.16814089,90.0
Model_B,person048,person137,1,1,0.16801248,75.0
Model_B,person101,person043,1,1,0.16769992,90.0
Model_B,person064,person047,1,1,0.16765006,90.0
Model_B,person094,person029,1,1,0.1675954,90.0
Model_B,person110,person134,1,1,0.16751161,90.0
Model_B,person060,person134,1,1,0.16745357,90.0
Model_B,person119,person021,1,1,0.16732217,75.0
Model_B,person042,person095,1,1,0.16713965,90.0
Model_B,person106,person019,1,1,0.16692615,90.0
Model_B,person060,person057,1,1,0.16657664,75.0
Model_B,person134,person015,1,1,0.16629279,75.0
Model_B,person005,person105,1,1,0.16586743,75.0
Model_B,person111,person015,1,1,0.16561268,75.0
Model_B,person129,person111,1,1,0.16553979,90.0
Model_B,person091,person108,1,1,0.16542983,90.0
Model_B,person001,person059,1,1,0.1654255,90.0
Model_B,person019,person015,1,1,0.16534744,75.0
Model_B,person049,person137,1,1,0.16530421,75.0
Model_B,person107,person101,1,1,0.16530004,75.0
Model_B,person009,person127,1,1,0.16515914,75.0
Model_B,person006,person021,1,1,0.16479366,75.0
Model_B,person068,person058,1,1,0.16408972,90.0
Model_B,person034,person133,1,1,0.16377419,90.0
Model_B,person081,person015,1,1,0.16370156,75.0
Model_B,person053,person013,1,1,0.16335726,75.0
Model_B,person147,person026,1,1,0.1629231,75.0
Model_B,person055,person136,1,1,0.16286199,75.0
Model_B,person069,person060,1,1,0.16276887,75.0
Model_B,person012,person040,1,1,0.16256699,75.0
Model_B,person030,person088,1,1,0.16247784,90.0
Model_B,person111,person024,1,1,0.16247773,90.0
Model_B,person034,person033,1,1,0.16212893,75.0
Model_B,person030,person008,1,1,0.16184355,75.0
Model_B,person135,person143,1,1,0.16174053,90.0
Model_B,person070,person114,1,1,0.16166458,90.0
Model_B,person061,person102,1,1,0.16156563,90.0
Model_B,person112,person093,1,1,0.1614097,75.0
Model_B,person127,person113,1,1,0.16125838,90.0
Model_B,person062,person055,1,1,0.16117167,75.0
Model_B,person061,person035,1,1,0.16091679,90.0
Model_B,person043,person023,1,1,0.16070037,90.0
Model_B,person067,person136,1,1,0.16069049,75.0
Model_B,person002,person015,1,1,0.16033204,75.0
Model_B,person096,person128,1,1,0.16031343,90.0
Model_B,person091,person143,1,1,0.16003148,75.0
Model_B,person032,person053,1,1,0.15984787,75.0
Model_B,person145,person061,1,1,0.15934914,90.0
Model_B,person152,person107,1,1,0.15923682,75.0
Model_B,person138,person057,1,1,0.15900406,75.0
Model_B,person076,person125,1,1,0.15858352,90.0
Model_B,person049,person135,1,1,0.15847439,45.0
Model_B,person002,person101,1,1,0.15826413,75.0
Model_B,person112,person003,1,1,0.15793341,90.0
Model_B,person039,person101,1,1,0.15781789,45.0
Model_B,person103,person050,1,1,0.15780601,90.0
Model_B,person085,person026,1,1,0.15775262,15.0
Model_B,person130,person057,1,1,0.15771863,75.0
Model_B,person047,person152,1,1,0.1574898,90.0
Model_B,person002,person137,1,1,0.15739231,75.0
Model_B,person072,person081,1,1,0.15712646,90.0
Model_B,person091,person034,1,1,0.15704854,90.0
Model_B,person082,person083,1,1,0.15685733,45.0
Model_B,person024,person059,1,1,0.15663487,75.0
Model_B,person056,person095,1,1,0.15644798,90.0
Model_B,person004,person095,1,1,0.15621012,90.0
Model_B,person001,person099,1,1,0.15609637,90.0
Model_B,person115,person008,1,1,0.15568937,90.0
Model_B,person076,person065,1,1,0.15556309,90.0
Model_B,person102,person113,1,1,0.15518539,90.0
Model_B,person093,person100,1,1,0.1548422,90.0
Model_B,person072,person078,1,1,0.15478772,90.0
Model_B,person144,person143,1,1,0.15456946,75.0
Model_B,person002,person084,1,1,0.15426001,90.0
Model_B,person041,person085,1,1,0.15303236,45.0
Model_B,person132,person073,1,1,0.15288223,90.0
Model_B,person063,person035,1,1,0.15282299,90.0
Model_B,person018,person021,1,1,0.15266503,75.0
Model_B,person069,person110,1,1,0.15211493,90.0
Model_B,person033,person015,1,1,0.15203622,75.0
Model_B,person135,person013,1,1,0.1520161,75.0
Model_B,person073,person137,1,1,0.15182817,75.0
Model_B,person054,person045,1,1,0.15140806,75.0
Model_B,person125,person124,1,1,0.15137136,45.0
Model_B,person005,person101,1,1,0.15077738,75.0
Model_B,person137,person093,1,1,0.15068401,90.0
Model_B,person095,person059,1,1,0.15051068,75.0
Model_B,person113,person107,1,1,0.15011732,90.0
Model_B,person152,person081,1,1,0.15011725,90.0
Model_B,person132,person111,1,1,0.14985895,75.0
Model_B,person076,person063,1,1,0.14983128,75.0
Model_B,person103,person075,1,1,0.14982419,90.0
Model_B,person038,person047,1,1,0.14924692,75.0
Model_B,person012,person021,1,1,0.14922103,75.0
Model_B,person061,person115,1,1,0.14911953,90.0
Model_B,person126,person019,1,1,0.14898115,90.0
Model_B,person096,person038,1,1,0.14869457,90.0
Model_B,person042,person087,1,1,0.14858499,75.0
Model_B,person066,person070,1,1,0.14857844,90.0
Model_B,person021,person026,1,1,0.1484835,90.0
Model_B,person074,person122,1,1,0.14838614,90.0
Model_B,person087,person059,1,1,0.14835045,90.0
Model_B,person073,person045,1,1,0.14815773,75.0
Model_B,person046,person094,1,1,0.1476687,75.0
Model_B,person030,person052,1,1,0.14756715,90.0
Model_B,person150,person040,1,1,0.14697239,75.0
Model_B,person140,person050,1,1,0.14687066,90.0
Model_B,person049,person101,1,1,0.1465559,75.0
Model_B,person013,person007,1,1,0.14652586,15.0
Model_B,person066,person032,1,1,0.14646241,75.0
Model_B,person136,person116,1,1,0.14646144,75.0
Model_B,person012,person093,1,1,0.14621198,90.0
Model_B,person086,person013,1,1,0.14618428,90.0
Model_B,person025,person137,1,1,0.14615272,75.0
Model_B,person094,person045,1,1,0.1460662,90.0
Model_B,person074,person017,1,1,0.14589988,90.0
Model_B,person033,person116,1,1,0.14583366,75.0
Model_B,person102,person139,1,1,0.14573917,90.0
Model_B,person136,person113,1,1,0.14525355,90.0
Model_B,person036,person137,1,1,0.1452387,75.0
Model_B,person112,person057,1,1,0.14491205,75.0
Model_B,person062,person041,1,1,0.14477779,90.0
Model_B,person131,person021,1,1,0.14467183,75.0
Model_B,person025,person095,1,1,0.14465964,90.0
Model_B,person013,person047,1,1,0.14463557,15.0
Model_B,person043,person021,1,1,0.14430536,75.0
Model_B,person058,person111,1,1,0.1442555,90.0
Model_B,person056,person059,1,1,0.14401563,75.0
Model_B,person026,person149,1,1,0.14382152,15.0
Model_B,person129,person075,1,1,0.14370778,75.0
Model_B,person012,person018,1,1,0.14356391,90.0
Model_B,person094,person012,1,1,0.14344,90.0
Model_B,person044,person064,1,1,0.14319874,90.0
Model_B,person128,person040,1,1,0.14300211,75.0
Model_B,person098,person152,1,1,0.14298275,75.0
Model_B,person037,person045,1,1,0.14282931,75.0
Model_B,person109,person043,1,1,0.14243989,90.0
Model_B,person103,person095,1,1,0.14212222,90.0
Model_B,person025,person032,1,1,0.14152385,90.0
Model_B,person108,person045,1,1,0.14102733,75.0
Model_B,person126,person137,1,1,0.14090624,75.0
Model_B,person001,person137,1,1,0.14089343,75.0
Model_B,person056,person113,1,1,0.14049964,90.0
Model_B,person124,person104,1,1,0.14033204,75.0
Model_B,person113,person021,1,1,0.14027338,75.0
Model_B,person080,person148,1,1,0.14017446,75.0
Model_B,person091,person121,1,1,0.14012954,90.0
Model_B,person078,person021,1,1,0.13998172,75.0
Model_B,person139,person102,1,1,0.13982432,75.0
Model_B,person118,person127,1,1,0.13975361,75.0
Model_B,person132,person059,1,1,0.13938244,90.0
Model_B,person004,person140,1,1,0.13926004,90.0
Model_B,person088,person053,1,1,0.13910738,75.0
Model_B,person083,person107,1,1,0.13904834,75.0
Model_B,person132,person116,1,1,0.13904403,90.0
Model_B,person141,person058,1,1,0.13887568,75.0
Model_B,person071,person098,1,1,0.13880722,45.0
Model_B,person047,person004,1,1,0.13820863,90.0
Model_B,person004,person040,1,1,0.13809867,75.0
Model_B,person006,person055,1,1,0.1379686,90.0
Model_B,person070,person109,1,1,0.13776784,90.0
Model_B,person132,person107,1,1,0.13776259,90.0
Model_B,person082,person129,1,1,0.13759728,90.0
Model_B,person081,person127,1,1,0.13753496,75.0
Model_B,person137,person032,1,1,0.13744234,90.0
Model_B,person006,person011,1,1,0.13739927,90.0
Model_B,person112,person144,1,1,0.13735513,75.0
Model_B,person086,person103,1,1,0.13666916,75.0
Model_B,person099,person001,1,1,0.1366505,90.0
Model_B,person113,person064,1,1,0.13656104,90.0
Model_B,person146,person027,1,1,0.13651352,45.0
Model_B,person122,person092,1,1,0.13615847,90.0
Model_B,person136,person043,1,1,0.13586885,90.0
Model_B,person041,person132,1,1,0.13580045,90.0
Model_B,person148,person057,1,1,0.135739,75.0
Model_B,person085,person051,1,1,0.13569982,45.0
Model_B,person116,person021,1,1,0.13543347,75.0
Model_B,person121,person133,1,1,0.13533247,90.0
Model_B,person084,person081,1,1,0.13532238,75.0
Model_B,person051,person149,1,1,0.13528155,90.0
Model_B,person128,person153,1,1,0.13470218,75.0
Model_B,person005,person081,1,1,0.13448817,90.0
Model_B,person067,person113,1,1,0.1343243,90.0
Model_B,person085,person067,1,1,0.13423218,45.0
Model_B,person096,person060,1,1,0.13388675,90.0
Model_B,person031,person126,1,1,0.13363995,90.0
Model_B,person025,person129,1,1,0.133361,90.0
Model_B,person091,person107,1,1,0.13330574,75.0
Model_B,person126,person128,1,1,0.13307582,90.0
Model_B,person112,person136,1,1,0.133054,75.0
Model_B,person006,person062,1,1,0.13302004,90.0
Model_B,person027,person045,1,1,0.13287173,75.0
Model_B,person082,person096,1,1,0.1324397,75.0
Model_B,person003,person046,1,1,0.1323883,90.0
Model_B,person028,person147,1,1,0.13194239,90.0
Model_B,person129,person059,1,1,0.13179134,75.0
Model_B,person025,person066,1,1,0.1317262,90.0
Model_B,person096,person015,1,1,0.13132542,75.0
Model_B,person020,person017,1,1,0.13127838,75.0
Model_B,person098,person039,1,1,0.13127743,90.0
Model_B,person051,person137,1,1,0.13106103,75.0
Model_B,person099,person091,1,1,0.1310502,90.0
Model_B,person037,person145,1,1,0.1304875,90.0
Model_B,person052,person136,1,1,0.13044903,90.0
Model_B,person152,person050,1,1,0.13038702,90.0
Model_B,person080,person015,1,1,0.13028918,75.0
Model_B,person105,person023,1,1,0.13021153,90.0
Model_B,person077,person040,1,1,0.13017562,90.0
Model_B,person033,person128,1,1,0.12993188,90.0
Model_B,person031,person080,1,1,0.1294865,90.0
Model_B,person082,person090,1,1,0.12939602,90.0
Model_B,person014,person122,1,1,0.12917776,90.0
Model_B,person076,person069,1,1,0.12904233,75.0
Model_B,person085,person024,1,1,0.1289132,90.0
Model_B,person063,person011,1,1,0.12887776,90.0
Model_B,person068,person045,1,1,0.12870598,90.0
Model_B,person005,person084,1,1,0.128498,90.0
Model_B,person153,person064,1,1,0.12846132,90.0
Model_B,person046,person068,1,1,0.12842537,90.0
Model_B,person124,person040,1,1,0.12816611,90.0
Model_B,person109,person068,1,1,0.12784453,90.0
Model_B,person105,person019,1,1,0.12736428,90.0
Model_B,person124,person047,1,1,0.12729979,45.0
Model_B,person069,person059,1,1,0.12720811,90.0
Model_B,person041,person147,1,1,0.12648663,45.0
Model_B,person058,person127,1,1,0.12642173,90.0
Model_B,person049,person045,1,1,0.12617609,45.0
Model_B,person149,person019,1,1,0.12615958,75.0
Model_B,person053,person104,1,1,0.12578492,75.0
Model_B,person073,person057,1,1,0.12565212,90.0
Model_B,person026,person061,1,1,0.12535071,90.0
Model_B,person153,person095,1,1,0.12510961,90.0
Model_B,person132,person151,1,1,0.12468708,90.0
Model_B,person105,person111,1,1,0.124127194,90.0
Model_B,person146,person057,1,1,0.12408411,75.0
Model_B,person073,person139,1,1,0.123982966,75.0
Model_B,person057,person008,1,1,0.12382601,90.0
Model_B,person028,person019,1,1,0.12373577,90.0
Model_B,person009,person093,1,1,0.12372911,90.0
Model_B,person009,person090,1,1,0.12367907,90.0
Model_B,person124,person137,1,1,0.123633705,45.0
Model_B,person065,person099,1,1,0.12351945,75.0
Model_B,person124,person065,1,1,0.123369284,90.0
Model_B,person063,person140,1,1,0.12328426,90.0
Model_B,person031,person092,1,1,0.123035565,90.0
Model_B,person121,person051,1,1,0.12300469,90.0
Model_B,person071,person040,1,1,0.1225597,75.0
Model_B,person065,person118,1,1,0.1225575,90.0
Model_B,person013,person008,1,1,0.122556925,75.0
Model_B,person088,person075,1,1,0.12202568,90.0
Model_B,person070,person035,1,1,0.12200463,90.0
Model_B,person139,person085,1,1,0.121788435,90.0
Model_B,person132,person001,1,1,0.121768266,75.0
Model_B,person069,person001,1,1,0.121767074,75.0
Model_B,person069,person083,1,1,0.12155841,90.0
Model_B,person139,person136,1,1,0.120839424,75.0
Model_B,person032,person036,1,1,0.120838016,90.0
Model_B,person065,person088,1,1,0.12078255,90.0
Model_B,person150,person098,1,1,0.12074437,75.0
Model_B,person136,person152,1,1,0.12069827,90.0
Model_B,person037,person049,1,1,0.12043254,75.0
Model_B,person123,person035,1,1,0.12041197,75.0
Model_B,person102,person045,1,1,0.11993364,75.0
Model_B,person113,person136,1,1,0.11983656,90.0
Model_B,person025,person053,1,1,0.119820274,90.0
Model_B,person038,person007,1,1,0.119809486,75.0
Model_B,person136,person107,1,1,0.119710624,90.0
Model_B,person072,person116,1,1,0.11963797,75.0
Model_B,person002,person144,1,1,0.11920909,75.0
Model_B,person002,person021,1,1,0.11905865,90.0
Model_B,person051,person067,1,1,0.11862024,90.0
Model_B,person051,person041,1,1,0.11861132,90.0
Model_B,person104,person064,1,1,0.11855261,90.0
Model_B,person002,person094,1,1,0.11852204,75.0
Model_B,person132,person007,1,1,0.11837417,90.0
Model_B,person096,person021,1,1,0.11835641,75.0
Model_B,person133,person116,1,1,0.11834845,75.0
Model_B,person026,person060,1,1,0.11827757,90.0
Model_B,person139,person040,1,1,0.11813378,75.0
Model_B,person095,person136,1,1,0.11808071,75.0
Model_B,person030,person148,1,1,0.11752771,90.0
Model_B,person148,person059,1,1,0.11749229,90.0
Model_B,person120,person122,1,1,0.1173966,90.0
Model_B,person052,person019,1,1,0.11724519,90.0
Model_B,person067,person028,1,1,0.11723263,90.0
Model_B,person102,person004,1,1,0.117066294,75.0
Model_B,person129,person045,1,1,0.117022835,75.0
Model_B,person065,person091,1,1,0.11695554,90.0
Model_B,person016,person115,1,1,0.1167466,75.0
Model_B,person050,person015,1,1,0.11671773,75.0
Model_B,person090,person021,1,1,0.116281874,75.0
Model_B,person034,person116,1,1,0.11576983,75.0
Model_B,person140,person101,1,1,0.11573084,75.0
Model_B,person033,person140,1,1,0.115329556,90.0
Model_B,person052,person053,1,1,0.11519416,90.0
Model_B,person064,person021,1,1,0.115142144,75.0
Model_B,person013,person095,1,1,0.11458989,90.0
Model_B,person041,person005,1,1,0.11447099,90.0
Model_B,person019,person136,1,1,0.114443526,75.0
Model_B,person031,person121,1,1,0.114440754,90.0
Model_B,person107,person143,1,1,0.11436091,90.0
Model_B,person115,person045,1,1,0.11414916,75.0
Model_B,person088,person068,1,1,0.11407811,75.0
Model_B,person087,person114,1,1,0.11402715,90.0
Model_B,person105,person113,1,1,0.113818295,75.0
Model_B,person071,person095,1,1,0.1138149,90.0
Model_B,person121,person118,1,1,0.113473125,90.0
Model_B,person055,person015,1,1,0.11345106,75.0
Model_B,person122,person099,1,1,0.11327732,75.0
Model_B,person095,person035,1,1,0.11324125,75.0
Model_B,person142,person038,1,1,0.11323189,90.0
Model_B,person096,person137,1,1,0.11283717,75.0
Model_B,person083,person073,1,1,0.11272055,90.0
Model_B,person144,person121,1,1,0.11241781,90.0
Model_B,person041,person056,1,1,0.112215504,75.0
Model_B,person128,person045,1,1,0.111935385,75.0
Model_B,person103,person043,1,1,0.11190598,75.0
Model_B,person130,person013,1,1,0.11140147,90.0
Model_B,person044,person093,1,1,0.111168206,90.0
Model_B,person129,person057,1,1,0.11077404,75.0
Model_B,person001,person045,1,1,0.110688925,75.0
Model_B,person128,person006,1,1,0.110521615,90.0
Model_B,person049,person090,1,1,0.11010954,90.0
Model_B,person094,person021,1,1,0.11004442,75.0
Model_B,person084,person051,1,1,0.109813504,90.0
Model_B,person120,person043,1,1,0.10978221,75.0
Model_B,person022,person100,1,1,0.10978022,90.0
Model_B,person121,person039,1,1,0.109548844,75.0
Model_B,person033,person031,1,1,0.109506786,90.0
Model_B,person097,person064,1,1,0.109472275,90.0
Model_B,person047,person045,1,1,0.109365925,75.0
Model_B,person034,person099,1,1,0.10907208,75.0
Model_B,person018,person097,1,1,0.108798385,90.0
Model_B,person131,person001,1,1,0.10853277,90.0
Model_B,person057,person104,1,1,0.10807317,90.0
Model_B,person100,person057,1,1,0.10803728,45.0
Model_B,person082,person068,1,1,0.1080121,90.0
Model_B,person092,person127,1,1,0.10795468,75.0
Model_B,person117,person014,1,1,0.10795082,45.0
Model_B,person110,person012,1,1,0.107481435,90.0
Model_B,person062,person024,1,1,0.106431305,90.0
Model_B,person013,person001,1,1,0.10642927,75.0
Model_B,person064,person101,1,1,0.10637424,75.0
Model_B,person003,person040,1,1,0.10629208,75.0
Model_B,person004,person096,1,1,0.10607491,90.0
Model_B,person082,person045,1,1,0.10606021,75.0
Model_B,person052,person022,1,1,0.10592827,75.0
Model_B,person092,person101,1,1,0.10574614,75.0
Model_B,person128,person059,1,1,0.10542471,90.0
Model_B,person074,person046,1,1,0.10540508,75.0
Model_B,person013,person024,1,1,0.10495407,75.0
Model_B,person106,person095,1,1,0.10494832,90.0
Model_B,person108,person067,1,1,0.10485676,75.0
Model_B,person103,person151,1,1,0.104753464,90.0
Model_B,person071,person008,1,1,0.104599416,75.0
Model_B,person067,person102,1,1,0.10454914,75.0
Model_B,person139,person113,1,1,0.10419987,90.0
Model_B,person091,person050,1,1,0.10418593,90.0
Model_B,person009,person080,1,1,0.10396236,90.0
Model_B,person103,person091,1,1,0.10371985,90.0
Model_B,person087,person012,1,1,0.10363172,90.0
Model_B,person047,person074,1,1,0.10349832,90.0
Model_B,person014,person127,1,1,0.103322,75.0
Model_B,person087,person021,1,1,0.103122644,75.0
Model_B,person145,person022,1,1,0.10307611,75.0
Model_B,person069,person088,1,1,0.103063755,90.0
Model_B,person103,person125,1,1,0.10283977,75.0
Model_B,person126,person057,1,1,0.10275285,75.0
Model_B,person126,person090,1,1,0.10243564,90.0
Model_B,person045,person022,1,1,0.10243195,90.0
Model_B,person005,person108,1,1,0.10217735,90.0
Model_B,person086,person064,1,1,0.10190156,90.0
Model_B,person028,person111,1,1,0.10181862,90.0
Model_B,person119,person068,1,1,0.10170819,90.0
Model_B,person007,person024,1,1,0.10140341,90.0
Model_B,person007,person004,1,1,0.10139909,75.0
Model_B,person074,person095,1,1,0.10135192,90.0
Model_B,person131,person129,1,1,0.10133666,90.0
Model_B,person125,person148,1,1,0.1011802,90.0
Model_B,person135,person112,1,1,0.10099118,90.0
Model_B,person030,person011,1,1,0.100958794,75.0
Model_B,person048,person034,1,1,0.10059088,90.0
Model_B,person031,person040,1,1,0.09957355,75.0
Model_B,person006,person137,1,1,0.09947099,75.0
Model_B,person034,person118,1,1,0.09929985,90.0
Model_B,person089,person038,1,1,0.099260956,90.0
Model_B,person047,person038,1,1,0.09896823,90.0
Model_B,person126,person132,1,1,0.09896162,90.0
Model_B,person030,person121,1,1,0.09861085,90.0
Model_B,person044,person034,1,1,0.09842625,90.0
Model_B,person107,person081,1,1,0.09837879,90.0
Model_B,person050,person059,1,1,0.09818087,75.0
Model_B,person118,person137,1,1,0.09809447,75.0
Model_B,person014,person017,1,1,0.09772923,75.0
Model_B,person074,person031,1,1,0.09752479,90.0
Model_B,person132,person013,1,1,0.09717883,90.0
Model_B,person075,person018,1,1,0.09677178,75.0
Model_B,person108,person057,1,1,0.09651569,75.0
Model_B,person128,person144,1,1,0.09647732,90.0
Model_B,person141,person045,1,1,0.09570627,75.0
Model_B,person097,person012,1,1,0.0955172,90.0
Model_B,person038,person081,1,1,0.0954981,90.0
Model_B,person090,person029,1,1,0.09547507,90.0
Model_B,person089,person150,1,1,0.09496197,75.0
Model_B,person083,person008,1,1,0.09493654,75.0
Model_B,person128,person015,1,1,0.094484255,75.0
Model_B,person014,person054,1,1,0.09437071,75.0
Model_B,person142,person077,1,1,0.09434016,75.0
Model_B,person137,person021,1,1,0.09299814,90.0
Model_B,person026,person114,1,1,0.09275067,90.0
Model_B,person105,person074,1,1,0.09233813,90.0
Model_B,person137,person148,1,1,0.092177935,90.0
Model_B,person069,person116,1,1,0.09151577,90.0
Model_B,person064,person131,1,1,0.09141478,90.0
Model_B,person066,person035,1,1,0.0914134,90.0
Model_B,person069,person055,1,1,0.09116627,90.0
Model_B,person089,person065,1,1,0.0911653,90.0
Model_B,person044,person095,1,1,0.090810694,90.0
Model_B,person004,person057,1,1,0.0906751,90.0
Model_B,person055,person060,1,1,0.08959897,75.0
Model_B,person108,person146,1,1,0.08929803,75.0
Model_B,person067,person147,1,1,0.08917179,90.0
Model_B,person139,person039,1,1,0.089001,90.0
Model_B,person083,person085,1,1,0.08887439,90.0
Model_B,person041,person096,1,1,0.08853456,90.0
Model_B,person076,person037,1,1,0.08852866,90.0
Model_B,person139,person078,1,1,0.088172734,90.0
Model_B,person010,person017,1,1,0.08805229,75.0
Model_B,person147,person143,1,1,0.087939985,90.0
Model_B,person007,person096,1,1,0.08776266,90.0
Model_B,person044,person046,1,1,0.08773058,90.0
Model_B,person131,person025,1,1,0.08739619,75.0
Model_B,person083,person082,1,1,0.08736258,90.0
Model_B,person039,person150,1,1,0.087142,90.0
Model_B,person132,person127,1,1,0.08709301,75.0
Model_B,person074,person010,1,1,0.08640344,90.0
Model_B,person062,person137,1,1,0.08637582,75.0
Model_B,person052,person096,1,1,0.08608303,90.0
Model_B,person139,person115,1,1,0.08571772,90.0
Model_B,person056,person064,1,1,0.08568535,90.0
Model_B,person149,person006,1,1,0.0856327,90.0
Model_B,person033,person039,1,1,0.08545236,75.0
Model_B,person048,person097,1,1,0.085029215,75.0
Model_B,person136,person017,1,1,0.08501883,90.0
Model_B,person094,person145,1,1,0.08500482,90.0
Model_B,person034,person053,1,1,0.0846677,90.0
Model_B,person079,person075,1,1,0.08430423,90.0
Model_B,person025,person082,1,1,0.08426922,75.0
Model_B,person063,person099,1,1,0.08420915,90.0
Model_B,person131,person113,1,1,0.084111705,90.0
Model_B,person047,person026,1,1,0.0838442,90.0
Model_B,person026,person048,1,1,0.08269396,90.0
Model_B,person130,person055,1,1,0.08266364,90.0
Model_B,person152,person057,1,1,0.082192816,75.0
Model_B,person048,person012,1,1,0.081647284,90.0
Model_B,person147,person055,1,1,0.081606865,90.0
Model_B,person147,person078,1,1,0.08140351,90.0
Model_B,person130,person006,1,1,0.08099856,90.0
Model_B,person113,person033,1,1,0.080737695,90.0
Model_B,person074,person063,1,1,0.080342956,75.0
Model_B,person103,person120,1,1,0.08028335,90.0
Model_B,person121,person149,1,1,0.07979029,90.0
Model_B,person073,person146,1,1,0.079615064,90.0
Model_B,person110,person143,1,1,0.07925706,75.0
Model_B,person057,person140,1,1,0.07916303,90.0
Model_B,person044,person036,1,1,0.07905729,90.0
Model_B,person122,person056,1,1,0.07861329,90.0
Model_B,person002,person113,1,1,0.07828754,90.0
Model_B,person002,person128,1,1,0.07825946,90.0
Model_B,person128,person025,1,1,0.077955104,75.0
Model_B,person137,person027,1,1,0.077443,90.0
Model_B,person126,person062,1,1,0.07718443,90.0
Model_B,person012,person032,1,1,0.07684262,90.0
Model_B,person091,person101,1,1,0.07632601,75.0
Model_B,person038,person085,1,1,0.0758597,75.0
Model_B,person061,person109,1,1,0.07549057,90.0
Model_B,person151,person136,1,1,0.075351045,75.0
Model_B,person100,person146,1,1,0.074963,45.0
Model_B,person074,person088,1,1,0.074536085,90.0
Model_B,person052,person015,1,1,0.07416811,75.0
Model_B,person034,person046,1,1,0.074154794,75.0
Model_B,person103,person039,1,1,0.07404732,90.0
Model_B,person083,person128,1,1,0.07398397,90.0
Model_B,person089,person137,1,1,0.073976405,75.0
Model_B,person007,person094,1,1,0.073193304,75.0
Model_B,person089,person107,1,1,0.07303079,90.0
Model_B,person056,person068,1,1,0.07297937,90.0
Model_B,person069,person127,1,1,0.07295763,90.0
Model_B,person152,person004,1,1,0.07276158,90.0
Model_B,person042,person034,1,1,0.072473064,90.0
Model_B,person027,person101,1,1,0.07227816,75.0
Model_B,person042,person142,1,1,0.07217666,90.0
Model_B,person048,person017,1,1,0.07178734,75.0
Model_B,person103,person037,1,1,0.07129226,90.0
Model_B,person051,person095,1,1,0.07117715,90.0
Model_B,person069,person128,1,1,0.070998184,90.0
Model_B,person028,person010,1,1,0.070887044,75.0
Model_B,person112,person091,1,1,0.07068529,45.0
Model_B,person004,person150,1,1,0.070052296,90.0
Model_B,person065,person137,1,1,0.07003171,90.0
Model_B,person089,person109,1,1,0.06993755,90.0
Model_B,person051,person088,1,1,0.06986662,90.0
Model_B,person113,person152,1,1,0.06979259,90.0
Model_B,person102,person052,1,1,0.0687927,90.0
Model_B,person052,person035,1,1,0.067688376,75.0
Model_B,person073,person130,1,1,0.0668934,90.0
Model_B,person126,person118,1,1,0.06684691,90.0
Model_B,person142,person150,1,1,0.06644376,90.0
Model_B,person052,person041,1,1,0.066215135,90.0
Model_B,person026,person044,1,1,0.06592319,90.0
Model_B,person082,person038,1,1,0.06535607,75.0
Model_B,person087,person127,1,1,0.06515681,75.0
Model_B,person140,person088,1,1,0.063740335,90.0
Model_B,person103,person118,1,1,0.06317796,90.0
Model_B,person133,person092,1,1,0.062027257,90.0
Model_B,person126,person025,1,1,0.061768107,75.0
Model_B,person034,person143,1,1,0.060249794,75.0
Model_B,person136,person062,1,1,0.05950106,90.0
Model_B,person082,person085,1,1,0.05892521,75.0
Model_B,person147,person088,1,1,0.058658734,90.0
Model_B,person132,person008,1,1,0.057843827,90.0
Model_B,person075,person137,1,1,0.05755958,75.0
Model_B,person037,person102,1,1,0.0573791,75.0
Model_B,person052,person069,1,1,0.05605317,90.0
Model_B,person139,person064,1,1,0.055879977,90.0
Model_B,person065,person125,1,1,0.05568767,90.0
Model_B,person049,person105,1,1,0.055232078,90.0
Model_B,person151,person043,1,1,0.05394438,75.0
Model_B,person147,person057,1,1,0.05129103,75.0
Model_B,person082,person084,1,1,0.050046306,90.0
Model_B,person033,person101,1,1,0.040387787,75.0
