person,yaw,illumination,path,A_correct_seeds,A_mean_confidence,B_correct_seeds,B_mean_confidence,abs_yaw,A_always_correct,B_always_correct,A_always_wrong,B_always_wrong
person001,-90,2,E:\Thesis\Dataset\correct_angle_all\person001\left\90_degree_02.png,0,0.123982035,3,0.18164742,90,0,1,1,0
person001,-90,14,E:\Thesis\Dataset\correct_angle_all\person001\left\90_degree_14.png,0,0.108860455,3,0.27177894,90,0,1,1,0
person001,-75,2,E:\Thesis\Dataset\correct_angle_all\person001\left\75_degree_02.png,0,0.1262809,3,0.7215604,75,0,1,1,0
person001,-75,9,E:\Thesis\Dataset\correct_angle_all\person001\left\75_degree_09.png,0,0.15219498,3,0.6892335,75,0,1,1,0
person001,-75,18,E:\Thesis\Dataset\correct_angle_all\person001\left\75_degree_18.png,0,0.12212047,3,0.6991064,75,0,1,1,0
person001,-60,2,E:\Thesis\Dataset\correct_angle_all\person001\left\60_degree_02.png,0,0.12070128,3,0.96356446,60,0,1,1,0
person001,-60,9,E:\Thesis\Dataset\correct_angle_all\person001\left\60_degree_09.png,0,0.13567613,3,0.9244089,60,0,1,1,0
person001,-60,14,E:\Thesis\Dataset\correct_angle_all\person001\left\60_degree_14.png,0,0.12266951,3,0.9957526,60,0,1,1,0
person001,-60,18,E:\Thesis\Dataset\correct_angle_all\person001\left\60_degree_18.png,0,0.1386069,3,0.9844055,60,0,1,1,0
person001,-45,2,E:\Thesis\Dataset\correct_angle_all\person001\left\45_degree_02.png,0,0.15289952,3,0.62435395,45,0,1,1,0
person001,-45,9,E:\Thesis\Dataset\correct_angle_all\person001\left\45_degree_09.png,0,0.2678924,3,0.7308956,45,0,1,1,0
person001,-45,14,E:\Thesis\Dataset\correct_angle_all\person001\left\45_degree_14.png,0,0.22365637,3,0.7200527,45,0,1,1,0
person001,-45,18,E:\Thesis\Dataset\correct_angle_all\person001\left\45_degree_18.png,0,0.21471141,3,0.7976904,45,0,1,1,0
person001,-30,2,E:\Thesis\Dataset\correct_angle_all\person001\left\30_degree_02.png,0,0.19817035,3,0.9389587,30,0,1,1,0
person001,-30,9,E:\Thesis\Dataset\correct_angle_all\person001\left\30_degree_09.png,0,0.19442566,3,0.9936223,30,0,1,1,0
person001,-30,14,E:\Thesis\Dataset\correct_angle_all\person001\left\30_degree_14.png,0,0.12613899,3,0.9499076,30,0,1,1,0
person001,-30,18,E:\Thesis\Dataset\correct_angle_all\person001\left\30_degree_18.png,0,0.16877292,3,0.9953101,30,0,1,1,0
person001,-15,9,E:\Thesis\Dataset\correct_angle_all\person001\left\15_degree09.png,0,0.05335553,3,0.85563344,15,0,1,1,0
person001,-15,14,E:\Thesis\Dataset\correct_angle_all\person001\left\15_degree14.png,0,0.08063901,3,0.86692756,15,0,1,1,0
person001,15,2,E:\Thesis\Dataset\correct_angle_all\person001\right\15_degree02.png,0,0.07082781,3,0.7479582,15,0,1,1,0
person001,15,9,E:\Thesis\Dataset\correct_angle_all\person001\right\15_degree09.png,0,0.09489275,3,0.79873395,15,0,1,1,0
person001,15,14,E:\Thesis\Dataset\correct_angle_all\person001\right\15_degree14.png,0,0.087539375,3,0.64781135,15,0,1,1,0
person001,15,18,E:\Thesis\Dataset\correct_angle_all\person001\right\15_degree18.png,0,0.07542899,3,0.9474533,15,0,1,1,0
person001,30,2,E:\Thesis\Dataset\correct_angle_all\person001\right\30_degree02.png,0,0.10957834,3,0.97427917,30,0,1,1,0
person001,30,9,E:\Thesis\Dataset\correct_angle_all\person001\right\30_degree09.png,0,0.10547557,3,0.99642825,30,0,1,1,0
person001,30,14,E:\Thesis\Dataset\correct_angle_all\person001\right\30_degree14.png,0,0.09683943,3,0.81663734,30,0,1,1,0
person001,30,18,E:\Thesis\Dataset\correct_angle_all\person001\right\30_degree18.png,0,0.1215431,3,0.98941374,30,0,1,1,0
person001,45,2,E:\Thesis\Dataset\correct_angle_all\person001\right\45_degree02.png,0,0.1572104,3,0.44698325,45,0,1,1,0
person001,45,9,E:\Thesis\Dataset\correct_angle_all\person001\right\45_degree09.png,0,0.23922181,3,0.80260855,45,0,1,1,0
person001,45,18,E:\Thesis\Dataset\correct_angle_all\person001\right\45_degree18.png,0,0.24487604,3,0.8013392,45,0,1,1,0
person001,60,2,E:\Thesis\Dataset\correct_angle_all\person001\right\60_degree02.png,0,0.07946418,3,0.93437403,60,0,1,1,0
person001,60,9,E:\Thesis\Dataset\correct_angle_all\person001\right\60_degree09.png,0,0.12590691,3,0.9981284,60,0,1,1,0
person001,60,14,E:\Thesis\Dataset\correct_angle_all\person001\right\60_degree14.png,0,0.096575975,3,0.94066507,60,0,1,1,0
person001,60,18,E:\Thesis\Dataset\correct_angle_all\person001\right\60_degree18.png,0,0.07805127,3,0.99817055,60,0,1,1,0
person001,75,9,E:\Thesis\Dataset\correct_angle_all\person001\right\75_degree09.png,0,0.10665234,3,0.9298081,75,0,1,1,0
person001,75,14,E:\Thesis\Dataset\correct_angle_all\person001\right\75_degree14.png,0,0.13197069,3,0.536306,75,0,1,1,0
person001,75,18,E:\Thesis\Dataset\correct_angle_all\person001\right\75_degree18.png,0,0.0930894,3,0.9234181,75,0,1,1,0
person001,90,9,E:\Thesis\Dataset\correct_angle_all\person001\right\90_degree09.png,0,0.066538684,3,0.58768874,90,0,1,1,0
person001,90,14,E:\Thesis\Dataset\correct_angle_all\person001\right\90_degree14.png,0,0.15600397,3,0.4212569,90,0,1,1,0
person001,90,18,E:\Thesis\Dataset\correct_angle_all\person001\right\90_degree18.png,0,0.09695235,3,0.5058999,90,0,1,1,0
person002,-60,2,E:\Thesis\Dataset\correct_angle_all\person002\left\60_degree_02.png,0,0.0658274,3,0.9812457,60,0,1,1,0
person002,-60,9,E:\Thesis\Dataset\correct_angle_all\person002\left\60_degree_09.png,0,0.087176055,3,0.9139158,60,0,1,1,0
person002,-60,14,E:\Thesis\Dataset\correct_angle_all\person002\left\60_degree_14.png,0,0.08642784,3,0.90799284,60,0,1,1,0
person002,-60,18,E:\Thesis\Dataset\correct_angle_all\person002\left\60_degree_18.png,0,0.1035034,3,0.92251587,60,0,1,1,0
person002,-45,2,E:\Thesis\Dataset\correct_angle_all\person002\left\45_degree_02.png,0,0.27657536,3,0.674865,45,0,1,1,0
person002,-45,9,E:\Thesis\Dataset\correct_angle_all\person002\left\45_degree_09.png,0,0.2842188,3,0.70985126,45,0,1,1,0
person002,-45,14,E:\Thesis\Dataset\correct_angle_all\person002\left\45_degree_14.png,0,0.19339316,3,0.7571319,45,0,1,1,0
person002,-45,18,E:\Thesis\Dataset\correct_angle_all\person002\left\45_degree_18.png,0,0.22885132,3,0.8788728,45,0,1,1,0
person003,-75,9,E:\Thesis\Dataset\correct_angle_all\person003\left\75_degree_09.png,0,0.21882625,3,0.688741,75,0,1,1,0
person003,-60,14,E:\Thesis\Dataset\correct_angle_all\person003\left\60_degree_14.png,0,0.08139985,3,0.9487838,60,0,1,1,0
person003,-45,2,E:\Thesis\Dataset\correct_angle_all\person003\left\45_degree_02.png,0,0.18235795,3,0.97916627,45,0,1,1,0
person003,-45,18,E:\Thesis\Dataset\correct_angle_all\person003\left\45_degree_18.png,0,0.17415233,3,0.9545967,45,0,1,1,0
person003,-30,2,E:\Thesis\Dataset\correct_angle_all\person003\left\30_degree_02.png,0,0.43950617,3,0.9972426,30,0,1,1,0
person003,-30,14,E:\Thesis\Dataset\correct_angle_all\person003\left\30_degree_14.png,0,0.4262322,3,0.96887845,30,0,1,1,0
person003,-30,18,E:\Thesis\Dataset\correct_angle_all\person003\left\30_degree_18.png,0,0.3476725,3,0.99695116,30,0,1,1,0
person003,30,2,E:\Thesis\Dataset\correct_angle_all\person003\right\30_degree02.png,0,0.22871251,3,0.9907467,30,0,1,1,0
person003,30,14,E:\Thesis\Dataset\correct_angle_all\person003\right\30_degree14.png,0,0.20530397,3,0.99037486,30,0,1,1,0
person003,45,2,E:\Thesis\Dataset\correct_angle_all\person003\right\45_degree02.png,0,0.26030514,3,0.9222438,45,0,1,1,0
person003,45,9,E:\Thesis\Dataset\correct_angle_all\person003\right\45_degree09.png,0,0.24085993,3,0.89956737,45,0,1,1,0
person003,45,14,E:\Thesis\Dataset\correct_angle_all\person003\right\45_degree14.png,0,0.26072112,3,0.94495034,45,0,1,1,0
person003,45,18,E:\Thesis\Dataset\correct_angle_all\person003\right\45_degree18.png,0,0.23878099,3,0.9335044,45,0,1,1,0
person003,60,2,E:\Thesis\Dataset\correct_angle_all\person003\right\60_degree02.png,0,0.24374491,3,0.9946439,60,0,1,1,0
person003,60,9,E:\Thesis\Dataset\correct_angle_all\person003\right\60_degree09.png,0,0.13701062,3,0.9683743,60,0,1,1,0
person003,60,14,E:\Thesis\Dataset\correct_angle_all\person003\right\60_degree14.png,0,0.24887533,3,0.9983898,60,0,1,1,0
person003,60,18,E:\Thesis\Dataset\correct_angle_all\person003\right\60_degree18.png,0,0.13997765,3,0.9938094,60,0,1,1,0
person003,75,9,E:\Thesis\Dataset\correct_angle_all\person003\right\75_degree09.png,0,0.09355631,3,0.6767404,75,0,1,1,0
person003,75,14,E:\Thesis\Dataset\correct_angle_all\person003\right\75_degree14.png,0,0.17601772,3,0.8607952,75,0,1,1,0
person003,75,18,E:\Thesis\Dataset\correct_angle_all\person003\right\75_degree18.png,0,0.09979317,3,0.78255653,75,0,1,1,0
person004,-90,14,E:\Thesis\Dataset\correct_angle_all\person004\left\90_degree_14.png,0,0.12890549,3,0.23834018,90,0,1,1,0
person004,-75,2,E:\Thesis\Dataset\correct_angle_all\person004\left\75_degree_02.png,0,0.17493634,3,0.27854687,75,0,1,1,0
person004,-75,9,E:\Thesis\Dataset\correct_angle_all\person004\left\75_degree_09.png,0,0.13952334,3,0.46515808,75,0,1,1,0
person004,-75,18,E:\Thesis\Dataset\correct_angle_all\person004\left\75_degree_18.png,0,0.15373081,3,0.42217183,75,0,1,1,0
person004,-60,2,E:\Thesis\Dataset\correct_angle_all\person004\left\60_degree_02.png,0,0.14812613,3,0.96489286,60,0,1,1,0
person004,-60,9,E:\Thesis\Dataset\correct_angle_all\person004\left\60_degree_09.png,0,0.084642984,3,0.9882377,60,0,1,1,0
person004,-60,14,E:\Thesis\Dataset\correct_angle_all\person004\left\60_degree_14.png,0,0.13656239,3,0.9803858,60,0,1,1,0
person004,-60,18,E:\Thesis\Dataset\correct_angle_all\person004\left\60_degree_18.png,0,0.15180607,3,0.99087745,60,0,1,1,0
person004,-45,2,E:\Thesis\Dataset\correct_angle_all\person004\left\45_degree_02.png,0,0.10378313,3,0.9347996,45,0,1,1,0
person004,-45,9,E:\Thesis\Dataset\correct_angle_all\person004\left\45_degree_09.png,0,0.09753061,3,0.966904,45,0,1,1,0
person004,-45,14,E:\Thesis\Dataset\correct_angle_all\person004\left\45_degree_14.png,0,0.08158837,3,0.9078594,45,0,1,1,0
person004,-45,18,E:\Thesis\Dataset\correct_angle_all\person004\left\45_degree_18.png,0,0.09379748,3,0.98525494,45,0,1,1,0
person004,-30,2,E:\Thesis\Dataset\correct_angle_all\person004\left\30_degree_02.png,0,0.17186081,3,0.9913834,30,0,1,1,0
person004,-30,9,E:\Thesis\Dataset\correct_angle_all\person004\left\30_degree_09.png,0,0.12089062,3,0.9957702,30,0,1,1,0
person004,-30,14,E:\Thesis\Dataset\correct_angle_all\person004\left\30_degree_14.png,0,0.092717685,3,0.98749286,30,0,1,1,0
person004,-30,18,E:\Thesis\Dataset\correct_angle_all\person004\left\30_degree_18.png,0,0.16564192,3,0.99737376,30,0,1,1,0
person004,-15,2,E:\Thesis\Dataset\correct_angle_all\person004\left\15_degree02.png,0,0.06304602,3,0.86826485,15,0,1,1,0
person004,15,9,E:\Thesis\Dataset\correct_angle_all\person004\right\15_degree09.png,0,0.1084312,3,0.49032536,15,0,1,1,0
person004,30,2,E:\Thesis\Dataset\correct_angle_all\person004\right\30_degree02.png,0,0.11509564,3,0.97476155,30,0,1,1,0
person004,30,9,E:\Thesis\Dataset\correct_angle_all\person004\right\30_degree09.png,0,0.12376219,3,0.9989638,30,0,1,1,0
person004,30,14,E:\Thesis\Dataset\correct_angle_all\person004\right\30_degree14.png,0,0.16643612,3,0.96165633,30,0,1,1,0
person004,30,18,E:\Thesis\Dataset\correct_angle_all\person004\right\30_degree18.png,0,0.15635146,3,0.99209076,30,0,1,1,0
person004,45,2,E:\Thesis\Dataset\correct_angle_all\person004\right\45_degree02.png,0,0.15739013,3,0.53738195,45,0,1,1,0
person004,45,9,E:\Thesis\Dataset\correct_angle_all\person004\right\45_degree09.png,0,0.21001618,3,0.93467563,45,0,1,1,0
person004,45,14,E:\Thesis\Dataset\correct_angle_all\person004\right\45_degree14.png,0,0.1760772,3,0.62969446,45,0,1,1,0
person004,45,18,E:\Thesis\Dataset\correct_angle_all\person004\right\45_degree18.png,0,0.16455464,3,0.76530415,45,0,1,1,0
person004,60,2,E:\Thesis\Dataset\correct_angle_all\person004\right\60_degree02.png,0,0.059542164,3,0.98509985,60,0,1,1,0
person004,75,9,E:\Thesis\Dataset\correct_angle_all\person004\right\75_degree09.png,0,0.112224825,3,0.4699591,75,0,1,1,0
person004,90,2,E:\Thesis\Dataset\correct_angle_all\person004\right\90_degree02.png,0,0.07645238,3,0.35425594,90,0,1,1,0
person005,-75,2,E:\Thesis\Dataset\correct_angle_all\person005\left\75_degree_02.png,0,0.2094586,3,0.5473401,75,0,1,1,0
person005,-75,9,E:\Thesis\Dataset\correct_angle_all\person005\left\75_degree_09.png,0,0.2734249,3,0.5267893,75,0,1,1,0
person005,-60,2,E:\Thesis\Dataset\correct_angle_all\person005\left\60_degree_02.png,0,0.15857828,3,0.9852104,60,0,1,1,0
person005,-60,9,E:\Thesis\Dataset\correct_angle_all\person005\left\60_degree_09.png,0,0.17505747,3,0.98519236,60,0,1,1,0
person005,-60,14,E:\Thesis\Dataset\correct_angle_all\person005\left\60_degree_14.png,0,0.1833617,3,0.78684145,60,0,1,1,0
person005,-60,18,E:\Thesis\Dataset\correct_angle_all\person005\left\60_degree_18.png,0,0.17794596,3,0.95164317,60,0,1,1,0
person005,-45,2,E:\Thesis\Dataset\correct_angle_all\person005\left\45_degree_02.png,0,0.16091304,3,0.87858486,45,0,1,1,0
person005,-45,9,E:\Thesis\Dataset\correct_angle_all\person005\left\45_degree_09.png,0,0.17472327,3,0.96183896,45,0,1,1,0
person005,-45,14,E:\Thesis\Dataset\correct_angle_all\person005\left\45_degree_14.png,0,0.17097585,3,0.711838,45,0,1,1,0
person005,-45,18,E:\Thesis\Dataset\correct_angle_all\person005\left\45_degree_18.png,0,0.16925287,3,0.9014621,45,0,1,1,0
person005,-30,2,E:\Thesis\Dataset\correct_angle_all\person005\left\30_degree_02.png,0,0.2666038,3,0.99534756,30,0,1,1,0
person005,-30,9,E:\Thesis\Dataset\correct_angle_all\person005\left\30_degree_09.png,0,0.26426077,3,0.98941725,30,0,1,1,0
person005,-30,14,E:\Thesis\Dataset\correct_angle_all\person005\left\30_degree_14.png,0,0.19684924,3,0.97133845,30,0,1,1,0
person005,-30,18,E:\Thesis\Dataset\correct_angle_all\person005\left\30_degree_18.png,0,0.23071504,3,0.98885584,30,0,1,1,0
person005,30,2,E:\Thesis\Dataset\correct_angle_all\person005\right\30_degree02.png,0,0.25213358,3,0.97057766,30,0,1,1,0
person005,30,9,E:\Thesis\Dataset\correct_angle_all\person005\right\30_degree09.png,0,0.36842692,3,0.99836737,30,0,1,1,0
person005,30,14,E:\Thesis\Dataset\correct_angle_all\person005\right\30_degree14.png,0,0.24605934,3,0.9937355,30,0,1,1,0
person005,30,18,E:\Thesis\Dataset\correct_angle_all\person005\right\30_degree18.png,0,0.3694438,3,0.99616796,30,0,1,1,0
person005,45,2,E:\Thesis\Dataset\correct_angle_all\person005\right\45_degree02.png,0,0.19819458,3,0.8383463,45,0,1,1,0
person005,45,9,E:\Thesis\Dataset\correct_angle_all\person005\right\45_degree09.png,0,0.34307602,3,0.9776733,45,0,1,1,0
person005,45,14,E:\Thesis\Dataset\correct_angle_all\person005\right\45_degree14.png,0,0.23783152,3,0.81567216,45,0,1,1,0
person005,45,18,E:\Thesis\Dataset\correct_angle_all\person005\right\45_degree18.png,0,0.3765428,3,0.8929703,45,0,1,1,0
person005,60,2,E:\Thesis\Dataset\correct_angle_all\person005\right\60_degree02.png,0,0.056162674,3,0.8878438,60,0,1,1,0
person005,60,9,E:\Thesis\Dataset\correct_angle_all\person005\right\60_degree09.png,0,0.09465823,3,0.99800515,60,0,1,1,0
person005,60,14,E:\Thesis\Dataset\correct_angle_all\person005\right\60_degree14.png,0,0.09559176,3,0.9434089,60,0,1,1,0
person005,60,18,E:\Thesis\Dataset\correct_angle_all\person005\right\60_degree18.png,0,0.09787921,3,0.995003,60,0,1,1,0
person005,75,9,E:\Thesis\Dataset\correct_angle_all\person005\right\75_degree09.png,0,0.11190037,3,0.87675387,75,0,1,1,0
person005,75,14,E:\Thesis\Dataset\correct_angle_all\person005\right\75_degree14.png,0,0.11163383,3,0.37679252,75,0,1,1,0
person005,75,18,E:\Thesis\Dataset\correct_angle_all\person005\right\75_degree18.png,0,0.09476916,3,0.71925,75,0,1,1,0
person006,-90,2,E:\Thesis\Dataset\correct_angle_all\person006\left\90_degree_02.png,0,0.13037477,3,0.5909321,90,0,1,1,0
person006,-90,9,E:\Thesis\Dataset\correct_angle_all\person006\left\90_degree_09.png,0,0.12587726,3,0.8009238,90,0,1,1,0
person006,-90,14,E:\Thesis\Dataset\correct_angle_all\person006\left\90_degree_14.png,0,0.13634105,3,0.84837264,90,0,1,1,0
person006,-90,18,E:\Thesis\Dataset\correct_angle_all\person006\left\90_degree_18.png,0,0.09911,3,0.7103711,90,0,1,1,0
person006,-75,2,E:\Thesis\Dataset\correct_angle_all\person006\left\75_degree_02.png,0,0.15984213,3,0.95336026,75,0,1,1,0
person006,-75,9,E:\Thesis\Dataset\correct_angle_all\person006\left\75_degree_09.png,0,0.11758263,3,0.9728152,75,0,1,1,0
person006,-75,18,E:\Thesis\Dataset\correct_angle_all\person006\left\75_degree_18.png,0,0.092479825,3,0.9286447,75,0,1,1,0
person006,-60,2,E:\Thesis\Dataset\correct_angle_all\person006\left\60_degree_02.png,0,0.1108712,3,0.98737353,60,0,1,1,0
person006,-60,9,E:\Thesis\Dataset\correct_angle_all\person006\left\60_degree_09.png,0,0.1583986,3,0.99687296,60,0,1,1,0
person006,-60,14,E:\Thesis\Dataset\correct_angle_all\person006\left\60_degree_14.png,0,0.10202173,3,0.9960504,60,0,1,1,0
person006,-60,18,E:\Thesis\Dataset\correct_angle_all\person006\left\60_degree_18.png,0,0.12878634,3,0.9922827,60,0,1,1,0
person006,-45,14,E:\Thesis\Dataset\correct_angle_all\person006\left\45_degree_14.png,0,0.10678802,3,0.9703322,45,0,1,1,0
person006,30,2,E:\Thesis\Dataset\correct_angle_all\person006\right\30_degree02.png,0,0.12424969,3,0.98133427,30,0,1,1,0
person006,30,9,E:\Thesis\Dataset\correct_angle_all\person006\right\30_degree09.png,0,0.12570585,3,0.9696062,30,0,1,1,0
person006,30,18,E:\Thesis\Dataset\correct_angle_all\person006\right\30_degree18.png,0,0.13284452,3,0.9904387,30,0,1,1,0
person006,45,2,E:\Thesis\Dataset\correct_angle_all\person006\right\45_degree02.png,0,0.17756857,3,0.88863945,45,0,1,1,0
person006,45,9,E:\Thesis\Dataset\correct_angle_all\person006\right\45_degree09.png,0,0.18681367,3,0.91640884,45,0,1,1,0
person006,45,14,E:\Thesis\Dataset\correct_angle_all\person006\right\45_degree14.png,0,0.17977272,3,0.9654853,45,0,1,1,0
person006,45,18,E:\Thesis\Dataset\correct_angle_all\person006\right\45_degree18.png,0,0.18737127,3,0.97742605,45,0,1,1,0
person006,60,2,E:\Thesis\Dataset\correct_angle_all\person006\right\60_degree02.png,0,0.16845886,3,0.97869045,60,0,1,1,0
person006,60,9,E:\Thesis\Dataset\correct_angle_all\person006\right\60_degree09.png,0,0.22114663,3,0.9624236,60,0,1,1,0
person006,60,14,E:\Thesis\Dataset\correct_angle_all\person006\right\60_degree14.png,0,0.22855437,3,0.9980757,60,0,1,1,0
person006,60,18,E:\Thesis\Dataset\correct_angle_all\person006\right\60_degree18.png,0,0.19384837,3,0.99429375,60,0,1,1,0
person006,75,9,E:\Thesis\Dataset\correct_angle_all\person006\right\75_degree09.png,0,0.13731773,3,0.43382755,75,0,1,1,0
person006,75,14,E:\Thesis\Dataset\correct_angle_all\person006\right\75_degree14.png,0,0.15258802,3,0.6870272,75,0,1,1,0
person006,75,18,E:\Thesis\Dataset\correct_angle_all\person006\right\75_degree18.png,0,0.13657428,3,0.5507136,75,0,1,1,0
person007,-75,2,E:\Thesis\Dataset\correct_angle_all\person007\left\75_degree_02.png,0,0.19857259,3,0.6270661,75,0,1,1,0
person007,-75,9,E:\Thesis\Dataset\correct_angle_all\person007\left\75_degree_09.png,0,0.18487413,3,0.6594438,75,0,1,1,0
person007,-75,18,E:\Thesis\Dataset\correct_angle_all\person007\left\75_degree_18.png,0,0.1680702,3,0.55063486,75,0,1,1,0
person007,-60,2,E:\Thesis\Dataset\correct_angle_all\person007\left\60_degree_02.png,0,0.19344507,3,0.9904599,60,0,1,1,0
person007,-60,9,E:\Thesis\Dataset\correct_angle_all\person007\left\60_degree_09.png,0,0.18321757,3,0.97805053,60,0,1,1,0
person007,-60,14,E:\Thesis\Dataset\correct_angle_all\person007\left\60_degree_14.png,0,0.19457698,3,0.98462075,60,0,1,1,0
person007,-60,18,E:\Thesis\Dataset\correct_angle_all\person007\left\60_degree_18.png,0,0.2093637,3,0.9881282,60,0,1,1,0
person007,-45,2,E:\Thesis\Dataset\correct_angle_all\person007\left\45_degree_02.png,0,0.20779288,3,0.6398348,45,0,1,1,0
person007,-45,9,E:\Thesis\Dataset\correct_angle_all\person007\left\45_degree_09.png,0,0.2177316,3,0.95351166,45,0,1,1,0
person007,-45,14,E:\Thesis\Dataset\correct_angle_all\person007\left\45_degree_14.png,0,0.18197362,3,0.60985035,45,0,1,1,0
person007,-45,18,E:\Thesis\Dataset\correct_angle_all\person007\left\45_degree_18.png,0,0.2190788,3,0.93833804,45,0,1,1,0
person007,-30,2,E:\Thesis\Dataset\correct_angle_all\person007\left\30_degree_02.png,0,0.3588191,3,0.9822411,30,0,1,1,0
person007,-30,14,E:\Thesis\Dataset\correct_angle_all\person007\left\30_degree_14.png,0,0.22524045,3,0.9744659,30,0,1,1,0
person007,30,2,E:\Thesis\Dataset\correct_angle_all\person007\right\30_degree02.png,0,0.16733915,3,0.99040747,30,0,1,1,0
person007,30,9,E:\Thesis\Dataset\correct_angle_all\person007\right\30_degree09.png,0,0.21357948,3,0.98985416,30,0,1,1,0
person007,30,14,E:\Thesis\Dataset\correct_angle_all\person007\right\30_degree14.png,0,0.15136492,3,0.99770075,30,0,1,1,0
person007,30,18,E:\Thesis\Dataset\correct_angle_all\person007\right\30_degree18.png,0,0.17346506,3,0.99517995,30,0,1,1,0
person007,45,2,E:\Thesis\Dataset\correct_angle_all\person007\right\45_degree02.png,0,0.13851172,3,0.47295973,45,0,1,1,0
person007,45,9,E:\Thesis\Dataset\correct_angle_all\person007\right\45_degree09.png,0,0.13326643,3,0.9134541,45,0,1,1,0
person007,45,14,E:\Thesis\Dataset\correct_angle_all\person007\right\45_degree14.png,0,0.116541386,3,0.503533,45,0,1,1,0
person007,45,18,E:\Thesis\Dataset\correct_angle_all\person007\right\45_degree18.png,0,0.11705184,3,0.5837793,45,0,1,1,0
person007,60,2,E:\Thesis\Dataset\correct_angle_all\person007\right\60_degree02.png,0,0.08666226,3,0.9508524,60,0,1,1,0
person007,60,9,E:\Thesis\Dataset\correct_angle_all\person007\right\60_degree09.png,0,0.15785281,3,0.99016166,60,0,1,1,0
person007,60,14,E:\Thesis\Dataset\correct_angle_all\person007\right\60_degree14.png,0,0.10287187,3,0.93216044,60,0,1,1,0
person007,60,18,E:\Thesis\Dataset\correct_angle_all\person007\right\60_degree18.png,0,0.10503914,3,0.9762245,60,0,1,1,0
person007,75,9,E:\Thesis\Dataset\correct_angle_all\person007\right\75_degree09.png,0,0.10914328,3,0.84308815,75,0,1,1,0
person007,75,14,E:\Thesis\Dataset\correct_angle_all\person007\right\75_degree14.png,0,0.095214285,3,0.28386742,75,0,1,1,0
person007,75,18,E:\Thesis\Dataset\correct_angle_all\person007\right\75_degree18.png,0,0.086054325,3,0.5495341,75,0,1,1,0
person007,90,9,E:\Thesis\Dataset\correct_angle_all\person007\right\90_degree09.png,0,0.15229623,3,0.46102622,90,0,1,1,0
person008,-90,2,E:\Thesis\Dataset\correct_angle_all\person008\left\90_degree_02.png,0,0.12401118,3,0.6101875,90,0,1,1,0
person008,-90,9,E:\Thesis\Dataset\correct_angle_all\person008\left\90_degree_09.png,0,0.1735125,3,0.72699934,90,0,1,1,0
person008,-90,18,E:\Thesis\Dataset\correct_angle_all\person008\left\90_degree_18.png,0,0.13412227,3,0.5816346,90,0,1,1,0
person008,-75,2,E:\Thesis\Dataset\correct_angle_all\person008\left\75_degree_02.png,0,0.08579979,3,0.9415553,75,0,1,1,0
person008,-75,9,E:\Thesis\Dataset\correct_angle_all\person008\left\75_degree_09.png,0,0.20771499,3,0.96469975,75,0,1,1,0
person008,-75,14,E:\Thesis\Dataset\correct_angle_all\person008\left\75_degree_14.png,0,0.098462075,3,0.5896222,75,0,1,1,0
person008,-75,18,E:\Thesis\Dataset\correct_angle_all\person008\left\75_degree_18.png,0,0.13234739,3,0.88947374,75,0,1,1,0
person008,-60,2,E:\Thesis\Dataset\correct_angle_all\person008\left\60_degree_02.png,0,0.106335305,3,0.97233206,60,0,1,1,0
person008,-60,9,E:\Thesis\Dataset\correct_angle_all\person008\left\60_degree_09.png,0,0.11827031,3,0.99548274,60,0,1,1,0
person008,-60,14,E:\Thesis\Dataset\correct_angle_all\person008\left\60_degree_14.png,0,0.09974418,3,0.9626725,60,0,1,1,0
person008,-60,18,E:\Thesis\Dataset\correct_angle_all\person008\left\60_degree_18.png,0,0.09923762,3,0.9922888,60,0,1,1,0
person008,-45,2,E:\Thesis\Dataset\correct_angle_all\person008\left\45_degree_02.png,0,0.17537005,3,0.9272383,45,0,1,1,0
person008,-45,9,E:\Thesis\Dataset\correct_angle_all\person008\left\45_degree_09.png,0,0.12119159,3,0.9860204,45,0,1,1,0
person008,-45,14,E:\Thesis\Dataset\correct_angle_all\person008\left\45_degree_14.png,0,0.18876435,3,0.88864535,45,0,1,1,0
person008,-45,18,E:\Thesis\Dataset\correct_angle_all\person008\left\45_degree_18.png,0,0.15571953,3,0.9661377,45,0,1,1,0
person008,-30,18,E:\Thesis\Dataset\correct_angle_all\person008\left\30_degree_18.png,0,0.10268495,3,0.99557656,30,0,1,1,0
person008,30,2,E:\Thesis\Dataset\correct_angle_all\person008\right\30_degree02.png,0,0.20318413,3,0.9949812,30,0,1,1,0
person008,30,9,E:\Thesis\Dataset\correct_angle_all\person008\right\30_degree09.png,0,0.17245372,3,0.99716043,30,0,1,1,0
person008,30,14,E:\Thesis\Dataset\correct_angle_all\person008\right\30_degree14.png,0,0.12712507,3,0.9977338,30,0,1,1,0
person008,30,18,E:\Thesis\Dataset\correct_angle_all\person008\right\30_degree18.png,0,0.15140735,3,0.99826765,30,0,1,1,0
person008,45,2,E:\Thesis\Dataset\correct_angle_all\person008\right\45_degree02.png,0,0.1792407,3,0.92977023,45,0,1,1,0
person008,45,9,E:\Thesis\Dataset\correct_angle_all\person008\right\45_degree09.png,0,0.12344179,3,0.96538526,45,0,1,1,0
person008,45,14,E:\Thesis\Dataset\correct_angle_all\person008\right\45_degree14.png,0,0.11591796,3,0.90695304,45,0,1,1,0
person008,45,18,E:\Thesis\Dataset\correct_angle_all\person008\right\45_degree18.png,0,0.1112492,3,0.9624526,45,0,1,1,0
person008,60,2,E:\Thesis\Dataset\correct_angle_all\person008\right\60_degree02.png,0,0.14965998,3,0.99421906,60,0,1,1,0
person008,60,9,E:\Thesis\Dataset\correct_angle_all\person008\right\60_degree09.png,0,0.22924156,3,0.9975226,60,0,1,1,0
person008,60,14,E:\Thesis\Dataset\correct_angle_all\person008\right\60_degree14.png,0,0.12829097,3,0.994524,60,0,1,1,0
person008,60,18,E:\Thesis\Dataset\correct_angle_all\person008\right\60_degree18.png,0,0.15260215,3,0.997546,60,0,1,1,0
person008,75,9,E:\Thesis\Dataset\correct_angle_all\person008\right\75_degree09.png,0,0.17522852,3,0.94590354,75,0,1,1,0
person008,75,14,E:\Thesis\Dataset\correct_angle_all\person008\right\75_degree14.png,0,0.13156454,3,0.8462519,75,0,1,1,0
person008,75,18,E:\Thesis\Dataset\correct_angle_all\person008\right\75_degree18.png,0,0.16425999,3,0.9220578,75,0,1,1,0
person008,90,2,E:\Thesis\Dataset\correct_angle_all\person008\right\90_degree02.png,0,0.1373624,3,0.76287466,90,0,1,1,0
person008,90,9,E:\Thesis\Dataset\correct_angle_all\person008\right\90_degree09.png,0,0.07083105,3,0.6018418,90,0,1,1,0
person008,90,14,E:\Thesis\Dataset\correct_angle_all\person008\right\90_degree14.png,0,0.07079046,3,0.6073174,90,0,1,1,0
person008,90,18,E:\Thesis\Dataset\correct_angle_all\person008\right\90_degree18.png,0,0.063146755,3,0.4853063,90,0,1,1,0
person009,-60,2,E:\Thesis\Dataset\correct_angle_all\person009\left\60_degree_02.png,0,0.17163044,3,0.8081968,60,0,1,1,0
person009,-60,9,E:\Thesis\Dataset\correct_angle_all\person009\left\60_degree_09.png,0,0.10802484,3,0.99643135,60,0,1,1,0
person009,-60,14,E:\Thesis\Dataset\correct_angle_all\person009\left\60_degree_14.png,0,0.11155838,3,0.61298865,60,0,1,1,0
person009,-60,18,E:\Thesis\Dataset\correct_angle_all\person009\left\60_degree_18.png,0,0.14410566,3,0.85445553,60,0,1,1,0
person009,-45,2,E:\Thesis\Dataset\correct_angle_all\person009\left\45_degree_02.png,0,0.08046175,3,0.7481477,45,0,1,1,0
person009,-45,9,E:\Thesis\Dataset\correct_angle_all\person009\left\45_degree_09.png,0,0.06479997,3,0.95638305,45,0,1,1,0
person009,-45,14,E:\Thesis\Dataset\correct_angle_all\person009\left\45_degree_14.png,0,0.06719485,3,0.66244346,45,0,1,1,0
person009,-45,18,E:\Thesis\Dataset\correct_angle_all\person009\left\45_degree_18.png,0,0.058072314,3,0.79240537,45,0,1,1,0
person009,45,2,E:\Thesis\Dataset\correct_angle_all\person009\right\45_degree02.png,0,0.21091586,3,0.94539183,45,0,1,1,0
person009,45,9,E:\Thesis\Dataset\correct_angle_all\person009\right\45_degree09.png,0,0.13307332,3,0.70735437,45,0,1,1,0
person009,45,14,E:\Thesis\Dataset\correct_angle_all\person009\right\45_degree14.png,0,0.0806805,3,0.946932,45,0,1,1,0
person009,45,18,E:\Thesis\Dataset\correct_angle_all\person009\right\45_degree18.png,0,0.10973466,3,0.8835935,45,0,1,1,0
person009,60,2,E:\Thesis\Dataset\correct_angle_all\person009\right\60_degree02.png,0,0.28202736,3,0.9131976,60,0,1,1,0
person009,60,9,E:\Thesis\Dataset\correct_angle_all\person009\right\60_degree09.png,0,0.19709511,3,0.9585068,60,0,1,1,0
person009,60,14,E:\Thesis\Dataset\correct_angle_all\person009\right\60_degree14.png,0,0.26107457,3,0.99653727,60,0,1,1,0
person009,60,18,E:\Thesis\Dataset\correct_angle_all\person009\right\60_degree18.png,0,0.097055964,3,0.9825368,60,0,1,1,0
person010,-90,9,E:\Thesis\Dataset\correct_angle_all\person010\left\90_degree_09.png,0,0.120934635,3,0.5305691,90,0,1,1,0
person010,-90,18,E:\Thesis\Dataset\correct_angle_all\person010\left\90_degree_18.png,0,0.1168049,3,0.43016508,90,0,1,1,0
person010,-75,9,E:\Thesis\Dataset\correct_angle_all\person010\left\75_degree_09.png,0,0.15117984,3,0.5977446,75,0,1,1,0
person010,-60,2,E:\Thesis\Dataset\correct_angle_all\person010\left\60_degree_02.png,0,0.16921698,3,0.9785631,60,0,1,1,0
person010,-60,9,E:\Thesis\Dataset\correct_angle_all\person010\left\60_degree_09.png,0,0.14510424,3,0.9906232,60,0,1,1,0
person010,-60,14,E:\Thesis\Dataset\correct_angle_all\person010\left\60_degree_14.png,0,0.13119204,3,0.986592,60,0,1,1,0
person010,-60,18,E:\Thesis\Dataset\correct_angle_all\person010\left\60_degree_18.png,0,0.16183217,3,0.9947379,60,0,1,1,0
person010,-45,2,E:\Thesis\Dataset\correct_angle_all\person010\left\45_degree_02.png,0,0.26902673,3,0.8620518,45,0,1,1,0
person010,-45,9,E:\Thesis\Dataset\correct_angle_all\person010\left\45_degree_09.png,0,0.15888523,3,0.84439754,45,0,1,1,0
person010,-45,14,E:\Thesis\Dataset\correct_angle_all\person010\left\45_degree_14.png,0,0.17696507,3,0.5875127,45,0,1,1,0
person010,-45,18,E:\Thesis\Dataset\correct_angle_all\person010\left\45_degree_18.png,0,0.18691479,3,0.7970732,45,0,1,1,0
person010,-30,2,E:\Thesis\Dataset\correct_angle_all\person010\left\30_degree_02.png,0,0.102578305,3,0.9883562,30,0,1,1,0
person010,-30,9,E:\Thesis\Dataset\correct_angle_all\person010\left\30_degree_09.png,0,0.09167393,3,0.98905975,30,0,1,1,0
person010,-30,14,E:\Thesis\Dataset\correct_angle_all\person010\left\30_degree_14.png,0,0.10936762,3,0.9476741,30,0,1,1,0
person010,-30,18,E:\Thesis\Dataset\correct_angle_all\person010\left\30_degree_18.png,0,0.07934316,3,0.9778717,30,0,1,1,0
person010,-15,2,E:\Thesis\Dataset\correct_angle_all\person010\left\15_degree02.png,0,0.1651241,3,0.9601075,15,0,1,1,0
person010,30,2,E:\Thesis\Dataset\correct_angle_all\person010\right\30_degree02.png,0,0.14700657,3,0.9945529,30,0,1,1,0
person010,30,9,E:\Thesis\Dataset\correct_angle_all\person010\right\30_degree09.png,0,0.116449356,3,0.998144,30,0,1,1,0
person010,30,14,E:\Thesis\Dataset\correct_angle_all\person010\right\30_degree14.png,0,0.15022305,3,0.99828714,30,0,1,1,0
person010,30,18,E:\Thesis\Dataset\correct_angle_all\person010\right\30_degree18.png,0,0.11741658,3,0.99907875,30,0,1,1,0
person010,45,2,E:\Thesis\Dataset\correct_angle_all\person010\right\45_degree02.png,0,0.1652892,3,0.8889201,45,0,1,1,0
person010,45,9,E:\Thesis\Dataset\correct_angle_all\person010\right\45_degree09.png,0,0.11563315,3,0.9687192,45,0,1,1,0
person010,45,14,E:\Thesis\Dataset\correct_angle_all\person010\right\45_degree14.png,0,0.14889352,3,0.97254133,45,0,1,1,0
person010,45,18,E:\Thesis\Dataset\correct_angle_all\person010\right\45_degree18.png,0,0.12749387,3,0.965693,45,0,1,1,0
person010,60,2,E:\Thesis\Dataset\correct_angle_all\person010\right\60_degree02.png,0,0.10097265,3,0.9592931,60,0,1,1,0
person010,60,9,E:\Thesis\Dataset\correct_angle_all\person010\right\60_degree09.png,0,0.100214876,3,0.9986727,60,0,1,1,0
person010,60,14,E:\Thesis\Dataset\correct_angle_all\person010\right\60_degree14.png,0,0.092773475,3,0.98741835,60,0,1,1,0
person010,60,18,E:\Thesis\Dataset\correct_angle_all\person010\right\60_degree18.png,0,0.09777546,3,0.998238,60,0,1,1,0
person010,75,9,E:\Thesis\Dataset\correct_angle_all\person010\right\75_degree09.png,0,0.08002442,3,0.85375005,75,0,1,1,0
person010,75,14,E:\Thesis\Dataset\correct_angle_all\person010\right\75_degree14.png,0,0.14333914,3,0.69583184,75,0,1,1,0
person010,75,18,E:\Thesis\Dataset\correct_angle_all\person010\right\75_degree18.png,0,0.10811737,3,0.8335614,75,0,1,1,0
person010,90,9,E:\Thesis\Dataset\correct_angle_all\person010\right\90_degree09.png,0,0.17044221,3,0.54553235,90,0,1,1,0
person010,90,14,E:\Thesis\Dataset\correct_angle_all\person010\right\90_degree14.png,0,0.2537751,3,0.44544935,90,0,1,1,0
person010,90,18,E:\Thesis\Dataset\correct_angle_all\person010\right\90_degree18.png,0,0.19996403,3,0.46750447,90,0,1,1,0
person011,-90,2,E:\Thesis\Dataset\correct_angle_all\person011\left\90_degree_02.png,0,0.10204199,3,0.41484186,90,0,1,1,0
person011,-75,2,E:\Thesis\Dataset\correct_angle_all\person011\left\75_degree_02.png,0,0.11865082,3,0.635598,75,0,1,1,0
person011,-75,9,E:\Thesis\Dataset\correct_angle_all\person011\left\75_degree_09.png,0,0.18136741,3,0.53324497,75,0,1,1,0
person011,-75,18,E:\Thesis\Dataset\correct_angle_all\person011\left\75_degree_18.png,0,0.14336987,3,0.6715507,75,0,1,1,0
person011,-60,2,E:\Thesis\Dataset\correct_angle_all\person011\left\60_degree_02.png,0,0.11077414,3,0.94064206,60,0,1,1,0
person011,-60,9,E:\Thesis\Dataset\correct_angle_all\person011\left\60_degree_09.png,0,0.1854033,3,0.8421157,60,0,1,1,0
person011,-60,14,E:\Thesis\Dataset\correct_angle_all\person011\left\60_degree_14.png,0,0.12182417,3,0.9295079,60,0,1,1,0
person011,-60,18,E:\Thesis\Dataset\correct_angle_all\person011\left\60_degree_18.png,0,0.17652233,3,0.9626604,60,0,1,1,0
person011,-45,2,E:\Thesis\Dataset\correct_angle_all\person011\left\45_degree_02.png,0,0.10644915,3,0.70290893,45,0,1,1,0
person011,-45,9,E:\Thesis\Dataset\correct_angle_all\person011\left\45_degree_09.png,0,0.10619225,3,0.4358463,45,0,1,1,0
person011,-45,18,E:\Thesis\Dataset\correct_angle_all\person011\left\45_degree_18.png,0,0.12071038,3,0.61595565,45,0,1,1,0
person011,-30,2,E:\Thesis\Dataset\correct_angle_all\person011\left\30_degree_02.png,0,0.13464175,3,0.98255396,30,0,1,1,0
person011,-30,9,E:\Thesis\Dataset\correct_angle_all\person011\left\30_degree_09.png,0,0.11389614,3,0.961776,30,0,1,1,0
person011,-30,14,E:\Thesis\Dataset\correct_angle_all\person011\left\30_degree_14.png,0,0.12822746,3,0.9721136,30,0,1,1,0
person011,-30,18,E:\Thesis\Dataset\correct_angle_all\person011\left\30_degree_18.png,0,0.118371926,3,0.9952752,30,0,1,1,0
person011,-15,18,E:\Thesis\Dataset\correct_angle_all\person011\left\15_degree18.png,0,0.076863535,3,0.85128015,15,0,1,1,0
person011,15,2,E:\Thesis\Dataset\correct_angle_all\person011\right\15_degree02.png,0,0.06281983,3,0.7170153,15,0,1,1,0
person011,15,9,E:\Thesis\Dataset\correct_angle_all\person011\right\15_degree09.png,0,0.06795112,3,0.65294254,15,0,1,1,0
person011,15,14,E:\Thesis\Dataset\correct_angle_all\person011\right\15_degree14.png,0,0.13968173,3,0.64133674,15,0,1,1,0
person011,15,18,E:\Thesis\Dataset\correct_angle_all\person011\right\15_degree18.png,0,0.10662222,3,0.693152,15,0,1,1,0
person011,30,2,E:\Thesis\Dataset\correct_angle_all\person011\right\30_degree02.png,0,0.1226761,3,0.98612684,30,0,1,1,0
person011,30,9,E:\Thesis\Dataset\correct_angle_all\person011\right\30_degree09.png,0,0.12242099,3,0.99600077,30,0,1,1,0
person011,30,14,E:\Thesis\Dataset\correct_angle_all\person011\right\30_degree14.png,0,0.076091185,3,0.97060746,30,0,1,1,0
person011,30,18,E:\Thesis\Dataset\correct_angle_all\person011\right\30_degree18.png,0,0.07825701,3,0.9923446,30,0,1,1,0
person011,45,2,E:\Thesis\Dataset\correct_angle_all\person011\right\45_degree02.png,0,0.07335663,3,0.7556707,45,0,1,1,0
person011,45,9,E:\Thesis\Dataset\correct_angle_all\person011\right\45_degree09.png,0,0.086553,3,0.85988927,45,0,1,1,0
person011,45,18,E:\Thesis\Dataset\correct_angle_all\person011\right\45_degree18.png,0,0.0775573,3,0.784501,45,0,1,1,0
person011,60,2,E:\Thesis\Dataset\correct_angle_all\person011\right\60_degree02.png,0,0.08901954,3,0.9891383,60,0,1,1,0
person011,60,9,E:\Thesis\Dataset\correct_angle_all\person011\right\60_degree09.png,0,0.073193125,3,0.9949126,60,0,1,1,0
person011,60,14,E:\Thesis\Dataset\correct_angle_all\person011\right\60_degree14.png,0,0.11359209,3,0.66242284,60,0,1,1,0
person011,60,18,E:\Thesis\Dataset\correct_angle_all\person011\right\60_degree18.png,0,0.065010734,3,0.98436713,60,0,1,1,0
person011,90,2,E:\Thesis\Dataset\correct_angle_all\person011\right\90_degree02.png,0,0.1323613,3,0.6191275,90,0,1,1,0
person011,90,9,E:\Thesis\Dataset\correct_angle_all\person011\right\90_degree09.png,0,0.07654289,3,0.43253842,90,0,1,1,0
person011,90,18,E:\Thesis\Dataset\correct_angle_all\person011\right\90_degree18.png,0,0.08295367,3,0.5398796,90,0,1,1,0
person012,-75,2,E:\Thesis\Dataset\correct_angle_all\person012\left\75_degree_02.png,0,0.11976997,3,0.51356554,75,0,1,1,0
person012,-75,9,E:\Thesis\Dataset\correct_angle_all\person012\left\75_degree_09.png,0,0.13452385,3,0.7974589,75,0,1,1,0
person012,-75,18,E:\Thesis\Dataset\correct_angle_all\person012\left\75_degree_18.png,0,0.16811089,3,0.9158936,75,0,1,1,0
person012,-60,2,E:\Thesis\Dataset\correct_angle_all\person012\left\60_degree_02.png,0,0.12854226,3,0.9827175,60,0,1,1,0
person012,-60,9,E:\Thesis\Dataset\correct_angle_all\person012\left\60_degree_09.png,0,0.10311768,3,0.99177974,60,0,1,1,0
person012,-60,14,E:\Thesis\Dataset\correct_angle_all\person012\left\60_degree_14.png,0,0.08766538,3,0.99216276,60,0,1,1,0
person012,-60,18,E:\Thesis\Dataset\correct_angle_all\person012\left\60_degree_18.png,0,0.081701726,3,0.9984285,60,0,1,1,0
person012,-45,2,E:\Thesis\Dataset\correct_angle_all\person012\left\45_degree_02.png,0,0.09190952,3,0.93711466,45,0,1,1,0
person012,-45,9,E:\Thesis\Dataset\correct_angle_all\person012\left\45_degree_09.png,0,0.12236727,3,0.9644752,45,0,1,1,0
person012,-45,14,E:\Thesis\Dataset\correct_angle_all\person012\left\45_degree_14.png,0,0.181787,3,0.9544514,45,0,1,1,0
person012,-45,18,E:\Thesis\Dataset\correct_angle_all\person012\left\45_degree_18.png,0,0.086524665,3,0.9845789,45,0,1,1,0
person012,-30,2,E:\Thesis\Dataset\correct_angle_all\person012\left\30_degree_02.png,0,0.18660621,3,0.99355334,30,0,1,1,0
person012,-30,9,E:\Thesis\Dataset\correct_angle_all\person012\left\30_degree_09.png,0,0.14598508,3,0.9957602,30,0,1,1,0
person012,-30,14,E:\Thesis\Dataset\correct_angle_all\person012\left\30_degree_14.png,0,0.19107442,3,0.99123883,30,0,1,1,0
person012,-30,18,E:\Thesis\Dataset\correct_angle_all\person012\left\30_degree_18.png,0,0.13529184,3,0.99769616,30,0,1,1,0
person012,-15,2,E:\Thesis\Dataset\correct_angle_all\person012\left\15_degree02.png,0,0.11336955,3,0.6689643,15,0,1,1,0
person012,30,2,E:\Thesis\Dataset\correct_angle_all\person012\right\30_degree02.png,0,0.20846288,3,0.99165577,30,0,1,1,0
person012,45,9,E:\Thesis\Dataset\correct_angle_all\person012\right\45_degree09.png,0,0.30046177,3,0.70832276,45,0,1,1,0
person012,45,18,E:\Thesis\Dataset\correct_angle_all\person012\right\45_degree18.png,0,0.32630226,3,0.5289108,45,0,1,1,0
person012,60,2,E:\Thesis\Dataset\correct_angle_all\person012\right\60_degree02.png,0,0.5150795,3,0.77064914,60,0,1,1,0
person012,60,9,E:\Thesis\Dataset\correct_angle_all\person012\right\60_degree09.png,0,0.39272344,3,0.99778557,60,0,1,1,0
person012,60,14,E:\Thesis\Dataset\correct_angle_all\person012\right\60_degree14.png,0,0.51379126,3,0.8323447,60,0,1,1,0
person012,60,18,E:\Thesis\Dataset\correct_angle_all\person012\right\60_degree18.png,0,0.4570634,3,0.98810095,60,0,1,1,0
person012,75,9,E:\Thesis\Dataset\correct_angle_all\person012\right\75_degree09.png,0,0.51675624,3,0.8659916,75,0,1,1,0
person012,75,14,E:\Thesis\Dataset\correct_angle_all\person012\right\75_degree14.png,0,0.67076236,3,0.42430738,75,0,1,1,0
person012,75,18,E:\Thesis\Dataset\correct_angle_all\person012\right\75_degree18.png,0,0.49382332,3,0.670687,75,0,1,1,0
person013,-90,9,E:\Thesis\Dataset\correct_angle_all\person013\left\90_degree_09.png,0,0.15418519,3,0.18067367,90,0,1,1,0
person013,-75,9,E:\Thesis\Dataset\correct_angle_all\person013\left\75_degree_09.png,0,0.10784625,3,0.45183253,75,0,1,1,0
person013,-75,18,E:\Thesis\Dataset\correct_angle_all\person013\left\75_degree_18.png,0,0.11125127,3,0.32307693,75,0,1,1,0
person013,-60,2,E:\Thesis\Dataset\correct_angle_all\person013\left\60_degree_02.png,0,0.23215,3,0.8979852,60,0,1,1,0
person013,-60,9,E:\Thesis\Dataset\correct_angle_all\person013\left\60_degree_09.png,0,0.22263472,3,0.9809645,60,0,1,1,0
person013,-60,14,E:\Thesis\Dataset\correct_angle_all\person013\left\60_degree_14.png,0,0.14562897,3,0.7298379,60,0,1,1,0
person013,-60,18,E:\Thesis\Dataset\correct_angle_all\person013\left\60_degree_18.png,0,0.16233778,3,0.9568772,60,0,1,1,0
person013,-45,2,E:\Thesis\Dataset\correct_angle_all\person013\left\45_degree_02.png,0,0.15688856,3,0.71887016,45,0,1,1,0
person013,-45,9,E:\Thesis\Dataset\correct_angle_all\person013\left\45_degree_09.png,0,0.17641874,3,0.6780551,45,0,1,1,0
person013,-45,14,E:\Thesis\Dataset\correct_angle_all\person013\left\45_degree_14.png,0,0.17385083,3,0.8460972,45,0,1,1,0
person013,-45,18,E:\Thesis\Dataset\correct_angle_all\person013\left\45_degree_18.png,0,0.19041508,3,0.85144544,45,0,1,1,0
person013,-30,2,E:\Thesis\Dataset\correct_angle_all\person013\left\30_degree_02.png,0,0.21112229,3,0.9863813,30,0,1,1,0
person013,-30,9,E:\Thesis\Dataset\correct_angle_all\person013\left\30_degree_09.png,0,0.22303991,3,0.9335323,30,0,1,1,0
person013,-30,14,E:\Thesis\Dataset\correct_angle_all\person013\left\30_degree_14.png,0,0.17807323,3,0.99546075,30,0,1,1,0
person013,-30,18,E:\Thesis\Dataset\correct_angle_all\person013\left\30_degree_18.png,0,0.24567802,3,0.9851224,30,0,1,1,0
person013,-15,2,E:\Thesis\Dataset\correct_angle_all\person013\left\15_degree02.png,0,0.08536333,3,0.34023312,15,0,1,1,0
person013,-15,18,E:\Thesis\Dataset\correct_angle_all\person013\left\15_degree18.png,0,0.09915606,3,0.3358079,15,0,1,1,0
person013,15,2,E:\Thesis\Dataset\correct_angle_all\person013\right\15_degree02.png,0,0.076505825,3,0.7630935,15,0,1,1,0
person013,15,9,E:\Thesis\Dataset\correct_angle_all\person013\right\15_degree09.png,0,0.15638445,3,0.82180375,15,0,1,1,0
person013,15,14,E:\Thesis\Dataset\correct_angle_all\person013\right\15_degree14.png,0,0.0923419,3,0.95907974,15,0,1,1,0
person013,15,18,E:\Thesis\Dataset\correct_angle_all\person013\right\15_degree18.png,0,0.0993942,3,0.87583256,15,0,1,1,0
person013,30,2,E:\Thesis\Dataset\correct_angle_all\person013\right\30_degree02.png,0,0.091768004,3,0.9500969,30,0,1,1,0
person013,30,9,E:\Thesis\Dataset\correct_angle_all\person013\right\30_degree09.png,0,0.14780681,3,0.9879081,30,0,1,1,0
person013,30,14,E:\Thesis\Dataset\correct_angle_all\person013\right\30_degree14.png,0,0.10845832,3,0.97452325,30,0,1,1,0
person013,30,18,E:\Thesis\Dataset\correct_angle_all\person013\right\30_degree18.png,0,0.07720079,3,0.9909406,30,0,1,1,0
person013,45,2,E:\Thesis\Dataset\correct_angle_all\person013\right\45_degree02.png,0,0.107282765,3,0.5749928,45,0,1,1,0
person013,45,9,E:\Thesis\Dataset\correct_angle_all\person013\right\45_degree09.png,0,0.1351674,3,0.93393236,45,0,1,1,0
person013,45,14,E:\Thesis\Dataset\correct_angle_all\person013\right\45_degree14.png,0,0.09545523,3,0.62682575,45,0,1,1,0
person013,45,18,E:\Thesis\Dataset\correct_angle_all\person013\right\45_degree18.png,0,0.12298745,3,0.81645584,45,0,1,1,0
person013,60,2,E:\Thesis\Dataset\correct_angle_all\person013\right\60_degree02.png,0,0.1152828,3,0.965971,60,0,1,1,0
person013,60,9,E:\Thesis\Dataset\correct_angle_all\person013\right\60_degree09.png,0,0.1822785,3,0.9979945,60,0,1,1,0
person013,60,14,E:\Thesis\Dataset\correct_angle_all\person013\right\60_degree14.png,0,0.13938892,3,0.94685775,60,0,1,1,0
person013,60,18,E:\Thesis\Dataset\correct_angle_all\person013\right\60_degree18.png,0,0.16852568,3,0.99307656,60,0,1,1,0
person013,75,9,E:\Thesis\Dataset\correct_angle_all\person013\right\75_degree09.png,0,0.16526066,3,0.71683025,75,0,1,1,0
person013,75,14,E:\Thesis\Dataset\correct_angle_all\person013\right\75_degree14.png,0,0.11910399,3,0.24098009,75,0,1,1,0
person013,75,18,E:\Thesis\Dataset\correct_angle_all\person013\right\75_degree18.png,0,0.12005186,3,0.4503362,75,0,1,1,0
person013,90,9,E:\Thesis\Dataset\correct_angle_all\person013\right\90_degree09.png,0,0.12063975,3,0.58578366,90,0,1,1,0
person013,90,14,E:\Thesis\Dataset\correct_angle_all\person013\right\90_degree14.png,0,0.09158949,3,0.30236852,90,0,1,1,0
person013,90,18,E:\Thesis\Dataset\correct_angle_all\person013\right\90_degree18.png,0,0.09047475,3,0.2959216,90,0,1,1,0
person014,-75,2,E:\Thesis\Dataset\correct_angle_all\person014\left\75_degree_02.png,0,0.13220207,3,0.21708651,75,0,1,1,0
person014,-75,18,E:\Thesis\Dataset\correct_angle_all\person014\left\75_degree_18.png,0,0.09115323,3,0.61170566,75,0,1,1,0
person014,-60,2,E:\Thesis\Dataset\correct_angle_all\person014\left\60_degree_02.png,0,0.14661466,3,0.91292286,60,0,1,1,0
person014,-60,9,E:\Thesis\Dataset\correct_angle_all\person014\left\60_degree_09.png,0,0.08731999,3,0.90210074,60,0,1,1,0
person014,-60,14,E:\Thesis\Dataset\correct_angle_all\person014\left\60_degree_14.png,0,0.11935397,3,0.99776554,60,0,1,1,0
person014,-60,18,E:\Thesis\Dataset\correct_angle_all\person014\left\60_degree_18.png,0,0.109426856,3,0.9931438,60,0,1,1,0
person014,-45,2,E:\Thesis\Dataset\correct_angle_all\person014\left\45_degree_02.png,0,0.15919645,3,0.63536125,45,0,1,1,0
person014,-45,14,E:\Thesis\Dataset\correct_angle_all\person014\left\45_degree_14.png,0,0.12358778,3,0.81613594,45,0,1,1,0
person014,-45,18,E:\Thesis\Dataset\correct_angle_all\person014\left\45_degree_18.png,0,0.1312454,3,0.88652724,45,0,1,1,0
person014,-30,2,E:\Thesis\Dataset\correct_angle_all\person014\left\30_degree_02.png,0,0.15742715,3,0.9808462,30,0,1,1,0
person014,-30,14,E:\Thesis\Dataset\correct_angle_all\person014\left\30_degree_14.png,0,0.12981139,3,0.98568153,30,0,1,1,0
person014,-30,18,E:\Thesis\Dataset\correct_angle_all\person014\left\30_degree_18.png,0,0.12907812,3,0.9977214,30,0,1,1,0
person014,15,2,E:\Thesis\Dataset\correct_angle_all\person014\right\15_degree02.png,0,0.09319672,3,0.49507725,15,0,1,1,0
person014,15,14,E:\Thesis\Dataset\correct_angle_all\person014\right\15_degree14.png,0,0.13827366,3,0.4689473,15,0,1,1,0
person014,15,18,E:\Thesis\Dataset\correct_angle_all\person014\right\15_degree18.png,0,0.09182048,3,0.7281763,15,0,1,1,0
person014,30,2,E:\Thesis\Dataset\correct_angle_all\person014\right\30_degree02.png,0,0.10823838,3,0.893409,30,0,1,1,0
person014,30,9,E:\Thesis\Dataset\correct_angle_all\person014\right\30_degree09.png,0,0.10579452,3,0.9972351,30,0,1,1,0
person014,30,14,E:\Thesis\Dataset\correct_angle_all\person014\right\30_degree14.png,0,0.11633226,3,0.97060794,30,0,1,1,0
person014,30,18,E:\Thesis\Dataset\correct_angle_all\person014\right\30_degree18.png,0,0.13187778,3,0.99605054,30,0,1,1,0
person014,45,2,E:\Thesis\Dataset\correct_angle_all\person014\right\45_degree02.png,0,0.11601878,3,0.6900602,45,0,1,1,0
person014,45,9,E:\Thesis\Dataset\correct_angle_all\person014\right\45_degree09.png,0,0.1408888,3,0.9591446,45,0,1,1,0
person014,45,14,E:\Thesis\Dataset\correct_angle_all\person014\right\45_degree14.png,0,0.13616255,3,0.63744766,45,0,1,1,0
person014,45,18,E:\Thesis\Dataset\correct_angle_all\person014\right\45_degree18.png,0,0.118428685,3,0.94373894,45,0,1,1,0
person014,60,2,E:\Thesis\Dataset\correct_angle_all\person014\right\60_degree02.png,0,0.09998665,3,0.96594596,60,0,1,1,0
person014,60,9,E:\Thesis\Dataset\correct_angle_all\person014\right\60_degree09.png,0,0.0872013,3,0.9757927,60,0,1,1,0
person014,60,14,E:\Thesis\Dataset\correct_angle_all\person014\right\60_degree14.png,0,0.07408366,3,0.75087816,60,0,1,1,0
person014,60,18,E:\Thesis\Dataset\correct_angle_all\person014\right\60_degree18.png,0,0.08164415,3,0.98603296,60,0,1,1,0
person014,75,9,E:\Thesis\Dataset\correct_angle_all\person014\right\75_degree09.png,0,0.09939125,3,0.7513506,75,0,1,1,0
person014,75,18,E:\Thesis\Dataset\correct_angle_all\person014\right\75_degree18.png,0,0.11449138,3,0.79776305,75,0,1,1,0
person014,90,18,E:\Thesis\Dataset\correct_angle_all\person014\right\90_degree18.png,0,0.10718898,3,0.30737495,90,0,1,1,0
person015,-75,2,E:\Thesis\Dataset\correct_angle_all\person015\left\75_degree_02.png,0,0.17296357,3,0.5165777,75,0,1,1,0
person015,-75,9,E:\Thesis\Dataset\correct_angle_all\person015\left\75_degree_09.png,0,0.1415359,3,0.6439992,75,0,1,1,0
person015,-75,18,E:\Thesis\Dataset\correct_angle_all\person015\left\75_degree_18.png,0,0.16348195,3,0.84589607,75,0,1,1,0
person015,-60,2,E:\Thesis\Dataset\correct_angle_all\person015\left\60_degree_02.png,0,0.14387612,3,0.9785543,60,0,1,1,0
person015,-60,9,E:\Thesis\Dataset\correct_angle_all\person015\left\60_degree_09.png,0,0.17778058,3,0.9906733,60,0,1,1,0
person015,-60,14,E:\Thesis\Dataset\correct_angle_all\person015\left\60_degree_14.png,0,0.122861765,3,0.994273,60,0,1,1,0
person015,-60,18,E:\Thesis\Dataset\correct_angle_all\person015\left\60_degree_18.png,0,0.17587124,3,0.9951443,60,0,1,1,0
person015,-45,2,E:\Thesis\Dataset\correct_angle_all\person015\left\45_degree_02.png,0,0.19457042,3,0.4879165,45,0,1,1,0
person015,-45,9,E:\Thesis\Dataset\correct_angle_all\person015\left\45_degree_09.png,0,0.23113881,3,0.6309581,45,0,1,1,0
person015,-45,14,E:\Thesis\Dataset\correct_angle_all\person015\left\45_degree_14.png,0,0.17313385,3,0.46588647,45,0,1,1,0
person015,-45,18,E:\Thesis\Dataset\correct_angle_all\person015\left\45_degree_18.png,0,0.1926601,3,0.57904583,45,0,1,1,0
person015,-30,2,E:\Thesis\Dataset\correct_angle_all\person015\left\30_degree_02.png,0,0.17773645,3,0.99631524,30,0,1,1,0
person015,-30,9,E:\Thesis\Dataset\correct_angle_all\person015\left\30_degree_09.png,0,0.1702495,3,0.9968977,30,0,1,1,0
person015,-30,14,E:\Thesis\Dataset\correct_angle_all\person015\left\30_degree_14.png,0,0.18224937,3,0.99133843,30,0,1,1,0
person015,-30,18,E:\Thesis\Dataset\correct_angle_all\person015\left\30_degree_18.png,0,0.19212572,3,0.99479955,30,0,1,1,0
person015,-15,2,E:\Thesis\Dataset\correct_angle_all\person015\left\15_degree02.png,0,0.15194876,3,0.40074244,15,0,1,1,0
person015,-15,9,E:\Thesis\Dataset\correct_angle_all\person015\left\15_degree09.png,0,0.13972633,3,0.78929216,15,0,1,1,0
person015,-15,14,E:\Thesis\Dataset\correct_angle_all\person015\left\15_degree14.png,0,0.10416758,3,0.5649404,15,0,1,1,0
person015,-15,18,E:\Thesis\Dataset\correct_angle_all\person015\left\15_degree18.png,0,0.12469769,3,0.64724225,15,0,1,1,0
person015,15,2,E:\Thesis\Dataset\correct_angle_all\person015\right\15_degree02.png,0,0.16823965,3,0.57832325,15,0,1,1,0
person015,15,9,E:\Thesis\Dataset\correct_angle_all\person015\right\15_degree09.png,0,0.2513634,3,0.5383434,15,0,1,1,0
person015,15,18,E:\Thesis\Dataset\correct_angle_all\person015\right\15_degree18.png,0,0.13991494,3,0.7562055,15,0,1,1,0
person015,30,2,E:\Thesis\Dataset\correct_angle_all\person015\right\30_degree02.png,0,0.22952501,3,0.9924992,30,0,1,1,0
person015,30,9,E:\Thesis\Dataset\correct_angle_all\person015\right\30_degree09.png,0,0.21873617,3,0.9769152,30,0,1,1,0
person015,30,14,E:\Thesis\Dataset\correct_angle_all\person015\right\30_degree14.png,0,0.1891696,3,0.962478,30,0,1,1,0
person015,30,18,E:\Thesis\Dataset\correct_angle_all\person015\right\30_degree18.png,0,0.24031328,3,0.9927163,30,0,1,1,0
person015,45,2,E:\Thesis\Dataset\correct_angle_all\person015\right\45_degree02.png,0,0.22647025,3,0.85954505,45,0,1,1,0
person015,45,9,E:\Thesis\Dataset\correct_angle_all\person015\right\45_degree09.png,0,0.30053532,3,0.509291,45,0,1,1,0
person015,45,14,E:\Thesis\Dataset\correct_angle_all\person015\right\45_degree14.png,0,0.27004883,3,0.70454675,45,0,1,1,0
person015,45,18,E:\Thesis\Dataset\correct_angle_all\person015\right\45_degree18.png,0,0.29482415,3,0.909652,45,0,1,1,0
person015,60,2,E:\Thesis\Dataset\correct_angle_all\person015\right\60_degree02.png,0,0.22339,3,0.97770375,60,0,1,1,0
person015,60,9,E:\Thesis\Dataset\correct_angle_all\person015\right\60_degree09.png,0,0.31834647,3,0.9895628,60,0,1,1,0
person015,60,14,E:\Thesis\Dataset\correct_angle_all\person015\right\60_degree14.png,0,0.27068722,3,0.9978798,60,0,1,1,0
person015,60,18,E:\Thesis\Dataset\correct_angle_all\person015\right\60_degree18.png,0,0.32105526,3,0.99324495,60,0,1,1,0
person015,75,9,E:\Thesis\Dataset\correct_angle_all\person015\right\75_degree09.png,0,0.30251226,3,0.910618,75,0,1,1,0
person015,75,14,E:\Thesis\Dataset\correct_angle_all\person015\right\75_degree14.png,0,0.2944504,3,0.9153015,75,0,1,1,0
person015,75,18,E:\Thesis\Dataset\correct_angle_all\person015\right\75_degree18.png,0,0.28549013,3,0.9363785,75,0,1,1,0
person015,90,2,E:\Thesis\Dataset\correct_angle_all\person015\right\90_degree02.png,0,0.2954087,3,0.81993026,90,0,1,1,0
person015,90,9,E:\Thesis\Dataset\correct_angle_all\person015\right\90_degree09.png,0,0.2507656,3,0.84163254,90,0,1,1,0
person015,90,14,E:\Thesis\Dataset\correct_angle_all\person015\right\90_degree14.png,0,0.19994982,3,0.8993779,90,0,1,1,0
person015,90,18,E:\Thesis\Dataset\correct_angle_all\person015\right\90_degree18.png,0,0.2209148,3,0.8650593,90,0,1,1,0
person016,-75,2,E:\Thesis\Dataset\correct_angle_all\person016\left\75_degree_02.png,0,0.11004919,3,0.4856349,75,0,1,1,0
person016,-75,9,E:\Thesis\Dataset\correct_angle_all\person016\left\75_degree_09.png,0,0.15563731,3,0.40832016,75,0,1,1,0
person016,-75,18,E:\Thesis\Dataset\correct_angle_all\person016\left\75_degree_18.png,0,0.104192495,3,0.4035522,75,0,1,1,0
person016,-60,2,E:\Thesis\Dataset\correct_angle_all\person016\left\60_degree_02.png,0,0.22420555,3,0.9877897,60,0,1,1,0
person016,-60,9,E:\Thesis\Dataset\correct_angle_all\person016\left\60_degree_09.png,0,0.14392002,3,0.9921289,60,0,1,1,0
person016,-60,14,E:\Thesis\Dataset\correct_angle_all\person016\left\60_degree_14.png,0,0.16733158,3,0.92620754,60,0,1,1,0
person016,-60,18,E:\Thesis\Dataset\correct_angle_all\person016\left\60_degree_18.png,0,0.16604789,3,0.98250586,60,0,1,1,0
person016,-45,2,E:\Thesis\Dataset\correct_angle_all\person016\left\45_degree_02.png,0,0.14653349,3,0.97766995,45,0,1,1,0
person016,-45,9,E:\Thesis\Dataset\correct_angle_all\person016\left\45_degree_09.png,0,0.12978636,3,0.98410195,45,0,1,1,0
person016,-45,14,E:\Thesis\Dataset\correct_angle_all\person016\left\45_degree_14.png,0,0.16818221,3,0.8850918,45,0,1,1,0
person016,-45,18,E:\Thesis\Dataset\correct_angle_all\person016\left\45_degree_18.png,0,0.14140128,3,0.983043,45,0,1,1,0
person016,30,18,E:\Thesis\Dataset\correct_angle_all\person016\right\30_degree18.png,0,0.14868508,3,0.98421305,30,0,1,1,0
person016,60,2,E:\Thesis\Dataset\correct_angle_all\person016\right\60_degree02.png,0,0.19862626,3,0.9870763,60,0,1,1,0
person016,60,9,E:\Thesis\Dataset\correct_angle_all\person016\right\60_degree09.png,0,0.18872483,3,0.9885333,60,0,1,1,0
person016,60,14,E:\Thesis\Dataset\correct_angle_all\person016\right\60_degree14.png,0,0.15951544,3,0.9682891,60,0,1,1,0
person016,60,18,E:\Thesis\Dataset\correct_angle_all\person016\right\60_degree18.png,0,0.18909301,3,0.9963072,60,0,1,1,0
person016,75,9,E:\Thesis\Dataset\correct_angle_all\person016\right\75_degree09.png,0,0.16944532,3,0.6479079,75,0,1,1,0
person016,75,18,E:\Thesis\Dataset\correct_angle_all\person016\right\75_degree18.png,0,0.1683728,3,0.78300095,75,0,1,1,0
person017,-90,2,E:\Thesis\Dataset\correct_angle_all\person017\left\90_degree_02.png,0,0.072195046,3,0.5449136,90,0,1,1,0
person017,-90,14,E:\Thesis\Dataset\correct_angle_all\person017\left\90_degree_14.png,0,0.11500495,3,0.2668315,90,0,1,1,0
person017,-90,18,E:\Thesis\Dataset\correct_angle_all\person017\left\90_degree_18.png,0,0.0895169,3,0.36237288,90,0,1,1,0
person017,-75,2,E:\Thesis\Dataset\correct_angle_all\person017\left\75_degree_02.png,0,0.13256443,3,0.95686865,75,0,1,1,0
person017,-75,9,E:\Thesis\Dataset\correct_angle_all\person017\left\75_degree_09.png,0,0.12417945,3,0.77982765,75,0,1,1,0
person017,-75,18,E:\Thesis\Dataset\correct_angle_all\person017\left\75_degree_18.png,0,0.11327789,3,0.7977987,75,0,1,1,0
person017,-60,2,E:\Thesis\Dataset\correct_angle_all\person017\left\60_degree_02.png,0,0.10708179,3,0.9937106,60,0,1,1,0
person017,-60,9,E:\Thesis\Dataset\correct_angle_all\person017\left\60_degree_09.png,0,0.10879209,3,0.9807747,60,0,1,1,0
person017,-60,14,E:\Thesis\Dataset\correct_angle_all\person017\left\60_degree_14.png,0,0.08077735,3,0.9624931,60,0,1,1,0
person017,-60,18,E:\Thesis\Dataset\correct_angle_all\person017\left\60_degree_18.png,0,0.11557595,3,0.9805565,60,0,1,1,0
person017,-45,2,E:\Thesis\Dataset\correct_angle_all\person017\left\45_degree_02.png,0,0.10281575,3,0.95335704,45,0,1,1,0
person017,-45,9,E:\Thesis\Dataset\correct_angle_all\person017\left\45_degree_09.png,0,0.12245428,3,0.836217,45,0,1,1,0
person017,-45,14,E:\Thesis\Dataset\correct_angle_all\person017\left\45_degree_14.png,0,0.09157652,3,0.80773574,45,0,1,1,0
person017,-45,18,E:\Thesis\Dataset\correct_angle_all\person017\left\45_degree_18.png,0,0.113808654,3,0.87181455,45,0,1,1,0
person017,-30,2,E:\Thesis\Dataset\correct_angle_all\person017\left\30_degree_02.png,0,0.13176715,3,0.994464,30,0,1,1,0
person017,-30,9,E:\Thesis\Dataset\correct_angle_all\person017\left\30_degree_09.png,0,0.11808998,3,0.9882767,30,0,1,1,0
person017,-30,14,E:\Thesis\Dataset\correct_angle_all\person017\left\30_degree_14.png,0,0.11003766,3,0.997515,30,0,1,1,0
person017,-30,18,E:\Thesis\Dataset\correct_angle_all\person017\left\30_degree_18.png,0,0.12612735,3,0.9934194,30,0,1,1,0
person017,-15,2,E:\Thesis\Dataset\correct_angle_all\person017\left\15_degree02.png,0,0.09809157,3,0.94121313,15,0,1,1,0
person017,-15,9,E:\Thesis\Dataset\correct_angle_all\person017\left\15_degree09.png,0,0.07118588,3,0.9390599,15,0,1,1,0
person017,-15,18,E:\Thesis\Dataset\correct_angle_all\person017\left\15_degree18.png,0,0.070523895,3,0.9609049,15,0,1,1,0
person017,30,2,E:\Thesis\Dataset\correct_angle_all\person017\right\30_degree02.png,0,0.18397062,3,0.98529077,30,0,1,1,0
person017,30,9,E:\Thesis\Dataset\correct_angle_all\person017\right\30_degree09.png,0,0.23029418,3,0.9977804,30,0,1,1,0
person017,30,14,E:\Thesis\Dataset\correct_angle_all\person017\right\30_degree14.png,0,0.18291847,3,0.98006743,30,0,1,1,0
person017,30,18,E:\Thesis\Dataset\correct_angle_all\person017\right\30_degree18.png,0,0.2084084,3,0.9968546,30,0,1,1,0
person017,45,2,E:\Thesis\Dataset\correct_angle_all\person017\right\45_degree02.png,0,0.10491619,3,0.9202004,45,0,1,1,0
person017,45,9,E:\Thesis\Dataset\correct_angle_all\person017\right\45_degree09.png,0,0.12913065,3,0.9741745,45,0,1,1,0
person017,45,14,E:\Thesis\Dataset\correct_angle_all\person017\right\45_degree14.png,0,0.12854275,3,0.91659015,45,0,1,1,0
person017,45,18,E:\Thesis\Dataset\correct_angle_all\person017\right\45_degree18.png,0,0.13713074,3,0.9691732,45,0,1,1,0
person017,60,2,E:\Thesis\Dataset\correct_angle_all\person017\right\60_degree02.png,0,0.07323164,3,0.9862855,60,0,1,1,0
person017,60,9,E:\Thesis\Dataset\correct_angle_all\person017\right\60_degree09.png,0,0.080026634,3,0.99693567,60,0,1,1,0
person017,60,14,E:\Thesis\Dataset\correct_angle_all\person017\right\60_degree14.png,0,0.11532962,3,0.9875838,60,0,1,1,0
person017,60,18,E:\Thesis\Dataset\correct_angle_all\person017\right\60_degree18.png,0,0.09706235,3,0.99832934,60,0,1,1,0
person017,75,9,E:\Thesis\Dataset\correct_angle_all\person017\right\75_degree09.png,0,0.07319523,3,0.94275874,75,0,1,1,0
person017,75,14,E:\Thesis\Dataset\correct_angle_all\person017\right\75_degree14.png,0,0.10244415,3,0.88232106,75,0,1,1,0
person017,75,18,E:\Thesis\Dataset\correct_angle_all\person017\right\75_degree18.png,0,0.07957263,3,0.9542641,75,0,1,1,0
person017,90,2,E:\Thesis\Dataset\correct_angle_all\person017\right\90_degree02.png,0,0.06967878,3,0.4921173,90,0,1,1,0
person017,90,9,E:\Thesis\Dataset\correct_angle_all\person017\right\90_degree09.png,0,0.07463008,3,0.6299561,90,0,1,1,0
person017,90,14,E:\Thesis\Dataset\correct_angle_all\person017\right\90_degree14.png,0,0.058568653,3,0.6225725,90,0,1,1,0
person017,90,18,E:\Thesis\Dataset\correct_angle_all\person017\right\90_degree18.png,0,0.057751715,3,0.6616912,90,0,1,1,0
person018,-75,9,E:\Thesis\Dataset\correct_angle_all\person018\left\75_degree_09.png,0,0.10396964,3,0.64909667,75,0,1,1,0
person018,-75,18,E:\Thesis\Dataset\correct_angle_all\person018\left\75_degree_18.png,0,0.109587856,3,0.9073184,75,0,1,1,0
person018,-60,2,E:\Thesis\Dataset\correct_angle_all\person018\left\60_degree_02.png,0,0.11032342,3,0.8695604,60,0,1,1,0
person018,-60,9,E:\Thesis\Dataset\correct_angle_all\person018\left\60_degree_09.png,0,0.12389722,3,0.9920745,60,0,1,1,0
person018,-60,14,E:\Thesis\Dataset\correct_angle_all\person018\left\60_degree_14.png,0,0.08712449,3,0.9028005,60,0,1,1,0
person018,-60,18,E:\Thesis\Dataset\correct_angle_all\person018\left\60_degree_18.png,0,0.09133136,3,0.99889153,60,0,1,1,0
person018,-45,2,E:\Thesis\Dataset\correct_angle_all\person018\left\45_degree_02.png,0,0.107574046,3,0.7939504,45,0,1,1,0
person018,60,2,E:\Thesis\Dataset\correct_angle_all\person018\right\60_degree02.png,0,0.1493602,3,0.93245846,60,0,1,1,0
person018,60,9,E:\Thesis\Dataset\correct_angle_all\person018\right\60_degree09.png,0,0.09286151,3,0.9973672,60,0,1,1,0
person018,60,14,E:\Thesis\Dataset\correct_angle_all\person018\right\60_degree14.png,0,0.13149695,3,0.9903774,60,0,1,1,0
person018,60,18,E:\Thesis\Dataset\correct_angle_all\person018\right\60_degree18.png,0,0.0774577,3,0.99859244,60,0,1,1,0
person018,75,9,E:\Thesis\Dataset\correct_angle_all\person018\right\75_degree09.png,0,0.13447155,3,0.87964267,75,0,1,1,0
person018,75,14,E:\Thesis\Dataset\correct_angle_all\person018\right\75_degree14.png,0,0.25862858,3,0.44345912,75,0,1,1,0
person018,75,18,E:\Thesis\Dataset\correct_angle_all\person018\right\75_degree18.png,0,0.14700039,3,0.8112142,75,0,1,1,0
person018,90,9,E:\Thesis\Dataset\correct_angle_all\person018\right\90_degree09.png,0,0.19088806,3,0.46104765,90,0,1,1,0
person019,-90,2,E:\Thesis\Dataset\correct_angle_all\person019\left\90_degree_02.png,0,0.30246678,3,0.45711362,90,0,1,1,0
person019,-90,14,E:\Thesis\Dataset\correct_angle_all\person019\left\90_degree_14.png,0,0.2369883,3,0.4281114,90,0,1,1,0
person019,-90,18,E:\Thesis\Dataset\correct_angle_all\person019\left\90_degree_18.png,0,0.16522719,3,0.39632335,90,0,1,1,0
person019,-75,2,E:\Thesis\Dataset\correct_angle_all\person019\left\75_degree_02.png,0,0.25177872,3,0.505951,75,0,1,1,0
person019,-75,9,E:\Thesis\Dataset\correct_angle_all\person019\left\75_degree_09.png,0,0.19677323,3,0.7545223,75,0,1,1,0
person019,-75,18,E:\Thesis\Dataset\correct_angle_all\person019\left\75_degree_18.png,0,0.17105484,3,0.813092,75,0,1,1,0
person019,-60,2,E:\Thesis\Dataset\correct_angle_all\person019\left\60_degree_02.png,0,0.11301184,3,0.9547917,60,0,1,1,0
person019,-60,9,E:\Thesis\Dataset\correct_angle_all\person019\left\60_degree_09.png,0,0.16229455,3,0.95094013,60,0,1,1,0
person019,-60,14,E:\Thesis\Dataset\correct_angle_all\person019\left\60_degree_14.png,0,0.09756412,3,0.932888,60,0,1,1,0
person019,-60,18,E:\Thesis\Dataset\correct_angle_all\person019\left\60_degree_18.png,0,0.1674457,3,0.9746993,60,0,1,1,0
person019,-45,2,E:\Thesis\Dataset\correct_angle_all\person019\left\45_degree_02.png,0,0.27911302,3,0.44112638,45,0,1,1,0
person019,-45,9,E:\Thesis\Dataset\correct_angle_all\person019\left\45_degree_09.png,0,0.3567039,3,0.69616175,45,0,1,1,0
person019,-45,14,E:\Thesis\Dataset\correct_angle_all\person019\left\45_degree_14.png,0,0.23366494,3,0.4518074,45,0,1,1,0
person019,-45,18,E:\Thesis\Dataset\correct_angle_all\person019\left\45_degree_18.png,0,0.371384,3,0.65643007,45,0,1,1,0
person019,-30,2,E:\Thesis\Dataset\correct_angle_all\person019\left\30_degree_02.png,0,0.1362707,3,0.83299345,30,0,1,1,0
person019,-30,14,E:\Thesis\Dataset\correct_angle_all\person019\left\30_degree_14.png,0,0.10203811,3,0.9944832,30,0,1,1,0
person019,-30,18,E:\Thesis\Dataset\correct_angle_all\person019\left\30_degree_18.png,0,0.14409012,3,0.99469775,30,0,1,1,0
person019,-15,2,E:\Thesis\Dataset\correct_angle_all\person019\left\15_degree02.png,0,0.08302636,3,0.5367147,15,0,1,1,0
person019,30,2,E:\Thesis\Dataset\correct_angle_all\person019\right\30_degree02.png,0,0.0826712,3,0.93094283,30,0,1,1,0
person019,30,14,E:\Thesis\Dataset\correct_angle_all\person019\right\30_degree14.png,0,0.092639305,3,0.9495147,30,0,1,1,0
person019,30,18,E:\Thesis\Dataset\correct_angle_all\person019\right\30_degree18.png,0,0.08869933,3,0.9729094,30,0,1,1,0
person019,60,2,E:\Thesis\Dataset\correct_angle_all\person019\right\60_degree02.png,0,0.11072793,3,0.9636759,60,0,1,1,0
person019,60,9,E:\Thesis\Dataset\correct_angle_all\person019\right\60_degree09.png,0,0.104123205,3,0.8403351,60,0,1,1,0
person019,60,14,E:\Thesis\Dataset\correct_angle_all\person019\right\60_degree14.png,0,0.15995662,3,0.8065562,60,0,1,1,0
person019,60,18,E:\Thesis\Dataset\correct_angle_all\person019\right\60_degree18.png,0,0.09309117,3,0.8852566,60,0,1,1,0
person019,90,2,E:\Thesis\Dataset\correct_angle_all\person019\right\90_degree02.png,0,0.13243528,3,0.60050774,90,0,1,1,0
person019,90,9,E:\Thesis\Dataset\correct_angle_all\person019\right\90_degree09.png,0,0.15878026,3,0.43469226,90,0,1,1,0
person019,90,18,E:\Thesis\Dataset\correct_angle_all\person019\right\90_degree18.png,0,0.13339853,3,0.5440447,90,0,1,1,0
person020,-90,2,E:\Thesis\Dataset\correct_angle_all\person020\left\90_degree_02.png,0,0.18026234,3,0.85723233,90,0,1,1,0
person020,-90,9,E:\Thesis\Dataset\correct_angle_all\person020\left\90_degree_09.png,0,0.10837344,3,0.5646302,90,0,1,1,0
person020,-90,14,E:\Thesis\Dataset\correct_angle_all\person020\left\90_degree_14.png,0,0.0849655,3,0.6924798,90,0,1,1,0
person020,-90,18,E:\Thesis\Dataset\correct_angle_all\person020\left\90_degree_18.png,0,0.10869163,3,0.65493464,90,0,1,1,0
person020,-75,2,E:\Thesis\Dataset\correct_angle_all\person020\left\75_degree_02.png,0,0.1729488,3,0.9318411,75,0,1,1,0
person020,-75,9,E:\Thesis\Dataset\correct_angle_all\person020\left\75_degree_09.png,0,0.12834637,3,0.9500515,75,0,1,1,0
person020,-75,18,E:\Thesis\Dataset\correct_angle_all\person020\left\75_degree_18.png,0,0.11376041,3,0.9604852,75,0,1,1,0
person020,-60,2,E:\Thesis\Dataset\correct_angle_all\person020\left\60_degree_02.png,0,0.14724825,3,0.9675701,60,0,1,1,0
person020,-60,9,E:\Thesis\Dataset\correct_angle_all\person020\left\60_degree_09.png,0,0.1637059,3,0.9959612,60,0,1,1,0
person020,-60,14,E:\Thesis\Dataset\correct_angle_all\person020\left\60_degree_14.png,0,0.11339868,3,0.993686,60,0,1,1,0
person020,-60,18,E:\Thesis\Dataset\correct_angle_all\person020\left\60_degree_18.png,0,0.18797082,3,0.9970606,60,0,1,1,0
person020,-45,14,E:\Thesis\Dataset\correct_angle_all\person020\left\45_degree_14.png,0,0.13720618,3,0.84564024,45,0,1,1,0
person020,-45,18,E:\Thesis\Dataset\correct_angle_all\person020\left\45_degree_18.png,0,0.20367186,3,0.97516376,45,0,1,1,0
person020,-30,9,E:\Thesis\Dataset\correct_angle_all\person020\left\30_degree_09.png,0,0.19211894,3,0.9960561,30,0,1,1,0
person020,-30,18,E:\Thesis\Dataset\correct_angle_all\person020\left\30_degree_18.png,0,0.27838096,3,0.9961198,30,0,1,1,0
person020,15,9,E:\Thesis\Dataset\correct_angle_all\person020\right\15_degree09.png,0,0.09807404,3,0.88230157,15,0,1,1,0
person020,15,14,E:\Thesis\Dataset\correct_angle_all\person020\right\15_degree14.png,0,0.06399911,3,0.7636096,15,0,1,1,0
person020,30,2,E:\Thesis\Dataset\correct_angle_all\person020\right\30_degree02.png,0,0.10738178,3,0.9333952,30,0,1,1,0
person020,30,9,E:\Thesis\Dataset\correct_angle_all\person020\right\30_degree09.png,0,0.095246375,3,0.9968861,30,0,1,1,0
person020,45,2,E:\Thesis\Dataset\correct_angle_all\person020\right\45_degree02.png,0,0.105445355,3,0.78371125,45,0,1,1,0
person020,45,9,E:\Thesis\Dataset\correct_angle_all\person020\right\45_degree09.png,0,0.15202391,3,0.91963094,45,0,1,1,0
person020,45,18,E:\Thesis\Dataset\correct_angle_all\person020\right\45_degree18.png,0,0.15076356,3,0.920856,45,0,1,1,0
person020,60,2,E:\Thesis\Dataset\correct_angle_all\person020\right\60_degree02.png,0,0.13562934,3,0.99569136,60,0,1,1,0
person020,60,9,E:\Thesis\Dataset\correct_angle_all\person020\right\60_degree09.png,0,0.12587863,3,0.9871154,60,0,1,1,0
person020,60,14,E:\Thesis\Dataset\correct_angle_all\person020\right\60_degree14.png,0,0.069370665,3,0.96344155,60,0,1,1,0
person020,60,18,E:\Thesis\Dataset\correct_angle_all\person020\right\60_degree18.png,0,0.16709082,3,0.99755794,60,0,1,1,0
person020,75,9,E:\Thesis\Dataset\correct_angle_all\person020\right\75_degree09.png,0,0.095554315,3,0.66055894,75,0,1,1,0
person020,75,18,E:\Thesis\Dataset\correct_angle_all\person020\right\75_degree18.png,0,0.08943165,3,0.7112526,75,0,1,1,0
person021,-90,18,E:\Thesis\Dataset\correct_angle_all\person021\left\90_degree_18.png,0,0.07074866,3,0.2894644,90,0,1,1,0
person021,-75,14,E:\Thesis\Dataset\correct_angle_all\person021\left\75_degree_14.png,0,0.10172538,3,0.67391855,75,0,1,1,0
person021,-75,18,E:\Thesis\Dataset\correct_angle_all\person021\left\75_degree_18.png,0,0.10223351,3,0.82962495,75,0,1,1,0
person021,-60,2,E:\Thesis\Dataset\correct_angle_all\person021\left\60_degree_02.png,0,0.093986265,3,0.8277971,60,0,1,1,0
person021,-60,18,E:\Thesis\Dataset\correct_angle_all\person021\left\60_degree_18.png,0,0.08418233,3,0.9922728,60,0,1,1,0
person021,-30,2,E:\Thesis\Dataset\correct_angle_all\person021\left\30_degree_02.png,0,0.28720897,3,0.9690015,30,0,1,1,0
person021,-30,9,E:\Thesis\Dataset\correct_angle_all\person021\left\30_degree_09.png,0,0.23865478,3,0.95986634,30,0,1,1,0
person021,-30,14,E:\Thesis\Dataset\correct_angle_all\person021\left\30_degree_14.png,0,0.22188199,3,0.98353815,30,0,1,1,0
person021,-30,18,E:\Thesis\Dataset\correct_angle_all\person021\left\30_degree_18.png,0,0.19511072,3,0.98053855,30,0,1,1,0
person021,-15,14,E:\Thesis\Dataset\correct_angle_all\person021\left\15_degree14.png,0,0.11717716,3,0.90321225,15,0,1,1,0
person021,-15,18,E:\Thesis\Dataset\correct_angle_all\person021\left\15_degree18.png,0,0.15086961,3,0.86727077,15,0,1,1,0
person021,30,2,E:\Thesis\Dataset\correct_angle_all\person021\right\30_degree02.png,0,0.18542577,3,0.99226475,30,0,1,1,0
person021,30,9,E:\Thesis\Dataset\correct_angle_all\person021\right\30_degree09.png,0,0.26517203,3,0.99551386,30,0,1,1,0
person021,30,14,E:\Thesis\Dataset\correct_angle_all\person021\right\30_degree14.png,0,0.19260271,3,0.96979713,30,0,1,1,0
person021,30,18,E:\Thesis\Dataset\correct_angle_all\person021\right\30_degree18.png,0,0.2004479,3,0.99517393,30,0,1,1,0
person021,45,2,E:\Thesis\Dataset\correct_angle_all\person021\right\45_degree02.png,0,0.2311343,3,0.7338818,45,0,1,1,0
person021,45,14,E:\Thesis\Dataset\correct_angle_all\person021\right\45_degree14.png,0,0.31182495,3,0.5724903,45,0,1,1,0
person021,45,18,E:\Thesis\Dataset\correct_angle_all\person021\right\45_degree18.png,0,0.2251755,3,0.857186,45,0,1,1,0
person022,-90,9,E:\Thesis\Dataset\correct_angle_all\person022\left\90_degree_09.png,0,0.077466585,3,0.3655113,90,0,1,1,0
person022,-90,14,E:\Thesis\Dataset\correct_angle_all\person022\left\90_degree_14.png,0,0.1029545,3,0.40105745,90,0,1,1,0
person022,-90,18,E:\Thesis\Dataset\correct_angle_all\person022\left\90_degree_18.png,0,0.08666924,3,0.49394092,90,0,1,1,0
person022,-75,9,E:\Thesis\Dataset\correct_angle_all\person022\left\75_degree_09.png,0,0.15843885,3,0.49922737,75,0,1,1,0
person022,-60,2,E:\Thesis\Dataset\correct_angle_all\person022\left\60_degree_02.png,0,0.10404033,3,0.8377921,60,0,1,1,0
person022,-45,2,E:\Thesis\Dataset\correct_angle_all\person022\left\45_degree_02.png,0,0.18969482,3,0.8980151,45,0,1,1,0
person022,-45,14,E:\Thesis\Dataset\correct_angle_all\person022\left\45_degree_14.png,0,0.19445626,3,0.9416216,45,0,1,1,0
person022,15,2,E:\Thesis\Dataset\correct_angle_all\person022\right\15_degree02.png,0,0.08876886,3,0.42272416,15,0,1,1,0
person022,15,9,E:\Thesis\Dataset\correct_angle_all\person022\right\15_degree09.png,0,0.064442866,3,0.5828647,15,0,1,1,0
person022,15,14,E:\Thesis\Dataset\correct_angle_all\person022\right\15_degree14.png,0,0.09272953,3,0.4709176,15,0,1,1,0
person022,15,18,E:\Thesis\Dataset\correct_angle_all\person022\right\15_degree18.png,0,0.088968895,3,0.59114283,15,0,1,1,0
person022,30,2,E:\Thesis\Dataset\correct_angle_all\person022\right\30_degree02.png,0,0.24286447,3,0.9928308,30,0,1,1,0
person022,30,9,E:\Thesis\Dataset\correct_angle_all\person022\right\30_degree09.png,0,0.33172864,3,0.9916599,30,0,1,1,0
person022,30,18,E:\Thesis\Dataset\correct_angle_all\person022\right\30_degree18.png,0,0.34158945,3,0.99126166,30,0,1,1,0
person022,45,2,E:\Thesis\Dataset\correct_angle_all\person022\right\45_degree02.png,0,0.18373396,3,0.8168888,45,0,1,1,0
person022,45,14,E:\Thesis\Dataset\correct_angle_all\person022\right\45_degree14.png,0,0.23112907,3,0.74314946,45,0,1,1,0
person022,60,2,E:\Thesis\Dataset\correct_angle_all\person022\right\60_degree02.png,0,0.11889869,3,0.98981446,60,0,1,1,0
person022,60,9,E:\Thesis\Dataset\correct_angle_all\person022\right\60_degree09.png,0,0.13997535,3,0.9763758,60,0,1,1,0
person022,60,14,E:\Thesis\Dataset\correct_angle_all\person022\right\60_degree14.png,0,0.12511556,3,0.95540684,60,0,1,1,0
person022,75,9,E:\Thesis\Dataset\correct_angle_all\person022\right\75_degree09.png,0,0.18414171,3,0.37962472,75,0,1,1,0
person022,75,18,E:\Thesis\Dataset\correct_angle_all\person022\right\75_degree18.png,0,0.17017563,3,0.5279209,75,0,1,1,0
person023,-75,2,E:\Thesis\Dataset\correct_angle_all\person023\left\75_degree_02.png,0,0.16964291,3,0.9029827,75,0,1,1,0
person023,-75,9,E:\Thesis\Dataset\correct_angle_all\person023\left\75_degree_09.png,0,0.13534226,3,0.47293034,75,0,1,1,0
person023,-75,14,E:\Thesis\Dataset\correct_angle_all\person023\left\75_degree_14.png,0,0.118037425,3,0.2410978,75,0,1,1,0
person023,-60,2,E:\Thesis\Dataset\correct_angle_all\person023\left\60_degree_02.png,0,0.13788934,3,0.9937039,60,0,1,1,0
person023,-60,9,E:\Thesis\Dataset\correct_angle_all\person023\left\60_degree_09.png,0,0.07222605,3,0.96394426,60,0,1,1,0
person023,-60,14,E:\Thesis\Dataset\correct_angle_all\person023\left\60_degree_14.png,0,0.112313,3,0.91498214,60,0,1,1,0
person023,-60,18,E:\Thesis\Dataset\correct_angle_all\person023\left\60_degree_18.png,0,0.11889669,3,0.9304369,60,0,1,1,0
person023,-45,2,E:\Thesis\Dataset\correct_angle_all\person023\left\45_degree_02.png,0,0.2972304,3,0.58771044,45,0,1,1,0
person023,-45,9,E:\Thesis\Dataset\correct_angle_all\person023\left\45_degree_09.png,0,0.2754468,3,0.81814766,45,0,1,1,0
person023,-45,14,E:\Thesis\Dataset\correct_angle_all\person023\left\45_degree_14.png,0,0.23630671,3,0.82584405,45,0,1,1,0
person023,-45,18,E:\Thesis\Dataset\correct_angle_all\person023\left\45_degree_18.png,0,0.29182407,3,0.7556808,45,0,1,1,0
person023,-30,2,E:\Thesis\Dataset\correct_angle_all\person023\left\30_degree_02.png,0,0.29156682,3,0.48568937,30,0,1,1,0
person023,-30,9,E:\Thesis\Dataset\correct_angle_all\person023\left\30_degree_09.png,0,0.25375536,3,0.9950297,30,0,1,1,0
person023,-30,14,E:\Thesis\Dataset\correct_angle_all\person023\left\30_degree_14.png,0,0.27266762,3,0.97047776,30,0,1,1,0
person023,-30,18,E:\Thesis\Dataset\correct_angle_all\person023\left\30_degree_18.png,0,0.36653748,3,0.9858324,30,0,1,1,0
person023,-15,9,E:\Thesis\Dataset\correct_angle_all\person023\left\15_degree09.png,0,0.2770655,3,0.9466247,15,0,1,1,0
person023,-15,14,E:\Thesis\Dataset\correct_angle_all\person023\left\15_degree14.png,0,0.14696594,3,0.93908376,15,0,1,1,0
person023,-15,18,E:\Thesis\Dataset\correct_angle_all\person023\left\15_degree18.png,0,0.29408607,3,0.89788455,15,0,1,1,0
person023,15,9,E:\Thesis\Dataset\correct_angle_all\person023\right\15_degree09.png,0,0.1213303,3,0.7580721,15,0,1,1,0
person023,15,14,E:\Thesis\Dataset\correct_angle_all\person023\right\15_degree14.png,0,0.14162637,3,0.78976184,15,0,1,1,0
person023,15,18,E:\Thesis\Dataset\correct_angle_all\person023\right\15_degree18.png,0,0.19594686,3,0.7036922,15,0,1,1,0
person023,30,2,E:\Thesis\Dataset\correct_angle_all\person023\right\30_degree02.png,0,0.22673206,3,0.9803138,30,0,1,1,0
person023,30,9,E:\Thesis\Dataset\correct_angle_all\person023\right\30_degree09.png,0,0.47392523,3,0.9847277,30,0,1,1,0
person023,30,14,E:\Thesis\Dataset\correct_angle_all\person023\right\30_degree14.png,0,0.2697694,3,0.9781711,30,0,1,1,0
person023,30,18,E:\Thesis\Dataset\correct_angle_all\person023\right\30_degree18.png,0,0.35842505,3,0.95011646,30,0,1,1,0
person023,45,9,E:\Thesis\Dataset\correct_angle_all\person023\right\45_degree09.png,0,0.34413996,3,0.60383636,45,0,1,1,0
person023,45,14,E:\Thesis\Dataset\correct_angle_all\person023\right\45_degree14.png,0,0.30528745,3,0.5206861,45,0,1,1,0
person023,45,18,E:\Thesis\Dataset\correct_angle_all\person023\right\45_degree18.png,0,0.32329026,3,0.6512837,45,0,1,1,0
person023,60,2,E:\Thesis\Dataset\correct_angle_all\person023\right\60_degree02.png,0,0.18245804,3,0.976386,60,0,1,1,0
person023,60,9,E:\Thesis\Dataset\correct_angle_all\person023\right\60_degree09.png,0,0.24736665,3,0.92808,60,0,1,1,0
person023,60,18,E:\Thesis\Dataset\correct_angle_all\person023\right\60_degree18.png,0,0.26231733,3,0.99303603,60,0,1,1,0
person023,75,14,E:\Thesis\Dataset\correct_angle_all\person023\right\75_degree14.png,0,0.12921394,3,0.79798836,75,0,1,1,0
person023,75,18,E:\Thesis\Dataset\correct_angle_all\person023\right\75_degree18.png,0,0.18917765,3,0.90446234,75,0,1,1,0
person023,90,2,E:\Thesis\Dataset\correct_angle_all\person023\right\90_degree02.png,0,0.08501771,3,0.5519843,90,0,1,1,0
person023,90,14,E:\Thesis\Dataset\correct_angle_all\person023\right\90_degree14.png,0,0.11251161,3,0.34312925,90,0,1,1,0
person024,-90,2,E:\Thesis\Dataset\correct_angle_all\person024\left\90_degree_02.png,0,0.10778842,3,0.40353,90,0,1,1,0
person024,-75,2,E:\Thesis\Dataset\correct_angle_all\person024\left\75_degree_02.png,0,0.19616474,3,0.82186085,75,0,1,1,0
person024,-75,9,E:\Thesis\Dataset\correct_angle_all\person024\left\75_degree_09.png,0,0.12060664,3,0.88741904,75,0,1,1,0
person024,-75,14,E:\Thesis\Dataset\correct_angle_all\person024\left\75_degree_14.png,0,0.13917649,3,0.37974513,75,0,1,1,0
person024,-75,18,E:\Thesis\Dataset\correct_angle_all\person024\left\75_degree_18.png,0,0.15952836,3,0.95048374,75,0,1,1,0
person024,-60,2,E:\Thesis\Dataset\correct_angle_all\person024\left\60_degree_02.png,0,0.27387327,3,0.95764923,60,0,1,1,0
person024,-60,9,E:\Thesis\Dataset\correct_angle_all\person024\left\60_degree_09.png,0,0.15903617,3,0.99047565,60,0,1,1,0
person024,-60,14,E:\Thesis\Dataset\correct_angle_all\person024\left\60_degree_14.png,0,0.107663415,3,0.99106485,60,0,1,1,0
person024,-60,18,E:\Thesis\Dataset\correct_angle_all\person024\left\60_degree_18.png,0,0.16036485,3,0.99695796,60,0,1,1,0
person024,-45,2,E:\Thesis\Dataset\correct_angle_all\person024\left\45_degree_02.png,0,0.32427248,3,0.7869239,45,0,1,1,0
person024,-45,9,E:\Thesis\Dataset\correct_angle_all\person024\left\45_degree_09.png,0,0.30413723,3,0.9074816,45,0,1,1,0
person024,-45,14,E:\Thesis\Dataset\correct_angle_all\person024\left\45_degree_14.png,0,0.28641072,3,0.97592336,45,0,1,1,0
person024,-45,18,E:\Thesis\Dataset\correct_angle_all\person024\left\45_degree_18.png,0,0.32687023,3,0.9693219,45,0,1,1,0
person024,-30,2,E:\Thesis\Dataset\correct_angle_all\person024\left\30_degree_02.png,0,0.33912477,3,0.98759097,30,0,1,1,0
person024,-30,9,E:\Thesis\Dataset\correct_angle_all\person024\left\30_degree_09.png,0,0.21914852,3,0.99622226,30,0,1,1,0
person024,-30,14,E:\Thesis\Dataset\correct_angle_all\person024\left\30_degree_14.png,0,0.18400185,3,0.998092,30,0,1,1,0
person024,-30,18,E:\Thesis\Dataset\correct_angle_all\person024\left\30_degree_18.png,0,0.2563031,3,0.99792176,30,0,1,1,0
person024,30,2,E:\Thesis\Dataset\correct_angle_all\person024\right\30_degree02.png,0,0.10833499,3,0.9922268,30,0,1,1,0
person024,30,9,E:\Thesis\Dataset\correct_angle_all\person024\right\30_degree09.png,0,0.08279367,3,0.9922145,30,0,1,1,0
person024,30,14,E:\Thesis\Dataset\correct_angle_all\person024\right\30_degree14.png,0,0.07410488,3,0.9974809,30,0,1,1,0
person024,30,18,E:\Thesis\Dataset\correct_angle_all\person024\right\30_degree18.png,0,0.07618374,3,0.99649113,30,0,1,1,0
person024,45,2,E:\Thesis\Dataset\correct_angle_all\person024\right\45_degree02.png,0,0.12409892,3,0.8800741,45,0,1,1,0
person024,45,9,E:\Thesis\Dataset\correct_angle_all\person024\right\45_degree09.png,0,0.20079516,3,0.93730146,45,0,1,1,0
person024,45,14,E:\Thesis\Dataset\correct_angle_all\person024\right\45_degree14.png,0,0.17907931,3,0.72145325,45,0,1,1,0
person024,45,18,E:\Thesis\Dataset\correct_angle_all\person024\right\45_degree18.png,0,0.21025772,3,0.8729782,45,0,1,1,0
person024,60,2,E:\Thesis\Dataset\correct_angle_all\person024\right\60_degree02.png,0,0.07418507,3,0.98424226,60,0,1,1,0
person024,60,9,E:\Thesis\Dataset\correct_angle_all\person024\right\60_degree09.png,0,0.065418355,3,0.99712664,60,0,1,1,0
person024,60,14,E:\Thesis\Dataset\correct_angle_all\person024\right\60_degree14.png,0,0.110281765,3,0.9308247,60,0,1,1,0
person024,60,18,E:\Thesis\Dataset\correct_angle_all\person024\right\60_degree18.png,0,0.09440651,3,0.9950493,60,0,1,1,0
person024,75,9,E:\Thesis\Dataset\correct_angle_all\person024\right\75_degree09.png,0,0.12245857,3,0.9168089,75,0,1,1,0
person024,75,14,E:\Thesis\Dataset\correct_angle_all\person024\right\75_degree14.png,0,0.19755782,3,0.74902827,75,0,1,1,0
person024,75,18,E:\Thesis\Dataset\correct_angle_all\person024\right\75_degree18.png,0,0.120718025,3,0.91129494,75,0,1,1,0
person024,90,2,E:\Thesis\Dataset\correct_angle_all\person024\right\90_degree02.png,0,0.1456893,3,0.45183447,90,0,1,1,0
person024,90,9,E:\Thesis\Dataset\correct_angle_all\person024\right\90_degree09.png,0,0.09697495,3,0.5869958,90,0,1,1,0
person024,90,14,E:\Thesis\Dataset\correct_angle_all\person024\right\90_degree14.png,0,0.16201167,3,0.5450044,90,0,1,1,0
person024,90,18,E:\Thesis\Dataset\correct_angle_all\person024\right\90_degree18.png,0,0.09681737,3,0.45589188,90,0,1,1,0
person025,-60,2,E:\Thesis\Dataset\correct_angle_all\person025\left\60_degree_02.png,0,0.17138715,3,0.8723033,60,0,1,1,0
person025,-60,9,E:\Thesis\Dataset\correct_angle_all\person025\left\60_degree_09.png,0,0.10138974,3,0.9507065,60,0,1,1,0
person025,-60,14,E:\Thesis\Dataset\correct_angle_all\person025\left\60_degree_14.png,0,0.06827697,3,0.7759796,60,0,1,1,0
person025,-60,18,E:\Thesis\Dataset\correct_angle_all\person025\left\60_degree_18.png,0,0.09916607,3,0.8676438,60,0,1,1,0
person025,-45,2,E:\Thesis\Dataset\correct_angle_all\person025\left\45_degree_02.png,0,0.15319788,3,0.44184563,45,0,1,1,0
person025,-45,9,E:\Thesis\Dataset\correct_angle_all\person025\left\45_degree_09.png,0,0.14252184,3,0.6956962,45,0,1,1,0
person025,-45,14,E:\Thesis\Dataset\correct_angle_all\person025\left\45_degree_14.png,0,0.20877379,3,0.60652125,45,0,1,1,0
person025,-45,18,E:\Thesis\Dataset\correct_angle_all\person025\left\45_degree_18.png,0,0.24303688,3,0.51139516,45,0,1,1,0
person025,-30,2,E:\Thesis\Dataset\correct_angle_all\person025\left\30_degree_02.png,0,0.0708274,3,0.9427848,30,0,1,1,0
person025,-30,9,E:\Thesis\Dataset\correct_angle_all\person025\left\30_degree_09.png,0,0.055992465,3,0.9985204,30,0,1,1,0
person025,-30,14,E:\Thesis\Dataset\correct_angle_all\person025\left\30_degree_14.png,0,0.10463514,3,0.94331914,30,0,1,1,0
person025,15,2,E:\Thesis\Dataset\correct_angle_all\person025\right\15_degree02.png,0,0.11612169,3,0.559862,15,0,1,1,0
person025,15,18,E:\Thesis\Dataset\correct_angle_all\person025\right\15_degree18.png,0,0.123060465,3,0.6903951,15,0,1,1,0
person025,30,2,E:\Thesis\Dataset\correct_angle_all\person025\right\30_degree02.png,0,0.10725868,3,0.95828533,30,0,1,1,0
person025,45,18,E:\Thesis\Dataset\correct_angle_all\person025\right\45_degree18.png,0,0.12547438,3,0.7170089,45,0,1,1,0
person025,60,2,E:\Thesis\Dataset\correct_angle_all\person025\right\60_degree02.png,0,0.12940852,3,0.93030953,60,0,1,1,0
person025,60,14,E:\Thesis\Dataset\correct_angle_all\person025\right\60_degree14.png,0,0.29318082,3,0.82163996,60,0,1,1,0
person026,-90,2,E:\Thesis\Dataset\correct_angle_all\person026\left\90_degree_02.png,0,0.12165686,3,0.36864772,90,0,1,1,0
person026,-75,2,E:\Thesis\Dataset\correct_angle_all\person026\left\75_degree_02.png,0,0.10241499,3,0.7448707,75,0,1,1,0
person026,-75,14,E:\Thesis\Dataset\correct_angle_all\person026\left\75_degree_14.png,0,0.12216809,3,0.8391462,75,0,1,1,0
person026,-75,18,E:\Thesis\Dataset\correct_angle_all\person026\left\75_degree_18.png,0,0.070471615,3,0.40091753,75,0,1,1,0
person026,-60,2,E:\Thesis\Dataset\correct_angle_all\person026\left\60_degree_02.png,0,0.08473206,3,0.93891317,60,0,1,1,0
person026,-60,9,E:\Thesis\Dataset\correct_angle_all\person026\left\60_degree_09.png,0,0.079855524,3,0.78970236,60,0,1,1,0
person026,-60,14,E:\Thesis\Dataset\correct_angle_all\person026\left\60_degree_14.png,0,0.07903124,3,0.99714065,60,0,1,1,0
person026,-60,18,E:\Thesis\Dataset\correct_angle_all\person026\left\60_degree_18.png,0,0.08674652,3,0.9255964,60,0,1,1,0
person026,-45,2,E:\Thesis\Dataset\correct_angle_all\person026\left\45_degree_02.png,0,0.24056722,3,0.31423458,45,0,1,1,0
person026,-45,9,E:\Thesis\Dataset\correct_angle_all\person026\left\45_degree_09.png,0,0.29981264,3,0.6605118,45,0,1,1,0
person026,-45,14,E:\Thesis\Dataset\correct_angle_all\person026\left\45_degree_14.png,0,0.21451811,3,0.70949537,45,0,1,1,0
person026,-45,18,E:\Thesis\Dataset\correct_angle_all\person026\left\45_degree_18.png,0,0.30077323,3,0.7792277,45,0,1,1,0
person026,-30,2,E:\Thesis\Dataset\correct_angle_all\person026\left\30_degree_02.png,0,0.24759233,3,0.746075,30,0,1,1,0
person026,-30,9,E:\Thesis\Dataset\correct_angle_all\person026\left\30_degree_09.png,0,0.19199012,3,0.9920375,30,0,1,1,0
person026,-30,14,E:\Thesis\Dataset\correct_angle_all\person026\left\30_degree_14.png,0,0.22244103,3,0.88401127,30,0,1,1,0
person026,-30,18,E:\Thesis\Dataset\correct_angle_all\person026\left\30_degree_18.png,0,0.21209967,3,0.9960313,30,0,1,1,0
person026,-15,9,E:\Thesis\Dataset\correct_angle_all\person026\left\15_degree09.png,0,0.11612875,3,0.7180934,15,0,1,1,0
person026,-15,14,E:\Thesis\Dataset\correct_angle_all\person026\left\15_degree14.png,0,0.12830827,3,0.5864484,15,0,1,1,0
person026,-15,18,E:\Thesis\Dataset\correct_angle_all\person026\left\15_degree18.png,0,0.11886085,3,0.72172767,15,0,1,1,0
person026,30,2,E:\Thesis\Dataset\correct_angle_all\person026\right\30_degree02.png,0,0.09622595,3,0.9757963,30,0,1,1,0
person026,30,9,E:\Thesis\Dataset\correct_angle_all\person026\right\30_degree09.png,0,0.14423035,3,0.994427,30,0,1,1,0
person026,30,14,E:\Thesis\Dataset\correct_angle_all\person026\right\30_degree14.png,0,0.08322715,3,0.98762554,30,0,1,1,0
person026,30,18,E:\Thesis\Dataset\correct_angle_all\person026\right\30_degree18.png,0,0.09222754,3,0.9918731,30,0,1,1,0
person026,45,2,E:\Thesis\Dataset\correct_angle_all\person026\right\45_degree02.png,0,0.11633686,3,0.85807925,45,0,1,1,0
person026,45,9,E:\Thesis\Dataset\correct_angle_all\person026\right\45_degree09.png,0,0.22757809,3,0.86616546,45,0,1,1,0
person026,45,14,E:\Thesis\Dataset\correct_angle_all\person026\right\45_degree14.png,0,0.18488874,3,0.8314311,45,0,1,1,0
person026,45,18,E:\Thesis\Dataset\correct_angle_all\person026\right\45_degree18.png,0,0.21039812,3,0.8184471,45,0,1,1,0
person026,60,2,E:\Thesis\Dataset\correct_angle_all\person026\right\60_degree02.png,0,0.07092435,3,0.9131295,60,0,1,1,0
person026,60,9,E:\Thesis\Dataset\correct_angle_all\person026\right\60_degree09.png,0,0.0955413,3,0.95269686,60,0,1,1,0
person026,60,14,E:\Thesis\Dataset\correct_angle_all\person026\right\60_degree14.png,0,0.061987445,3,0.8444566,60,0,1,1,0
person026,60,18,E:\Thesis\Dataset\correct_angle_all\person026\right\60_degree18.png,0,0.073972926,3,0.9649169,60,0,1,1,0
person026,75,9,E:\Thesis\Dataset\correct_angle_all\person026\right\75_degree09.png,0,0.14402638,3,0.3508065,75,0,1,1,0
person026,75,18,E:\Thesis\Dataset\correct_angle_all\person026\right\75_degree18.png,0,0.22723234,3,0.42806634,75,0,1,1,0
person027,-75,2,E:\Thesis\Dataset\correct_angle_all\person027\left\75_degree_02.png,0,0.14552431,3,0.7114229,75,0,1,1,0
person027,-75,9,E:\Thesis\Dataset\correct_angle_all\person027\left\75_degree_09.png,0,0.11475286,3,0.71968144,75,0,1,1,0
person027,-75,18,E:\Thesis\Dataset\correct_angle_all\person027\left\75_degree_18.png,0,0.1507409,3,0.63749176,75,0,1,1,0
person027,-60,2,E:\Thesis\Dataset\correct_angle_all\person027\left\60_degree_02.png,0,0.13238701,3,0.9897739,60,0,1,1,0
person027,-60,9,E:\Thesis\Dataset\correct_angle_all\person027\left\60_degree_09.png,0,0.1388401,3,0.9790878,60,0,1,1,0
person027,-60,14,E:\Thesis\Dataset\correct_angle_all\person027\left\60_degree_14.png,0,0.15792646,3,0.8613181,60,0,1,1,0
person027,-60,18,E:\Thesis\Dataset\correct_angle_all\person027\left\60_degree_18.png,0,0.14072071,3,0.98872536,60,0,1,1,0
person027,-45,2,E:\Thesis\Dataset\correct_angle_all\person027\left\45_degree_02.png,0,0.11570996,3,0.77110046,45,0,1,1,0
person027,-45,9,E:\Thesis\Dataset\correct_angle_all\person027\left\45_degree_09.png,0,0.10254445,3,0.71129394,45,0,1,1,0
person027,-45,18,E:\Thesis\Dataset\correct_angle_all\person027\left\45_degree_18.png,0,0.121831566,3,0.71637154,45,0,1,1,0
person027,-30,2,E:\Thesis\Dataset\correct_angle_all\person027\left\30_degree_02.png,0,0.22379558,3,0.99352473,30,0,1,1,0
person027,-30,9,E:\Thesis\Dataset\correct_angle_all\person027\left\30_degree_09.png,0,0.14456038,3,0.9738671,30,0,1,1,0
person027,-30,14,E:\Thesis\Dataset\correct_angle_all\person027\left\30_degree_14.png,0,0.20105153,3,0.99186707,30,0,1,1,0
person027,-30,18,E:\Thesis\Dataset\correct_angle_all\person027\left\30_degree_18.png,0,0.19775172,3,0.9943226,30,0,1,1,0
person027,-15,2,E:\Thesis\Dataset\correct_angle_all\person027\left\15_degree02.png,0,0.20819789,3,0.7500453,15,0,1,1,0
person027,-15,9,E:\Thesis\Dataset\correct_angle_all\person027\left\15_degree09.png,0,0.20182848,3,0.81023335,15,0,1,1,0
person027,-15,14,E:\Thesis\Dataset\correct_angle_all\person027\left\15_degree14.png,0,0.19483759,3,0.91839474,15,0,1,1,0
person027,-15,18,E:\Thesis\Dataset\correct_angle_all\person027\left\15_degree18.png,0,0.2809163,3,0.894752,15,0,1,1,0
person027,15,2,E:\Thesis\Dataset\correct_angle_all\person027\right\15_degree02.png,0,0.084653944,3,0.88936013,15,0,1,1,0
person027,15,14,E:\Thesis\Dataset\correct_angle_all\person027\right\15_degree14.png,0,0.11967539,3,0.8360939,15,0,1,1,0
person027,30,2,E:\Thesis\Dataset\correct_angle_all\person027\right\30_degree02.png,0,0.16060543,3,0.98728776,30,0,1,1,0
person027,30,9,E:\Thesis\Dataset\correct_angle_all\person027\right\30_degree09.png,0,0.34769621,3,0.9972887,30,0,1,1,0
person027,30,14,E:\Thesis\Dataset\correct_angle_all\person027\right\30_degree14.png,0,0.20697887,3,0.99667025,30,0,1,1,0
person027,30,18,E:\Thesis\Dataset\correct_angle_all\person027\right\30_degree18.png,0,0.2708716,3,0.99603015,30,0,1,1,0
person027,45,2,E:\Thesis\Dataset\correct_angle_all\person027\right\45_degree02.png,0,0.25329202,3,0.8592267,45,0,1,1,0
person027,45,9,E:\Thesis\Dataset\correct_angle_all\person027\right\45_degree09.png,0,0.3050635,3,0.9584381,45,0,1,1,0
person027,45,14,E:\Thesis\Dataset\correct_angle_all\person027\right\45_degree14.png,0,0.2826774,3,0.87449735,45,0,1,1,0
person027,45,18,E:\Thesis\Dataset\correct_angle_all\person027\right\45_degree18.png,0,0.32310563,3,0.94976157,45,0,1,1,0
person027,60,2,E:\Thesis\Dataset\correct_angle_all\person027\right\60_degree02.png,0,0.06915492,3,0.93826455,60,0,1,1,0
person027,60,9,E:\Thesis\Dataset\correct_angle_all\person027\right\60_degree09.png,0,0.15241532,3,0.9957215,60,0,1,1,0
person027,60,14,E:\Thesis\Dataset\correct_angle_all\person027\right\60_degree14.png,0,0.08227566,3,0.9344004,60,0,1,1,0
person027,60,18,E:\Thesis\Dataset\correct_angle_all\person027\right\60_degree18.png,0,0.11925417,3,0.995212,60,0,1,1,0
person027,75,9,E:\Thesis\Dataset\correct_angle_all\person027\right\75_degree09.png,0,0.13310502,3,0.95004845,75,0,1,1,0
person027,75,14,E:\Thesis\Dataset\correct_angle_all\person027\right\75_degree14.png,0,0.0909322,3,0.74072313,75,0,1,1,0
person027,75,18,E:\Thesis\Dataset\correct_angle_all\person027\right\75_degree18.png,0,0.109197654,3,0.9492015,75,0,1,1,0
person028,-75,2,E:\Thesis\Dataset\correct_angle_all\person028\left\75_degree_02.png,0,0.19950686,3,0.17845951,75,0,1,1,0
person028,-75,9,E:\Thesis\Dataset\correct_angle_all\person028\left\75_degree_09.png,0,0.112064146,3,0.30059522,75,0,1,1,0
person028,-75,18,E:\Thesis\Dataset\correct_angle_all\person028\left\75_degree_18.png,0,0.124282956,3,0.34901872,75,0,1,1,0
person028,-60,2,E:\Thesis\Dataset\correct_angle_all\person028\left\60_degree_02.png,0,0.16253279,3,0.8377607,60,0,1,1,0
person028,-60,9,E:\Thesis\Dataset\correct_angle_all\person028\left\60_degree_09.png,0,0.12538175,3,0.9744955,60,0,1,1,0
person028,-60,14,E:\Thesis\Dataset\correct_angle_all\person028\left\60_degree_14.png,0,0.16559143,3,0.8210524,60,0,1,1,0
person028,-60,18,E:\Thesis\Dataset\correct_angle_all\person028\left\60_degree_18.png,0,0.112085335,3,0.9074318,60,0,1,1,0
person028,-45,2,E:\Thesis\Dataset\correct_angle_all\person028\left\45_degree_02.png,0,0.121247075,3,0.42910513,45,0,1,1,0
person028,-45,9,E:\Thesis\Dataset\correct_angle_all\person028\left\45_degree_09.png,0,0.16227353,3,0.63259864,45,0,1,1,0
person028,-45,14,E:\Thesis\Dataset\correct_angle_all\person028\left\45_degree_14.png,0,0.14096838,3,0.4288307,45,0,1,1,0
person028,-45,18,E:\Thesis\Dataset\correct_angle_all\person028\left\45_degree_18.png,0,0.14539607,3,0.6466126,45,0,1,1,0
person028,-30,2,E:\Thesis\Dataset\correct_angle_all\person028\left\30_degree_02.png,0,0.2573752,3,0.97679204,30,0,1,1,0
person028,-30,9,E:\Thesis\Dataset\correct_angle_all\person028\left\30_degree_09.png,0,0.20747499,3,0.9962797,30,0,1,1,0
person028,-30,14,E:\Thesis\Dataset\correct_angle_all\person028\left\30_degree_14.png,0,0.19787347,3,0.9878282,30,0,1,1,0
person028,-30,18,E:\Thesis\Dataset\correct_angle_all\person028\left\30_degree_18.png,0,0.26436478,3,0.99035525,30,0,1,1,0
person028,15,2,E:\Thesis\Dataset\correct_angle_all\person028\right\15_degree02.png,0,0.069500566,3,0.7804797,15,0,1,1,0
person028,15,14,E:\Thesis\Dataset\correct_angle_all\person028\right\15_degree14.png,0,0.051350307,3,0.79907846,15,0,1,1,0
person028,30,2,E:\Thesis\Dataset\correct_angle_all\person028\right\30_degree02.png,0,0.068589285,3,0.9911499,30,0,1,1,0
person028,30,9,E:\Thesis\Dataset\correct_angle_all\person028\right\30_degree09.png,0,0.0876835,3,0.99573344,30,0,1,1,0
person028,30,14,E:\Thesis\Dataset\correct_angle_all\person028\right\30_degree14.png,0,0.09704099,3,0.9918744,30,0,1,1,0
person028,45,2,E:\Thesis\Dataset\correct_angle_all\person028\right\45_degree02.png,0,0.16277112,3,0.37575936,45,0,1,1,0
person028,45,14,E:\Thesis\Dataset\correct_angle_all\person028\right\45_degree14.png,0,0.17665225,3,0.35209116,45,0,1,1,0
person028,60,2,E:\Thesis\Dataset\correct_angle_all\person028\right\60_degree02.png,0,0.072941065,3,0.9564204,60,0,1,1,0
person028,60,9,E:\Thesis\Dataset\correct_angle_all\person028\right\60_degree09.png,0,0.10700595,3,0.99830645,60,0,1,1,0
person028,60,14,E:\Thesis\Dataset\correct_angle_all\person028\right\60_degree14.png,0,0.10541362,3,0.9816945,60,0,1,1,0
person028,60,18,E:\Thesis\Dataset\correct_angle_all\person028\right\60_degree18.png,0,0.12177675,3,0.99629575,60,0,1,1,0
person028,75,9,E:\Thesis\Dataset\correct_angle_all\person028\right\75_degree09.png,0,0.10113135,3,0.67721725,75,0,1,1,0
person028,75,14,E:\Thesis\Dataset\correct_angle_all\person028\right\75_degree14.png,0,0.1361642,3,0.30583447,75,0,1,1,0
person028,75,18,E:\Thesis\Dataset\correct_angle_all\person028\right\75_degree18.png,0,0.09560735,3,0.547535,75,0,1,1,0
person029,-90,2,E:\Thesis\Dataset\correct_angle_all\person029\left\90_degree_02.png,0,0.23420371,3,0.31989077,90,0,1,1,0
person029,-75,2,E:\Thesis\Dataset\correct_angle_all\person029\left\75_degree_02.png,0,0.24209113,3,0.7653088,75,0,1,1,0
person029,-75,9,E:\Thesis\Dataset\correct_angle_all\person029\left\75_degree_09.png,0,0.19453149,3,0.9150843,75,0,1,1,0
person029,-75,14,E:\Thesis\Dataset\correct_angle_all\person029\left\75_degree_14.png,0,0.13023531,3,0.6060197,75,0,1,1,0
person029,-75,18,E:\Thesis\Dataset\correct_angle_all\person029\left\75_degree_18.png,0,0.20871913,3,0.7747455,75,0,1,1,0
person029,-60,2,E:\Thesis\Dataset\correct_angle_all\person029\left\60_degree_02.png,0,0.13673596,3,0.94836384,60,0,1,1,0
person029,-60,9,E:\Thesis\Dataset\correct_angle_all\person029\left\60_degree_09.png,0,0.19832814,3,0.99490094,60,0,1,1,0
person029,-60,14,E:\Thesis\Dataset\correct_angle_all\person029\left\60_degree_14.png,0,0.14986847,3,0.9896676,60,0,1,1,0
person029,-60,18,E:\Thesis\Dataset\correct_angle_all\person029\left\60_degree_18.png,0,0.16758144,3,0.98616195,60,0,1,1,0
person029,-45,2,E:\Thesis\Dataset\correct_angle_all\person029\left\45_degree_02.png,0,0.15104626,3,0.77414984,45,0,1,1,0
person029,-45,9,E:\Thesis\Dataset\correct_angle_all\person029\left\45_degree_09.png,0,0.15869798,3,0.5061311,45,0,1,1,0
person029,-45,14,E:\Thesis\Dataset\correct_angle_all\person029\left\45_degree_14.png,0,0.16568127,3,0.85697,45,0,1,1,0
person029,-45,18,E:\Thesis\Dataset\correct_angle_all\person029\left\45_degree_18.png,0,0.21281974,3,0.7737649,45,0,1,1,0
person029,-30,2,E:\Thesis\Dataset\correct_angle_all\person029\left\30_degree_02.png,0,0.1635349,3,0.99172974,30,0,1,1,0
person029,-30,9,E:\Thesis\Dataset\correct_angle_all\person029\left\30_degree_09.png,0,0.13972275,3,0.9481182,30,0,1,1,0
person029,-30,14,E:\Thesis\Dataset\correct_angle_all\person029\left\30_degree_14.png,0,0.17271423,3,0.98394865,30,0,1,1,0
person029,-30,18,E:\Thesis\Dataset\correct_angle_all\person029\left\30_degree_18.png,0,0.18079071,3,0.9897731,30,0,1,1,0
person029,-15,2,E:\Thesis\Dataset\correct_angle_all\person029\left\15_degree02.png,0,0.07019933,3,0.77243584,15,0,1,1,0
person029,-15,9,E:\Thesis\Dataset\correct_angle_all\person029\left\15_degree09.png,0,0.09047698,3,0.7603669,15,0,1,1,0
person029,-15,14,E:\Thesis\Dataset\correct_angle_all\person029\left\15_degree14.png,0,0.07151294,3,0.8490544,15,0,1,1,0
person029,-15,18,E:\Thesis\Dataset\correct_angle_all\person029\left\15_degree18.png,0,0.09925097,3,0.8215017,15,0,1,1,0
person029,15,2,E:\Thesis\Dataset\correct_angle_all\person029\right\15_degree02.png,0,0.2509285,3,0.5340797,15,0,1,1,0
person029,15,9,E:\Thesis\Dataset\correct_angle_all\person029\right\15_degree09.png,0,0.27984595,3,0.87582535,15,0,1,1,0
person029,15,14,E:\Thesis\Dataset\correct_angle_all\person029\right\15_degree14.png,0,0.29078698,3,0.7709078,15,0,1,1,0
person029,15,18,E:\Thesis\Dataset\correct_angle_all\person029\right\15_degree18.png,0,0.2604915,3,0.68683416,15,0,1,1,0
person029,30,2,E:\Thesis\Dataset\correct_angle_all\person029\right\30_degree02.png,0,0.16829507,3,0.9574341,30,0,1,1,0
person029,30,9,E:\Thesis\Dataset\correct_angle_all\person029\right\30_degree09.png,0,0.21439695,3,0.9898026,30,0,1,1,0
person029,30,14,E:\Thesis\Dataset\correct_angle_all\person029\right\30_degree14.png,0,0.23683351,3,0.9974957,30,0,1,1,0
person029,30,18,E:\Thesis\Dataset\correct_angle_all\person029\right\30_degree18.png,0,0.24121495,3,0.99512607,30,0,1,1,0
person029,45,2,E:\Thesis\Dataset\correct_angle_all\person029\right\45_degree02.png,0,0.35255656,3,0.4153824,45,0,1,1,0
person029,45,9,E:\Thesis\Dataset\correct_angle_all\person029\right\45_degree09.png,0,0.2797156,3,0.51736546,45,0,1,1,0
person029,45,14,E:\Thesis\Dataset\correct_angle_all\person029\right\45_degree14.png,0,0.31990716,3,0.775882,45,0,1,1,0
person029,45,18,E:\Thesis\Dataset\correct_angle_all\person029\right\45_degree18.png,0,0.32051373,3,0.72404116,45,0,1,1,0
person029,60,2,E:\Thesis\Dataset\correct_angle_all\person029\right\60_degree02.png,0,0.07895553,3,0.92375994,60,0,1,1,0
person029,60,9,E:\Thesis\Dataset\correct_angle_all\person029\right\60_degree09.png,0,0.07988823,3,0.9881771,60,0,1,1,0
person029,60,14,E:\Thesis\Dataset\correct_angle_all\person029\right\60_degree14.png,0,0.13131762,3,0.92922944,60,0,1,1,0
person029,60,18,E:\Thesis\Dataset\correct_angle_all\person029\right\60_degree18.png,0,0.080597214,3,0.9969985,60,0,1,1,0
person029,75,9,E:\Thesis\Dataset\correct_angle_all\person029\right\75_degree09.png,0,0.13518758,3,0.7721009,75,0,1,1,0
person029,75,14,E:\Thesis\Dataset\correct_angle_all\person029\right\75_degree14.png,0,0.1448078,3,0.833842,75,0,1,1,0
person029,75,18,E:\Thesis\Dataset\correct_angle_all\person029\right\75_degree18.png,0,0.11704791,3,0.9571349,75,0,1,1,0
person029,90,9,E:\Thesis\Dataset\correct_angle_all\person029\right\90_degree09.png,0,0.09754161,3,0.45583448,90,0,1,1,0
person029,90,14,E:\Thesis\Dataset\correct_angle_all\person029\right\90_degree14.png,0,0.10763805,3,0.5587659,90,0,1,1,0
person029,90,18,E:\Thesis\Dataset\correct_angle_all\person029\right\90_degree18.png,0,0.08269721,3,0.6299703,90,0,1,1,0
person030,-60,2,E:\Thesis\Dataset\correct_angle_all\person030\left\60_degree_02.png,0,0.15712963,3,0.95625615,60,0,1,1,0
person030,-60,9,E:\Thesis\Dataset\correct_angle_all\person030\left\60_degree_09.png,0,0.16217864,3,0.9208555,60,0,1,1,0
person030,-60,14,E:\Thesis\Dataset\correct_angle_all\person030\left\60_degree_14.png,0,0.14345531,3,0.9281618,60,0,1,1,0
person030,-60,18,E:\Thesis\Dataset\correct_angle_all\person030\left\60_degree_18.png,0,0.21180983,3,0.89172554,60,0,1,1,0
person030,-45,2,E:\Thesis\Dataset\correct_angle_all\person030\left\45_degree_02.png,0,0.16507068,3,0.5484588,45,0,1,1,0
person030,-45,9,E:\Thesis\Dataset\correct_angle_all\person030\left\45_degree_09.png,0,0.2008639,3,0.70315117,45,0,1,1,0
person030,-45,18,E:\Thesis\Dataset\correct_angle_all\person030\left\45_degree_18.png,0,0.22186376,3,0.7607352,45,0,1,1,0
person030,-30,2,E:\Thesis\Dataset\correct_angle_all\person030\left\30_degree_02.png,0,0.24949354,3,0.8253298,30,0,1,1,0
person030,-30,9,E:\Thesis\Dataset\correct_angle_all\person030\left\30_degree_09.png,0,0.2179575,3,0.99490386,30,0,1,1,0
person030,-30,14,E:\Thesis\Dataset\correct_angle_all\person030\left\30_degree_14.png,0,0.2914287,3,0.9143322,30,0,1,1,0
person030,-30,18,E:\Thesis\Dataset\correct_angle_all\person030\left\30_degree_18.png,0,0.29833737,3,0.98655075,30,0,1,1,0
person030,15,14,E:\Thesis\Dataset\correct_angle_all\person030\right\15_degree14.png,0,0.13629764,3,0.8698886,15,0,1,1,0
person030,30,2,E:\Thesis\Dataset\correct_angle_all\person030\right\30_degree02.png,0,0.21489064,3,0.95814914,30,0,1,1,0
person030,30,9,E:\Thesis\Dataset\correct_angle_all\person030\right\30_degree09.png,0,0.26287302,3,0.9989694,30,0,1,1,0
person030,30,14,E:\Thesis\Dataset\correct_angle_all\person030\right\30_degree14.png,0,0.18090189,3,0.98567224,30,0,1,1,0
person030,30,18,E:\Thesis\Dataset\correct_angle_all\person030\right\30_degree18.png,0,0.19677128,3,0.9961569,30,0,1,1,0
person030,45,2,E:\Thesis\Dataset\correct_angle_all\person030\right\45_degree02.png,0,0.23067415,3,0.6949381,45,0,1,1,0
person030,45,14,E:\Thesis\Dataset\correct_angle_all\person030\right\45_degree14.png,0,0.21433301,3,0.7210705,45,0,1,1,0
person030,45,18,E:\Thesis\Dataset\correct_angle_all\person030\right\45_degree18.png,0,0.24564372,3,0.82777435,45,0,1,1,0
person030,60,2,E:\Thesis\Dataset\correct_angle_all\person030\right\60_degree02.png,0,0.061924398,3,0.96075726,60,0,1,1,0
person030,60,18,E:\Thesis\Dataset\correct_angle_all\person030\right\60_degree18.png,0,0.06622584,3,0.99677944,60,0,1,1,0
person030,75,9,E:\Thesis\Dataset\correct_angle_all\person030\right\75_degree09.png,0,0.06900952,3,0.8598198,75,0,1,1,0
person030,75,14,E:\Thesis\Dataset\correct_angle_all\person030\right\75_degree14.png,0,0.09603182,3,0.4658532,75,0,1,1,0
person030,75,18,E:\Thesis\Dataset\correct_angle_all\person030\right\75_degree18.png,0,0.11169968,3,0.8647106,75,0,1,1,0
person031,-75,2,E:\Thesis\Dataset\correct_angle_all\person031\left\75_degree_02.png,0,0.41742185,3,0.5718153,75,0,1,1,0
person031,-75,9,E:\Thesis\Dataset\correct_angle_all\person031\left\75_degree_09.png,0,0.32330218,3,0.50243354,75,0,1,1,0
person031,-75,18,E:\Thesis\Dataset\correct_angle_all\person031\left\75_degree_18.png,0,0.32122722,3,0.6758123,75,0,1,1,0
person031,-60,2,E:\Thesis\Dataset\correct_angle_all\person031\left\60_degree_02.png,0,0.33368847,3,0.9726278,60,0,1,1,0
person031,-60,9,E:\Thesis\Dataset\correct_angle_all\person031\left\60_degree_09.png,0,0.24066712,3,0.9936026,60,0,1,1,0
person031,-60,14,E:\Thesis\Dataset\correct_angle_all\person031\left\60_degree_14.png,0,0.25423518,3,0.99632764,60,0,1,1,0
person031,-60,18,E:\Thesis\Dataset\correct_angle_all\person031\left\60_degree_18.png,0,0.3362315,3,0.99742824,60,0,1,1,0
person031,-45,2,E:\Thesis\Dataset\correct_angle_all\person031\left\45_degree_02.png,0,0.22280906,3,0.7782083,45,0,1,1,0
person031,-45,9,E:\Thesis\Dataset\correct_angle_all\person031\left\45_degree_09.png,0,0.1642433,3,0.7728877,45,0,1,1,0
person031,-45,14,E:\Thesis\Dataset\correct_angle_all\person031\left\45_degree_14.png,0,0.227318,3,0.77501756,45,0,1,1,0
person031,-45,18,E:\Thesis\Dataset\correct_angle_all\person031\left\45_degree_18.png,0,0.26852298,3,0.87212396,45,0,1,1,0
person031,-30,2,E:\Thesis\Dataset\correct_angle_all\person031\left\30_degree_02.png,0,0.22741838,3,0.9907565,30,0,1,1,0
person031,-30,9,E:\Thesis\Dataset\correct_angle_all\person031\left\30_degree_09.png,0,0.2038775,3,0.99288565,30,0,1,1,0
person031,-30,14,E:\Thesis\Dataset\correct_angle_all\person031\left\30_degree_14.png,0,0.28908333,3,0.98855096,30,0,1,1,0
person031,-30,18,E:\Thesis\Dataset\correct_angle_all\person031\left\30_degree_18.png,0,0.30782804,3,0.99748516,30,0,1,1,0
person031,15,2,E:\Thesis\Dataset\correct_angle_all\person031\right\15_degree02.png,0,0.04652461,3,0.6417579,15,0,1,1,0
person031,15,9,E:\Thesis\Dataset\correct_angle_all\person031\right\15_degree09.png,0,0.08839489,3,0.91804695,15,0,1,1,0
person031,30,2,E:\Thesis\Dataset\correct_angle_all\person031\right\30_degree02.png,0,0.16015339,3,0.9812536,30,0,1,1,0
person031,30,9,E:\Thesis\Dataset\correct_angle_all\person031\right\30_degree09.png,0,0.25177875,3,0.899995,30,0,1,1,0
person031,30,14,E:\Thesis\Dataset\correct_angle_all\person031\right\30_degree14.png,0,0.119678795,3,0.7951506,30,0,1,1,0
person031,30,18,E:\Thesis\Dataset\correct_angle_all\person031\right\30_degree18.png,0,0.1323774,3,0.90557534,30,0,1,1,0
person031,45,2,E:\Thesis\Dataset\correct_angle_all\person031\right\45_degree02.png,0,0.1215967,3,0.45450917,45,0,1,1,0
person031,60,2,E:\Thesis\Dataset\correct_angle_all\person031\right\60_degree02.png,0,0.06912654,3,0.99052745,60,0,1,1,0
person031,60,9,E:\Thesis\Dataset\correct_angle_all\person031\right\60_degree09.png,0,0.05495423,3,0.9218292,60,0,1,1,0
person031,60,14,E:\Thesis\Dataset\correct_angle_all\person031\right\60_degree14.png,0,0.07287398,3,0.82788515,60,0,1,1,0
person031,60,18,E:\Thesis\Dataset\correct_angle_all\person031\right\60_degree18.png,0,0.07094204,3,0.9734188,60,0,1,1,0
person031,75,9,E:\Thesis\Dataset\correct_angle_all\person031\right\75_degree09.png,0,0.08942413,3,0.42199898,75,0,1,1,0
person031,75,14,E:\Thesis\Dataset\correct_angle_all\person031\right\75_degree14.png,0,0.10481488,3,0.39719805,75,0,1,1,0
person031,75,18,E:\Thesis\Dataset\correct_angle_all\person031\right\75_degree18.png,0,0.08415931,3,0.58426404,75,0,1,1,0
person031,90,9,E:\Thesis\Dataset\correct_angle_all\person031\right\90_degree09.png,0,0.09487423,3,0.3611697,90,0,1,1,0
person032,-75,18,E:\Thesis\Dataset\correct_angle_all\person032\left\75_degree_18.png,0,0.08087074,3,0.7905883,75,0,1,1,0
person032,-60,2,E:\Thesis\Dataset\correct_angle_all\person032\left\60_degree_02.png,0,0.10829047,3,0.9233393,60,0,1,1,0
person032,-60,9,E:\Thesis\Dataset\correct_angle_all\person032\left\60_degree_09.png,0,0.09449106,3,0.88572997,60,0,1,1,0
person032,-60,14,E:\Thesis\Dataset\correct_angle_all\person032\left\60_degree_14.png,0,0.1294893,3,0.9979882,60,0,1,1,0
person032,-60,18,E:\Thesis\Dataset\correct_angle_all\person032\left\60_degree_18.png,0,0.10123181,3,0.98939353,60,0,1,1,0
person032,-45,2,E:\Thesis\Dataset\correct_angle_all\person032\left\45_degree_02.png,0,0.079686895,3,0.53747535,45,0,1,1,0
person032,-45,9,E:\Thesis\Dataset\correct_angle_all\person032\left\45_degree_09.png,0,0.07825089,3,0.37410173,45,0,1,1,0
person032,-45,14,E:\Thesis\Dataset\correct_angle_all\person032\left\45_degree_14.png,0,0.07252238,3,0.9049699,45,0,1,1,0
person032,-45,18,E:\Thesis\Dataset\correct_angle_all\person032\left\45_degree_18.png,0,0.06454682,3,0.6337885,45,0,1,1,0
person032,-30,2,E:\Thesis\Dataset\correct_angle_all\person032\left\30_degree_02.png,0,0.15320182,3,0.9707766,30,0,1,1,0
person032,-30,9,E:\Thesis\Dataset\correct_angle_all\person032\left\30_degree_09.png,0,0.10185353,3,0.97407055,30,0,1,1,0
person032,-30,14,E:\Thesis\Dataset\correct_angle_all\person032\left\30_degree_14.png,0,0.08683195,3,0.9891612,30,0,1,1,0
person032,-30,18,E:\Thesis\Dataset\correct_angle_all\person032\left\30_degree_18.png,0,0.10322156,3,0.9921872,30,0,1,1,0
person032,45,2,E:\Thesis\Dataset\correct_angle_all\person032\right\45_degree02.png,0,0.088134915,3,0.5649151,45,0,1,1,0
person032,45,14,E:\Thesis\Dataset\correct_angle_all\person032\right\45_degree14.png,0,0.054365147,3,0.6239865,45,0,1,1,0
person032,60,2,E:\Thesis\Dataset\correct_angle_all\person032\right\60_degree02.png,0,0.41940746,3,0.99494666,60,0,1,1,0
person032,60,9,E:\Thesis\Dataset\correct_angle_all\person032\right\60_degree09.png,0,0.24325907,3,0.93799466,60,0,1,1,0
person032,60,14,E:\Thesis\Dataset\correct_angle_all\person032\right\60_degree14.png,0,0.11486123,3,0.78167945,60,0,1,1,0
person032,60,18,E:\Thesis\Dataset\correct_angle_all\person032\right\60_degree18.png,0,0.19434421,3,0.98714715,60,0,1,1,0
person032,75,14,E:\Thesis\Dataset\correct_angle_all\person032\right\75_degree14.png,0,0.32422084,3,0.55383354,75,0,1,1,0
person032,75,18,E:\Thesis\Dataset\correct_angle_all\person032\right\75_degree18.png,0,0.40652895,3,0.6445543,75,0,1,1,0
person032,90,2,E:\Thesis\Dataset\correct_angle_all\person032\right\90_degree02.png,0,0.23470116,3,0.4767638,90,0,1,1,0
person032,90,18,E:\Thesis\Dataset\correct_angle_all\person032\right\90_degree18.png,0,0.24874036,3,0.34036124,90,0,1,1,0
person033,-75,2,E:\Thesis\Dataset\correct_angle_all\person033\left\75_degree_02.png,0,0.21741211,3,0.4010035,75,0,1,1,0
person033,-75,9,E:\Thesis\Dataset\correct_angle_all\person033\left\75_degree_09.png,0,0.12348577,3,0.5777536,75,0,1,1,0
person033,-75,18,E:\Thesis\Dataset\correct_angle_all\person033\left\75_degree_18.png,0,0.12393644,3,0.39772406,75,0,1,1,0
person033,-60,2,E:\Thesis\Dataset\correct_angle_all\person033\left\60_degree_02.png,0,0.16846474,3,0.9814029,60,0,1,1,0
person033,-60,9,E:\Thesis\Dataset\correct_angle_all\person033\left\60_degree_09.png,0,0.13510029,3,0.9920371,60,0,1,1,0
person033,-60,14,E:\Thesis\Dataset\correct_angle_all\person033\left\60_degree_14.png,0,0.11946023,3,0.9446287,60,0,1,1,0
person033,-60,18,E:\Thesis\Dataset\correct_angle_all\person033\left\60_degree_18.png,0,0.17127152,3,0.9902002,60,0,1,1,0
person033,-45,2,E:\Thesis\Dataset\correct_angle_all\person033\left\45_degree_02.png,0,0.2964935,3,0.870704,45,0,1,1,0
person033,-45,9,E:\Thesis\Dataset\correct_angle_all\person033\left\45_degree_09.png,0,0.29556707,3,0.9378912,45,0,1,1,0
person033,-45,14,E:\Thesis\Dataset\correct_angle_all\person033\left\45_degree_14.png,0,0.2659707,3,0.7246919,45,0,1,1,0
person033,-45,18,E:\Thesis\Dataset\correct_angle_all\person033\left\45_degree_18.png,0,0.30570614,3,0.94957995,45,0,1,1,0
person033,-30,2,E:\Thesis\Dataset\correct_angle_all\person033\left\30_degree_02.png,0,0.17861275,3,0.99128395,30,0,1,1,0
person033,-30,9,E:\Thesis\Dataset\correct_angle_all\person033\left\30_degree_09.png,0,0.27168378,3,0.9979417,30,0,1,1,0
person033,-30,14,E:\Thesis\Dataset\correct_angle_all\person033\left\30_degree_14.png,0,0.1958968,3,0.9803953,30,0,1,1,0
person033,-30,18,E:\Thesis\Dataset\correct_angle_all\person033\left\30_degree_18.png,0,0.28815365,3,0.9968266,30,0,1,1,0
person033,-15,2,E:\Thesis\Dataset\correct_angle_all\person033\left\15_degree02.png,0,0.17784886,3,0.7978758,15,0,1,1,0
person033,-15,9,E:\Thesis\Dataset\correct_angle_all\person033\left\15_degree09.png,0,0.14536294,3,0.9271752,15,0,1,1,0
person033,-15,14,E:\Thesis\Dataset\correct_angle_all\person033\left\15_degree14.png,0,0.11728507,3,0.82725096,15,0,1,1,0
person033,-15,18,E:\Thesis\Dataset\correct_angle_all\person033\left\15_degree18.png,0,0.13432,3,0.914433,15,0,1,1,0
person033,15,2,E:\Thesis\Dataset\correct_angle_all\person033\right\15_degree02.png,0,0.20111363,3,0.96941155,15,0,1,1,0
person033,15,9,E:\Thesis\Dataset\correct_angle_all\person033\right\15_degree09.png,0,0.35871816,3,0.8688925,15,0,1,1,0
person033,15,14,E:\Thesis\Dataset\correct_angle_all\person033\right\15_degree14.png,0,0.37900448,3,0.95017666,15,0,1,1,0
person033,15,18,E:\Thesis\Dataset\correct_angle_all\person033\right\15_degree18.png,0,0.38975382,3,0.8679213,15,0,1,1,0
person033,30,2,E:\Thesis\Dataset\correct_angle_all\person033\right\30_degree02.png,0,0.37446246,3,0.97522926,30,0,1,1,0
person033,30,9,E:\Thesis\Dataset\correct_angle_all\person033\right\30_degree09.png,0,0.42058444,3,0.97446615,30,0,1,1,0
person033,30,14,E:\Thesis\Dataset\correct_angle_all\person033\right\30_degree14.png,0,0.26977888,3,0.9976768,30,0,1,1,0
person033,30,18,E:\Thesis\Dataset\correct_angle_all\person033\right\30_degree18.png,0,0.45874372,3,0.98397654,30,0,1,1,0
person033,45,2,E:\Thesis\Dataset\correct_angle_all\person033\right\45_degree02.png,0,0.29540595,3,0.8493803,45,0,1,1,0
person033,45,9,E:\Thesis\Dataset\correct_angle_all\person033\right\45_degree09.png,0,0.39276758,3,0.88836336,45,0,1,1,0
person033,45,14,E:\Thesis\Dataset\correct_angle_all\person033\right\45_degree14.png,0,0.3106781,3,0.94046116,45,0,1,1,0
person033,45,18,E:\Thesis\Dataset\correct_angle_all\person033\right\45_degree18.png,0,0.43263552,3,0.8764004,45,0,1,1,0
person033,60,2,E:\Thesis\Dataset\correct_angle_all\person033\right\60_degree02.png,0,0.05904485,3,0.8994527,60,0,1,1,0
person033,60,9,E:\Thesis\Dataset\correct_angle_all\person033\right\60_degree09.png,0,0.19390774,3,0.965383,60,0,1,1,0
person033,60,14,E:\Thesis\Dataset\correct_angle_all\person033\right\60_degree14.png,0,0.07327194,3,0.8105631,60,0,1,1,0
person033,60,18,E:\Thesis\Dataset\correct_angle_all\person033\right\60_degree18.png,0,0.12970081,3,0.9535857,60,0,1,1,0
person034,-75,2,E:\Thesis\Dataset\correct_angle_all\person034\left\75_degree_02.png,0,0.23453535,3,0.55462664,75,0,1,1,0
person034,-75,9,E:\Thesis\Dataset\correct_angle_all\person034\left\75_degree_09.png,0,0.15383942,3,0.4714363,75,0,1,1,0
person034,-75,18,E:\Thesis\Dataset\correct_angle_all\person034\left\75_degree_18.png,0,0.162136,3,0.45367622,75,0,1,1,0
person034,-60,2,E:\Thesis\Dataset\correct_angle_all\person034\left\60_degree_02.png,0,0.20740364,3,0.98671395,60,0,1,1,0
person034,-60,9,E:\Thesis\Dataset\correct_angle_all\person034\left\60_degree_09.png,0,0.25278,3,0.9514828,60,0,1,1,0
person034,-60,14,E:\Thesis\Dataset\correct_angle_all\person034\left\60_degree_14.png,0,0.1675545,3,0.92069525,60,0,1,1,0
person034,-60,18,E:\Thesis\Dataset\correct_angle_all\person034\left\60_degree_18.png,0,0.20771326,3,0.9847903,60,0,1,1,0
person034,-45,2,E:\Thesis\Dataset\correct_angle_all\person034\left\45_degree_02.png,0,0.24210997,3,0.7380921,45,0,1,1,0
person034,-45,9,E:\Thesis\Dataset\correct_angle_all\person034\left\45_degree_09.png,0,0.23557784,3,0.8479431,45,0,1,1,0
person034,-45,14,E:\Thesis\Dataset\correct_angle_all\person034\left\45_degree_14.png,0,0.25000468,3,0.66183704,45,0,1,1,0
person034,-45,18,E:\Thesis\Dataset\correct_angle_all\person034\left\45_degree_18.png,0,0.25477943,3,0.873404,45,0,1,1,0
person034,-30,2,E:\Thesis\Dataset\correct_angle_all\person034\left\30_degree_02.png,0,0.3700364,3,0.9883941,30,0,1,1,0
person034,-30,9,E:\Thesis\Dataset\correct_angle_all\person034\left\30_degree_09.png,0,0.3153049,3,0.9941492,30,0,1,1,0
person034,-30,14,E:\Thesis\Dataset\correct_angle_all\person034\left\30_degree_14.png,0,0.35594222,3,0.92602795,30,0,1,1,0
person034,-30,18,E:\Thesis\Dataset\correct_angle_all\person034\left\30_degree_18.png,0,0.35345006,3,0.99646276,30,0,1,1,0
person034,-15,2,E:\Thesis\Dataset\correct_angle_all\person034\left\15_degree02.png,0,0.097313054,3,0.70130557,15,0,1,1,0
person034,-15,9,E:\Thesis\Dataset\correct_angle_all\person034\left\15_degree09.png,0,0.080097,3,0.8707495,15,0,1,1,0
person034,-15,14,E:\Thesis\Dataset\correct_angle_all\person034\left\15_degree14.png,0,0.069773145,3,0.6226322,15,0,1,1,0
person034,-15,18,E:\Thesis\Dataset\correct_angle_all\person034\left\15_degree18.png,0,0.09157041,3,0.7677126,15,0,1,1,0
person034,15,2,E:\Thesis\Dataset\correct_angle_all\person034\right\15_degree02.png,0,0.15026535,3,0.6791758,15,0,1,1,0
person034,15,9,E:\Thesis\Dataset\correct_angle_all\person034\right\15_degree09.png,0,0.26386935,3,0.7385095,15,0,1,1,0
person034,15,14,E:\Thesis\Dataset\correct_angle_all\person034\right\15_degree14.png,0,0.25415376,3,0.59981096,15,0,1,1,0
person034,15,18,E:\Thesis\Dataset\correct_angle_all\person034\right\15_degree18.png,0,0.22264248,3,0.59733087,15,0,1,1,0
person034,30,2,E:\Thesis\Dataset\correct_angle_all\person034\right\30_degree02.png,0,0.1387883,3,0.9860451,30,0,1,1,0
person034,30,9,E:\Thesis\Dataset\correct_angle_all\person034\right\30_degree09.png,0,0.17014344,3,0.99805814,30,0,1,1,0
person034,30,14,E:\Thesis\Dataset\correct_angle_all\person034\right\30_degree14.png,0,0.13868077,3,0.99466234,30,0,1,1,0
person034,30,18,E:\Thesis\Dataset\correct_angle_all\person034\right\30_degree18.png,0,0.17122252,3,0.9969061,30,0,1,1,0
person034,45,2,E:\Thesis\Dataset\correct_angle_all\person034\right\45_degree02.png,0,0.1426642,3,0.97812676,45,0,1,1,0
person034,45,9,E:\Thesis\Dataset\correct_angle_all\person034\right\45_degree09.png,0,0.19870369,3,0.97163004,45,0,1,1,0
person034,45,14,E:\Thesis\Dataset\correct_angle_all\person034\right\45_degree14.png,0,0.16076542,3,0.9851232,45,0,1,1,0
person034,45,18,E:\Thesis\Dataset\correct_angle_all\person034\right\45_degree18.png,0,0.19685028,3,0.97214156,45,0,1,1,0
person034,60,2,E:\Thesis\Dataset\correct_angle_all\person034\right\60_degree02.png,0,0.08245693,3,0.9971776,60,0,1,1,0
person034,60,9,E:\Thesis\Dataset\correct_angle_all\person034\right\60_degree09.png,0,0.05013026,3,0.99544597,60,0,1,1,0
person034,60,14,E:\Thesis\Dataset\correct_angle_all\person034\right\60_degree14.png,0,0.078124456,3,0.9980812,60,0,1,1,0
person034,75,18,E:\Thesis\Dataset\correct_angle_all\person034\right\75_degree18.png,0,0.07395852,3,0.35467315,75,0,1,1,0
person035,-15,18,E:\Thesis\Dataset\correct_angle_all\person035\left\15_degree18.png,0,0.09255653,3,0.84795433,15,0,1,1,0
person035,30,9,E:\Thesis\Dataset\correct_angle_all\person035\right\30_degree09.png,0,0.16809517,3,0.9921307,30,0,1,1,0
person035,30,18,E:\Thesis\Dataset\correct_angle_all\person035\right\30_degree18.png,0,0.16266836,3,0.9907584,30,0,1,1,0
person035,45,9,E:\Thesis\Dataset\correct_angle_all\person035\right\45_degree09.png,0,0.12651928,3,0.98527414,45,0,1,1,0
person035,45,14,E:\Thesis\Dataset\correct_angle_all\person035\right\45_degree14.png,0,0.17121649,3,0.97707295,45,0,1,1,0
person035,45,18,E:\Thesis\Dataset\correct_angle_all\person035\right\45_degree18.png,0,0.12319706,3,0.98240155,45,0,1,1,0
person035,60,14,E:\Thesis\Dataset\correct_angle_all\person035\right\60_degree14.png,0,0.19866885,3,0.9942129,60,0,1,1,0
person035,75,9,E:\Thesis\Dataset\correct_angle_all\person035\right\75_degree09.png,0,0.21423481,3,0.9774627,75,0,1,1,0
person035,75,14,E:\Thesis\Dataset\correct_angle_all\person035\right\75_degree14.png,0,0.260184,3,0.92717505,75,0,1,1,0
person035,75,18,E:\Thesis\Dataset\correct_angle_all\person035\right\75_degree18.png,0,0.15546407,3,0.9497957,75,0,1,1,0
person035,90,9,E:\Thesis\Dataset\correct_angle_all\person035\right\90_degree09.png,0,0.15098117,3,0.7001117,90,0,1,1,0
person035,90,14,E:\Thesis\Dataset\correct_angle_all\person035\right\90_degree14.png,0,0.22742216,3,0.63989794,90,0,1,1,0
person036,-90,9,E:\Thesis\Dataset\correct_angle_all\person036\left\90_degree_09.png,0,0.094138116,3,0.6088408,90,0,1,1,0
person036,-90,14,E:\Thesis\Dataset\correct_angle_all\person036\left\90_degree_14.png,0,0.124043144,3,0.6993508,90,0,1,1,0
person036,-90,18,E:\Thesis\Dataset\correct_angle_all\person036\left\90_degree_18.png,0,0.08615089,3,0.6910958,90,0,1,1,0
person036,-75,2,E:\Thesis\Dataset\correct_angle_all\person036\left\75_degree_02.png,0,0.08685704,3,0.83019257,75,0,1,1,0
person036,60,9,E:\Thesis\Dataset\correct_angle_all\person036\right\60_degree09.png,0,0.11428034,3,0.99368715,60,0,1,1,0
person036,90,2,E:\Thesis\Dataset\correct_angle_all\person036\right\90_degree02.png,0,0.07758243,3,0.2637132,90,0,1,1,0
person036,90,9,E:\Thesis\Dataset\correct_angle_all\person036\right\90_degree09.png,0,0.12184054,3,0.37216732,90,0,1,1,0
person036,90,14,E:\Thesis\Dataset\correct_angle_all\person036\right\90_degree14.png,0,0.08598135,3,0.4004626,90,0,1,1,0
person036,90,18,E:\Thesis\Dataset\correct_angle_all\person036\right\90_degree18.png,0,0.09228831,3,0.3582853,90,0,1,1,0
person037,-90,2,E:\Thesis\Dataset\correct_angle_all\person037\left\90_degree_02.png,0,0.11438632,3,0.5566749,90,0,1,1,0
person037,-90,9,E:\Thesis\Dataset\correct_angle_all\person037\left\90_degree_09.png,0,0.124963045,3,0.5305787,90,0,1,1,0
person037,-90,14,E:\Thesis\Dataset\correct_angle_all\person037\left\90_degree_14.png,0,0.109615296,3,0.52345955,90,0,1,1,0
person037,-90,18,E:\Thesis\Dataset\correct_angle_all\person037\left\90_degree_18.png,0,0.09329945,3,0.66060853,90,0,1,1,0
person037,-75,2,E:\Thesis\Dataset\correct_angle_all\person037\left\75_degree_02.png,0,0.11968259,3,0.8463623,75,0,1,1,0
person037,-75,9,E:\Thesis\Dataset\correct_angle_all\person037\left\75_degree_09.png,0,0.10558023,3,0.7762174,75,0,1,1,0
person037,-75,18,E:\Thesis\Dataset\correct_angle_all\person037\left\75_degree_18.png,0,0.0906578,3,0.91317326,75,0,1,1,0
person037,-60,2,E:\Thesis\Dataset\correct_angle_all\person037\left\60_degree_02.png,0,0.117443286,3,0.9350055,60,0,1,1,0
person037,-60,9,E:\Thesis\Dataset\correct_angle_all\person037\left\60_degree_09.png,0,0.1537631,3,0.991879,60,0,1,1,0
person037,-60,14,E:\Thesis\Dataset\correct_angle_all\person037\left\60_degree_14.png,0,0.10653171,3,0.9496856,60,0,1,1,0
person037,-60,18,E:\Thesis\Dataset\correct_angle_all\person037\left\60_degree_18.png,0,0.11875987,3,0.97979355,60,0,1,1,0
person037,-45,9,E:\Thesis\Dataset\correct_angle_all\person037\left\45_degree_09.png,0,0.11034244,3,0.901643,45,0,1,1,0
person037,-45,14,E:\Thesis\Dataset\correct_angle_all\person037\left\45_degree_14.png,0,0.10653147,3,0.6511411,45,0,1,1,0
person037,-45,18,E:\Thesis\Dataset\correct_angle_all\person037\left\45_degree_18.png,0,0.09838128,3,0.90586096,45,0,1,1,0
person037,-30,2,E:\Thesis\Dataset\correct_angle_all\person037\left\30_degree_02.png,0,0.16113184,3,0.942837,30,0,1,1,0
person037,-30,18,E:\Thesis\Dataset\correct_angle_all\person037\left\30_degree_18.png,0,0.12852228,3,0.9941829,30,0,1,1,0
person037,-15,2,E:\Thesis\Dataset\correct_angle_all\person037\left\15_degree02.png,0,0.09913982,3,0.8400538,15,0,1,1,0
person037,-15,9,E:\Thesis\Dataset\correct_angle_all\person037\left\15_degree09.png,0,0.056580722,3,0.8178942,15,0,1,1,0
person037,-15,18,E:\Thesis\Dataset\correct_angle_all\person037\left\15_degree18.png,0,0.064099155,3,0.77152634,15,0,1,1,0
person037,30,2,E:\Thesis\Dataset\correct_angle_all\person037\right\30_degree02.png,0,0.09556929,3,0.9487203,30,0,1,1,0
person037,30,9,E:\Thesis\Dataset\correct_angle_all\person037\right\30_degree09.png,0,0.14277409,3,0.99753624,30,0,1,1,0
person037,30,14,E:\Thesis\Dataset\correct_angle_all\person037\right\30_degree14.png,0,0.12832895,3,0.9947691,30,0,1,1,0
person037,30,18,E:\Thesis\Dataset\correct_angle_all\person037\right\30_degree18.png,0,0.13237178,3,0.99173623,30,0,1,1,0
person037,45,2,E:\Thesis\Dataset\correct_angle_all\person037\right\45_degree02.png,0,0.24069516,3,0.5624444,45,0,1,1,0
person037,45,9,E:\Thesis\Dataset\correct_angle_all\person037\right\45_degree09.png,0,0.15563418,3,0.68897396,45,0,1,1,0
person037,45,14,E:\Thesis\Dataset\correct_angle_all\person037\right\45_degree14.png,0,0.24104522,3,0.46756354,45,0,1,1,0
person037,45,18,E:\Thesis\Dataset\correct_angle_all\person037\right\45_degree18.png,0,0.19110888,3,0.5879524,45,0,1,1,0
person037,60,2,E:\Thesis\Dataset\correct_angle_all\person037\right\60_degree02.png,0,0.123872064,3,0.99548227,60,0,1,1,0
person037,60,9,E:\Thesis\Dataset\correct_angle_all\person037\right\60_degree09.png,0,0.06465152,3,0.855968,60,0,1,1,0
person037,60,14,E:\Thesis\Dataset\correct_angle_all\person037\right\60_degree14.png,0,0.14222413,3,0.88847774,60,0,1,1,0
person037,60,18,E:\Thesis\Dataset\correct_angle_all\person037\right\60_degree18.png,0,0.07291112,3,0.9344654,60,0,1,1,0
person037,90,2,E:\Thesis\Dataset\correct_angle_all\person037\right\90_degree02.png,0,0.08007901,3,0.53716105,90,0,1,1,0
person038,-75,9,E:\Thesis\Dataset\correct_angle_all\person038\left\75_degree_09.png,0,0.2062055,3,0.30035588,75,0,1,1,0
person038,-60,2,E:\Thesis\Dataset\correct_angle_all\person038\left\60_degree_02.png,0,0.22511798,3,0.8627667,60,0,1,1,0
person038,-60,9,E:\Thesis\Dataset\correct_angle_all\person038\left\60_degree_09.png,0,0.16506594,3,0.98397595,60,0,1,1,0
person038,-60,14,E:\Thesis\Dataset\correct_angle_all\person038\left\60_degree_14.png,0,0.1515551,3,0.70457226,60,0,1,1,0
person038,-60,18,E:\Thesis\Dataset\correct_angle_all\person038\left\60_degree_18.png,0,0.18845858,3,0.9646497,60,0,1,1,0
person038,-45,2,E:\Thesis\Dataset\correct_angle_all\person038\left\45_degree_02.png,0,0.25100878,3,0.5158752,45,0,1,1,0
person038,-45,9,E:\Thesis\Dataset\correct_angle_all\person038\left\45_degree_09.png,0,0.32332078,3,0.6837116,45,0,1,1,0
person038,-45,14,E:\Thesis\Dataset\correct_angle_all\person038\left\45_degree_14.png,0,0.30965304,3,0.76190144,45,0,1,1,0
person038,-45,18,E:\Thesis\Dataset\correct_angle_all\person038\left\45_degree_18.png,0,0.33991966,3,0.7997734,45,0,1,1,0
person038,-30,2,E:\Thesis\Dataset\correct_angle_all\person038\left\30_degree_02.png,0,0.2045881,3,0.96349365,30,0,1,1,0
person038,-30,9,E:\Thesis\Dataset\correct_angle_all\person038\left\30_degree_09.png,0,0.25406575,3,0.99318975,30,0,1,1,0
person038,-30,14,E:\Thesis\Dataset\correct_angle_all\person038\left\30_degree_14.png,0,0.24859422,3,0.98002166,30,0,1,1,0
person038,-30,18,E:\Thesis\Dataset\correct_angle_all\person038\left\30_degree_18.png,0,0.30067822,3,0.98924303,30,0,1,1,0
person038,-15,2,E:\Thesis\Dataset\correct_angle_all\person038\left\15_degree02.png,0,0.17057198,3,0.5333651,15,0,1,1,0
person038,-15,9,E:\Thesis\Dataset\correct_angle_all\person038\left\15_degree09.png,0,0.29860055,3,0.43570313,15,0,1,1,0
person038,-15,14,E:\Thesis\Dataset\correct_angle_all\person038\left\15_degree14.png,0,0.17658532,3,0.70374966,15,0,1,1,0
person038,-15,18,E:\Thesis\Dataset\correct_angle_all\person038\left\15_degree18.png,0,0.17678428,3,0.6274927,15,0,1,1,0
person038,15,2,E:\Thesis\Dataset\correct_angle_all\person038\right\15_degree02.png,0,0.045649927,3,0.76278394,15,0,1,1,0
person038,15,14,E:\Thesis\Dataset\correct_angle_all\person038\right\15_degree14.png,0,0.06049654,3,0.8293497,15,0,1,1,0
person038,30,2,E:\Thesis\Dataset\correct_angle_all\person038\right\30_degree02.png,0,0.14291976,3,0.97783566,30,0,1,1,0
person038,30,9,E:\Thesis\Dataset\correct_angle_all\person038\right\30_degree09.png,0,0.16777277,3,0.99546885,30,0,1,1,0
person038,30,14,E:\Thesis\Dataset\correct_angle_all\person038\right\30_degree14.png,0,0.109731175,3,0.9919813,30,0,1,1,0
person038,30,18,E:\Thesis\Dataset\correct_angle_all\person038\right\30_degree18.png,0,0.16958022,3,0.9904639,30,0,1,1,0
person038,45,2,E:\Thesis\Dataset\correct_angle_all\person038\right\45_degree02.png,0,0.12895972,3,0.6148181,45,0,1,1,0
person038,45,9,E:\Thesis\Dataset\correct_angle_all\person038\right\45_degree09.png,0,0.12726991,3,0.9332456,45,0,1,1,0
person038,45,14,E:\Thesis\Dataset\correct_angle_all\person038\right\45_degree14.png,0,0.11706247,3,0.6320109,45,0,1,1,0
person038,45,18,E:\Thesis\Dataset\correct_angle_all\person038\right\45_degree18.png,0,0.1547826,3,0.89530444,45,0,1,1,0
person038,60,2,E:\Thesis\Dataset\correct_angle_all\person038\right\60_degree02.png,0,0.06519056,3,0.6939593,60,0,1,1,0
person038,60,9,E:\Thesis\Dataset\correct_angle_all\person038\right\60_degree09.png,0,0.09363163,3,0.9959522,60,0,1,1,0
person038,60,14,E:\Thesis\Dataset\correct_angle_all\person038\right\60_degree14.png,0,0.072131954,3,0.79983395,60,0,1,1,0
person038,60,18,E:\Thesis\Dataset\correct_angle_all\person038\right\60_degree18.png,0,0.07863802,3,0.9943175,60,0,1,1,0
person039,-75,9,E:\Thesis\Dataset\correct_angle_all\person039\left\75_degree_09.png,0,0.096449494,3,0.665139,75,0,1,1,0
person039,-75,18,E:\Thesis\Dataset\correct_angle_all\person039\left\75_degree_18.png,0,0.111323416,3,0.64012533,75,0,1,1,0
person039,-60,2,E:\Thesis\Dataset\correct_angle_all\person039\left\60_degree_02.png,0,0.12509204,3,0.8882254,60,0,1,1,0
person039,-60,9,E:\Thesis\Dataset\correct_angle_all\person039\left\60_degree_09.png,0,0.08702129,3,0.98684007,60,0,1,1,0
person039,-60,14,E:\Thesis\Dataset\correct_angle_all\person039\left\60_degree_14.png,0,0.16609971,3,0.9515484,60,0,1,1,0
person039,-60,18,E:\Thesis\Dataset\correct_angle_all\person039\left\60_degree_18.png,0,0.1081363,3,0.9762044,60,0,1,1,0
person039,-30,2,E:\Thesis\Dataset\correct_angle_all\person039\left\30_degree_02.png,0,0.23813587,3,0.9856952,30,0,1,1,0
person039,-30,9,E:\Thesis\Dataset\correct_angle_all\person039\left\30_degree_09.png,0,0.17129858,3,0.83474225,30,0,1,1,0
person039,-30,14,E:\Thesis\Dataset\correct_angle_all\person039\left\30_degree_14.png,0,0.18856104,3,0.9621437,30,0,1,1,0
person039,-30,18,E:\Thesis\Dataset\correct_angle_all\person039\left\30_degree_18.png,0,0.19311325,3,0.95510453,30,0,1,1,0
person039,-15,2,E:\Thesis\Dataset\correct_angle_all\person039\left\15_degree02.png,0,0.07782105,3,0.8829181,15,0,1,1,0
person039,-15,9,E:\Thesis\Dataset\correct_angle_all\person039\left\15_degree09.png,0,0.11998701,3,0.87648326,15,0,1,1,0
person039,-15,14,E:\Thesis\Dataset\correct_angle_all\person039\left\15_degree14.png,0,0.08282212,3,0.9405679,15,0,1,1,0
person039,30,2,E:\Thesis\Dataset\correct_angle_all\person039\right\30_degree02.png,0,0.33963096,3,0.9434735,30,0,1,1,0
person039,30,9,E:\Thesis\Dataset\correct_angle_all\person039\right\30_degree09.png,0,0.44832495,3,0.9971934,30,0,1,1,0
person039,30,14,E:\Thesis\Dataset\correct_angle_all\person039\right\30_degree14.png,0,0.36961964,3,0.9367914,30,0,1,1,0
person039,30,18,E:\Thesis\Dataset\correct_angle_all\person039\right\30_degree18.png,0,0.48135826,3,0.98874885,30,0,1,1,0
person039,45,2,E:\Thesis\Dataset\correct_angle_all\person039\right\45_degree02.png,0,0.21293254,3,0.7636406,45,0,1,1,0
person039,45,9,E:\Thesis\Dataset\correct_angle_all\person039\right\45_degree09.png,0,0.33549985,3,0.94694966,45,0,1,1,0
person039,45,14,E:\Thesis\Dataset\correct_angle_all\person039\right\45_degree14.png,0,0.23853467,3,0.72955894,45,0,1,1,0
person039,45,18,E:\Thesis\Dataset\correct_angle_all\person039\right\45_degree18.png,0,0.31435266,3,0.9227006,45,0,1,1,0
person039,60,2,E:\Thesis\Dataset\correct_angle_all\person039\right\60_degree02.png,0,0.07364554,3,0.9703601,60,0,1,1,0
person039,60,9,E:\Thesis\Dataset\correct_angle_all\person039\right\60_degree09.png,0,0.12666984,3,0.9523592,60,0,1,1,0
person039,60,18,E:\Thesis\Dataset\correct_angle_all\person039\right\60_degree18.png,0,0.10841459,3,0.93160963,60,0,1,1,0
person039,75,9,E:\Thesis\Dataset\correct_angle_all\person039\right\75_degree09.png,0,0.13645793,3,0.8712073,75,0,1,1,0
person039,75,18,E:\Thesis\Dataset\correct_angle_all\person039\right\75_degree18.png,0,0.12998791,3,0.67381316,75,0,1,1,0
person039,90,2,E:\Thesis\Dataset\correct_angle_all\person039\right\90_degree02.png,0,0.049209073,3,0.47053623,90,0,1,1,0
person039,90,9,E:\Thesis\Dataset\correct_angle_all\person039\right\90_degree09.png,0,0.069927625,3,0.5261457,90,0,1,1,0
person040,-90,9,E:\Thesis\Dataset\correct_angle_all\person040\left\90_degree_09.png,0,0.14182223,3,0.50140816,90,0,1,1,0
person040,-90,14,E:\Thesis\Dataset\correct_angle_all\person040\left\90_degree_14.png,0,0.09166938,3,0.50856215,90,0,1,1,0
person040,-75,9,E:\Thesis\Dataset\correct_angle_all\person040\left\75_degree_09.png,0,0.1745177,3,0.5524048,75,0,1,1,0
person040,-60,2,E:\Thesis\Dataset\correct_angle_all\person040\left\60_degree_02.png,0,0.08589583,3,0.9590394,60,0,1,1,0
person040,-60,9,E:\Thesis\Dataset\correct_angle_all\person040\left\60_degree_09.png,0,0.16828978,3,0.9907964,60,0,1,1,0
person040,-60,14,E:\Thesis\Dataset\correct_angle_all\person040\left\60_degree_14.png,0,0.112955935,3,0.9772701,60,0,1,1,0
person040,-60,18,E:\Thesis\Dataset\correct_angle_all\person040\left\60_degree_18.png,0,0.14746445,3,0.992187,60,0,1,1,0
person040,-45,2,E:\Thesis\Dataset\correct_angle_all\person040\left\45_degree_02.png,0,0.14975081,3,0.9800517,45,0,1,1,0
person040,-45,9,E:\Thesis\Dataset\correct_angle_all\person040\left\45_degree_09.png,0,0.14059228,3,0.9766297,45,0,1,1,0
person040,-45,14,E:\Thesis\Dataset\correct_angle_all\person040\left\45_degree_14.png,0,0.2077769,3,0.97556025,45,0,1,1,0
person040,-45,18,E:\Thesis\Dataset\correct_angle_all\person040\left\45_degree_18.png,0,0.1619515,3,0.99082726,45,0,1,1,0
person040,-30,2,E:\Thesis\Dataset\correct_angle_all\person040\left\30_degree_02.png,0,0.11103956,3,0.9901209,30,0,1,1,0
person040,-30,9,E:\Thesis\Dataset\correct_angle_all\person040\left\30_degree_09.png,0,0.12465403,3,0.9868453,30,0,1,1,0
person040,-30,14,E:\Thesis\Dataset\correct_angle_all\person040\left\30_degree_14.png,0,0.15193534,3,0.9979241,30,0,1,1,0
person040,-30,18,E:\Thesis\Dataset\correct_angle_all\person040\left\30_degree_18.png,0,0.1361583,3,0.9961818,30,0,1,1,0
person040,-15,2,E:\Thesis\Dataset\correct_angle_all\person040\left\15_degree02.png,0,0.08708262,3,0.88828117,15,0,1,1,0
person040,-15,9,E:\Thesis\Dataset\correct_angle_all\person040\left\15_degree09.png,0,0.101359405,3,0.9513548,15,0,1,1,0
person040,-15,14,E:\Thesis\Dataset\correct_angle_all\person040\left\15_degree14.png,0,0.062806346,3,0.8892474,15,0,1,1,0
person040,-15,18,E:\Thesis\Dataset\correct_angle_all\person040\left\15_degree18.png,0,0.09500452,3,0.94351405,15,0,1,1,0
person040,15,2,E:\Thesis\Dataset\correct_angle_all\person040\right\15_degree02.png,0,0.10782784,3,0.9136613,15,0,1,1,0
person040,15,9,E:\Thesis\Dataset\correct_angle_all\person040\right\15_degree09.png,0,0.16021983,3,0.9056321,15,0,1,1,0
person040,15,14,E:\Thesis\Dataset\correct_angle_all\person040\right\15_degree14.png,0,0.17257525,3,0.8462586,15,0,1,1,0
person040,15,18,E:\Thesis\Dataset\correct_angle_all\person040\right\15_degree18.png,0,0.15369283,3,0.87726766,15,0,1,1,0
person040,30,2,E:\Thesis\Dataset\correct_angle_all\person040\right\30_degree02.png,0,0.24104398,3,0.99486893,30,0,1,1,0
person040,30,9,E:\Thesis\Dataset\correct_angle_all\person040\right\30_degree09.png,0,0.22827531,3,0.9954372,30,0,1,1,0
person040,30,14,E:\Thesis\Dataset\correct_angle_all\person040\right\30_degree14.png,0,0.17400892,3,0.9771705,30,0,1,1,0
person040,30,18,E:\Thesis\Dataset\correct_angle_all\person040\right\30_degree18.png,0,0.18232043,3,0.99204654,30,0,1,1,0
person040,45,2,E:\Thesis\Dataset\correct_angle_all\person040\right\45_degree02.png,0,0.18255693,3,0.94828486,45,0,1,1,0
person040,45,9,E:\Thesis\Dataset\correct_angle_all\person040\right\45_degree09.png,0,0.17091544,3,0.97092915,45,0,1,1,0
person040,45,14,E:\Thesis\Dataset\correct_angle_all\person040\right\45_degree14.png,0,0.19084854,3,0.91080934,45,0,1,1,0
person040,45,18,E:\Thesis\Dataset\correct_angle_all\person040\right\45_degree18.png,0,0.15699713,3,0.93448687,45,0,1,1,0
person040,60,2,E:\Thesis\Dataset\correct_angle_all\person040\right\60_degree02.png,0,0.10910607,3,0.94295835,60,0,1,1,0
person040,60,9,E:\Thesis\Dataset\correct_angle_all\person040\right\60_degree09.png,0,0.1368327,3,0.996577,60,0,1,1,0
person040,60,14,E:\Thesis\Dataset\correct_angle_all\person040\right\60_degree14.png,0,0.10024802,3,0.8371287,60,0,1,1,0
person040,60,18,E:\Thesis\Dataset\correct_angle_all\person040\right\60_degree18.png,0,0.10618002,3,0.9892111,60,0,1,1,0
person040,75,9,E:\Thesis\Dataset\correct_angle_all\person040\right\75_degree09.png,0,0.115113735,3,0.6336574,75,0,1,1,0
person040,75,18,E:\Thesis\Dataset\correct_angle_all\person040\right\75_degree18.png,0,0.08567507,3,0.50626045,75,0,1,1,0
person041,-75,2,E:\Thesis\Dataset\correct_angle_all\person041\left\75_degree_02.png,0,0.21432121,3,0.35697007,75,0,1,1,0
person041,-75,9,E:\Thesis\Dataset\correct_angle_all\person041\left\75_degree_09.png,0,0.20396475,3,0.83750725,75,0,1,1,0
person041,-75,18,E:\Thesis\Dataset\correct_angle_all\person041\left\75_degree_18.png,0,0.18543468,3,0.6649942,75,0,1,1,0
person041,-60,2,E:\Thesis\Dataset\correct_angle_all\person041\left\60_degree_02.png,0,0.20071311,3,0.60500777,60,0,1,1,0
person041,-60,9,E:\Thesis\Dataset\correct_angle_all\person041\left\60_degree_09.png,0,0.1524539,3,0.9915387,60,0,1,1,0
person041,-60,14,E:\Thesis\Dataset\correct_angle_all\person041\left\60_degree_14.png,0,0.09788553,3,0.83896464,60,0,1,1,0
person041,-60,18,E:\Thesis\Dataset\correct_angle_all\person041\left\60_degree_18.png,0,0.19850029,3,0.9561746,60,0,1,1,0
person041,-45,2,E:\Thesis\Dataset\correct_angle_all\person041\left\45_degree_02.png,0,0.20949344,3,0.23290278,45,0,1,1,0
person041,-45,9,E:\Thesis\Dataset\correct_angle_all\person041\left\45_degree_09.png,0,0.31776944,3,0.42344007,45,0,1,1,0
person041,-45,18,E:\Thesis\Dataset\correct_angle_all\person041\left\45_degree_18.png,0,0.30567297,3,0.37239146,45,0,1,1,0
person041,-30,2,E:\Thesis\Dataset\correct_angle_all\person041\left\30_degree_02.png,0,0.14538887,3,0.962068,30,0,1,1,0
person041,-30,9,E:\Thesis\Dataset\correct_angle_all\person041\left\30_degree_09.png,0,0.19991599,3,0.98670095,30,0,1,1,0
person041,-30,14,E:\Thesis\Dataset\correct_angle_all\person041\left\30_degree_14.png,0,0.20028202,3,0.9766307,30,0,1,1,0
person041,-30,18,E:\Thesis\Dataset\correct_angle_all\person041\left\30_degree_18.png,0,0.26512814,3,0.9888701,30,0,1,1,0
person041,15,2,E:\Thesis\Dataset\correct_angle_all\person041\right\15_degree02.png,0,0.0637325,3,0.66758996,15,0,1,1,0
person041,15,9,E:\Thesis\Dataset\correct_angle_all\person041\right\15_degree09.png,0,0.11421257,3,0.596411,15,0,1,1,0
person041,15,14,E:\Thesis\Dataset\correct_angle_all\person041\right\15_degree14.png,0,0.119832575,3,0.3284277,15,0,1,1,0
person041,15,18,E:\Thesis\Dataset\correct_angle_all\person041\right\15_degree18.png,0,0.0888145,3,0.6073443,15,0,1,1,0
person041,30,2,E:\Thesis\Dataset\correct_angle_all\person041\right\30_degree02.png,0,0.1258617,3,0.98993707,30,0,1,1,0
person041,30,9,E:\Thesis\Dataset\correct_angle_all\person041\right\30_degree09.png,0,0.1579493,3,0.97094136,30,0,1,1,0
person041,30,14,E:\Thesis\Dataset\correct_angle_all\person041\right\30_degree14.png,0,0.12563361,3,0.7107477,30,0,1,1,0
person041,30,18,E:\Thesis\Dataset\correct_angle_all\person041\right\30_degree18.png,0,0.11362347,3,0.9128819,30,0,1,1,0
person041,60,2,E:\Thesis\Dataset\correct_angle_all\person041\right\60_degree02.png,0,0.08260998,3,0.9891785,60,0,1,1,0
person041,60,9,E:\Thesis\Dataset\correct_angle_all\person041\right\60_degree09.png,0,0.090079784,3,0.8658926,60,0,1,1,0
person041,60,14,E:\Thesis\Dataset\correct_angle_all\person041\right\60_degree14.png,0,0.09392431,3,0.98821855,60,0,1,1,0
person041,60,18,E:\Thesis\Dataset\correct_angle_all\person041\right\60_degree18.png,0,0.07490181,3,0.9854949,60,0,1,1,0
person041,75,9,E:\Thesis\Dataset\correct_angle_all\person041\right\75_degree09.png,0,0.08926133,3,0.31590638,75,0,1,1,0
person041,75,14,E:\Thesis\Dataset\correct_angle_all\person041\right\75_degree14.png,0,0.11010005,3,0.6699799,75,0,1,1,0
person041,75,18,E:\Thesis\Dataset\correct_angle_all\person041\right\75_degree18.png,0,0.08988204,3,0.693832,75,0,1,1,0
person041,90,2,E:\Thesis\Dataset\correct_angle_all\person041\right\90_degree02.png,0,0.08040639,3,0.5321285,90,0,1,1,0
person041,90,18,E:\Thesis\Dataset\correct_angle_all\person041\right\90_degree18.png,0,0.05884419,3,0.2501386,90,0,1,1,0
person042,-60,2,E:\Thesis\Dataset\correct_angle_all\person042\left\60_degree_02.png,0,0.090492606,3,0.80096817,60,0,1,1,0
person042,-60,9,E:\Thesis\Dataset\correct_angle_all\person042\left\60_degree_09.png,0,0.10799161,3,0.98711866,60,0,1,1,0
person042,-60,14,E:\Thesis\Dataset\correct_angle_all\person042\left\60_degree_14.png,0,0.16502877,3,0.95473146,60,0,1,1,0
person042,-60,18,E:\Thesis\Dataset\correct_angle_all\person042\left\60_degree_18.png,0,0.11007168,3,0.99642676,60,0,1,1,0
person042,-45,2,E:\Thesis\Dataset\correct_angle_all\person042\left\45_degree_02.png,0,0.0919551,3,0.7253787,45,0,1,1,0
person042,-45,9,E:\Thesis\Dataset\correct_angle_all\person042\left\45_degree_09.png,0,0.083103515,3,0.80949354,45,0,1,1,0
person042,-45,14,E:\Thesis\Dataset\correct_angle_all\person042\left\45_degree_14.png,0,0.1181513,3,0.5579048,45,0,1,1,0
person042,-45,18,E:\Thesis\Dataset\correct_angle_all\person042\left\45_degree_18.png,0,0.11142262,3,0.7087142,45,0,1,1,0
person042,15,2,E:\Thesis\Dataset\correct_angle_all\person042\right\15_degree02.png,0,0.20155664,3,0.5580592,15,0,1,1,0
person042,15,14,E:\Thesis\Dataset\correct_angle_all\person042\right\15_degree14.png,0,0.15758999,3,0.8069348,15,0,1,1,0
person042,15,18,E:\Thesis\Dataset\correct_angle_all\person042\right\15_degree18.png,0,0.16496947,3,0.58375937,15,0,1,1,0
person042,30,2,E:\Thesis\Dataset\correct_angle_all\person042\right\30_degree02.png,0,0.37676263,3,0.9894201,30,0,1,1,0
person042,30,18,E:\Thesis\Dataset\correct_angle_all\person042\right\30_degree18.png,0,0.2245007,3,0.97534436,30,0,1,1,0
person042,45,2,E:\Thesis\Dataset\correct_angle_all\person042\right\45_degree02.png,0,0.4857407,3,0.8674226,45,0,1,1,0
person042,45,9,E:\Thesis\Dataset\correct_angle_all\person042\right\45_degree09.png,0,0.39583874,3,0.9611168,45,0,1,1,0
person042,45,14,E:\Thesis\Dataset\correct_angle_all\person042\right\45_degree14.png,0,0.37775376,3,0.94869584,45,0,1,1,0
person042,45,18,E:\Thesis\Dataset\correct_angle_all\person042\right\45_degree18.png,0,0.32648775,3,0.8455982,45,0,1,1,0
person042,60,2,E:\Thesis\Dataset\correct_angle_all\person042\right\60_degree02.png,0,0.11892045,3,0.9623456,60,0,1,1,0
person042,60,9,E:\Thesis\Dataset\correct_angle_all\person042\right\60_degree09.png,0,0.07707683,3,0.9967429,60,0,1,1,0
person042,60,14,E:\Thesis\Dataset\correct_angle_all\person042\right\60_degree14.png,0,0.08560238,3,0.9518259,60,0,1,1,0
person042,60,18,E:\Thesis\Dataset\correct_angle_all\person042\right\60_degree18.png,0,0.08502227,3,0.9740033,60,0,1,1,0
person043,-90,9,E:\Thesis\Dataset\correct_angle_all\person043\left\90_degree_09.png,0,0.09782538,3,0.7726364,90,0,1,1,0
person043,-90,14,E:\Thesis\Dataset\correct_angle_all\person043\left\90_degree_14.png,0,0.16066486,3,0.7172995,90,0,1,1,0
person043,-90,18,E:\Thesis\Dataset\correct_angle_all\person043\left\90_degree_18.png,0,0.1157791,3,0.7358427,90,0,1,1,0
person043,-75,2,E:\Thesis\Dataset\correct_angle_all\person043\left\75_degree_02.png,0,0.1659221,3,0.48961782,75,0,1,1,0
person043,-75,9,E:\Thesis\Dataset\correct_angle_all\person043\left\75_degree_09.png,0,0.17609255,3,0.8793261,75,0,1,1,0
person043,-75,18,E:\Thesis\Dataset\correct_angle_all\person043\left\75_degree_18.png,0,0.14328326,3,0.7148668,75,0,1,1,0
person043,-60,2,E:\Thesis\Dataset\correct_angle_all\person043\left\60_degree_02.png,0,0.1477231,3,0.97075194,60,0,1,1,0
person043,-60,9,E:\Thesis\Dataset\correct_angle_all\person043\left\60_degree_09.png,0,0.13000968,3,0.996316,60,0,1,1,0
person043,-60,14,E:\Thesis\Dataset\correct_angle_all\person043\left\60_degree_14.png,0,0.08792082,3,0.99447054,60,0,1,1,0
person043,-60,18,E:\Thesis\Dataset\correct_angle_all\person043\left\60_degree_18.png,0,0.13360779,3,0.99258804,60,0,1,1,0
person043,-45,2,E:\Thesis\Dataset\correct_angle_all\person043\left\45_degree_02.png,0,0.16142626,3,0.9516137,45,0,1,1,0
person043,-45,9,E:\Thesis\Dataset\correct_angle_all\person043\left\45_degree_09.png,0,0.079392225,3,0.95335466,45,0,1,1,0
person043,-45,14,E:\Thesis\Dataset\correct_angle_all\person043\left\45_degree_14.png,0,0.15719058,3,0.97091144,45,0,1,1,0
person043,-45,18,E:\Thesis\Dataset\correct_angle_all\person043\left\45_degree_18.png,0,0.18474978,3,0.96334404,45,0,1,1,0
person043,-30,2,E:\Thesis\Dataset\correct_angle_all\person043\left\30_degree_02.png,0,0.25804758,3,0.9696188,30,0,1,1,0
person043,-30,9,E:\Thesis\Dataset\correct_angle_all\person043\left\30_degree_09.png,0,0.16602993,3,0.97396326,30,0,1,1,0
person043,-30,14,E:\Thesis\Dataset\correct_angle_all\person043\left\30_degree_14.png,0,0.20740962,3,0.9402811,30,0,1,1,0
person043,-30,18,E:\Thesis\Dataset\correct_angle_all\person043\left\30_degree_18.png,0,0.25200817,3,0.9590747,30,0,1,1,0
person043,-15,9,E:\Thesis\Dataset\correct_angle_all\person043\left\15_degree09.png,0,0.07935618,3,0.79559845,15,0,1,1,0
person043,-15,18,E:\Thesis\Dataset\correct_angle_all\person043\left\15_degree18.png,0,0.098976076,3,0.6415228,15,0,1,1,0
person043,15,2,E:\Thesis\Dataset\correct_angle_all\person043\right\15_degree02.png,0,0.13897762,3,0.9124896,15,0,1,1,0
person043,15,9,E:\Thesis\Dataset\correct_angle_all\person043\right\15_degree09.png,0,0.14860561,3,0.9495092,15,0,1,1,0
person043,15,14,E:\Thesis\Dataset\correct_angle_all\person043\right\15_degree14.png,0,0.24290673,3,0.74697334,15,0,1,1,0
person043,15,18,E:\Thesis\Dataset\correct_angle_all\person043\right\15_degree18.png,0,0.14441454,3,0.9743598,15,0,1,1,0
person043,30,2,E:\Thesis\Dataset\correct_angle_all\person043\right\30_degree02.png,0,0.1594469,3,0.9920133,30,0,1,1,0
person043,30,9,E:\Thesis\Dataset\correct_angle_all\person043\right\30_degree09.png,0,0.15171708,3,0.983424,30,0,1,1,0
person043,30,14,E:\Thesis\Dataset\correct_angle_all\person043\right\30_degree14.png,0,0.16507088,3,0.92504597,30,0,1,1,0
person043,30,18,E:\Thesis\Dataset\correct_angle_all\person043\right\30_degree18.png,0,0.16278507,3,0.99380463,30,0,1,1,0
person043,45,2,E:\Thesis\Dataset\correct_angle_all\person043\right\45_degree02.png,0,0.18187071,3,0.89886284,45,0,1,1,0
person043,45,9,E:\Thesis\Dataset\correct_angle_all\person043\right\45_degree09.png,0,0.24540289,3,0.88559955,45,0,1,1,0
person043,45,14,E:\Thesis\Dataset\correct_angle_all\person043\right\45_degree14.png,0,0.17182893,3,0.8773598,45,0,1,1,0
person043,45,18,E:\Thesis\Dataset\correct_angle_all\person043\right\45_degree18.png,0,0.21067448,3,0.9403971,45,0,1,1,0
person043,60,2,E:\Thesis\Dataset\correct_angle_all\person043\right\60_degree02.png,0,0.076328576,3,0.98028874,60,0,1,1,0
person043,60,9,E:\Thesis\Dataset\correct_angle_all\person043\right\60_degree09.png,0,0.069954656,3,0.9929619,60,0,1,1,0
person043,60,14,E:\Thesis\Dataset\correct_angle_all\person043\right\60_degree14.png,0,0.08912616,3,0.9961775,60,0,1,1,0
person043,60,18,E:\Thesis\Dataset\correct_angle_all\person043\right\60_degree18.png,0,0.076285325,3,0.990249,60,0,1,1,0
person043,75,9,E:\Thesis\Dataset\correct_angle_all\person043\right\75_degree09.png,0,0.06662727,3,0.86252064,75,0,1,1,0
person043,75,14,E:\Thesis\Dataset\correct_angle_all\person043\right\75_degree14.png,0,0.064158656,3,0.88590974,75,0,1,1,0
person043,75,18,E:\Thesis\Dataset\correct_angle_all\person043\right\75_degree18.png,0,0.0754311,3,0.81444424,75,0,1,1,0
person043,90,2,E:\Thesis\Dataset\correct_angle_all\person043\right\90_degree02.png,0,0.057918202,3,0.55911523,90,0,1,1,0
person043,90,9,E:\Thesis\Dataset\correct_angle_all\person043\right\90_degree09.png,0,0.084471285,3,0.8389442,90,0,1,1,0
person043,90,14,E:\Thesis\Dataset\correct_angle_all\person043\right\90_degree14.png,0,0.05700938,3,0.57507485,90,0,1,1,0
person043,90,18,E:\Thesis\Dataset\correct_angle_all\person043\right\90_degree18.png,0,0.07434252,3,0.767555,90,0,1,1,0
person044,-90,18,E:\Thesis\Dataset\correct_angle_all\person044\left\90_degree_18.png,0,0.12721328,3,0.20881629,90,0,1,1,0
person044,-75,9,E:\Thesis\Dataset\correct_angle_all\person044\left\75_degree_09.png,0,0.13699807,3,0.6345663,75,0,1,1,0
person044,-75,18,E:\Thesis\Dataset\correct_angle_all\person044\left\75_degree_18.png,0,0.17353065,3,0.6552159,75,0,1,1,0
person044,-60,2,E:\Thesis\Dataset\correct_angle_all\person044\left\60_degree_02.png,0,0.12577412,3,0.7685361,60,0,1,1,0
person044,-60,9,E:\Thesis\Dataset\correct_angle_all\person044\left\60_degree_09.png,0,0.12693132,3,0.9893264,60,0,1,1,0
person044,-60,14,E:\Thesis\Dataset\correct_angle_all\person044\left\60_degree_14.png,0,0.1269753,3,0.97623587,60,0,1,1,0
person044,-60,18,E:\Thesis\Dataset\correct_angle_all\person044\left\60_degree_18.png,0,0.10340631,3,0.9812878,60,0,1,1,0
person044,-45,14,E:\Thesis\Dataset\correct_angle_all\person044\left\45_degree_14.png,0,0.09334012,3,0.76898104,45,0,1,1,0
person044,-30,14,E:\Thesis\Dataset\correct_angle_all\person044\left\30_degree_14.png,0,0.071113326,3,0.9903671,30,0,1,1,0
person044,30,2,E:\Thesis\Dataset\correct_angle_all\person044\right\30_degree02.png,0,0.10300214,3,0.9956756,30,0,1,1,0
person044,30,9,E:\Thesis\Dataset\correct_angle_all\person044\right\30_degree09.png,0,0.10146538,3,0.867769,30,0,1,1,0
person044,30,14,E:\Thesis\Dataset\correct_angle_all\person044\right\30_degree14.png,0,0.089909375,3,0.9766414,30,0,1,1,0
person044,30,18,E:\Thesis\Dataset\correct_angle_all\person044\right\30_degree18.png,0,0.083641775,3,0.94376785,30,0,1,1,0
person044,45,2,E:\Thesis\Dataset\correct_angle_all\person044\right\45_degree02.png,0,0.13224712,3,0.78707457,45,0,1,1,0
person044,45,9,E:\Thesis\Dataset\correct_angle_all\person044\right\45_degree09.png,0,0.2725719,3,0.44840345,45,0,1,1,0
person044,45,14,E:\Thesis\Dataset\correct_angle_all\person044\right\45_degree14.png,0,0.17578757,3,0.6181109,45,0,1,1,0
person044,45,18,E:\Thesis\Dataset\correct_angle_all\person044\right\45_degree18.png,0,0.24873722,3,0.56948113,45,0,1,1,0
person044,60,2,E:\Thesis\Dataset\correct_angle_all\person044\right\60_degree02.png,0,0.16090736,3,0.9691016,60,0,1,1,0
person044,60,9,E:\Thesis\Dataset\correct_angle_all\person044\right\60_degree09.png,0,0.097992025,3,0.97187406,60,0,1,1,0
person044,60,14,E:\Thesis\Dataset\correct_angle_all\person044\right\60_degree14.png,0,0.40132475,3,0.99713135,60,0,1,1,0
person044,60,18,E:\Thesis\Dataset\correct_angle_all\person044\right\60_degree18.png,0,0.15894665,3,0.9929362,60,0,1,1,0
person044,75,9,E:\Thesis\Dataset\correct_angle_all\person044\right\75_degree09.png,0,0.2574354,3,0.5051699,75,0,1,1,0
person044,75,14,E:\Thesis\Dataset\correct_angle_all\person044\right\75_degree14.png,0,0.40291643,3,0.676235,75,0,1,1,0
person044,75,18,E:\Thesis\Dataset\correct_angle_all\person044\right\75_degree18.png,0,0.2646847,3,0.6743296,75,0,1,1,0
person045,-75,2,E:\Thesis\Dataset\correct_angle_all\person045\left\75_degree_02.png,0,0.1789909,3,0.66205794,75,0,1,1,0
person045,-75,14,E:\Thesis\Dataset\correct_angle_all\person045\left\75_degree_14.png,0,0.11655898,3,0.60629416,75,0,1,1,0
person045,-60,2,E:\Thesis\Dataset\correct_angle_all\person045\left\60_degree_02.png,0,0.1704657,3,0.9558347,60,0,1,1,0
person045,-60,9,E:\Thesis\Dataset\correct_angle_all\person045\left\60_degree_09.png,0,0.092092365,3,0.80851394,60,0,1,1,0
person045,-60,14,E:\Thesis\Dataset\correct_angle_all\person045\left\60_degree_14.png,0,0.09707433,3,0.9974778,60,0,1,1,0
person045,-60,18,E:\Thesis\Dataset\correct_angle_all\person045\left\60_degree_18.png,0,0.121376574,3,0.97332805,60,0,1,1,0
person045,-45,2,E:\Thesis\Dataset\correct_angle_all\person045\left\45_degree_02.png,0,0.24395055,3,0.82118684,45,0,1,1,0
person045,-45,9,E:\Thesis\Dataset\correct_angle_all\person045\left\45_degree_09.png,0,0.20004602,3,0.7822067,45,0,1,1,0
person045,-45,14,E:\Thesis\Dataset\correct_angle_all\person045\left\45_degree_14.png,0,0.13235104,3,0.891344,45,0,1,1,0
person045,-45,18,E:\Thesis\Dataset\correct_angle_all\person045\left\45_degree_18.png,0,0.1712377,3,0.87662786,45,0,1,1,0
person045,-30,2,E:\Thesis\Dataset\correct_angle_all\person045\left\30_degree_02.png,0,0.32746503,3,0.97810984,30,0,1,1,0
person045,-30,9,E:\Thesis\Dataset\correct_angle_all\person045\left\30_degree_09.png,0,0.15542158,3,0.92864937,30,0,1,1,0
person045,-30,14,E:\Thesis\Dataset\correct_angle_all\person045\left\30_degree_14.png,0,0.15356953,3,0.98449254,30,0,1,1,0
person045,-30,18,E:\Thesis\Dataset\correct_angle_all\person045\left\30_degree_18.png,0,0.18658002,3,0.9823597,30,0,1,1,0
person045,-15,2,E:\Thesis\Dataset\correct_angle_all\person045\left\15_degree02.png,0,0.13674198,3,0.845763,15,0,1,1,0
person045,-15,14,E:\Thesis\Dataset\correct_angle_all\person045\left\15_degree14.png,0,0.09034041,3,0.94715023,15,0,1,1,0
person045,15,2,E:\Thesis\Dataset\correct_angle_all\person045\right\15_degree02.png,0,0.119057775,3,0.8799401,15,0,1,1,0
person045,15,9,E:\Thesis\Dataset\correct_angle_all\person045\right\15_degree09.png,0,0.25039172,3,0.81600744,15,0,1,1,0
person045,15,14,E:\Thesis\Dataset\correct_angle_all\person045\right\15_degree14.png,0,0.2047133,3,0.5658888,15,0,1,1,0
person045,15,18,E:\Thesis\Dataset\correct_angle_all\person045\right\15_degree18.png,0,0.16417532,3,0.893017,15,0,1,1,0
person045,30,2,E:\Thesis\Dataset\correct_angle_all\person045\right\30_degree02.png,0,0.18231674,3,0.9694813,30,0,1,1,0
person045,30,9,E:\Thesis\Dataset\correct_angle_all\person045\right\30_degree09.png,0,0.25580734,3,0.97332114,30,0,1,1,0
person045,30,14,E:\Thesis\Dataset\correct_angle_all\person045\right\30_degree14.png,0,0.2825878,3,0.9106121,30,0,1,1,0
person045,30,18,E:\Thesis\Dataset\correct_angle_all\person045\right\30_degree18.png,0,0.27736947,3,0.99182814,30,0,1,1,0
person045,45,2,E:\Thesis\Dataset\correct_angle_all\person045\right\45_degree02.png,0,0.23504865,3,0.5898642,45,0,1,1,0
person045,45,9,E:\Thesis\Dataset\correct_angle_all\person045\right\45_degree09.png,0,0.3096144,3,0.85229754,45,0,1,1,0
person045,45,18,E:\Thesis\Dataset\correct_angle_all\person045\right\45_degree18.png,0,0.35813674,3,0.88738877,45,0,1,1,0
person045,60,2,E:\Thesis\Dataset\correct_angle_all\person045\right\60_degree02.png,0,0.09279064,3,0.65493256,60,0,1,1,0
person045,60,9,E:\Thesis\Dataset\correct_angle_all\person045\right\60_degree09.png,0,0.14569469,3,0.9989965,60,0,1,1,0
person045,60,14,E:\Thesis\Dataset\correct_angle_all\person045\right\60_degree14.png,0,0.10524445,3,0.88014746,60,0,1,1,0
person045,60,18,E:\Thesis\Dataset\correct_angle_all\person045\right\60_degree18.png,0,0.17079198,3,0.99577546,60,0,1,1,0
person045,75,9,E:\Thesis\Dataset\correct_angle_all\person045\right\75_degree09.png,0,0.13423674,3,0.8984297,75,0,1,1,0
person045,75,18,E:\Thesis\Dataset\correct_angle_all\person045\right\75_degree18.png,0,0.17258947,3,0.7150995,75,0,1,1,0
person045,90,9,E:\Thesis\Dataset\correct_angle_all\person045\right\90_degree09.png,0,0.1646492,3,0.5959793,90,0,1,1,0
person045,90,14,E:\Thesis\Dataset\correct_angle_all\person045\right\90_degree14.png,0,0.22546726,3,0.4517345,90,0,1,1,0
person045,90,18,E:\Thesis\Dataset\correct_angle_all\person045\right\90_degree18.png,0,0.19344504,3,0.69718236,90,0,1,1,0
person046,-75,2,E:\Thesis\Dataset\correct_angle_all\person046\left\75_degree_02.png,0,0.105768465,3,0.582186,75,0,1,1,0
person046,-60,2,E:\Thesis\Dataset\correct_angle_all\person046\left\60_degree_02.png,0,0.15259914,3,0.9433806,60,0,1,1,0
person046,-60,9,E:\Thesis\Dataset\correct_angle_all\person046\left\60_degree_09.png,0,0.12878443,3,0.9711805,60,0,1,1,0
person046,-60,18,E:\Thesis\Dataset\correct_angle_all\person046\left\60_degree_18.png,0,0.12529363,3,0.99277997,60,0,1,1,0
person046,-45,2,E:\Thesis\Dataset\correct_angle_all\person046\left\45_degree_02.png,0,0.0629407,3,0.92435735,45,0,1,1,0
person046,-45,9,E:\Thesis\Dataset\correct_angle_all\person046\left\45_degree_09.png,0,0.09878469,3,0.9806692,45,0,1,1,0
person046,-45,14,E:\Thesis\Dataset\correct_angle_all\person046\left\45_degree_14.png,0,0.14371665,3,0.98309207,45,0,1,1,0
person046,-45,18,E:\Thesis\Dataset\correct_angle_all\person046\left\45_degree_18.png,0,0.11358726,3,0.97842264,45,0,1,1,0
person046,-30,2,E:\Thesis\Dataset\correct_angle_all\person046\left\30_degree_02.png,0,0.09376965,3,0.9861955,30,0,1,1,0
person046,-30,9,E:\Thesis\Dataset\correct_angle_all\person046\left\30_degree_09.png,0,0.1256882,3,0.99835443,30,0,1,1,0
person046,-30,14,E:\Thesis\Dataset\correct_angle_all\person046\left\30_degree_14.png,0,0.16389127,3,0.9876911,30,0,1,1,0
person046,30,2,E:\Thesis\Dataset\correct_angle_all\person046\right\30_degree02.png,0,0.1926806,3,0.9881423,30,0,1,1,0
person046,30,9,E:\Thesis\Dataset\correct_angle_all\person046\right\30_degree09.png,0,0.15559886,3,0.99651307,30,0,1,1,0
person046,30,14,E:\Thesis\Dataset\correct_angle_all\person046\right\30_degree14.png,0,0.23528366,3,0.9426699,30,0,1,1,0
person046,30,18,E:\Thesis\Dataset\correct_angle_all\person046\right\30_degree18.png,0,0.14958864,3,0.9929078,30,0,1,1,0
person046,45,2,E:\Thesis\Dataset\correct_angle_all\person046\right\45_degree02.png,0,0.18054287,3,0.7815142,45,0,1,1,0
person046,45,9,E:\Thesis\Dataset\correct_angle_all\person046\right\45_degree09.png,0,0.11978954,3,0.9025349,45,0,1,1,0
person046,45,14,E:\Thesis\Dataset\correct_angle_all\person046\right\45_degree14.png,0,0.18194036,3,0.6380699,45,0,1,1,0
person046,45,18,E:\Thesis\Dataset\correct_angle_all\person046\right\45_degree18.png,0,0.12753369,3,0.8431937,45,0,1,1,0
person046,60,2,E:\Thesis\Dataset\correct_angle_all\person046\right\60_degree02.png,0,0.13918687,3,0.8383419,60,0,1,1,0
person046,60,9,E:\Thesis\Dataset\correct_angle_all\person046\right\60_degree09.png,0,0.10620632,3,0.98195285,60,0,1,1,0
person046,60,14,E:\Thesis\Dataset\correct_angle_all\person046\right\60_degree14.png,0,0.12056449,3,0.84878474,60,0,1,1,0
person046,60,18,E:\Thesis\Dataset\correct_angle_all\person046\right\60_degree18.png,0,0.087979585,3,0.9894797,60,0,1,1,0
person046,75,9,E:\Thesis\Dataset\correct_angle_all\person046\right\75_degree09.png,0,0.16243777,3,0.6789606,75,0,1,1,0
person046,75,18,E:\Thesis\Dataset\correct_angle_all\person046\right\75_degree18.png,0,0.15324986,3,0.8050645,75,0,1,1,0
person046,90,2,E:\Thesis\Dataset\correct_angle_all\person046\right\90_degree02.png,0,0.14284925,3,0.44309047,90,0,1,1,0
person046,90,9,E:\Thesis\Dataset\correct_angle_all\person046\right\90_degree09.png,0,0.17419255,3,0.45632842,90,0,1,1,0
person046,90,18,E:\Thesis\Dataset\correct_angle_all\person046\right\90_degree18.png,0,0.14866896,3,0.39746216,90,0,1,1,0
person047,-75,9,E:\Thesis\Dataset\correct_angle_all\person047\left\75_degree_09.png,0,0.11707992,3,0.5478158,75,0,1,1,0
person047,-75,18,E:\Thesis\Dataset\correct_angle_all\person047\left\75_degree_18.png,0,0.11335591,3,0.7925344,75,0,1,1,0
person047,-60,2,E:\Thesis\Dataset\correct_angle_all\person047\left\60_degree_02.png,0,0.09238277,3,0.8079691,60,0,1,1,0
person047,-60,9,E:\Thesis\Dataset\correct_angle_all\person047\left\60_degree_09.png,0,0.10775313,3,0.9641772,60,0,1,1,0
person047,-60,14,E:\Thesis\Dataset\correct_angle_all\person047\left\60_degree_14.png,0,0.14520417,3,0.99232787,60,0,1,1,0
person047,-60,18,E:\Thesis\Dataset\correct_angle_all\person047\left\60_degree_18.png,0,0.12823527,3,0.9917708,60,0,1,1,0
person047,-45,2,E:\Thesis\Dataset\correct_angle_all\person047\left\45_degree_02.png,0,0.25900877,3,0.5935707,45,0,1,1,0
person047,-45,9,E:\Thesis\Dataset\correct_angle_all\person047\left\45_degree_09.png,0,0.280174,3,0.5953576,45,0,1,1,0
person047,-45,14,E:\Thesis\Dataset\correct_angle_all\person047\left\45_degree_14.png,0,0.22089161,3,0.7932975,45,0,1,1,0
person047,-45,18,E:\Thesis\Dataset\correct_angle_all\person047\left\45_degree_18.png,0,0.23528908,3,0.8386505,45,0,1,1,0
person047,-30,2,E:\Thesis\Dataset\correct_angle_all\person047\left\30_degree_02.png,0,0.32831562,3,0.90609235,30,0,1,1,0
person047,-30,9,E:\Thesis\Dataset\correct_angle_all\person047\left\30_degree_09.png,0,0.29230693,3,0.988122,30,0,1,1,0
person047,-30,14,E:\Thesis\Dataset\correct_angle_all\person047\left\30_degree_14.png,0,0.30931383,3,0.9594779,30,0,1,1,0
person047,-30,18,E:\Thesis\Dataset\correct_angle_all\person047\left\30_degree_18.png,0,0.3278034,3,0.9867429,30,0,1,1,0
person047,-15,2,E:\Thesis\Dataset\correct_angle_all\person047\left\15_degree02.png,0,0.14513083,3,0.8012274,15,0,1,1,0
person047,-15,9,E:\Thesis\Dataset\correct_angle_all\person047\left\15_degree09.png,0,0.111623704,3,0.94170856,15,0,1,1,0
person047,-15,14,E:\Thesis\Dataset\correct_angle_all\person047\left\15_degree14.png,0,0.18513258,3,0.88592845,15,0,1,1,0
person047,-15,18,E:\Thesis\Dataset\correct_angle_all\person047\left\15_degree18.png,0,0.14405651,3,0.9157484,15,0,1,1,0
person047,15,2,E:\Thesis\Dataset\correct_angle_all\person047\right\15_degree02.png,0,0.2650726,3,0.63668144,15,0,1,1,0
person047,15,9,E:\Thesis\Dataset\correct_angle_all\person047\right\15_degree09.png,0,0.23244815,3,0.46648395,15,0,1,1,0
person047,30,2,E:\Thesis\Dataset\correct_angle_all\person047\right\30_degree02.png,0,0.24934989,3,0.78559655,30,0,1,1,0
person047,30,9,E:\Thesis\Dataset\correct_angle_all\person047\right\30_degree09.png,0,0.23278545,3,0.9966831,30,0,1,1,0
person047,45,2,E:\Thesis\Dataset\correct_angle_all\person047\right\45_degree02.png,0,0.31087688,3,0.58227295,45,0,1,1,0
person047,45,9,E:\Thesis\Dataset\correct_angle_all\person047\right\45_degree09.png,0,0.24275784,3,0.9518005,45,0,1,1,0
person047,45,18,E:\Thesis\Dataset\correct_angle_all\person047\right\45_degree18.png,0,0.23584323,3,0.80557364,45,0,1,1,0
person047,60,2,E:\Thesis\Dataset\correct_angle_all\person047\right\60_degree02.png,0,0.12201891,3,0.98034906,60,0,1,1,0
person047,60,9,E:\Thesis\Dataset\correct_angle_all\person047\right\60_degree09.png,0,0.1570484,3,0.9505206,60,0,1,1,0
person047,60,14,E:\Thesis\Dataset\correct_angle_all\person047\right\60_degree14.png,0,0.10758075,3,0.8679528,60,0,1,1,0
person047,60,18,E:\Thesis\Dataset\correct_angle_all\person047\right\60_degree18.png,0,0.1537225,3,0.91866344,60,0,1,1,0
person047,75,9,E:\Thesis\Dataset\correct_angle_all\person047\right\75_degree09.png,0,0.17507382,3,0.64942676,75,0,1,1,0
person047,75,18,E:\Thesis\Dataset\correct_angle_all\person047\right\75_degree18.png,0,0.17373562,3,0.44161972,75,0,1,1,0
person048,-90,9,E:\Thesis\Dataset\correct_angle_all\person048\left\90_degree_09.png,0,0.109585054,3,0.27760765,90,0,1,1,0
person048,-75,2,E:\Thesis\Dataset\correct_angle_all\person048\left\75_degree_02.png,0,0.11895546,3,0.3659594,75,0,1,1,0
person048,-75,9,E:\Thesis\Dataset\correct_angle_all\person048\left\75_degree_09.png,0,0.09197327,3,0.60842687,75,0,1,1,0
person048,-75,18,E:\Thesis\Dataset\correct_angle_all\person048\left\75_degree_18.png,0,0.09816363,3,0.5003034,75,0,1,1,0
person048,-60,2,E:\Thesis\Dataset\correct_angle_all\person048\left\60_degree_02.png,0,0.1002045,3,0.9481709,60,0,1,1,0
person048,-60,9,E:\Thesis\Dataset\correct_angle_all\person048\left\60_degree_09.png,0,0.10200549,3,0.9962893,60,0,1,1,0
person048,-60,14,E:\Thesis\Dataset\correct_angle_all\person048\left\60_degree_14.png,0,0.09464863,3,0.93660134,60,0,1,1,0
person048,-60,18,E:\Thesis\Dataset\correct_angle_all\person048\left\60_degree_18.png,0,0.08200947,3,0.9896267,60,0,1,1,0
person048,-45,2,E:\Thesis\Dataset\correct_angle_all\person048\left\45_degree_02.png,0,0.1306625,3,0.88361543,45,0,1,1,0
person048,-45,9,E:\Thesis\Dataset\correct_angle_all\person048\left\45_degree_09.png,0,0.1763361,3,0.8982137,45,0,1,1,0
person048,-45,14,E:\Thesis\Dataset\correct_angle_all\person048\left\45_degree_14.png,0,0.13061808,3,0.901128,45,0,1,1,0
person048,-45,18,E:\Thesis\Dataset\correct_angle_all\person048\left\45_degree_18.png,0,0.12786798,3,0.9261252,45,0,1,1,0
person048,-30,2,E:\Thesis\Dataset\correct_angle_all\person048\left\30_degree_02.png,0,0.104750544,3,0.9903502,30,0,1,1,0
person048,-30,9,E:\Thesis\Dataset\correct_angle_all\person048\left\30_degree_09.png,0,0.13321862,3,0.97394943,30,0,1,1,0
person048,-30,14,E:\Thesis\Dataset\correct_angle_all\person048\left\30_degree_14.png,0,0.11253369,3,0.97351116,30,0,1,1,0
person048,30,2,E:\Thesis\Dataset\correct_angle_all\person048\right\30_degree02.png,0,0.09320724,3,0.9943016,30,0,1,1,0
person048,30,9,E:\Thesis\Dataset\correct_angle_all\person048\right\30_degree09.png,0,0.06471171,3,0.83329326,30,0,1,1,0
person048,30,14,E:\Thesis\Dataset\correct_angle_all\person048\right\30_degree14.png,0,0.07544765,3,0.990669,30,0,1,1,0
person048,30,18,E:\Thesis\Dataset\correct_angle_all\person048\right\30_degree18.png,0,0.0786394,3,0.95600605,30,0,1,1,0
person048,45,2,E:\Thesis\Dataset\correct_angle_all\person048\right\45_degree02.png,0,0.16473317,3,0.9171141,45,0,1,1,0
person048,45,14,E:\Thesis\Dataset\correct_angle_all\person048\right\45_degree14.png,0,0.12363706,3,0.9156232,45,0,1,1,0
person048,45,18,E:\Thesis\Dataset\correct_angle_all\person048\right\45_degree18.png,0,0.17612304,3,0.55445385,45,0,1,1,0
person048,60,2,E:\Thesis\Dataset\correct_angle_all\person048\right\60_degree02.png,0,0.289894,3,0.9604625,60,0,1,1,0
person048,60,9,E:\Thesis\Dataset\correct_angle_all\person048\right\60_degree09.png,0,0.35595152,3,0.997652,60,0,1,1,0
person048,60,14,E:\Thesis\Dataset\correct_angle_all\person048\right\60_degree14.png,0,0.30569932,3,0.99694824,60,0,1,1,0
person048,60,18,E:\Thesis\Dataset\correct_angle_all\person048\right\60_degree18.png,0,0.30612203,3,0.99534994,60,0,1,1,0
person048,75,9,E:\Thesis\Dataset\correct_angle_all\person048\right\75_degree09.png,0,0.1876299,3,0.72160405,75,0,1,1,0
person048,75,14,E:\Thesis\Dataset\correct_angle_all\person048\right\75_degree14.png,0,0.2836078,3,0.84531087,75,0,1,1,0
person048,75,18,E:\Thesis\Dataset\correct_angle_all\person048\right\75_degree18.png,0,0.24484159,3,0.76486486,75,0,1,1,0
person048,90,9,E:\Thesis\Dataset\correct_angle_all\person048\right\90_degree09.png,0,0.14978717,3,0.54512626,90,0,1,1,0
person048,90,14,E:\Thesis\Dataset\correct_angle_all\person048\right\90_degree14.png,0,0.12221835,3,0.36092162,90,0,1,1,0
person048,90,18,E:\Thesis\Dataset\correct_angle_all\person048\right\90_degree18.png,0,0.10390848,3,0.4943658,90,0,1,1,0
person049,-75,9,E:\Thesis\Dataset\correct_angle_all\person049\left\75_degree_09.png,0,0.10113671,3,0.63380194,75,0,1,1,0
person049,-75,18,E:\Thesis\Dataset\correct_angle_all\person049\left\75_degree_18.png,0,0.08366349,3,0.8701243,75,0,1,1,0
person049,-60,14,E:\Thesis\Dataset\correct_angle_all\person049\left\60_degree_14.png,0,0.09472219,3,0.9780864,60,0,1,1,0
person049,-45,2,E:\Thesis\Dataset\correct_angle_all\person049\left\45_degree_02.png,0,0.17508389,3,0.43852463,45,0,1,1,0
person049,-45,9,E:\Thesis\Dataset\correct_angle_all\person049\left\45_degree_09.png,0,0.17072892,3,0.5157525,45,0,1,1,0
person049,-45,14,E:\Thesis\Dataset\correct_angle_all\person049\left\45_degree_14.png,0,0.19458532,3,0.6373745,45,0,1,1,0
person049,-45,18,E:\Thesis\Dataset\correct_angle_all\person049\left\45_degree_18.png,0,0.16414882,3,0.6816032,45,0,1,1,0
person049,-30,2,E:\Thesis\Dataset\correct_angle_all\person049\left\30_degree_02.png,0,0.22855544,3,0.96822065,30,0,1,1,0
person049,-30,9,E:\Thesis\Dataset\correct_angle_all\person049\left\30_degree_09.png,0,0.13334875,3,0.995985,30,0,1,1,0
person049,-30,14,E:\Thesis\Dataset\correct_angle_all\person049\left\30_degree_14.png,0,0.19766259,3,0.9931474,30,0,1,1,0
person049,-30,18,E:\Thesis\Dataset\correct_angle_all\person049\left\30_degree_18.png,0,0.21403427,3,0.9985371,30,0,1,1,0
person049,-15,2,E:\Thesis\Dataset\correct_angle_all\person049\left\15_degree02.png,0,0.088387646,3,0.5373392,15,0,1,1,0
person049,-15,14,E:\Thesis\Dataset\correct_angle_all\person049\left\15_degree14.png,0,0.0917178,3,0.717258,15,0,1,1,0
person049,15,9,E:\Thesis\Dataset\correct_angle_all\person049\right\15_degree09.png,0,0.11581997,3,0.60277545,15,0,1,1,0
person049,30,2,E:\Thesis\Dataset\correct_angle_all\person049\right\30_degree02.png,0,0.26149118,3,0.9871817,30,0,1,1,0
person049,30,9,E:\Thesis\Dataset\correct_angle_all\person049\right\30_degree09.png,0,0.37126634,3,0.9973338,30,0,1,1,0
person049,30,14,E:\Thesis\Dataset\correct_angle_all\person049\right\30_degree14.png,0,0.3046867,3,0.990175,30,0,1,1,0
person049,30,18,E:\Thesis\Dataset\correct_angle_all\person049\right\30_degree18.png,0,0.31184533,3,0.99518234,30,0,1,1,0
person049,45,2,E:\Thesis\Dataset\correct_angle_all\person049\right\45_degree02.png,0,0.2299789,3,0.36622986,45,0,1,1,0
person049,60,2,E:\Thesis\Dataset\correct_angle_all\person049\right\60_degree02.png,0,0.17194176,3,0.97033054,60,0,1,1,0
person049,60,9,E:\Thesis\Dataset\correct_angle_all\person049\right\60_degree09.png,0,0.16748963,3,0.9578932,60,0,1,1,0
person049,60,14,E:\Thesis\Dataset\correct_angle_all\person049\right\60_degree14.png,0,0.1868623,3,0.99645823,60,0,1,1,0
person049,60,18,E:\Thesis\Dataset\correct_angle_all\person049\right\60_degree18.png,0,0.19464625,3,0.96460503,60,0,1,1,0
person049,75,14,E:\Thesis\Dataset\correct_angle_all\person049\right\75_degree14.png,0,0.19829173,3,0.2925339,75,0,1,1,0
person050,-90,9,E:\Thesis\Dataset\correct_angle_all\person050\left\90_degree_09.png,0,0.10965473,3,0.61399263,90,0,1,1,0
person050,-90,14,E:\Thesis\Dataset\correct_angle_all\person050\left\90_degree_14.png,0,0.23682469,3,0.58174115,90,0,1,1,0
person050,-90,18,E:\Thesis\Dataset\correct_angle_all\person050\left\90_degree_18.png,0,0.10318907,3,0.28337157,90,0,1,1,0
person050,-75,2,E:\Thesis\Dataset\correct_angle_all\person050\left\75_degree_02.png,0,0.19659609,3,0.40059328,75,0,1,1,0
person050,-75,9,E:\Thesis\Dataset\correct_angle_all\person050\left\75_degree_09.png,0,0.099535026,3,0.89384764,75,0,1,1,0
person050,-75,18,E:\Thesis\Dataset\correct_angle_all\person050\left\75_degree_18.png,0,0.13678087,3,0.48171106,75,0,1,1,0
person050,-60,2,E:\Thesis\Dataset\correct_angle_all\person050\left\60_degree_02.png,0,0.17496331,3,0.6936765,60,0,1,1,0
person050,-60,9,E:\Thesis\Dataset\correct_angle_all\person050\left\60_degree_09.png,0,0.106967814,3,0.97561675,60,0,1,1,0
person050,-60,14,E:\Thesis\Dataset\correct_angle_all\person050\left\60_degree_14.png,0,0.18529515,3,0.91479427,60,0,1,1,0
person050,-60,18,E:\Thesis\Dataset\correct_angle_all\person050\left\60_degree_18.png,0,0.09585024,3,0.82648754,60,0,1,1,0
person050,-45,2,E:\Thesis\Dataset\correct_angle_all\person050\left\45_degree_02.png,0,0.15631928,3,0.96447796,45,0,1,1,0
person050,-45,9,E:\Thesis\Dataset\correct_angle_all\person050\left\45_degree_09.png,0,0.14894195,3,0.87325495,45,0,1,1,0
person050,-45,14,E:\Thesis\Dataset\correct_angle_all\person050\left\45_degree_14.png,0,0.16423617,3,0.96230894,45,0,1,1,0
person050,-45,18,E:\Thesis\Dataset\correct_angle_all\person050\left\45_degree_18.png,0,0.14503197,3,0.9495031,45,0,1,1,0
person050,-30,2,E:\Thesis\Dataset\correct_angle_all\person050\left\30_degree_02.png,0,0.25195822,3,0.96848935,30,0,1,1,0
person050,-30,9,E:\Thesis\Dataset\correct_angle_all\person050\left\30_degree_09.png,0,0.22348543,3,0.97687244,30,0,1,1,0
person050,-30,14,E:\Thesis\Dataset\correct_angle_all\person050\left\30_degree_14.png,0,0.21124585,3,0.99771076,30,0,1,1,0
person050,-15,9,E:\Thesis\Dataset\correct_angle_all\person050\left\15_degree09.png,0,0.05933259,3,0.54127663,15,0,1,1,0
person050,-15,18,E:\Thesis\Dataset\correct_angle_all\person050\left\15_degree18.png,0,0.054179,3,0.51279974,15,0,1,1,0
person050,15,2,E:\Thesis\Dataset\correct_angle_all\person050\right\15_degree02.png,0,0.056384962,3,0.8707393,15,0,1,1,0
person050,15,9,E:\Thesis\Dataset\correct_angle_all\person050\right\15_degree09.png,0,0.09585147,3,0.5815247,15,0,1,1,0
person050,30,2,E:\Thesis\Dataset\correct_angle_all\person050\right\30_degree02.png,0,0.18991224,3,0.9959461,30,0,1,1,0
person050,30,9,E:\Thesis\Dataset\correct_angle_all\person050\right\30_degree09.png,0,0.3387564,3,0.99383074,30,0,1,1,0
person050,30,14,E:\Thesis\Dataset\correct_angle_all\person050\right\30_degree14.png,0,0.25287604,3,0.9541823,30,0,1,1,0
person050,30,18,E:\Thesis\Dataset\correct_angle_all\person050\right\30_degree18.png,0,0.2912598,3,0.9697862,30,0,1,1,0
person050,45,2,E:\Thesis\Dataset\correct_angle_all\person050\right\45_degree02.png,0,0.2633671,3,0.6605554,45,0,1,1,0
person050,45,14,E:\Thesis\Dataset\correct_angle_all\person050\right\45_degree14.png,0,0.30429018,3,0.6796687,45,0,1,1,0
person050,60,2,E:\Thesis\Dataset\correct_angle_all\person050\right\60_degree02.png,0,0.100344725,3,0.9906835,60,0,1,1,0
person050,60,9,E:\Thesis\Dataset\correct_angle_all\person050\right\60_degree09.png,0,0.17570978,3,0.9672168,60,0,1,1,0
person050,60,14,E:\Thesis\Dataset\correct_angle_all\person050\right\60_degree14.png,0,0.1508034,3,0.98093987,60,0,1,1,0
person050,60,18,E:\Thesis\Dataset\correct_angle_all\person050\right\60_degree18.png,0,0.122321226,3,0.99272555,60,0,1,1,0
person050,90,2,E:\Thesis\Dataset\correct_angle_all\person050\right\90_degree02.png,0,0.10254806,3,0.71728176,90,0,1,1,0
person050,90,9,E:\Thesis\Dataset\correct_angle_all\person050\right\90_degree09.png,0,0.13290341,3,0.3062128,90,0,1,1,0
person050,90,18,E:\Thesis\Dataset\correct_angle_all\person050\right\90_degree18.png,0,0.09083307,3,0.6562027,90,0,1,1,0
person051,-75,9,E:\Thesis\Dataset\correct_angle_all\person051\left\75_degree_09.png,0,0.18056071,3,0.23432982,75,0,1,1,0
person051,-75,18,E:\Thesis\Dataset\correct_angle_all\person051\left\75_degree_18.png,0,0.14544122,3,0.6030686,75,0,1,1,0
person051,-60,2,E:\Thesis\Dataset\correct_angle_all\person051\left\60_degree_02.png,0,0.09738723,3,0.59352,60,0,1,1,0
person051,-60,9,E:\Thesis\Dataset\correct_angle_all\person051\left\60_degree_09.png,0,0.14282781,3,0.9428342,60,0,1,1,0
person051,-60,14,E:\Thesis\Dataset\correct_angle_all\person051\left\60_degree_14.png,0,0.14045471,3,0.98803306,60,0,1,1,0
person051,-60,18,E:\Thesis\Dataset\correct_angle_all\person051\left\60_degree_18.png,0,0.12430519,3,0.99094135,60,0,1,1,0
person051,-45,9,E:\Thesis\Dataset\correct_angle_all\person051\left\45_degree_09.png,0,0.20547004,3,0.550173,45,0,1,1,0
person051,-45,14,E:\Thesis\Dataset\correct_angle_all\person051\left\45_degree_14.png,0,0.15206848,3,0.9122401,45,0,1,1,0
person051,-45,18,E:\Thesis\Dataset\correct_angle_all\person051\left\45_degree_18.png,0,0.20001638,3,0.9281748,45,0,1,1,0
person051,-30,2,E:\Thesis\Dataset\correct_angle_all\person051\left\30_degree_02.png,0,0.17281365,3,0.8224196,30,0,1,1,0
person051,-30,9,E:\Thesis\Dataset\correct_angle_all\person051\left\30_degree_09.png,0,0.15091562,3,0.9826329,30,0,1,1,0
person051,-30,14,E:\Thesis\Dataset\correct_angle_all\person051\left\30_degree_14.png,0,0.11603999,3,0.997299,30,0,1,1,0
person051,-30,18,E:\Thesis\Dataset\correct_angle_all\person051\left\30_degree_18.png,0,0.17104165,3,0.9971176,30,0,1,1,0
person051,-15,2,E:\Thesis\Dataset\correct_angle_all\person051\left\15_degree02.png,0,0.08303247,3,0.6968519,15,0,1,1,0
person051,-15,9,E:\Thesis\Dataset\correct_angle_all\person051\left\15_degree09.png,0,0.084692724,3,0.7497812,15,0,1,1,0
person051,-15,14,E:\Thesis\Dataset\correct_angle_all\person051\left\15_degree14.png,0,0.09917561,3,0.95949817,15,0,1,1,0
person051,-15,18,E:\Thesis\Dataset\correct_angle_all\person051\left\15_degree18.png,0,0.080320954,3,0.92704916,15,0,1,1,0
person051,15,2,E:\Thesis\Dataset\correct_angle_all\person051\right\15_degree02.png,0,0.16208471,3,0.6920169,15,0,1,1,0
person051,15,9,E:\Thesis\Dataset\correct_angle_all\person051\right\15_degree09.png,0,0.32492322,3,0.6752756,15,0,1,1,0
person051,15,14,E:\Thesis\Dataset\correct_angle_all\person051\right\15_degree14.png,0,0.33491138,3,0.8087578,15,0,1,1,0
person051,15,18,E:\Thesis\Dataset\correct_angle_all\person051\right\15_degree18.png,0,0.33431968,3,0.7622957,15,0,1,1,0
person051,30,2,E:\Thesis\Dataset\correct_angle_all\person051\right\30_degree02.png,0,0.17326553,3,0.9190317,30,0,1,1,0
person051,30,9,E:\Thesis\Dataset\correct_angle_all\person051\right\30_degree09.png,0,0.34814855,3,0.99774885,30,0,1,1,0
person051,30,14,E:\Thesis\Dataset\correct_angle_all\person051\right\30_degree14.png,0,0.15338281,3,0.9479762,30,0,1,1,0
person051,30,18,E:\Thesis\Dataset\correct_angle_all\person051\right\30_degree18.png,0,0.3397822,3,0.9966121,30,0,1,1,0
person051,45,9,E:\Thesis\Dataset\correct_angle_all\person051\right\45_degree09.png,0,0.3499886,3,0.7034853,45,0,1,1,0
person051,60,2,E:\Thesis\Dataset\correct_angle_all\person051\right\60_degree02.png,0,0.0808705,3,0.77717465,60,0,1,1,0
person051,60,9,E:\Thesis\Dataset\correct_angle_all\person051\right\60_degree09.png,0,0.102652036,3,0.99177647,60,0,1,1,0
person051,60,14,E:\Thesis\Dataset\correct_angle_all\person051\right\60_degree14.png,0,0.079525255,3,0.48359057,60,0,1,1,0
person051,60,18,E:\Thesis\Dataset\correct_angle_all\person051\right\60_degree18.png,0,0.074062034,3,0.96776223,60,0,1,1,0
person051,75,9,E:\Thesis\Dataset\correct_angle_all\person051\right\75_degree09.png,0,0.087741114,3,0.55977535,75,0,1,1,0
person052,-75,2,E:\Thesis\Dataset\correct_angle_all\person052\left\75_degree_02.png,0,0.2784666,3,0.37290058,75,0,1,1,0
person052,-75,9,E:\Thesis\Dataset\correct_angle_all\person052\left\75_degree_09.png,0,0.19048011,3,0.81105065,75,0,1,1,0
person052,-75,18,E:\Thesis\Dataset\correct_angle_all\person052\left\75_degree_18.png,0,0.16673326,3,0.6411865,75,0,1,1,0
person052,-60,2,E:\Thesis\Dataset\correct_angle_all\person052\left\60_degree_02.png,0,0.102173656,3,0.8570235,60,0,1,1,0
person052,-60,9,E:\Thesis\Dataset\correct_angle_all\person052\left\60_degree_09.png,0,0.114702284,3,0.99858093,60,0,1,1,0
person052,-60,14,E:\Thesis\Dataset\correct_angle_all\person052\left\60_degree_14.png,0,0.11395701,3,0.8829279,60,0,1,1,0
person052,-60,18,E:\Thesis\Dataset\correct_angle_all\person052\left\60_degree_18.png,0,0.13355605,3,0.9962079,60,0,1,1,0
person052,-30,2,E:\Thesis\Dataset\correct_angle_all\person052\left\30_degree_02.png,0,0.14995672,3,0.9826145,30,0,1,1,0
person052,-30,14,E:\Thesis\Dataset\correct_angle_all\person052\left\30_degree_14.png,0,0.18538529,3,0.9875825,30,0,1,1,0
person052,-30,18,E:\Thesis\Dataset\correct_angle_all\person052\left\30_degree_18.png,0,0.15665203,3,0.9962983,30,0,1,1,0
person052,15,2,E:\Thesis\Dataset\correct_angle_all\person052\right\15_degree02.png,0,0.10988927,3,0.456033,15,0,1,1,0
person052,15,9,E:\Thesis\Dataset\correct_angle_all\person052\right\15_degree09.png,0,0.13795386,3,0.8125806,15,0,1,1,0
person052,15,14,E:\Thesis\Dataset\correct_angle_all\person052\right\15_degree14.png,0,0.18701869,3,0.6696949,15,0,1,1,0
person052,15,18,E:\Thesis\Dataset\correct_angle_all\person052\right\15_degree18.png,0,0.08930811,3,0.83318216,15,0,1,1,0
person052,30,2,E:\Thesis\Dataset\correct_angle_all\person052\right\30_degree02.png,0,0.13386017,3,0.9935122,30,0,1,1,0
person052,30,9,E:\Thesis\Dataset\correct_angle_all\person052\right\30_degree09.png,0,0.12167836,3,0.99792075,30,0,1,1,0
person052,30,14,E:\Thesis\Dataset\correct_angle_all\person052\right\30_degree14.png,0,0.16819544,3,0.99721354,30,0,1,1,0
person052,30,18,E:\Thesis\Dataset\correct_angle_all\person052\right\30_degree18.png,0,0.109811865,3,0.99765366,30,0,1,1,0
person052,45,2,E:\Thesis\Dataset\correct_angle_all\person052\right\45_degree02.png,0,0.12689662,3,0.6001086,45,0,1,1,0
person052,45,9,E:\Thesis\Dataset\correct_angle_all\person052\right\45_degree09.png,0,0.15893024,3,0.7316002,45,0,1,1,0
person052,45,14,E:\Thesis\Dataset\correct_angle_all\person052\right\45_degree14.png,0,0.0884512,3,0.7040753,45,0,1,1,0
person052,45,18,E:\Thesis\Dataset\correct_angle_all\person052\right\45_degree18.png,0,0.10846589,3,0.8189762,45,0,1,1,0
person052,60,2,E:\Thesis\Dataset\correct_angle_all\person052\right\60_degree02.png,0,0.06409816,3,0.98443747,60,0,1,1,0
person052,60,9,E:\Thesis\Dataset\correct_angle_all\person052\right\60_degree09.png,0,0.07702197,3,0.9977297,60,0,1,1,0
person052,60,14,E:\Thesis\Dataset\correct_angle_all\person052\right\60_degree14.png,0,0.08636603,3,0.9813786,60,0,1,1,0
person052,75,9,E:\Thesis\Dataset\correct_angle_all\person052\right\75_degree09.png,0,0.13339776,3,0.8506368,75,0,1,1,0
person052,75,14,E:\Thesis\Dataset\correct_angle_all\person052\right\75_degree14.png,0,0.20008458,3,0.42315957,75,0,1,1,0
person052,75,18,E:\Thesis\Dataset\correct_angle_all\person052\right\75_degree18.png,0,0.122584246,3,0.8002915,75,0,1,1,0
person053,-75,9,E:\Thesis\Dataset\correct_angle_all\person053\left\75_degree_09.png,0,0.16838045,3,0.42026147,75,0,1,1,0
person053,-75,18,E:\Thesis\Dataset\correct_angle_all\person053\left\75_degree_18.png,0,0.11133552,3,0.67457366,75,0,1,1,0
person053,-60,2,E:\Thesis\Dataset\correct_angle_all\person053\left\60_degree_02.png,0,0.15661128,3,0.87032,60,0,1,1,0
person053,-60,9,E:\Thesis\Dataset\correct_angle_all\person053\left\60_degree_09.png,0,0.15484984,3,0.9921346,60,0,1,1,0
person053,-60,14,E:\Thesis\Dataset\correct_angle_all\person053\left\60_degree_14.png,0,0.10228785,3,0.99467105,60,0,1,1,0
person053,-60,18,E:\Thesis\Dataset\correct_angle_all\person053\left\60_degree_18.png,0,0.11593133,3,0.99736625,60,0,1,1,0
person053,-45,2,E:\Thesis\Dataset\correct_angle_all\person053\left\45_degree_02.png,0,0.13297193,3,0.7828038,45,0,1,1,0
person053,-45,9,E:\Thesis\Dataset\correct_angle_all\person053\left\45_degree_09.png,0,0.082368426,3,0.90969807,45,0,1,1,0
person053,-45,14,E:\Thesis\Dataset\correct_angle_all\person053\left\45_degree_14.png,0,0.08848516,3,0.85900635,45,0,1,1,0
person053,-45,18,E:\Thesis\Dataset\correct_angle_all\person053\left\45_degree_18.png,0,0.09381837,3,0.8213498,45,0,1,1,0
person053,-30,2,E:\Thesis\Dataset\correct_angle_all\person053\left\30_degree_02.png,0,0.0870108,3,0.92238355,30,0,1,1,0
person053,-30,9,E:\Thesis\Dataset\correct_angle_all\person053\left\30_degree_09.png,0,0.0940375,3,0.9938392,30,0,1,1,0
person053,-30,14,E:\Thesis\Dataset\correct_angle_all\person053\left\30_degree_14.png,0,0.13063915,3,0.9064676,30,0,1,1,0
person053,-30,18,E:\Thesis\Dataset\correct_angle_all\person053\left\30_degree_18.png,0,0.08970664,3,0.94287467,30,0,1,1,0
person053,30,2,E:\Thesis\Dataset\correct_angle_all\person053\right\30_degree02.png,0,0.06211253,3,0.98814803,30,0,1,1,0
person053,30,9,E:\Thesis\Dataset\correct_angle_all\person053\right\30_degree09.png,0,0.073095076,3,0.9971842,30,0,1,1,0
person053,30,14,E:\Thesis\Dataset\correct_angle_all\person053\right\30_degree14.png,0,0.05330738,3,0.9940505,30,0,1,1,0
person053,30,18,E:\Thesis\Dataset\correct_angle_all\person053\right\30_degree18.png,0,0.07825772,3,0.9849425,30,0,1,1,0
person053,45,2,E:\Thesis\Dataset\correct_angle_all\person053\right\45_degree02.png,0,0.083572924,3,0.83619905,45,0,1,1,0
person053,45,9,E:\Thesis\Dataset\correct_angle_all\person053\right\45_degree09.png,0,0.09635357,3,0.75245875,45,0,1,1,0
person053,45,14,E:\Thesis\Dataset\correct_angle_all\person053\right\45_degree14.png,0,0.0750747,3,0.89785075,45,0,1,1,0
person053,45,18,E:\Thesis\Dataset\correct_angle_all\person053\right\45_degree18.png,0,0.078975536,3,0.6849273,45,0,1,1,0
person053,60,2,E:\Thesis\Dataset\correct_angle_all\person053\right\60_degree02.png,0,0.24871986,3,0.98078966,60,0,1,1,0
person053,60,9,E:\Thesis\Dataset\correct_angle_all\person053\right\60_degree09.png,0,0.11537343,3,0.97396487,60,0,1,1,0
person053,60,14,E:\Thesis\Dataset\correct_angle_all\person053\right\60_degree14.png,0,0.1961993,3,0.9969569,60,0,1,1,0
person053,60,18,E:\Thesis\Dataset\correct_angle_all\person053\right\60_degree18.png,0,0.14050476,3,0.9936816,60,0,1,1,0
person053,75,14,E:\Thesis\Dataset\correct_angle_all\person053\right\75_degree14.png,0,0.19447213,3,0.67760247,75,0,1,1,0
person053,75,18,E:\Thesis\Dataset\correct_angle_all\person053\right\75_degree18.png,0,0.21710181,3,0.7308798,75,0,1,1,0
person053,90,2,E:\Thesis\Dataset\correct_angle_all\person053\right\90_degree02.png,0,0.1531414,3,0.37240162,90,0,1,1,0
person053,90,18,E:\Thesis\Dataset\correct_angle_all\person053\right\90_degree18.png,0,0.20529898,3,0.5297556,90,0,1,1,0
person054,-90,2,E:\Thesis\Dataset\correct_angle_all\person054\left\90_degree_02.png,0,0.103261806,3,0.3163369,90,0,1,1,0
person054,-90,9,E:\Thesis\Dataset\correct_angle_all\person054\left\90_degree_09.png,0,0.09537986,3,0.37063393,90,0,1,1,0
person054,-90,18,E:\Thesis\Dataset\correct_angle_all\person054\left\90_degree_18.png,0,0.08678403,3,0.44335905,90,0,1,1,0
person054,-75,2,E:\Thesis\Dataset\correct_angle_all\person054\left\75_degree_02.png,0,0.11382026,3,0.8132286,75,0,1,1,0
person054,-75,9,E:\Thesis\Dataset\correct_angle_all\person054\left\75_degree_09.png,0,0.1028052,3,0.7731071,75,0,1,1,0
person054,-75,18,E:\Thesis\Dataset\correct_angle_all\person054\left\75_degree_18.png,0,0.12235996,3,0.9186408,75,0,1,1,0
person054,-60,2,E:\Thesis\Dataset\correct_angle_all\person054\left\60_degree_02.png,0,0.100635804,3,0.9526438,60,0,1,1,0
person054,-60,9,E:\Thesis\Dataset\correct_angle_all\person054\left\60_degree_09.png,0,0.07795446,3,0.97188693,60,0,1,1,0
person054,-60,14,E:\Thesis\Dataset\correct_angle_all\person054\left\60_degree_14.png,0,0.15021382,3,0.9127536,60,0,1,1,0
person054,-60,18,E:\Thesis\Dataset\correct_angle_all\person054\left\60_degree_18.png,0,0.08304807,3,0.97674376,60,0,1,1,0
person054,-45,2,E:\Thesis\Dataset\correct_angle_all\person054\left\45_degree_02.png,0,0.12206634,3,0.5789065,45,0,1,1,0
person054,-45,9,E:\Thesis\Dataset\correct_angle_all\person054\left\45_degree_09.png,0,0.10052747,3,0.84007555,45,0,1,1,0
person054,-45,14,E:\Thesis\Dataset\correct_angle_all\person054\left\45_degree_14.png,0,0.1499307,3,0.81242824,45,0,1,1,0
person054,-45,18,E:\Thesis\Dataset\correct_angle_all\person054\left\45_degree_18.png,0,0.084754996,3,0.8530566,45,0,1,1,0
person054,-30,2,E:\Thesis\Dataset\correct_angle_all\person054\left\30_degree_02.png,0,0.091724336,3,0.9512326,30,0,1,1,0
person054,-30,9,E:\Thesis\Dataset\correct_angle_all\person054\left\30_degree_09.png,0,0.08374637,3,0.9978486,30,0,1,1,0
person054,-30,14,E:\Thesis\Dataset\correct_angle_all\person054\left\30_degree_14.png,0,0.10217148,3,0.9956235,30,0,1,1,0
person054,-30,18,E:\Thesis\Dataset\correct_angle_all\person054\left\30_degree_18.png,0,0.06944916,3,0.9966642,30,0,1,1,0
person054,-15,2,E:\Thesis\Dataset\correct_angle_all\person054\left\15_degree02.png,0,0.122234285,3,0.7175567,15,0,1,1,0
person054,-15,9,E:\Thesis\Dataset\correct_angle_all\person054\left\15_degree09.png,0,0.104492754,3,0.93113524,15,0,1,1,0
person054,-15,14,E:\Thesis\Dataset\correct_angle_all\person054\left\15_degree14.png,0,0.12126253,3,0.8876648,15,0,1,1,0
person054,-15,18,E:\Thesis\Dataset\correct_angle_all\person054\left\15_degree18.png,0,0.13965599,3,0.90162104,15,0,1,1,0
person054,15,2,E:\Thesis\Dataset\correct_angle_all\person054\right\15_degree02.png,0,0.07084457,3,0.9397819,15,0,1,1,0
person054,30,2,E:\Thesis\Dataset\correct_angle_all\person054\right\30_degree02.png,0,0.09896741,3,0.99345225,30,0,1,1,0
person054,30,9,E:\Thesis\Dataset\correct_angle_all\person054\right\30_degree09.png,0,0.08870679,3,0.9610979,30,0,1,1,0
person054,30,14,E:\Thesis\Dataset\correct_angle_all\person054\right\30_degree14.png,0,0.10591367,3,0.7518163,30,0,1,1,0
person054,30,18,E:\Thesis\Dataset\correct_angle_all\person054\right\30_degree18.png,0,0.08429315,3,0.9429385,30,0,1,1,0
person054,45,2,E:\Thesis\Dataset\correct_angle_all\person054\right\45_degree02.png,0,0.14303595,3,0.7965568,45,0,1,1,0
person054,60,2,E:\Thesis\Dataset\correct_angle_all\person054\right\60_degree02.png,0,0.23388062,3,0.97568816,60,0,1,1,0
person054,60,9,E:\Thesis\Dataset\correct_angle_all\person054\right\60_degree09.png,0,0.13146448,3,0.9325437,60,0,1,1,0
person054,60,14,E:\Thesis\Dataset\correct_angle_all\person054\right\60_degree14.png,0,0.20697558,3,0.91455317,60,0,1,1,0
person054,60,18,E:\Thesis\Dataset\correct_angle_all\person054\right\60_degree18.png,0,0.14768638,3,0.97660047,60,0,1,1,0
person054,75,9,E:\Thesis\Dataset\correct_angle_all\person054\right\75_degree09.png,0,0.11069771,3,0.76548195,75,0,1,1,0
person054,75,14,E:\Thesis\Dataset\correct_angle_all\person054\right\75_degree14.png,0,0.20742853,3,0.6749909,75,0,1,1,0
person054,75,18,E:\Thesis\Dataset\correct_angle_all\person054\right\75_degree18.png,0,0.12775354,3,0.8392692,75,0,1,1,0
person054,90,14,E:\Thesis\Dataset\correct_angle_all\person054\right\90_degree14.png,0,0.20474589,3,0.4721891,90,0,1,1,0
person054,90,18,E:\Thesis\Dataset\correct_angle_all\person054\right\90_degree18.png,0,0.11128683,3,0.5312478,90,0,1,1,0
person055,-90,2,E:\Thesis\Dataset\correct_angle_all\person055\left\90_degree_02.png,0,0.25901577,3,0.65891767,90,0,1,1,0
person055,-90,9,E:\Thesis\Dataset\correct_angle_all\person055\left\90_degree_09.png,0,0.17835326,3,0.49554625,90,0,1,1,0
person055,-90,14,E:\Thesis\Dataset\correct_angle_all\person055\left\90_degree_14.png,0,0.22624023,3,0.5156011,90,0,1,1,0
person055,-90,18,E:\Thesis\Dataset\correct_angle_all\person055\left\90_degree_18.png,0,0.12769158,3,0.40557814,90,0,1,1,0
person055,-75,2,E:\Thesis\Dataset\correct_angle_all\person055\left\75_degree_02.png,0,0.20521383,3,0.8835004,75,0,1,1,0
person055,-75,9,E:\Thesis\Dataset\correct_angle_all\person055\left\75_degree_09.png,0,0.3161438,3,0.7455017,75,0,1,1,0
person055,-75,18,E:\Thesis\Dataset\correct_angle_all\person055\left\75_degree_18.png,0,0.13153507,3,0.7205982,75,0,1,1,0
person055,-60,2,E:\Thesis\Dataset\correct_angle_all\person055\left\60_degree_02.png,0,0.17543845,3,0.9929095,60,0,1,1,0
person055,-60,9,E:\Thesis\Dataset\correct_angle_all\person055\left\60_degree_09.png,0,0.2961191,3,0.9636166,60,0,1,1,0
person055,-60,14,E:\Thesis\Dataset\correct_angle_all\person055\left\60_degree_14.png,0,0.096650206,3,0.8498316,60,0,1,1,0
person055,-60,18,E:\Thesis\Dataset\correct_angle_all\person055\left\60_degree_18.png,0,0.22583304,3,0.95306236,60,0,1,1,0
person055,-45,2,E:\Thesis\Dataset\correct_angle_all\person055\left\45_degree_02.png,0,0.44652316,3,0.92969793,45,0,1,1,0
person055,-45,9,E:\Thesis\Dataset\correct_angle_all\person055\left\45_degree_09.png,0,0.35408068,3,0.7447447,45,0,1,1,0
person055,-45,14,E:\Thesis\Dataset\correct_angle_all\person055\left\45_degree_14.png,0,0.2720553,3,0.5783389,45,0,1,1,0
person055,-45,18,E:\Thesis\Dataset\correct_angle_all\person055\left\45_degree_18.png,0,0.321193,3,0.8701939,45,0,1,1,0
person055,-30,9,E:\Thesis\Dataset\correct_angle_all\person055\left\30_degree_09.png,0,0.27752128,3,0.9866739,30,0,1,1,0
person055,30,2,E:\Thesis\Dataset\correct_angle_all\person055\right\30_degree02.png,0,0.09604434,3,0.99737376,30,0,1,1,0
person055,30,18,E:\Thesis\Dataset\correct_angle_all\person055\right\30_degree18.png,0,0.14098586,3,0.9633102,30,0,1,1,0
person055,45,2,E:\Thesis\Dataset\correct_angle_all\person055\right\45_degree02.png,0,0.14433005,3,0.941313,45,0,1,1,0
person055,45,9,E:\Thesis\Dataset\correct_angle_all\person055\right\45_degree09.png,0,0.13399081,3,0.9107532,45,0,1,1,0
person056,-75,2,E:\Thesis\Dataset\correct_angle_all\person056\left\75_degree_02.png,0,0.09179259,3,0.5783697,75,0,1,1,0
person056,-75,9,E:\Thesis\Dataset\correct_angle_all\person056\left\75_degree_09.png,0,0.09395084,3,0.29601124,75,0,1,1,0
person056,-75,18,E:\Thesis\Dataset\correct_angle_all\person056\left\75_degree_18.png,0,0.098038614,3,0.5354915,75,0,1,1,0
person056,-60,2,E:\Thesis\Dataset\correct_angle_all\person056\left\60_degree_02.png,0,0.15932773,3,0.9588631,60,0,1,1,0
person056,-60,9,E:\Thesis\Dataset\correct_angle_all\person056\left\60_degree_09.png,0,0.0848229,3,0.95698076,60,0,1,1,0
person056,-60,14,E:\Thesis\Dataset\correct_angle_all\person056\left\60_degree_14.png,0,0.09085945,3,0.94837564,60,0,1,1,0
person056,-60,18,E:\Thesis\Dataset\correct_angle_all\person056\left\60_degree_18.png,0,0.08320803,3,0.9897125,60,0,1,1,0
person056,-45,2,E:\Thesis\Dataset\correct_angle_all\person056\left\45_degree_02.png,0,0.11177081,3,0.6827132,45,0,1,1,0
person056,-45,9,E:\Thesis\Dataset\correct_angle_all\person056\left\45_degree_09.png,0,0.2750279,3,0.4153758,45,0,1,1,0
person056,-45,14,E:\Thesis\Dataset\correct_angle_all\person056\left\45_degree_14.png,0,0.22135603,3,0.55291384,45,0,1,1,0
person056,-45,18,E:\Thesis\Dataset\correct_angle_all\person056\left\45_degree_18.png,0,0.2645371,3,0.40377298,45,0,1,1,0
person056,-30,9,E:\Thesis\Dataset\correct_angle_all\person056\left\30_degree_09.png,0,0.07733619,3,0.99641895,30,0,1,1,0
person056,-30,14,E:\Thesis\Dataset\correct_angle_all\person056\left\30_degree_14.png,0,0.07119552,3,0.97383666,30,0,1,1,0
person056,-30,18,E:\Thesis\Dataset\correct_angle_all\person056\left\30_degree_18.png,0,0.09473323,3,0.995924,30,0,1,1,0
person056,15,2,E:\Thesis\Dataset\correct_angle_all\person056\right\15_degree02.png,0,0.07388487,3,0.9340325,15,0,1,1,0
person056,30,2,E:\Thesis\Dataset\correct_angle_all\person056\right\30_degree02.png,0,0.100597315,3,0.996491,30,0,1,1,0
person056,30,9,E:\Thesis\Dataset\correct_angle_all\person056\right\30_degree09.png,0,0.09534108,3,0.9899371,30,0,1,1,0
person056,30,14,E:\Thesis\Dataset\correct_angle_all\person056\right\30_degree14.png,0,0.11162891,3,0.97493076,30,0,1,1,0
person056,30,18,E:\Thesis\Dataset\correct_angle_all\person056\right\30_degree18.png,0,0.10539547,3,0.98122597,30,0,1,1,0
person056,45,2,E:\Thesis\Dataset\correct_angle_all\person056\right\45_degree02.png,0,0.237922,3,0.8481564,45,0,1,1,0
person056,45,9,E:\Thesis\Dataset\correct_angle_all\person056\right\45_degree09.png,0,0.19148533,3,0.8065999,45,0,1,1,0
person056,45,14,E:\Thesis\Dataset\correct_angle_all\person056\right\45_degree14.png,0,0.26881298,3,0.6274212,45,0,1,1,0
person056,45,18,E:\Thesis\Dataset\correct_angle_all\person056\right\45_degree18.png,0,0.19028129,3,0.7152602,45,0,1,1,0
person056,60,2,E:\Thesis\Dataset\correct_angle_all\person056\right\60_degree02.png,0,0.066805325,3,0.9940098,60,0,1,1,0
person056,60,9,E:\Thesis\Dataset\correct_angle_all\person056\right\60_degree09.png,0,0.15090044,3,0.8951629,60,0,1,1,0
person056,60,14,E:\Thesis\Dataset\correct_angle_all\person056\right\60_degree14.png,0,0.21565084,3,0.9344172,60,0,1,1,0
person056,60,18,E:\Thesis\Dataset\correct_angle_all\person056\right\60_degree18.png,0,0.21571612,3,0.9659328,60,0,1,1,0
person056,75,14,E:\Thesis\Dataset\correct_angle_all\person056\right\75_degree14.png,0,0.31121585,3,0.63369536,75,0,1,1,0
person057,-90,18,E:\Thesis\Dataset\correct_angle_all\person057\left\90_degree_18.png,0,0.09698549,3,0.18060417,90,0,1,1,0
person057,-75,9,E:\Thesis\Dataset\correct_angle_all\person057\left\75_degree_09.png,0,0.14462365,3,0.5622103,75,0,1,1,0
person057,-75,14,E:\Thesis\Dataset\correct_angle_all\person057\left\75_degree_14.png,0,0.08316403,3,0.59388924,75,0,1,1,0
person057,-75,18,E:\Thesis\Dataset\correct_angle_all\person057\left\75_degree_18.png,0,0.1054224,3,0.90168124,75,0,1,1,0
person057,-60,2,E:\Thesis\Dataset\correct_angle_all\person057\left\60_degree_02.png,0,0.10081615,3,0.4840391,60,0,1,1,0
person057,-60,9,E:\Thesis\Dataset\correct_angle_all\person057\left\60_degree_09.png,0,0.10124359,3,0.961332,60,0,1,1,0
person057,-60,14,E:\Thesis\Dataset\correct_angle_all\person057\left\60_degree_14.png,0,0.06544044,3,0.99668735,60,0,1,1,0
person057,-60,18,E:\Thesis\Dataset\correct_angle_all\person057\left\60_degree_18.png,0,0.09260809,3,0.99169713,60,0,1,1,0
person057,-45,9,E:\Thesis\Dataset\correct_angle_all\person057\left\45_degree_09.png,0,0.17088626,3,0.39038762,45,0,1,1,0
person057,-45,18,E:\Thesis\Dataset\correct_angle_all\person057\left\45_degree_18.png,0,0.10271522,3,0.7223404,45,0,1,1,0
person057,-30,2,E:\Thesis\Dataset\correct_angle_all\person057\left\30_degree_02.png,0,0.22285491,3,0.9582278,30,0,1,1,0
person057,-30,9,E:\Thesis\Dataset\correct_angle_all\person057\left\30_degree_09.png,0,0.24069965,3,0.60546046,30,0,1,1,0
person057,-30,14,E:\Thesis\Dataset\correct_angle_all\person057\left\30_degree_14.png,0,0.18460874,3,0.9780567,30,0,1,1,0
person057,-30,18,E:\Thesis\Dataset\correct_angle_all\person057\left\30_degree_18.png,0,0.2196424,3,0.9559049,30,0,1,1,0
person057,-15,2,E:\Thesis\Dataset\correct_angle_all\person057\left\15_degree02.png,0,0.057914224,3,0.58255965,15,0,1,1,0
person057,-15,9,E:\Thesis\Dataset\correct_angle_all\person057\left\15_degree09.png,0,0.06551483,3,0.6291763,15,0,1,1,0
person057,-15,14,E:\Thesis\Dataset\correct_angle_all\person057\left\15_degree14.png,0,0.067475714,3,0.5723608,15,0,1,1,0
person057,-15,18,E:\Thesis\Dataset\correct_angle_all\person057\left\15_degree18.png,0,0.06575043,3,0.5583585,15,0,1,1,0
person057,15,2,E:\Thesis\Dataset\correct_angle_all\person057\right\15_degree02.png,0,0.12383809,3,0.730606,15,0,1,1,0
person057,15,9,E:\Thesis\Dataset\correct_angle_all\person057\right\15_degree09.png,0,0.14807312,3,0.4257349,15,0,1,1,0
person057,15,14,E:\Thesis\Dataset\correct_angle_all\person057\right\15_degree14.png,0,0.23727703,3,0.62054104,15,0,1,1,0
person057,15,18,E:\Thesis\Dataset\correct_angle_all\person057\right\15_degree18.png,0,0.23811287,3,0.67468673,15,0,1,1,0
person057,30,2,E:\Thesis\Dataset\correct_angle_all\person057\right\30_degree02.png,0,0.23158407,3,0.96917534,30,0,1,1,0
person057,30,9,E:\Thesis\Dataset\correct_angle_all\person057\right\30_degree09.png,0,0.20996599,3,0.94355017,30,0,1,1,0
person057,30,14,E:\Thesis\Dataset\correct_angle_all\person057\right\30_degree14.png,0,0.16193025,3,0.9647546,30,0,1,1,0
person057,30,18,E:\Thesis\Dataset\correct_angle_all\person057\right\30_degree18.png,0,0.2275029,3,0.9612116,30,0,1,1,0
person057,45,2,E:\Thesis\Dataset\correct_angle_all\person057\right\45_degree02.png,0,0.20841229,3,0.6726413,45,0,1,1,0
person057,45,9,E:\Thesis\Dataset\correct_angle_all\person057\right\45_degree09.png,0,0.31464788,3,0.85732514,45,0,1,1,0
person057,45,14,E:\Thesis\Dataset\correct_angle_all\person057\right\45_degree14.png,0,0.24500018,3,0.5747072,45,0,1,1,0
person057,45,18,E:\Thesis\Dataset\correct_angle_all\person057\right\45_degree18.png,0,0.26970002,3,0.71577597,45,0,1,1,0
person057,60,2,E:\Thesis\Dataset\correct_angle_all\person057\right\60_degree02.png,0,0.11399609,3,0.8153753,60,0,1,1,0
person057,60,9,E:\Thesis\Dataset\correct_angle_all\person057\right\60_degree09.png,0,0.14455856,3,0.992187,60,0,1,1,0
person057,60,14,E:\Thesis\Dataset\correct_angle_all\person057\right\60_degree14.png,0,0.10227779,3,0.69020367,60,0,1,1,0
person057,60,18,E:\Thesis\Dataset\correct_angle_all\person057\right\60_degree18.png,0,0.11537292,3,0.96959114,60,0,1,1,0
person057,75,9,E:\Thesis\Dataset\correct_angle_all\person057\right\75_degree09.png,0,0.14306228,3,0.87037706,75,0,1,1,0
person057,75,18,E:\Thesis\Dataset\correct_angle_all\person057\right\75_degree18.png,0,0.14276926,3,0.63335854,75,0,1,1,0
person057,90,9,E:\Thesis\Dataset\correct_angle_all\person057\right\90_degree09.png,0,0.13078004,3,0.5121087,90,0,1,1,0
person057,90,18,E:\Thesis\Dataset\correct_angle_all\person057\right\90_degree18.png,0,0.14953186,3,0.4121631,90,0,1,1,0
person058,-90,2,E:\Thesis\Dataset\correct_angle_all\person058\left\90_degree_02.png,0,0.07455223,3,0.498587,90,0,1,1,0
person058,-75,2,E:\Thesis\Dataset\correct_angle_all\person058\left\75_degree_02.png,0,0.17632557,3,0.7866079,75,0,1,1,0
person058,-75,9,E:\Thesis\Dataset\correct_angle_all\person058\left\75_degree_09.png,0,0.12393665,3,0.53047293,75,0,1,1,0
person058,-75,18,E:\Thesis\Dataset\correct_angle_all\person058\left\75_degree_18.png,0,0.1277963,3,0.84335184,75,0,1,1,0
person058,60,2,E:\Thesis\Dataset\correct_angle_all\person058\right\60_degree02.png,0,0.11735278,3,0.8777218,60,0,1,1,0
person059,-90,2,E:\Thesis\Dataset\correct_angle_all\person059\left\90_degree_02.png,0,0.26040077,3,0.7270444,90,0,1,1,0
person059,-90,9,E:\Thesis\Dataset\correct_angle_all\person059\left\90_degree_09.png,0,0.17743795,3,0.7492111,90,0,1,1,0
person059,-90,14,E:\Thesis\Dataset\correct_angle_all\person059\left\90_degree_14.png,0,0.22598058,3,0.74842995,90,0,1,1,0
person059,-90,18,E:\Thesis\Dataset\correct_angle_all\person059\left\90_degree_18.png,0,0.19187945,3,0.77778405,90,0,1,1,0
person059,-75,2,E:\Thesis\Dataset\correct_angle_all\person059\left\75_degree_02.png,0,0.26649326,3,0.8038721,75,0,1,1,0
person059,-75,9,E:\Thesis\Dataset\correct_angle_all\person059\left\75_degree_09.png,0,0.18772912,3,0.9699462,75,0,1,1,0
person059,-75,18,E:\Thesis\Dataset\correct_angle_all\person059\left\75_degree_18.png,0,0.19575785,3,0.9663965,75,0,1,1,0
person059,-60,2,E:\Thesis\Dataset\correct_angle_all\person059\left\60_degree_02.png,0,0.078219615,3,0.8606312,60,0,1,1,0
person059,-60,9,E:\Thesis\Dataset\correct_angle_all\person059\left\60_degree_09.png,0,0.06536545,3,0.99324733,60,0,1,1,0
person059,-60,14,E:\Thesis\Dataset\correct_angle_all\person059\left\60_degree_14.png,0,0.07104542,3,0.99768966,60,0,1,1,0
person059,-60,18,E:\Thesis\Dataset\correct_angle_all\person059\left\60_degree_18.png,0,0.076898284,3,0.9898698,60,0,1,1,0
person059,-45,14,E:\Thesis\Dataset\correct_angle_all\person059\left\45_degree_14.png,0,0.17305093,3,0.9679983,45,0,1,1,0
person059,-30,2,E:\Thesis\Dataset\correct_angle_all\person059\left\30_degree_02.png,0,0.14164388,3,0.93943405,30,0,1,1,0
person059,-30,9,E:\Thesis\Dataset\correct_angle_all\person059\left\30_degree_09.png,0,0.15545237,3,0.9832203,30,0,1,1,0
person059,-30,14,E:\Thesis\Dataset\correct_angle_all\person059\left\30_degree_14.png,0,0.09580786,3,0.9890279,30,0,1,1,0
person059,-30,18,E:\Thesis\Dataset\correct_angle_all\person059\left\30_degree_18.png,0,0.16421527,3,0.9870717,30,0,1,1,0
person059,-15,2,E:\Thesis\Dataset\correct_angle_all\person059\left\15_degree02.png,0,0.20800783,3,0.93280655,15,0,1,1,0
person059,-15,14,E:\Thesis\Dataset\correct_angle_all\person059\left\15_degree14.png,0,0.18765761,3,0.9579627,15,0,1,1,0
person059,15,2,E:\Thesis\Dataset\correct_angle_all\person059\right\15_degree02.png,0,0.18899012,3,0.98422176,15,0,1,1,0
person059,15,14,E:\Thesis\Dataset\correct_angle_all\person059\right\15_degree14.png,0,0.21895905,3,0.97692376,15,0,1,1,0
person059,15,18,E:\Thesis\Dataset\correct_angle_all\person059\right\15_degree18.png,0,0.16175073,3,0.98622817,15,0,1,1,0
person059,30,2,E:\Thesis\Dataset\correct_angle_all\person059\right\30_degree02.png,0,0.23850946,3,0.99488944,30,0,1,1,0
person059,30,9,E:\Thesis\Dataset\correct_angle_all\person059\right\30_degree09.png,0,0.34043944,3,0.99665093,30,0,1,1,0
person059,30,14,E:\Thesis\Dataset\correct_angle_all\person059\right\30_degree14.png,0,0.23081468,3,0.96149445,30,0,1,1,0
person059,30,18,E:\Thesis\Dataset\correct_angle_all\person059\right\30_degree18.png,0,0.26548544,3,0.9929545,30,0,1,1,0
person059,45,2,E:\Thesis\Dataset\correct_angle_all\person059\right\45_degree02.png,0,0.23596783,3,0.73194355,45,0,1,1,0
person059,45,18,E:\Thesis\Dataset\correct_angle_all\person059\right\45_degree18.png,0,0.39135766,3,0.5744471,45,0,1,1,0
person059,60,2,E:\Thesis\Dataset\correct_angle_all\person059\right\60_degree02.png,0,0.10237131,3,0.9939916,60,0,1,1,0
person059,60,9,E:\Thesis\Dataset\correct_angle_all\person059\right\60_degree09.png,0,0.23896278,3,0.85030824,60,0,1,1,0
person059,60,14,E:\Thesis\Dataset\correct_angle_all\person059\right\60_degree14.png,0,0.15051974,3,0.5558724,60,0,1,1,0
person059,60,18,E:\Thesis\Dataset\correct_angle_all\person059\right\60_degree18.png,0,0.2339202,3,0.97572917,60,0,1,1,0
person059,75,9,E:\Thesis\Dataset\correct_angle_all\person059\right\75_degree09.png,0,0.15565209,3,0.63286984,75,0,1,1,0
person059,75,14,E:\Thesis\Dataset\correct_angle_all\person059\right\75_degree14.png,0,0.11619318,3,0.6782196,75,0,1,1,0
person059,75,18,E:\Thesis\Dataset\correct_angle_all\person059\right\75_degree18.png,0,0.19499403,3,0.8708754,75,0,1,1,0
person059,90,2,E:\Thesis\Dataset\correct_angle_all\person059\right\90_degree02.png,0,0.09706328,3,0.8628452,90,0,1,1,0
person059,90,14,E:\Thesis\Dataset\correct_angle_all\person059\right\90_degree14.png,0,0.1216666,3,0.36408266,90,0,1,1,0
person059,90,18,E:\Thesis\Dataset\correct_angle_all\person059\right\90_degree18.png,0,0.14450222,3,0.7195713,90,0,1,1,0
person060,-75,2,E:\Thesis\Dataset\correct_angle_all\person060\left\75_degree_02.png,0,0.2556132,3,0.76026773,75,0,1,1,0
person060,-75,9,E:\Thesis\Dataset\correct_angle_all\person060\left\75_degree_09.png,0,0.2543435,3,0.38300776,75,0,1,1,0
person060,-75,18,E:\Thesis\Dataset\correct_angle_all\person060\left\75_degree_18.png,0,0.30408895,3,0.672945,75,0,1,1,0
person060,-60,2,E:\Thesis\Dataset\correct_angle_all\person060\left\60_degree_02.png,0,0.21249127,3,0.9867978,60,0,1,1,0
person060,-60,9,E:\Thesis\Dataset\correct_angle_all\person060\left\60_degree_09.png,0,0.30813444,3,0.945539,60,0,1,1,0
person060,-60,14,E:\Thesis\Dataset\correct_angle_all\person060\left\60_degree_14.png,0,0.19068988,3,0.9878556,60,0,1,1,0
person060,-60,18,E:\Thesis\Dataset\correct_angle_all\person060\left\60_degree_18.png,0,0.26105097,3,0.99498194,60,0,1,1,0
person060,-45,2,E:\Thesis\Dataset\correct_angle_all\person060\left\45_degree_02.png,0,0.19802886,3,0.75581074,45,0,1,1,0
person060,-45,9,E:\Thesis\Dataset\correct_angle_all\person060\left\45_degree_09.png,0,0.20642816,3,0.9508297,45,0,1,1,0
person060,-45,14,E:\Thesis\Dataset\correct_angle_all\person060\left\45_degree_14.png,0,0.2562084,3,0.729409,45,0,1,1,0
person060,-45,18,E:\Thesis\Dataset\correct_angle_all\person060\left\45_degree_18.png,0,0.2093107,3,0.8389218,45,0,1,1,0
person060,-30,2,E:\Thesis\Dataset\correct_angle_all\person060\left\30_degree_02.png,0,0.26292136,3,0.94009715,30,0,1,1,0
person060,-30,9,E:\Thesis\Dataset\correct_angle_all\person060\left\30_degree_09.png,0,0.17698759,3,0.998564,30,0,1,1,0
person060,-30,14,E:\Thesis\Dataset\correct_angle_all\person060\left\30_degree_14.png,0,0.23645826,3,0.9765782,30,0,1,1,0
person060,-30,18,E:\Thesis\Dataset\correct_angle_all\person060\left\30_degree_18.png,0,0.23228057,3,0.9945426,30,0,1,1,0
person060,-15,2,E:\Thesis\Dataset\correct_angle_all\person060\left\15_degree02.png,0,0.06778681,3,0.9035612,15,0,1,1,0
person060,15,2,E:\Thesis\Dataset\correct_angle_all\person060\right\15_degree02.png,0,0.09773224,3,0.68176657,15,0,1,1,0
person060,15,14,E:\Thesis\Dataset\correct_angle_all\person060\right\15_degree14.png,0,0.12051455,3,0.90505725,15,0,1,1,0
person060,15,18,E:\Thesis\Dataset\correct_angle_all\person060\right\15_degree18.png,0,0.15135567,3,0.86089545,15,0,1,1,0
person060,45,2,E:\Thesis\Dataset\correct_angle_all\person060\right\45_degree02.png,0,0.1131471,3,0.642254,45,0,1,1,0
person060,45,9,E:\Thesis\Dataset\correct_angle_all\person060\right\45_degree09.png,0,0.21580845,3,0.64970106,45,0,1,1,0
person060,45,14,E:\Thesis\Dataset\correct_angle_all\person060\right\45_degree14.png,0,0.10567424,3,0.5454951,45,0,1,1,0
person060,60,2,E:\Thesis\Dataset\correct_angle_all\person060\right\60_degree02.png,0,0.06560176,3,0.8133054,60,0,1,1,0
person060,75,9,E:\Thesis\Dataset\correct_angle_all\person060\right\75_degree09.png,0,0.11893482,3,0.6496157,75,0,1,1,0
person060,75,14,E:\Thesis\Dataset\correct_angle_all\person060\right\75_degree14.png,0,0.085328646,3,0.36224532,75,0,1,1,0
person060,75,18,E:\Thesis\Dataset\correct_angle_all\person060\right\75_degree18.png,0,0.07797214,3,0.7138824,75,0,1,1,0
person060,90,9,E:\Thesis\Dataset\correct_angle_all\person060\right\90_degree09.png,0,0.087158225,3,0.92924863,90,0,1,1,0
person060,90,14,E:\Thesis\Dataset\correct_angle_all\person060\right\90_degree14.png,0,0.086555146,3,0.74268264,90,0,1,1,0
person060,90,18,E:\Thesis\Dataset\correct_angle_all\person060\right\90_degree18.png,0,0.06813764,3,0.8177021,90,0,1,1,0
person061,-90,18,E:\Thesis\Dataset\correct_angle_all\person061\left\90_degree_18.png,0,0.123027764,3,0.52595043,90,0,1,1,0
person061,-75,2,E:\Thesis\Dataset\correct_angle_all\person061\left\75_degree_02.png,0,0.14735283,3,0.5739887,75,0,1,1,0
person061,-75,9,E:\Thesis\Dataset\correct_angle_all\person061\left\75_degree_09.png,0,0.1353937,3,0.73889095,75,0,1,1,0
person061,-75,18,E:\Thesis\Dataset\correct_angle_all\person061\left\75_degree_18.png,0,0.14403245,3,0.9292467,75,0,1,1,0
person061,-60,2,E:\Thesis\Dataset\correct_angle_all\person061\left\60_degree_02.png,0,0.14951938,3,0.90717214,60,0,1,1,0
person061,-60,9,E:\Thesis\Dataset\correct_angle_all\person061\left\60_degree_09.png,0,0.11821827,3,0.9611115,60,0,1,1,0
person061,-60,14,E:\Thesis\Dataset\correct_angle_all\person061\left\60_degree_14.png,0,0.1041177,3,0.99088526,60,0,1,1,0
person061,-60,18,E:\Thesis\Dataset\correct_angle_all\person061\left\60_degree_18.png,0,0.1230546,3,0.995217,60,0,1,1,0
person061,-45,2,E:\Thesis\Dataset\correct_angle_all\person061\left\45_degree_02.png,0,0.08127805,3,0.7555496,45,0,1,1,0
person061,-45,14,E:\Thesis\Dataset\correct_angle_all\person061\left\45_degree_14.png,0,0.1052283,3,0.84104156,45,0,1,1,0
person061,-45,18,E:\Thesis\Dataset\correct_angle_all\person061\left\45_degree_18.png,0,0.09364763,3,0.8409888,45,0,1,1,0
person061,45,2,E:\Thesis\Dataset\correct_angle_all\person061\right\45_degree02.png,0,0.3115689,3,0.7275889,45,0,1,1,0
person061,45,9,E:\Thesis\Dataset\correct_angle_all\person061\right\45_degree09.png,0,0.234335,3,0.71896774,45,0,1,1,0
person061,45,14,E:\Thesis\Dataset\correct_angle_all\person061\right\45_degree14.png,0,0.27085224,3,0.57935834,45,0,1,1,0
person061,45,18,E:\Thesis\Dataset\correct_angle_all\person061\right\45_degree18.png,0,0.21650879,3,0.63975614,45,0,1,1,0
person061,60,2,E:\Thesis\Dataset\correct_angle_all\person061\right\60_degree02.png,0,0.55922955,3,0.9933179,60,0,1,1,0
person061,60,9,E:\Thesis\Dataset\correct_angle_all\person061\right\60_degree09.png,0,0.37679282,3,0.96850204,60,0,1,1,0
person061,60,14,E:\Thesis\Dataset\correct_angle_all\person061\right\60_degree14.png,0,0.48400128,3,0.70491666,60,0,1,1,0
person061,60,18,E:\Thesis\Dataset\correct_angle_all\person061\right\60_degree18.png,0,0.37651572,3,0.9531684,60,0,1,1,0
person061,75,9,E:\Thesis\Dataset\correct_angle_all\person061\right\75_degree09.png,0,0.4026309,3,0.4293778,75,0,1,1,0
person061,75,18,E:\Thesis\Dataset\correct_angle_all\person061\right\75_degree18.png,0,0.41346678,3,0.4398032,75,0,1,1,0
person061,90,2,E:\Thesis\Dataset\correct_angle_all\person061\right\90_degree02.png,0,0.41034666,3,0.5040656,90,0,1,1,0
person061,90,18,E:\Thesis\Dataset\correct_angle_all\person061\right\90_degree18.png,0,0.36415187,3,0.24640381,90,0,1,1,0
person062,-60,2,E:\Thesis\Dataset\correct_angle_all\person062\left\60_degree_02.png,0,0.24814291,3,0.8712664,60,0,1,1,0
person062,-60,9,E:\Thesis\Dataset\correct_angle_all\person062\left\60_degree_09.png,0,0.22255234,3,0.94065696,60,0,1,1,0
person062,-45,2,E:\Thesis\Dataset\correct_angle_all\person062\left\45_degree_02.png,0,0.43636504,3,0.9450179,45,0,1,1,0
person062,-45,9,E:\Thesis\Dataset\correct_angle_all\person062\left\45_degree_09.png,0,0.42612204,3,0.97569424,45,0,1,1,0
person062,-45,14,E:\Thesis\Dataset\correct_angle_all\person062\left\45_degree_14.png,0,0.4446731,3,0.8814011,45,0,1,1,0
person062,-30,2,E:\Thesis\Dataset\correct_angle_all\person062\left\30_degree_02.png,0,0.4222132,3,0.98752093,30,0,1,1,0
person062,45,2,E:\Thesis\Dataset\correct_angle_all\person062\right\45_degree02.png,0,0.21491714,3,0.6330858,45,0,1,1,0
person062,45,18,E:\Thesis\Dataset\correct_angle_all\person062\right\45_degree18.png,0,0.21979387,3,0.9483225,45,0,1,1,0
person063,-90,2,E:\Thesis\Dataset\correct_angle_all\person063\left\90_degree_02.png,0,0.14321335,3,0.2298805,90,0,1,1,0
person063,-90,9,E:\Thesis\Dataset\correct_angle_all\person063\left\90_degree_09.png,0,0.109528385,3,0.28242067,90,0,1,1,0
person063,-90,18,E:\Thesis\Dataset\correct_angle_all\person063\left\90_degree_18.png,0,0.08938318,3,0.39690015,90,0,1,1,0
person063,-75,2,E:\Thesis\Dataset\correct_angle_all\person063\left\75_degree_02.png,0,0.15662679,3,0.84970427,75,0,1,1,0
person063,-75,9,E:\Thesis\Dataset\correct_angle_all\person063\left\75_degree_09.png,0,0.1431587,3,0.87455255,75,0,1,1,0
person063,-75,14,E:\Thesis\Dataset\correct_angle_all\person063\left\75_degree_14.png,0,0.09987072,3,0.49295402,75,0,1,1,0
person063,-75,18,E:\Thesis\Dataset\correct_angle_all\person063\left\75_degree_18.png,0,0.18339606,3,0.8656194,75,0,1,1,0
person063,-60,2,E:\Thesis\Dataset\correct_angle_all\person063\left\60_degree_02.png,0,0.16869141,3,0.97843796,60,0,1,1,0
person063,-60,9,E:\Thesis\Dataset\correct_angle_all\person063\left\60_degree_09.png,0,0.11391192,3,0.98197055,60,0,1,1,0
person063,-60,14,E:\Thesis\Dataset\correct_angle_all\person063\left\60_degree_14.png,0,0.10270066,3,0.99719983,60,0,1,1,0
person063,-60,18,E:\Thesis\Dataset\correct_angle_all\person063\left\60_degree_18.png,0,0.18380569,3,0.97492176,60,0,1,1,0
person063,-45,2,E:\Thesis\Dataset\correct_angle_all\person063\left\45_degree_02.png,0,0.17169614,3,0.8244829,45,0,1,1,0
person063,-45,9,E:\Thesis\Dataset\correct_angle_all\person063\left\45_degree_09.png,0,0.13950662,3,0.91893333,45,0,1,1,0
person063,-45,14,E:\Thesis\Dataset\correct_angle_all\person063\left\45_degree_14.png,0,0.10131255,3,0.8944263,45,0,1,1,0
person063,-45,18,E:\Thesis\Dataset\correct_angle_all\person063\left\45_degree_18.png,0,0.1442918,3,0.8240965,45,0,1,1,0
person063,-30,2,E:\Thesis\Dataset\correct_angle_all\person063\left\30_degree_02.png,0,0.2003618,3,0.98054415,30,0,1,1,0
person063,-30,9,E:\Thesis\Dataset\correct_angle_all\person063\left\30_degree_09.png,0,0.2074585,3,0.99059886,30,0,1,1,0
person063,-30,14,E:\Thesis\Dataset\correct_angle_all\person063\left\30_degree_14.png,0,0.18035318,3,0.9870394,30,0,1,1,0
person063,-30,18,E:\Thesis\Dataset\correct_angle_all\person063\left\30_degree_18.png,0,0.27524152,3,0.9963463,30,0,1,1,0
person063,-15,2,E:\Thesis\Dataset\correct_angle_all\person063\left\15_degree02.png,0,0.060714673,3,0.8337552,15,0,1,1,0
person063,-15,14,E:\Thesis\Dataset\correct_angle_all\person063\left\15_degree14.png,0,0.100461744,3,0.8425936,15,0,1,1,0
person063,15,2,E:\Thesis\Dataset\correct_angle_all\person063\right\15_degree02.png,0,0.11131557,3,0.9567041,15,0,1,1,0
person063,15,9,E:\Thesis\Dataset\correct_angle_all\person063\right\15_degree09.png,0,0.17057975,3,0.97137314,15,0,1,1,0
person063,15,14,E:\Thesis\Dataset\correct_angle_all\person063\right\15_degree14.png,0,0.13551651,3,0.92891735,15,0,1,1,0
person063,30,2,E:\Thesis\Dataset\correct_angle_all\person063\right\30_degree02.png,0,0.28474858,3,0.99437326,30,0,1,1,0
person063,30,9,E:\Thesis\Dataset\correct_angle_all\person063\right\30_degree09.png,0,0.26990977,3,0.9980235,30,0,1,1,0
person063,30,14,E:\Thesis\Dataset\correct_angle_all\person063\right\30_degree14.png,0,0.2289198,3,0.9864858,30,0,1,1,0
person063,30,18,E:\Thesis\Dataset\correct_angle_all\person063\right\30_degree18.png,0,0.22957437,3,0.99753577,30,0,1,1,0
person063,45,9,E:\Thesis\Dataset\correct_angle_all\person063\right\45_degree09.png,0,0.41626993,3,0.3557814,45,0,1,1,0
person063,45,14,E:\Thesis\Dataset\correct_angle_all\person063\right\45_degree14.png,0,0.3152546,3,0.5340633,45,0,1,1,0
person063,45,18,E:\Thesis\Dataset\correct_angle_all\person063\right\45_degree18.png,0,0.38879073,3,0.74380904,45,0,1,1,0
person063,60,2,E:\Thesis\Dataset\correct_angle_all\person063\right\60_degree02.png,0,0.07271505,3,0.9687155,60,0,1,1,0
person063,60,9,E:\Thesis\Dataset\correct_angle_all\person063\right\60_degree09.png,0,0.1259616,3,0.99775964,60,0,1,1,0
person063,60,14,E:\Thesis\Dataset\correct_angle_all\person063\right\60_degree14.png,0,0.17674725,3,0.98989135,60,0,1,1,0
person063,60,18,E:\Thesis\Dataset\correct_angle_all\person063\right\60_degree18.png,0,0.106912695,3,0.998009,60,0,1,1,0
person064,-90,2,E:\Thesis\Dataset\correct_angle_all\person064\left\90_degree_02.png,0,0.068048894,3,0.3730093,90,0,1,1,0
person064,-90,9,E:\Thesis\Dataset\correct_angle_all\person064\left\90_degree_09.png,0,0.11218045,3,0.34940338,90,0,1,1,0
person064,-90,14,E:\Thesis\Dataset\correct_angle_all\person064\left\90_degree_14.png,0,0.088953316,3,0.40084258,90,0,1,1,0
person064,-75,2,E:\Thesis\Dataset\correct_angle_all\person064\left\75_degree_02.png,0,0.10908147,3,0.6648318,75,0,1,1,0
person064,-75,9,E:\Thesis\Dataset\correct_angle_all\person064\left\75_degree_09.png,0,0.09740376,3,0.69292635,75,0,1,1,0
person064,-75,18,E:\Thesis\Dataset\correct_angle_all\person064\left\75_degree_18.png,0,0.094181426,3,0.8073328,75,0,1,1,0
person064,-60,2,E:\Thesis\Dataset\correct_angle_all\person064\left\60_degree_02.png,0,0.052762937,3,0.9605829,60,0,1,1,0
person064,-60,9,E:\Thesis\Dataset\correct_angle_all\person064\left\60_degree_09.png,0,0.07315681,3,0.9773477,60,0,1,1,0
person064,-60,14,E:\Thesis\Dataset\correct_angle_all\person064\left\60_degree_14.png,0,0.0724172,3,0.9873014,60,0,1,1,0
person064,-60,18,E:\Thesis\Dataset\correct_angle_all\person064\left\60_degree_18.png,0,0.05580989,3,0.99405605,60,0,1,1,0
person064,-45,2,E:\Thesis\Dataset\correct_angle_all\person064\left\45_degree_02.png,0,0.082468905,3,0.9220132,45,0,1,1,0
person064,-45,9,E:\Thesis\Dataset\correct_angle_all\person064\left\45_degree_09.png,0,0.08257497,3,0.9430402,45,0,1,1,0
person064,-45,14,E:\Thesis\Dataset\correct_angle_all\person064\left\45_degree_14.png,0,0.06911004,3,0.8600846,45,0,1,1,0
person064,-45,18,E:\Thesis\Dataset\correct_angle_all\person064\left\45_degree_18.png,0,0.075779,3,0.9503954,45,0,1,1,0
person064,-30,2,E:\Thesis\Dataset\correct_angle_all\person064\left\30_degree_02.png,0,0.19462378,3,0.987891,30,0,1,1,0
person064,-30,9,E:\Thesis\Dataset\correct_angle_all\person064\left\30_degree_09.png,0,0.20628017,3,0.998828,30,0,1,1,0
person064,-30,14,E:\Thesis\Dataset\correct_angle_all\person064\left\30_degree_14.png,0,0.19864114,3,0.99014777,30,0,1,1,0
person064,-30,18,E:\Thesis\Dataset\correct_angle_all\person064\left\30_degree_18.png,0,0.25344148,3,0.9983277,30,0,1,1,0
person064,-15,2,E:\Thesis\Dataset\correct_angle_all\person064\left\15_degree02.png,0,0.054649636,3,0.49761987,15,0,1,1,0
person064,-15,9,E:\Thesis\Dataset\correct_angle_all\person064\left\15_degree09.png,0,0.080513805,3,0.55041426,15,0,1,1,0
person064,-15,14,E:\Thesis\Dataset\correct_angle_all\person064\left\15_degree14.png,0,0.071540385,3,0.80777603,15,0,1,1,0
person064,-15,18,E:\Thesis\Dataset\correct_angle_all\person064\left\15_degree18.png,0,0.08512422,3,0.67099446,15,0,1,1,0
person064,30,2,E:\Thesis\Dataset\correct_angle_all\person064\right\30_degree02.png,0,0.11500729,3,0.8592585,30,0,1,1,0
person064,45,2,E:\Thesis\Dataset\correct_angle_all\person064\right\45_degree02.png,0,0.24732375,3,0.7595191,45,0,1,1,0
person064,45,9,E:\Thesis\Dataset\correct_angle_all\person064\right\45_degree09.png,0,0.23453347,3,0.8830974,45,0,1,1,0
person064,45,14,E:\Thesis\Dataset\correct_angle_all\person064\right\45_degree14.png,0,0.2717341,3,0.844279,45,0,1,1,0
person064,45,18,E:\Thesis\Dataset\correct_angle_all\person064\right\45_degree18.png,0,0.2904511,3,0.8736434,45,0,1,1,0
person064,60,2,E:\Thesis\Dataset\correct_angle_all\person064\right\60_degree02.png,0,0.28633532,3,0.9571611,60,0,1,1,0
person064,60,9,E:\Thesis\Dataset\correct_angle_all\person064\right\60_degree09.png,0,0.28499565,3,0.9142513,60,0,1,1,0
person064,60,14,E:\Thesis\Dataset\correct_angle_all\person064\right\60_degree14.png,0,0.21424681,3,0.92118937,60,0,1,1,0
person064,60,18,E:\Thesis\Dataset\correct_angle_all\person064\right\60_degree18.png,0,0.2887478,3,0.9739043,60,0,1,1,0
person064,75,9,E:\Thesis\Dataset\correct_angle_all\person064\right\75_degree09.png,0,0.24234839,3,0.7898858,75,0,1,1,0
person064,75,14,E:\Thesis\Dataset\correct_angle_all\person064\right\75_degree14.png,0,0.20662187,3,0.608809,75,0,1,1,0
person064,75,18,E:\Thesis\Dataset\correct_angle_all\person064\right\75_degree18.png,0,0.19515169,3,0.7606941,75,0,1,1,0
person065,-75,2,E:\Thesis\Dataset\correct_angle_all\person065\left\75_degree_02.png,0,0.13531993,3,0.5260926,75,0,1,1,0
person065,-75,9,E:\Thesis\Dataset\correct_angle_all\person065\left\75_degree_09.png,0,0.1285733,3,0.6190619,75,0,1,1,0
person065,-60,2,E:\Thesis\Dataset\correct_angle_all\person065\left\60_degree_02.png,0,0.15030055,3,0.9714019,60,0,1,1,0
person065,-60,9,E:\Thesis\Dataset\correct_angle_all\person065\left\60_degree_09.png,0,0.16725384,3,0.97802037,60,0,1,1,0
person065,-60,14,E:\Thesis\Dataset\correct_angle_all\person065\left\60_degree_14.png,0,0.1512021,3,0.7134586,60,0,1,1,0
person065,-60,18,E:\Thesis\Dataset\correct_angle_all\person065\left\60_degree_18.png,0,0.18293302,3,0.78540516,60,0,1,1,0
person065,-45,2,E:\Thesis\Dataset\correct_angle_all\person065\left\45_degree_02.png,0,0.16415669,3,0.96203774,45,0,1,1,0
person065,-45,9,E:\Thesis\Dataset\correct_angle_all\person065\left\45_degree_09.png,0,0.16127586,3,0.8890875,45,0,1,1,0
person065,-45,14,E:\Thesis\Dataset\correct_angle_all\person065\left\45_degree_14.png,0,0.20393799,3,0.65658253,45,0,1,1,0
person065,-45,18,E:\Thesis\Dataset\correct_angle_all\person065\left\45_degree_18.png,0,0.1805522,3,0.81635123,45,0,1,1,0
person065,-30,2,E:\Thesis\Dataset\correct_angle_all\person065\left\30_degree_02.png,0,0.23286523,3,0.9939402,30,0,1,1,0
person065,-30,9,E:\Thesis\Dataset\correct_angle_all\person065\left\30_degree_09.png,0,0.21387732,3,0.93780166,30,0,1,1,0
person065,-30,14,E:\Thesis\Dataset\correct_angle_all\person065\left\30_degree_14.png,0,0.21266055,3,0.8476785,30,0,1,1,0
person065,-30,18,E:\Thesis\Dataset\correct_angle_all\person065\left\30_degree_18.png,0,0.20557351,3,0.9547715,30,0,1,1,0
person065,-15,2,E:\Thesis\Dataset\correct_angle_all\person065\left\15_degree02.png,0,0.08441788,3,0.7278516,15,0,1,1,0
person065,-15,9,E:\Thesis\Dataset\correct_angle_all\person065\left\15_degree09.png,0,0.07986111,3,0.5947345,15,0,1,1,0
person065,-15,14,E:\Thesis\Dataset\correct_angle_all\person065\left\15_degree14.png,0,0.09217397,3,0.65304184,15,0,1,1,0
person065,30,2,E:\Thesis\Dataset\correct_angle_all\person065\right\30_degree02.png,0,0.12447545,3,0.9568506,30,0,1,1,0
person065,30,9,E:\Thesis\Dataset\correct_angle_all\person065\right\30_degree09.png,0,0.14745624,3,0.9985101,30,0,1,1,0
person065,30,14,E:\Thesis\Dataset\correct_angle_all\person065\right\30_degree14.png,0,0.14445387,3,0.9864676,30,0,1,1,0
person065,30,18,E:\Thesis\Dataset\correct_angle_all\person065\right\30_degree18.png,0,0.12811182,3,0.9909024,30,0,1,1,0
person065,45,2,E:\Thesis\Dataset\correct_angle_all\person065\right\45_degree02.png,0,0.15069164,3,0.7558904,45,0,1,1,0
person065,45,9,E:\Thesis\Dataset\correct_angle_all\person065\right\45_degree09.png,0,0.103488825,3,0.959425,45,0,1,1,0
person065,45,14,E:\Thesis\Dataset\correct_angle_all\person065\right\45_degree14.png,0,0.081958584,3,0.90204716,45,0,1,1,0
person065,45,18,E:\Thesis\Dataset\correct_angle_all\person065\right\45_degree18.png,0,0.090164624,3,0.97076416,45,0,1,1,0
person065,60,2,E:\Thesis\Dataset\correct_angle_all\person065\right\60_degree02.png,0,0.112508036,3,0.9878599,60,0,1,1,0
person065,60,14,E:\Thesis\Dataset\correct_angle_all\person065\right\60_degree14.png,0,0.108008556,3,0.9975603,60,0,1,1,0
person065,75,18,E:\Thesis\Dataset\correct_angle_all\person065\right\75_degree18.png,0,0.10646353,3,0.96432537,75,0,1,1,0
person065,90,18,E:\Thesis\Dataset\correct_angle_all\person065\right\90_degree18.png,0,0.07093056,3,0.34794602,90,0,1,1,0
person066,-75,9,E:\Thesis\Dataset\correct_angle_all\person066\left\75_degree_09.png,0,0.13628487,3,0.3025405,75,0,1,1,0
person066,-75,18,E:\Thesis\Dataset\correct_angle_all\person066\left\75_degree_18.png,0,0.16551606,3,0.44045684,75,0,1,1,0
person066,-60,2,E:\Thesis\Dataset\correct_angle_all\person066\left\60_degree_02.png,0,0.15071927,3,0.99269795,60,0,1,1,0
person066,-60,9,E:\Thesis\Dataset\correct_angle_all\person066\left\60_degree_09.png,0,0.086019844,3,0.9829318,60,0,1,1,0
person066,-60,14,E:\Thesis\Dataset\correct_angle_all\person066\left\60_degree_14.png,0,0.10962122,3,0.96208483,60,0,1,1,0
person066,-60,18,E:\Thesis\Dataset\correct_angle_all\person066\left\60_degree_18.png,0,0.091875635,3,0.99389094,60,0,1,1,0
person066,-45,2,E:\Thesis\Dataset\correct_angle_all\person066\left\45_degree_02.png,0,0.12479075,3,0.9628975,45,0,1,1,0
person066,-45,9,E:\Thesis\Dataset\correct_angle_all\person066\left\45_degree_09.png,0,0.13943647,3,0.95155054,45,0,1,1,0
person066,-45,14,E:\Thesis\Dataset\correct_angle_all\person066\left\45_degree_14.png,0,0.12736504,3,0.9671425,45,0,1,1,0
person066,-45,18,E:\Thesis\Dataset\correct_angle_all\person066\left\45_degree_18.png,0,0.13060008,3,0.9752586,45,0,1,1,0
person066,45,2,E:\Thesis\Dataset\correct_angle_all\person066\right\45_degree02.png,0,0.35980034,3,0.8276012,45,0,1,1,0
person066,45,9,E:\Thesis\Dataset\correct_angle_all\person066\right\45_degree09.png,0,0.18859117,3,0.8314199,45,0,1,1,0
person066,45,14,E:\Thesis\Dataset\correct_angle_all\person066\right\45_degree14.png,0,0.3164036,3,0.9243167,45,0,1,1,0
person066,45,18,E:\Thesis\Dataset\correct_angle_all\person066\right\45_degree18.png,0,0.21808158,3,0.9048278,45,0,1,1,0
person066,60,2,E:\Thesis\Dataset\correct_angle_all\person066\right\60_degree02.png,0,0.32839426,3,0.8799245,60,0,1,1,0
person066,60,9,E:\Thesis\Dataset\correct_angle_all\person066\right\60_degree09.png,0,0.25987905,3,0.9795203,60,0,1,1,0
person066,60,14,E:\Thesis\Dataset\correct_angle_all\person066\right\60_degree14.png,0,0.22352834,3,0.864279,60,0,1,1,0
person066,60,18,E:\Thesis\Dataset\correct_angle_all\person066\right\60_degree18.png,0,0.20578338,3,0.9878332,60,0,1,1,0
person066,75,9,E:\Thesis\Dataset\correct_angle_all\person066\right\75_degree09.png,0,0.3261046,3,0.4866664,75,0,1,1,0
person066,75,14,E:\Thesis\Dataset\correct_angle_all\person066\right\75_degree14.png,0,0.23758493,3,0.25307307,75,0,1,1,0
person066,75,18,E:\Thesis\Dataset\correct_angle_all\person066\right\75_degree18.png,0,0.2260121,3,0.45309898,75,0,1,1,0
person067,-60,2,E:\Thesis\Dataset\correct_angle_all\person067\left\60_degree_02.png,0,0.10920275,3,0.60008574,60,0,1,1,0
person067,-60,9,E:\Thesis\Dataset\correct_angle_all\person067\left\60_degree_09.png,0,0.12330287,3,0.97210836,60,0,1,1,0
person067,-60,14,E:\Thesis\Dataset\correct_angle_all\person067\left\60_degree_14.png,0,0.13587876,3,0.9814351,60,0,1,1,0
person067,-60,18,E:\Thesis\Dataset\correct_angle_all\person067\left\60_degree_18.png,0,0.1213638,3,0.9926676,60,0,1,1,0
person067,-45,2,E:\Thesis\Dataset\correct_angle_all\person067\left\45_degree_02.png,0,0.20366774,3,0.6357278,45,0,1,1,0
person067,-45,9,E:\Thesis\Dataset\correct_angle_all\person067\left\45_degree_09.png,0,0.23860289,3,0.834266,45,0,1,1,0
person067,-45,14,E:\Thesis\Dataset\correct_angle_all\person067\left\45_degree_14.png,0,0.15631561,3,0.8125666,45,0,1,1,0
person067,-45,18,E:\Thesis\Dataset\correct_angle_all\person067\left\45_degree_18.png,0,0.23237902,3,0.8354275,45,0,1,1,0
person067,-30,2,E:\Thesis\Dataset\correct_angle_all\person067\left\30_degree_02.png,0,0.25928244,3,0.6994347,30,0,1,1,0
person067,-30,9,E:\Thesis\Dataset\correct_angle_all\person067\left\30_degree_09.png,0,0.1820123,3,0.99774104,30,0,1,1,0
person067,-30,14,E:\Thesis\Dataset\correct_angle_all\person067\left\30_degree_14.png,0,0.18298127,3,0.99425703,30,0,1,1,0
person067,-30,18,E:\Thesis\Dataset\correct_angle_all\person067\left\30_degree_18.png,0,0.2226042,3,0.9661813,30,0,1,1,0
person067,15,9,E:\Thesis\Dataset\correct_angle_all\person067\right\15_degree09.png,0,0.20602821,3,0.68711185,15,0,1,1,0
person067,15,14,E:\Thesis\Dataset\correct_angle_all\person067\right\15_degree14.png,0,0.18290175,3,0.44903567,15,0,1,1,0
person067,30,2,E:\Thesis\Dataset\correct_angle_all\person067\right\30_degree02.png,0,0.21903493,3,0.9445786,30,0,1,1,0
person067,30,9,E:\Thesis\Dataset\correct_angle_all\person067\right\30_degree09.png,0,0.33109698,3,0.9920574,30,0,1,1,0
person067,30,14,E:\Thesis\Dataset\correct_angle_all\person067\right\30_degree14.png,0,0.28666627,3,0.9665111,30,0,1,1,0
person067,30,18,E:\Thesis\Dataset\correct_angle_all\person067\right\30_degree18.png,0,0.35012877,3,0.95684093,30,0,1,1,0
person067,45,2,E:\Thesis\Dataset\correct_angle_all\person067\right\45_degree02.png,0,0.3509148,3,0.70379853,45,0,1,1,0
person067,45,9,E:\Thesis\Dataset\correct_angle_all\person067\right\45_degree09.png,0,0.42971382,3,0.6988328,45,0,1,1,0
person067,45,14,E:\Thesis\Dataset\correct_angle_all\person067\right\45_degree14.png,0,0.3476529,3,0.7244396,45,0,1,1,0
person067,45,18,E:\Thesis\Dataset\correct_angle_all\person067\right\45_degree18.png,0,0.44574857,3,0.7953188,45,0,1,1,0
person067,60,2,E:\Thesis\Dataset\correct_angle_all\person067\right\60_degree02.png,0,0.08501673,3,0.71320796,60,0,1,1,0
person067,60,9,E:\Thesis\Dataset\correct_angle_all\person067\right\60_degree09.png,0,0.111269824,3,0.98099345,60,0,1,1,0
person067,60,14,E:\Thesis\Dataset\correct_angle_all\person067\right\60_degree14.png,0,0.13968639,3,0.5814786,60,0,1,1,0
person067,60,18,E:\Thesis\Dataset\correct_angle_all\person067\right\60_degree18.png,0,0.12598978,3,0.9836069,60,0,1,1,0
person067,75,18,E:\Thesis\Dataset\correct_angle_all\person067\right\75_degree18.png,0,0.16120209,3,0.59184843,75,0,1,1,0
person068,-90,2,E:\Thesis\Dataset\correct_angle_all\person068\left\90_degree_02.png,0,0.13396834,3,0.47305015,90,0,1,1,0
person068,-90,9,E:\Thesis\Dataset\correct_angle_all\person068\left\90_degree_09.png,0,0.19473453,3,0.4907783,90,0,1,1,0
person068,-90,18,E:\Thesis\Dataset\correct_angle_all\person068\left\90_degree_18.png,0,0.13490123,3,0.75337,90,0,1,1,0
person068,-75,2,E:\Thesis\Dataset\correct_angle_all\person068\left\75_degree_02.png,0,0.18018454,3,0.9178353,75,0,1,1,0
person068,-75,9,E:\Thesis\Dataset\correct_angle_all\person068\left\75_degree_09.png,0,0.21721418,3,0.80465525,75,0,1,1,0
person068,-75,18,E:\Thesis\Dataset\correct_angle_all\person068\left\75_degree_18.png,0,0.16806269,3,0.94510126,75,0,1,1,0
person068,-60,2,E:\Thesis\Dataset\correct_angle_all\person068\left\60_degree_02.png,0,0.22511809,3,0.98981786,60,0,1,1,0
person068,-60,9,E:\Thesis\Dataset\correct_angle_all\person068\left\60_degree_09.png,0,0.36999238,3,0.95590574,60,0,1,1,0
person068,-60,14,E:\Thesis\Dataset\correct_angle_all\person068\left\60_degree_14.png,0,0.12426891,3,0.99759674,60,0,1,1,0
person068,-60,18,E:\Thesis\Dataset\correct_angle_all\person068\left\60_degree_18.png,0,0.1852219,3,0.9925453,60,0,1,1,0
person068,-45,2,E:\Thesis\Dataset\correct_angle_all\person068\left\45_degree_02.png,0,0.1936792,3,0.80983096,45,0,1,1,0
person068,-45,9,E:\Thesis\Dataset\correct_angle_all\person068\left\45_degree_09.png,0,0.25973505,3,0.5106078,45,0,1,1,0
person068,-45,14,E:\Thesis\Dataset\correct_angle_all\person068\left\45_degree_14.png,0,0.17287289,3,0.83171463,45,0,1,1,0
person068,-45,18,E:\Thesis\Dataset\correct_angle_all\person068\left\45_degree_18.png,0,0.20752507,3,0.7755149,45,0,1,1,0
person068,-30,2,E:\Thesis\Dataset\correct_angle_all\person068\left\30_degree_02.png,0,0.2523844,3,0.929321,30,0,1,1,0
person068,-30,9,E:\Thesis\Dataset\correct_angle_all\person068\left\30_degree_09.png,0,0.13923772,3,0.95534676,30,0,1,1,0
person068,-30,14,E:\Thesis\Dataset\correct_angle_all\person068\left\30_degree_14.png,0,0.114769675,3,0.9837244,30,0,1,1,0
person068,-30,18,E:\Thesis\Dataset\correct_angle_all\person068\left\30_degree_18.png,0,0.1409071,3,0.9751803,30,0,1,1,0
person068,30,9,E:\Thesis\Dataset\correct_angle_all\person068\right\30_degree09.png,0,0.2350835,3,0.99278384,30,0,1,1,0
person068,30,18,E:\Thesis\Dataset\correct_angle_all\person068\right\30_degree18.png,0,0.19544642,3,0.98298544,30,0,1,1,0
person068,45,9,E:\Thesis\Dataset\correct_angle_all\person068\right\45_degree09.png,0,0.29189572,3,0.81216645,45,0,1,1,0
person068,60,14,E:\Thesis\Dataset\correct_angle_all\person068\right\60_degree14.png,0,0.15590973,3,0.8619848,60,0,1,1,0
person068,60,18,E:\Thesis\Dataset\correct_angle_all\person068\right\60_degree18.png,0,0.12476063,3,0.983201,60,0,1,1,0
person068,75,9,E:\Thesis\Dataset\correct_angle_all\person068\right\75_degree09.png,0,0.11025119,3,0.86875683,75,0,1,1,0
person068,75,14,E:\Thesis\Dataset\correct_angle_all\person068\right\75_degree14.png,0,0.117520414,3,0.6924097,75,0,1,1,0
person068,75,18,E:\Thesis\Dataset\correct_angle_all\person068\right\75_degree18.png,0,0.118280075,3,0.8892092,75,0,1,1,0
person068,90,9,E:\Thesis\Dataset\correct_angle_all\person068\right\90_degree09.png,0,0.11269889,3,0.7464865,90,0,1,1,0
person068,90,14,E:\Thesis\Dataset\correct_angle_all\person068\right\90_degree14.png,0,0.07446696,3,0.5540683,90,0,1,1,0
person068,90,18,E:\Thesis\Dataset\correct_angle_all\person068\right\90_degree18.png,0,0.11774042,3,0.752302,90,0,1,1,0
person069,-75,2,E:\Thesis\Dataset\correct_angle_all\person069\left\75_degree_02.png,0,0.19633822,3,0.26804996,75,0,1,1,0
person069,-60,2,E:\Thesis\Dataset\correct_angle_all\person069\left\60_degree_02.png,0,0.17540754,3,0.9766318,60,0,1,1,0
person069,-60,9,E:\Thesis\Dataset\correct_angle_all\person069\left\60_degree_09.png,0,0.23614208,3,0.9216506,60,0,1,1,0
person069,-60,14,E:\Thesis\Dataset\correct_angle_all\person069\left\60_degree_14.png,0,0.13911559,3,0.78427553,60,0,1,1,0
person069,-60,18,E:\Thesis\Dataset\correct_angle_all\person069\left\60_degree_18.png,0,0.2584654,3,0.93064755,60,0,1,1,0
person069,-45,14,E:\Thesis\Dataset\correct_angle_all\person069\left\45_degree_14.png,0,0.23637319,3,0.6880993,45,0,1,1,0
person069,-45,18,E:\Thesis\Dataset\correct_angle_all\person069\left\45_degree_18.png,0,0.3095673,3,0.9364443,45,0,1,1,0
person069,-30,2,E:\Thesis\Dataset\correct_angle_all\person069\left\30_degree_02.png,0,0.15474737,3,0.93358964,30,0,1,1,0
person069,-30,14,E:\Thesis\Dataset\correct_angle_all\person069\left\30_degree_14.png,0,0.21355331,3,0.7890413,30,0,1,1,0
person069,-30,18,E:\Thesis\Dataset\correct_angle_all\person069\left\30_degree_18.png,0,0.23389757,3,0.9886698,30,0,1,1,0
person069,30,2,E:\Thesis\Dataset\correct_angle_all\person069\right\30_degree02.png,0,0.20973451,3,0.99053305,30,0,1,1,0
person069,45,2,E:\Thesis\Dataset\correct_angle_all\person069\right\45_degree02.png,0,0.29151696,3,0.913255,45,0,1,1,0
person069,45,9,E:\Thesis\Dataset\correct_angle_all\person069\right\45_degree09.png,0,0.21041511,3,0.93195313,45,0,1,1,0
person069,45,14,E:\Thesis\Dataset\correct_angle_all\person069\right\45_degree14.png,0,0.2335655,3,0.87368995,45,0,1,1,0
person069,45,18,E:\Thesis\Dataset\correct_angle_all\person069\right\45_degree18.png,0,0.22788034,3,0.9618566,45,0,1,1,0
person069,60,2,E:\Thesis\Dataset\correct_angle_all\person069\right\60_degree02.png,0,0.065057635,3,0.981086,60,0,1,1,0
person069,60,9,E:\Thesis\Dataset\correct_angle_all\person069\right\60_degree09.png,0,0.120491505,3,0.9481824,60,0,1,1,0
person069,60,14,E:\Thesis\Dataset\correct_angle_all\person069\right\60_degree14.png,0,0.11626812,3,0.997783,60,0,1,1,0
person069,60,18,E:\Thesis\Dataset\correct_angle_all\person069\right\60_degree18.png,0,0.100692995,3,0.98457414,60,0,1,1,0
person069,75,9,E:\Thesis\Dataset\correct_angle_all\person069\right\75_degree09.png,0,0.108045615,3,0.43176904,75,0,1,1,0
person069,75,14,E:\Thesis\Dataset\correct_angle_all\person069\right\75_degree14.png,0,0.11641273,3,0.6855097,75,0,1,1,0
person069,75,18,E:\Thesis\Dataset\correct_angle_all\person069\right\75_degree18.png,0,0.07107966,3,0.6459317,75,0,1,1,0
person069,90,18,E:\Thesis\Dataset\correct_angle_all\person069\right\90_degree18.png,0,0.094911635,3,0.21331419,90,0,1,1,0
person070,-75,18,E:\Thesis\Dataset\correct_angle_all\person070\left\75_degree_18.png,0,0.14484386,3,0.50730497,75,0,1,1,0
person070,-60,9,E:\Thesis\Dataset\correct_angle_all\person070\left\60_degree_09.png,0,0.09801661,3,0.9898557,60,0,1,1,0
person070,-60,18,E:\Thesis\Dataset\correct_angle_all\person070\left\60_degree_18.png,0,0.09843434,3,0.99326754,60,0,1,1,0
person070,-45,9,E:\Thesis\Dataset\correct_angle_all\person070\left\45_degree_09.png,0,0.0966985,3,0.9647067,45,0,1,1,0
person070,-45,14,E:\Thesis\Dataset\correct_angle_all\person070\left\45_degree_14.png,0,0.0935156,3,0.9832329,45,0,1,1,0
person070,-45,18,E:\Thesis\Dataset\correct_angle_all\person070\left\45_degree_18.png,0,0.10881267,3,0.97226816,45,0,1,1,0
person070,45,2,E:\Thesis\Dataset\correct_angle_all\person070\right\45_degree02.png,0,0.3756347,3,0.81845397,45,0,1,1,0
person070,45,9,E:\Thesis\Dataset\correct_angle_all\person070\right\45_degree09.png,0,0.20096533,3,0.9456148,45,0,1,1,0
person070,45,14,E:\Thesis\Dataset\correct_angle_all\person070\right\45_degree14.png,0,0.21051924,3,0.6120791,45,0,1,1,0
person070,45,18,E:\Thesis\Dataset\correct_angle_all\person070\right\45_degree18.png,0,0.20196168,3,0.9122584,45,0,1,1,0
person070,60,2,E:\Thesis\Dataset\correct_angle_all\person070\right\60_degree02.png,0,0.23169136,3,0.97234917,60,0,1,1,0
person070,60,9,E:\Thesis\Dataset\correct_angle_all\person070\right\60_degree09.png,0,0.22066064,3,0.9984968,60,0,1,1,0
person070,60,14,E:\Thesis\Dataset\correct_angle_all\person070\right\60_degree14.png,0,0.17531675,3,0.8433339,60,0,1,1,0
person070,60,18,E:\Thesis\Dataset\correct_angle_all\person070\right\60_degree18.png,0,0.15725307,3,0.99600196,60,0,1,1,0
person070,75,9,E:\Thesis\Dataset\correct_angle_all\person070\right\75_degree09.png,0,0.30615738,3,0.7276485,75,0,1,1,0
person070,75,14,E:\Thesis\Dataset\correct_angle_all\person070\right\75_degree14.png,0,0.2568795,3,0.54816574,75,0,1,1,0
person070,75,18,E:\Thesis\Dataset\correct_angle_all\person070\right\75_degree18.png,0,0.24982892,3,0.7506056,75,0,1,1,0
person071,-90,14,E:\Thesis\Dataset\correct_angle_all\person071\left\90_degree_14.png,0,0.08866169,3,0.6534851,90,0,1,1,0
person071,-90,18,E:\Thesis\Dataset\correct_angle_all\person071\left\90_degree_18.png,0,0.088402875,3,0.35480008,90,0,1,1,0
person071,-75,2,E:\Thesis\Dataset\correct_angle_all\person071\left\75_degree_02.png,0,0.12242641,3,0.4678363,75,0,1,1,0
person071,-75,9,E:\Thesis\Dataset\correct_angle_all\person071\left\75_degree_09.png,0,0.09680772,3,0.9429121,75,0,1,1,0
person071,-75,14,E:\Thesis\Dataset\correct_angle_all\person071\left\75_degree_14.png,0,0.09503504,3,0.62199306,75,0,1,1,0
person071,-75,18,E:\Thesis\Dataset\correct_angle_all\person071\left\75_degree_18.png,0,0.1060675,3,0.9430428,75,0,1,1,0
person071,-60,2,E:\Thesis\Dataset\correct_angle_all\person071\left\60_degree_02.png,0,0.101024754,3,0.7805564,60,0,1,1,0
person071,-60,9,E:\Thesis\Dataset\correct_angle_all\person071\left\60_degree_09.png,0,0.10971586,3,0.996658,60,0,1,1,0
person071,-60,14,E:\Thesis\Dataset\correct_angle_all\person071\left\60_degree_14.png,0,0.13250947,3,0.9961675,60,0,1,1,0
person071,-60,18,E:\Thesis\Dataset\correct_angle_all\person071\left\60_degree_18.png,0,0.10626832,3,0.99460554,60,0,1,1,0
person071,-45,18,E:\Thesis\Dataset\correct_angle_all\person071\left\45_degree_18.png,0,0.15654726,3,0.5113957,45,0,1,1,0
person071,-30,2,E:\Thesis\Dataset\correct_angle_all\person071\left\30_degree_02.png,0,0.25555798,3,0.97327614,30,0,1,1,0
person071,-30,9,E:\Thesis\Dataset\correct_angle_all\person071\left\30_degree_09.png,0,0.19979765,3,0.9955626,30,0,1,1,0
person071,-30,14,E:\Thesis\Dataset\correct_angle_all\person071\left\30_degree_14.png,0,0.2428947,3,0.98381513,30,0,1,1,0
person071,-30,18,E:\Thesis\Dataset\correct_angle_all\person071\left\30_degree_18.png,0,0.2094623,3,0.9983384,30,0,1,1,0
person071,-15,2,E:\Thesis\Dataset\correct_angle_all\person071\left\15_degree02.png,0,0.068260394,3,0.88836724,15,0,1,1,0
person071,-15,9,E:\Thesis\Dataset\correct_angle_all\person071\left\15_degree09.png,0,0.118398964,3,0.9266378,15,0,1,1,0
person071,-15,14,E:\Thesis\Dataset\correct_angle_all\person071\left\15_degree14.png,0,0.082284085,3,0.86904067,15,0,1,1,0
person071,-15,18,E:\Thesis\Dataset\correct_angle_all\person071\left\15_degree18.png,0,0.10265208,3,0.9777107,15,0,1,1,0
person071,30,2,E:\Thesis\Dataset\correct_angle_all\person071\right\30_degree02.png,0,0.15189935,3,0.98448086,30,0,1,1,0
person071,30,9,E:\Thesis\Dataset\correct_angle_all\person071\right\30_degree09.png,0,0.15092222,3,0.9945197,30,0,1,1,0
person071,30,14,E:\Thesis\Dataset\correct_angle_all\person071\right\30_degree14.png,0,0.1548134,3,0.9847352,30,0,1,1,0
person071,30,18,E:\Thesis\Dataset\correct_angle_all\person071\right\30_degree18.png,0,0.1143178,3,0.9938366,30,0,1,1,0
person071,45,2,E:\Thesis\Dataset\correct_angle_all\person071\right\45_degree02.png,0,0.15661894,3,0.8960278,45,0,1,1,0
person071,45,9,E:\Thesis\Dataset\correct_angle_all\person071\right\45_degree09.png,0,0.16932572,3,0.95328087,45,0,1,1,0
person071,45,14,E:\Thesis\Dataset\correct_angle_all\person071\right\45_degree14.png,0,0.1369906,3,0.7027294,45,0,1,1,0
person071,45,18,E:\Thesis\Dataset\correct_angle_all\person071\right\45_degree18.png,0,0.14475322,3,0.9162834,45,0,1,1,0
person071,60,2,E:\Thesis\Dataset\correct_angle_all\person071\right\60_degree02.png,0,0.0739715,3,0.986195,60,0,1,1,0
person071,60,14,E:\Thesis\Dataset\correct_angle_all\person071\right\60_degree14.png,0,0.08552671,3,0.9876308,60,0,1,1,0
person071,75,9,E:\Thesis\Dataset\correct_angle_all\person071\right\75_degree09.png,0,0.08754202,3,0.8950483,75,0,1,1,0
person071,75,14,E:\Thesis\Dataset\correct_angle_all\person071\right\75_degree14.png,0,0.07893709,3,0.46967205,75,0,1,1,0
person071,75,18,E:\Thesis\Dataset\correct_angle_all\person071\right\75_degree18.png,0,0.0693006,3,0.82082194,75,0,1,1,0
person071,90,9,E:\Thesis\Dataset\correct_angle_all\person071\right\90_degree09.png,0,0.07911559,3,0.45731696,90,0,1,1,0
person071,90,14,E:\Thesis\Dataset\correct_angle_all\person071\right\90_degree14.png,0,0.089740105,3,0.23911364,90,0,1,1,0
person072,-75,2,E:\Thesis\Dataset\correct_angle_all\person072\left\75_degree_02.png,0,0.17578322,3,0.6284048,75,0,1,1,0
person072,-75,9,E:\Thesis\Dataset\correct_angle_all\person072\left\75_degree_09.png,0,0.18659468,3,0.7815574,75,0,1,1,0
person072,-75,18,E:\Thesis\Dataset\correct_angle_all\person072\left\75_degree_18.png,0,0.1504865,3,0.6641149,75,0,1,1,0
person072,-60,2,E:\Thesis\Dataset\correct_angle_all\person072\left\60_degree_02.png,0,0.13199817,3,0.9490958,60,0,1,1,0
person072,-60,9,E:\Thesis\Dataset\correct_angle_all\person072\left\60_degree_09.png,0,0.15659535,3,0.99275595,60,0,1,1,0
person072,-60,14,E:\Thesis\Dataset\correct_angle_all\person072\left\60_degree_14.png,0,0.11683202,3,0.91846186,60,0,1,1,0
person072,-60,18,E:\Thesis\Dataset\correct_angle_all\person072\left\60_degree_18.png,0,0.11422545,3,0.99193907,60,0,1,1,0
person072,-45,2,E:\Thesis\Dataset\correct_angle_all\person072\left\45_degree_02.png,0,0.14021301,3,0.73200005,45,0,1,1,0
person072,-45,9,E:\Thesis\Dataset\correct_angle_all\person072\left\45_degree_09.png,0,0.122040845,3,0.8746981,45,0,1,1,0
person072,-45,14,E:\Thesis\Dataset\correct_angle_all\person072\left\45_degree_14.png,0,0.10768493,3,0.57138366,45,0,1,1,0
person072,-45,18,E:\Thesis\Dataset\correct_angle_all\person072\left\45_degree_18.png,0,0.11290085,3,0.81281024,45,0,1,1,0
person072,-30,2,E:\Thesis\Dataset\correct_angle_all\person072\left\30_degree_02.png,0,0.13365826,3,0.9876342,30,0,1,1,0
person072,-30,9,E:\Thesis\Dataset\correct_angle_all\person072\left\30_degree_09.png,0,0.13798024,3,0.9944198,30,0,1,1,0
person072,-30,14,E:\Thesis\Dataset\correct_angle_all\person072\left\30_degree_14.png,0,0.1492254,3,0.9893581,30,0,1,1,0
person072,-30,18,E:\Thesis\Dataset\correct_angle_all\person072\left\30_degree_18.png,0,0.1613173,3,0.9895132,30,0,1,1,0
person072,15,14,E:\Thesis\Dataset\correct_angle_all\person072\right\15_degree14.png,0,0.18332689,3,0.9817808,15,0,1,1,0
person072,30,2,E:\Thesis\Dataset\correct_angle_all\person072\right\30_degree02.png,0,0.21354842,3,0.992265,30,0,1,1,0
person072,30,9,E:\Thesis\Dataset\correct_angle_all\person072\right\30_degree09.png,0,0.2242357,3,0.93273014,30,0,1,1,0
person072,30,14,E:\Thesis\Dataset\correct_angle_all\person072\right\30_degree14.png,0,0.16217472,3,0.99827766,30,0,1,1,0
person072,30,18,E:\Thesis\Dataset\correct_angle_all\person072\right\30_degree18.png,0,0.24522716,3,0.96964836,30,0,1,1,0
person072,45,2,E:\Thesis\Dataset\correct_angle_all\person072\right\45_degree02.png,0,0.22825861,3,0.8285299,45,0,1,1,0
person072,45,9,E:\Thesis\Dataset\correct_angle_all\person072\right\45_degree09.png,0,0.19951378,3,0.54621214,45,0,1,1,0
person072,45,14,E:\Thesis\Dataset\correct_angle_all\person072\right\45_degree14.png,0,0.20744161,3,0.8137707,45,0,1,1,0
person072,45,18,E:\Thesis\Dataset\correct_angle_all\person072\right\45_degree18.png,0,0.19017434,3,0.72373396,45,0,1,1,0
person072,60,2,E:\Thesis\Dataset\correct_angle_all\person072\right\60_degree02.png,0,0.053754177,3,0.9933304,60,0,1,1,0
person072,60,9,E:\Thesis\Dataset\correct_angle_all\person072\right\60_degree09.png,0,0.103683464,3,0.9911165,60,0,1,1,0
person072,60,14,E:\Thesis\Dataset\correct_angle_all\person072\right\60_degree14.png,0,0.0808402,3,0.98895025,60,0,1,1,0
person072,60,18,E:\Thesis\Dataset\correct_angle_all\person072\right\60_degree18.png,0,0.08204774,3,0.99494386,60,0,1,1,0
person072,75,9,E:\Thesis\Dataset\correct_angle_all\person072\right\75_degree09.png,0,0.087012745,3,0.43061125,75,0,1,1,0
person072,90,9,E:\Thesis\Dataset\correct_angle_all\person072\right\90_degree09.png,0,0.06494634,3,0.3428003,90,0,1,1,0
person072,90,14,E:\Thesis\Dataset\correct_angle_all\person072\right\90_degree14.png,0,0.09756309,3,0.2693422,90,0,1,1,0
person073,-60,9,E:\Thesis\Dataset\correct_angle_all\person073\left\60_degree_09.png,0,0.094623946,3,0.92994696,60,0,1,1,0
person073,-60,18,E:\Thesis\Dataset\correct_angle_all\person073\left\60_degree_18.png,0,0.12820603,3,0.48136404,60,0,1,1,0
person073,-45,2,E:\Thesis\Dataset\correct_angle_all\person073\left\45_degree_02.png,0,0.15803924,3,0.8359135,45,0,1,1,0
person073,-45,9,E:\Thesis\Dataset\correct_angle_all\person073\left\45_degree_09.png,0,0.12938006,3,0.9249944,45,0,1,1,0
person073,-45,14,E:\Thesis\Dataset\correct_angle_all\person073\left\45_degree_14.png,0,0.14495386,3,0.66995937,45,0,1,1,0
person073,-30,2,E:\Thesis\Dataset\correct_angle_all\person073\left\30_degree_02.png,0,0.18660355,3,0.9649356,30,0,1,1,0
person073,-30,9,E:\Thesis\Dataset\correct_angle_all\person073\left\30_degree_09.png,0,0.16682725,3,0.99423593,30,0,1,1,0
person073,-30,14,E:\Thesis\Dataset\correct_angle_all\person073\left\30_degree_14.png,0,0.18338208,3,0.95417076,30,0,1,1,0
person073,15,9,E:\Thesis\Dataset\correct_angle_all\person073\right\15_degree09.png,0,0.17244965,3,0.5098992,15,0,1,1,0
person073,15,14,E:\Thesis\Dataset\correct_angle_all\person073\right\15_degree14.png,0,0.18970601,3,0.40541992,15,0,1,1,0
person073,30,2,E:\Thesis\Dataset\correct_angle_all\person073\right\30_degree02.png,0,0.31803793,3,0.964125,30,0,1,1,0
person073,30,9,E:\Thesis\Dataset\correct_angle_all\person073\right\30_degree09.png,0,0.4644823,3,0.98676896,30,0,1,1,0
person073,30,14,E:\Thesis\Dataset\correct_angle_all\person073\right\30_degree14.png,0,0.3129277,3,0.98589873,30,0,1,1,0
person073,30,18,E:\Thesis\Dataset\correct_angle_all\person073\right\30_degree18.png,0,0.46281552,3,0.9942863,30,0,1,1,0
person073,45,2,E:\Thesis\Dataset\correct_angle_all\person073\right\45_degree02.png,0,0.32731867,3,0.80354017,45,0,1,1,0
person073,45,9,E:\Thesis\Dataset\correct_angle_all\person073\right\45_degree09.png,0,0.32578743,3,0.89070296,45,0,1,1,0
person073,45,14,E:\Thesis\Dataset\correct_angle_all\person073\right\45_degree14.png,0,0.26311997,3,0.89170665,45,0,1,1,0
person073,45,18,E:\Thesis\Dataset\correct_angle_all\person073\right\45_degree18.png,0,0.36406246,3,0.88367385,45,0,1,1,0
person073,60,2,E:\Thesis\Dataset\correct_angle_all\person073\right\60_degree02.png,0,0.061615054,3,0.971685,60,0,1,1,0
person073,60,14,E:\Thesis\Dataset\correct_angle_all\person073\right\60_degree14.png,0,0.05037785,3,0.9971848,60,0,1,1,0
person073,60,18,E:\Thesis\Dataset\correct_angle_all\person073\right\60_degree18.png,0,0.09920645,3,0.97772217,60,0,1,1,0
person073,75,14,E:\Thesis\Dataset\correct_angle_all\person073\right\75_degree14.png,0,0.108023055,3,0.41564035,75,0,1,1,0
person074,-75,2,E:\Thesis\Dataset\correct_angle_all\person074\left\75_degree_02.png,0,0.11087102,3,0.7714159,75,0,1,1,0
person074,-75,9,E:\Thesis\Dataset\correct_angle_all\person074\left\75_degree_09.png,0,0.10284537,3,0.6046181,75,0,1,1,0
person074,-75,18,E:\Thesis\Dataset\correct_angle_all\person074\left\75_degree_18.png,0,0.10504494,3,0.78414583,75,0,1,1,0
person074,-60,2,E:\Thesis\Dataset\correct_angle_all\person074\left\60_degree_02.png,0,0.1351203,3,0.9892772,60,0,1,1,0
person074,-60,14,E:\Thesis\Dataset\correct_angle_all\person074\left\60_degree_14.png,0,0.11820241,3,0.94808584,60,0,1,1,0
person074,-60,18,E:\Thesis\Dataset\correct_angle_all\person074\left\60_degree_18.png,0,0.13586874,3,0.98656774,60,0,1,1,0
person074,-45,2,E:\Thesis\Dataset\correct_angle_all\person074\left\45_degree_02.png,0,0.11924535,3,0.8695993,45,0,1,1,0
person074,-30,2,E:\Thesis\Dataset\correct_angle_all\person074\left\30_degree_02.png,0,0.21931998,3,0.9861501,30,0,1,1,0
person074,-30,9,E:\Thesis\Dataset\correct_angle_all\person074\left\30_degree_09.png,0,0.15066333,3,0.9959667,30,0,1,1,0
person074,-30,18,E:\Thesis\Dataset\correct_angle_all\person074\left\30_degree_18.png,0,0.15665166,3,0.9702323,30,0,1,1,0
person074,15,14,E:\Thesis\Dataset\correct_angle_all\person074\right\15_degree14.png,0,0.12472745,3,0.8566552,15,0,1,1,0
person074,30,2,E:\Thesis\Dataset\correct_angle_all\person074\right\30_degree02.png,0,0.07654963,3,0.9801839,30,0,1,1,0
person074,30,9,E:\Thesis\Dataset\correct_angle_all\person074\right\30_degree09.png,0,0.14482881,3,0.99129057,30,0,1,1,0
person074,30,14,E:\Thesis\Dataset\correct_angle_all\person074\right\30_degree14.png,0,0.17283116,3,0.9736755,30,0,1,1,0
person074,30,18,E:\Thesis\Dataset\correct_angle_all\person074\right\30_degree18.png,0,0.12349832,3,0.9801688,30,0,1,1,0
person074,45,2,E:\Thesis\Dataset\correct_angle_all\person074\right\45_degree02.png,0,0.12580179,3,0.6380746,45,0,1,1,0
person074,45,9,E:\Thesis\Dataset\correct_angle_all\person074\right\45_degree09.png,0,0.1451643,3,0.8494645,45,0,1,1,0
person074,45,14,E:\Thesis\Dataset\correct_angle_all\person074\right\45_degree14.png,0,0.11568529,3,0.43710384,45,0,1,1,0
person074,45,18,E:\Thesis\Dataset\correct_angle_all\person074\right\45_degree18.png,0,0.09650489,3,0.7735546,45,0,1,1,0
person074,60,2,E:\Thesis\Dataset\correct_angle_all\person074\right\60_degree02.png,0,0.08676449,3,0.8369796,60,0,1,1,0
person074,60,9,E:\Thesis\Dataset\correct_angle_all\person074\right\60_degree09.png,0,0.110936426,3,0.9978245,60,0,1,1,0
person074,60,14,E:\Thesis\Dataset\correct_angle_all\person074\right\60_degree14.png,0,0.088738464,3,0.93192786,60,0,1,1,0
person074,60,18,E:\Thesis\Dataset\correct_angle_all\person074\right\60_degree18.png,0,0.0993282,3,0.99541694,60,0,1,1,0
person074,75,9,E:\Thesis\Dataset\correct_angle_all\person074\right\75_degree09.png,0,0.12323177,3,0.8318581,75,0,1,1,0
person074,75,18,E:\Thesis\Dataset\correct_angle_all\person074\right\75_degree18.png,0,0.09667534,3,0.72968465,75,0,1,1,0
person075,-90,2,E:\Thesis\Dataset\correct_angle_all\person075\left\90_degree_02.png,0,0.20241569,3,0.8390462,90,0,1,1,0
person075,-90,9,E:\Thesis\Dataset\correct_angle_all\person075\left\90_degree_09.png,0,0.17748846,3,0.7026691,90,0,1,1,0
person075,-90,14,E:\Thesis\Dataset\correct_angle_all\person075\left\90_degree_14.png,0,0.13003896,3,0.5788562,90,0,1,1,0
person075,-90,18,E:\Thesis\Dataset\correct_angle_all\person075\left\90_degree_18.png,0,0.14194396,3,0.8037226,90,0,1,1,0
person075,-75,2,E:\Thesis\Dataset\correct_angle_all\person075\left\75_degree_02.png,0,0.17978959,3,0.94128054,75,0,1,1,0
person075,-75,9,E:\Thesis\Dataset\correct_angle_all\person075\left\75_degree_09.png,0,0.2179532,3,0.9512995,75,0,1,1,0
person075,-75,18,E:\Thesis\Dataset\correct_angle_all\person075\left\75_degree_18.png,0,0.21927996,3,0.9872392,75,0,1,1,0
person075,-60,2,E:\Thesis\Dataset\correct_angle_all\person075\left\60_degree_02.png,0,0.1965372,3,0.9815007,60,0,1,1,0
person075,-60,9,E:\Thesis\Dataset\correct_angle_all\person075\left\60_degree_09.png,0,0.15379204,3,0.9923232,60,0,1,1,0
person075,-60,14,E:\Thesis\Dataset\correct_angle_all\person075\left\60_degree_14.png,0,0.13571848,3,0.97619724,60,0,1,1,0
person075,-60,18,E:\Thesis\Dataset\correct_angle_all\person075\left\60_degree_18.png,0,0.16593315,3,0.9965164,60,0,1,1,0
person075,-45,2,E:\Thesis\Dataset\correct_angle_all\person075\left\45_degree_02.png,0,0.31083664,3,0.6787496,45,0,1,1,0
person075,-45,14,E:\Thesis\Dataset\correct_angle_all\person075\left\45_degree_14.png,0,0.26079425,3,0.7927564,45,0,1,1,0
person075,-45,18,E:\Thesis\Dataset\correct_angle_all\person075\left\45_degree_18.png,0,0.38448444,3,0.81751746,45,0,1,1,0
person075,-30,2,E:\Thesis\Dataset\correct_angle_all\person075\left\30_degree_02.png,0,0.19206177,3,0.99046344,30,0,1,1,0
person075,-30,9,E:\Thesis\Dataset\correct_angle_all\person075\left\30_degree_09.png,0,0.19986875,3,0.99584883,30,0,1,1,0
person075,-30,14,E:\Thesis\Dataset\correct_angle_all\person075\left\30_degree_14.png,0,0.23304422,3,0.971081,30,0,1,1,0
person075,-30,18,E:\Thesis\Dataset\correct_angle_all\person075\left\30_degree_18.png,0,0.2491647,3,0.99503803,30,0,1,1,0
person075,-15,2,E:\Thesis\Dataset\correct_angle_all\person075\left\15_degree02.png,0,0.11709506,3,0.7680146,15,0,1,1,0
person075,-15,9,E:\Thesis\Dataset\correct_angle_all\person075\left\15_degree09.png,0,0.07509696,3,0.7688005,15,0,1,1,0
person075,-15,14,E:\Thesis\Dataset\correct_angle_all\person075\left\15_degree14.png,0,0.111635156,3,0.8904256,15,0,1,1,0
person075,-15,18,E:\Thesis\Dataset\correct_angle_all\person075\left\15_degree18.png,0,0.09562632,3,0.8122482,15,0,1,1,0
person075,30,2,E:\Thesis\Dataset\correct_angle_all\person075\right\30_degree02.png,0,0.120797105,3,0.9921417,30,0,1,1,0
person075,30,9,E:\Thesis\Dataset\correct_angle_all\person075\right\30_degree09.png,0,0.08492732,3,0.9700301,30,0,1,1,0
person075,30,14,E:\Thesis\Dataset\correct_angle_all\person075\right\30_degree14.png,0,0.09514084,3,0.99366593,30,0,1,1,0
person075,30,18,E:\Thesis\Dataset\correct_angle_all\person075\right\30_degree18.png,0,0.102568746,3,0.98479605,30,0,1,1,0
person075,45,2,E:\Thesis\Dataset\correct_angle_all\person075\right\45_degree02.png,0,0.15822864,3,0.7627759,45,0,1,1,0
person075,45,14,E:\Thesis\Dataset\correct_angle_all\person075\right\45_degree14.png,0,0.18555267,3,0.7731506,45,0,1,1,0
person075,45,18,E:\Thesis\Dataset\correct_angle_all\person075\right\45_degree18.png,0,0.20377654,3,0.7174756,45,0,1,1,0
person075,60,2,E:\Thesis\Dataset\correct_angle_all\person075\right\60_degree02.png,0,0.12187544,3,0.96666604,60,0,1,1,0
person075,60,9,E:\Thesis\Dataset\correct_angle_all\person075\right\60_degree09.png,0,0.17463146,3,0.9674158,60,0,1,1,0
person075,60,14,E:\Thesis\Dataset\correct_angle_all\person075\right\60_degree14.png,0,0.22987068,3,0.9971023,60,0,1,1,0
person075,60,18,E:\Thesis\Dataset\correct_angle_all\person075\right\60_degree18.png,0,0.13472937,3,0.98680943,60,0,1,1,0
person075,75,9,E:\Thesis\Dataset\correct_angle_all\person075\right\75_degree09.png,0,0.113009,3,0.7897088,75,0,1,1,0
person075,75,14,E:\Thesis\Dataset\correct_angle_all\person075\right\75_degree14.png,0,0.14049621,3,0.6965483,75,0,1,1,0
person075,75,18,E:\Thesis\Dataset\correct_angle_all\person075\right\75_degree18.png,0,0.10709071,3,0.6961277,75,0,1,1,0
person075,90,2,E:\Thesis\Dataset\correct_angle_all\person075\right\90_degree02.png,0,0.14784503,3,0.28918472,90,0,1,1,0
person075,90,9,E:\Thesis\Dataset\correct_angle_all\person075\right\90_degree09.png,0,0.115718216,3,0.5147756,90,0,1,1,0
person075,90,14,E:\Thesis\Dataset\correct_angle_all\person075\right\90_degree14.png,0,0.13436992,3,0.4085497,90,0,1,1,0
person075,90,18,E:\Thesis\Dataset\correct_angle_all\person075\right\90_degree18.png,0,0.17116229,3,0.4666045,90,0,1,1,0
person076,-90,2,E:\Thesis\Dataset\correct_angle_all\person076\left\90_degree_02.png,0,0.17020242,3,0.24685179,90,0,1,1,0
person076,-90,18,E:\Thesis\Dataset\correct_angle_all\person076\left\90_degree_18.png,0,0.104409456,3,0.17681985,90,0,1,1,0
person076,-75,2,E:\Thesis\Dataset\correct_angle_all\person076\left\75_degree_02.png,0,0.19163734,3,0.869423,75,0,1,1,0
person076,-75,9,E:\Thesis\Dataset\correct_angle_all\person076\left\75_degree_09.png,0,0.15030353,3,0.8616624,75,0,1,1,0
person076,-75,18,E:\Thesis\Dataset\correct_angle_all\person076\left\75_degree_18.png,0,0.17182928,3,0.918439,75,0,1,1,0
person076,-60,2,E:\Thesis\Dataset\correct_angle_all\person076\left\60_degree_02.png,0,0.15482295,3,0.9849723,60,0,1,1,0
person076,-60,9,E:\Thesis\Dataset\correct_angle_all\person076\left\60_degree_09.png,0,0.19102655,3,0.99452835,60,0,1,1,0
person076,-60,14,E:\Thesis\Dataset\correct_angle_all\person076\left\60_degree_14.png,0,0.16896957,3,0.99720675,60,0,1,1,0
person076,-60,18,E:\Thesis\Dataset\correct_angle_all\person076\left\60_degree_18.png,0,0.15817182,3,0.9926589,60,0,1,1,0
person076,-45,2,E:\Thesis\Dataset\correct_angle_all\person076\left\45_degree_02.png,0,0.14293146,3,0.79045874,45,0,1,1,0
person076,-45,14,E:\Thesis\Dataset\correct_angle_all\person076\left\45_degree_14.png,0,0.116144024,3,0.6503696,45,0,1,1,0
person076,-45,18,E:\Thesis\Dataset\correct_angle_all\person076\left\45_degree_18.png,0,0.11779862,3,0.8051796,45,0,1,1,0
person076,30,2,E:\Thesis\Dataset\correct_angle_all\person076\right\30_degree02.png,0,0.20406032,3,0.99356085,30,0,1,1,0
person076,30,9,E:\Thesis\Dataset\correct_angle_all\person076\right\30_degree09.png,0,0.3026791,3,0.98996115,30,0,1,1,0
person076,30,14,E:\Thesis\Dataset\correct_angle_all\person076\right\30_degree14.png,0,0.23677532,3,0.98736376,30,0,1,1,0
person076,30,18,E:\Thesis\Dataset\correct_angle_all\person076\right\30_degree18.png,0,0.37558338,3,0.9966065,30,0,1,1,0
person076,45,2,E:\Thesis\Dataset\correct_angle_all\person076\right\45_degree02.png,0,0.16721912,3,0.94652385,45,0,1,1,0
person076,60,2,E:\Thesis\Dataset\correct_angle_all\person076\right\60_degree02.png,0,0.06705002,3,0.7346909,60,0,1,1,0
person076,60,9,E:\Thesis\Dataset\correct_angle_all\person076\right\60_degree09.png,0,0.08422529,3,0.99877626,60,0,1,1,0
person076,60,14,E:\Thesis\Dataset\correct_angle_all\person076\right\60_degree14.png,0,0.07796022,3,0.90981025,60,0,1,1,0
person076,60,18,E:\Thesis\Dataset\correct_angle_all\person076\right\60_degree18.png,0,0.066238046,3,0.992966,60,0,1,1,0
person076,75,9,E:\Thesis\Dataset\correct_angle_all\person076\right\75_degree09.png,0,0.07166327,3,0.8216842,75,0,1,1,0
person076,75,14,E:\Thesis\Dataset\correct_angle_all\person076\right\75_degree14.png,0,0.08570847,3,0.36111283,75,0,1,1,0
person076,75,18,E:\Thesis\Dataset\correct_angle_all\person076\right\75_degree18.png,0,0.07487646,3,0.7235544,75,0,1,1,0
person076,90,9,E:\Thesis\Dataset\correct_angle_all\person076\right\90_degree09.png,0,0.061813623,3,0.6485818,90,0,1,1,0
person076,90,18,E:\Thesis\Dataset\correct_angle_all\person076\right\90_degree18.png,0,0.05819306,3,0.44975194,90,0,1,1,0
person077,-90,14,E:\Thesis\Dataset\correct_angle_all\person077\left\90_degree_14.png,0,0.095277876,3,0.35236955,90,0,1,1,0
person077,-75,2,E:\Thesis\Dataset\correct_angle_all\person077\left\75_degree_02.png,0,0.11720886,3,0.72894794,75,0,1,1,0
person077,-75,9,E:\Thesis\Dataset\correct_angle_all\person077\left\75_degree_09.png,0,0.15035596,3,0.5749371,75,0,1,1,0
person077,-75,14,E:\Thesis\Dataset\correct_angle_all\person077\left\75_degree_14.png,0,0.13305132,3,0.42770576,75,0,1,1,0
person077,-75,18,E:\Thesis\Dataset\correct_angle_all\person077\left\75_degree_18.png,0,0.13891312,3,0.88987255,75,0,1,1,0
person077,-60,9,E:\Thesis\Dataset\correct_angle_all\person077\left\60_degree_09.png,0,0.17531414,3,0.9568817,60,0,1,1,0
person077,15,9,E:\Thesis\Dataset\correct_angle_all\person077\right\15_degree09.png,0,0.15137307,3,0.9926915,15,0,1,1,0
person077,30,2,E:\Thesis\Dataset\correct_angle_all\person077\right\30_degree02.png,0,0.29096666,3,0.9870143,30,0,1,1,0
person077,30,9,E:\Thesis\Dataset\correct_angle_all\person077\right\30_degree09.png,0,0.25507742,3,0.99002093,30,0,1,1,0
person077,30,14,E:\Thesis\Dataset\correct_angle_all\person077\right\30_degree14.png,0,0.18562241,3,0.9902403,30,0,1,1,0
person077,30,18,E:\Thesis\Dataset\correct_angle_all\person077\right\30_degree18.png,0,0.32262853,3,0.9988046,30,0,1,1,0
person077,45,2,E:\Thesis\Dataset\correct_angle_all\person077\right\45_degree02.png,0,0.29031166,3,0.83186954,45,0,1,1,0
person077,45,9,E:\Thesis\Dataset\correct_angle_all\person077\right\45_degree09.png,0,0.31755885,3,0.78976744,45,0,1,1,0
person077,45,14,E:\Thesis\Dataset\correct_angle_all\person077\right\45_degree14.png,0,0.25713432,3,0.8968887,45,0,1,1,0
person077,45,18,E:\Thesis\Dataset\correct_angle_all\person077\right\45_degree18.png,0,0.32897153,3,0.97779995,45,0,1,1,0
person077,60,2,E:\Thesis\Dataset\correct_angle_all\person077\right\60_degree02.png,0,0.13221423,3,0.9737992,60,0,1,1,0
person077,60,9,E:\Thesis\Dataset\correct_angle_all\person077\right\60_degree09.png,0,0.2579005,3,0.84407717,60,0,1,1,0
person077,60,14,E:\Thesis\Dataset\correct_angle_all\person077\right\60_degree14.png,0,0.32159767,3,0.96174914,60,0,1,1,0
person077,60,18,E:\Thesis\Dataset\correct_angle_all\person077\right\60_degree18.png,0,0.25782987,3,0.9950165,60,0,1,1,0
person077,75,9,E:\Thesis\Dataset\correct_angle_all\person077\right\75_degree09.png,0,0.18368977,3,0.54578567,75,0,1,1,0
person077,75,14,E:\Thesis\Dataset\correct_angle_all\person077\right\75_degree14.png,0,0.29639235,3,0.54041564,75,0,1,1,0
person077,75,18,E:\Thesis\Dataset\correct_angle_all\person077\right\75_degree18.png,0,0.22074997,3,0.86014897,75,0,1,1,0
person078,-90,2,E:\Thesis\Dataset\correct_angle_all\person078\left\90_degree_02.png,0,0.115133844,3,0.7193405,90,0,1,1,0
person078,-75,2,E:\Thesis\Dataset\correct_angle_all\person078\left\75_degree_02.png,0,0.10219296,3,0.97554797,75,0,1,1,0
person078,-75,9,E:\Thesis\Dataset\correct_angle_all\person078\left\75_degree_09.png,0,0.1428125,3,0.99262667,75,0,1,1,0
person078,-75,18,E:\Thesis\Dataset\correct_angle_all\person078\left\75_degree_18.png,0,0.12561314,3,0.9902878,75,0,1,1,0
person078,-45,2,E:\Thesis\Dataset\correct_angle_all\person078\left\45_degree_02.png,0,0.25777522,3,0.93650883,45,0,1,1,0
person078,-45,9,E:\Thesis\Dataset\correct_angle_all\person078\left\45_degree_09.png,0,0.271159,3,0.9576533,45,0,1,1,0
person078,-45,14,E:\Thesis\Dataset\correct_angle_all\person078\left\45_degree_14.png,0,0.15138994,3,0.8827219,45,0,1,1,0
person078,-45,18,E:\Thesis\Dataset\correct_angle_all\person078\left\45_degree_18.png,0,0.2686398,3,0.92735225,45,0,1,1,0
person078,-30,2,E:\Thesis\Dataset\correct_angle_all\person078\left\30_degree_02.png,0,0.21303916,3,0.99293405,30,0,1,1,0
person078,-30,9,E:\Thesis\Dataset\correct_angle_all\person078\left\30_degree_09.png,0,0.16395508,3,0.9935572,30,0,1,1,0
person078,-30,14,E:\Thesis\Dataset\correct_angle_all\person078\left\30_degree_14.png,0,0.21178652,3,0.96097153,30,0,1,1,0
person078,-30,18,E:\Thesis\Dataset\correct_angle_all\person078\left\30_degree_18.png,0,0.23308676,3,0.98838204,30,0,1,1,0
person078,30,2,E:\Thesis\Dataset\correct_angle_all\person078\right\30_degree02.png,0,0.08562762,3,0.98858356,30,0,1,1,0
person078,30,14,E:\Thesis\Dataset\correct_angle_all\person078\right\30_degree14.png,0,0.06681112,3,0.988343,30,0,1,1,0
person078,30,18,E:\Thesis\Dataset\correct_angle_all\person078\right\30_degree18.png,0,0.04865694,3,0.992033,30,0,1,1,0
person078,45,2,E:\Thesis\Dataset\correct_angle_all\person078\right\45_degree02.png,0,0.10336387,3,0.8869614,45,0,1,1,0
person078,45,9,E:\Thesis\Dataset\correct_angle_all\person078\right\45_degree09.png,0,0.09055441,3,0.9570293,45,0,1,1,0
person078,45,14,E:\Thesis\Dataset\correct_angle_all\person078\right\45_degree14.png,0,0.07523264,3,0.8965299,45,0,1,1,0
person078,45,18,E:\Thesis\Dataset\correct_angle_all\person078\right\45_degree18.png,0,0.07483634,3,0.8289504,45,0,1,1,0
person078,60,2,E:\Thesis\Dataset\correct_angle_all\person078\right\60_degree02.png,0,0.21658726,3,0.9626592,60,0,1,1,0
person078,60,9,E:\Thesis\Dataset\correct_angle_all\person078\right\60_degree09.png,0,0.18419647,3,0.99767715,60,0,1,1,0
person078,60,14,E:\Thesis\Dataset\correct_angle_all\person078\right\60_degree14.png,0,0.1889658,3,0.9973361,60,0,1,1,0
person078,60,18,E:\Thesis\Dataset\correct_angle_all\person078\right\60_degree18.png,0,0.20205908,3,0.9863519,60,0,1,1,0
person078,75,9,E:\Thesis\Dataset\correct_angle_all\person078\right\75_degree09.png,0,0.28884587,3,0.9709411,75,0,1,1,0
person078,75,14,E:\Thesis\Dataset\correct_angle_all\person078\right\75_degree14.png,0,0.24326412,3,0.88875276,75,0,1,1,0
person078,75,18,E:\Thesis\Dataset\correct_angle_all\person078\right\75_degree18.png,0,0.35592505,3,0.7879827,75,0,1,1,0
person078,90,9,E:\Thesis\Dataset\correct_angle_all\person078\right\90_degree09.png,0,0.25733992,3,0.85248417,90,0,1,1,0
person078,90,14,E:\Thesis\Dataset\correct_angle_all\person078\right\90_degree14.png,0,0.15387157,3,0.7015214,90,0,1,1,0
person078,90,18,E:\Thesis\Dataset\correct_angle_all\person078\right\90_degree18.png,0,0.1987596,3,0.59496576,90,0,1,1,0
person079,-60,2,E:\Thesis\Dataset\correct_angle_all\person079\left\60_degree_02.png,0,0.07353801,3,0.9897736,60,0,1,1,0
person079,-60,9,E:\Thesis\Dataset\correct_angle_all\person079\left\60_degree_09.png,0,0.06856998,3,0.96807164,60,0,1,1,0
person079,-60,14,E:\Thesis\Dataset\correct_angle_all\person079\left\60_degree_14.png,0,0.14944512,3,0.97073895,60,0,1,1,0
person079,-60,18,E:\Thesis\Dataset\correct_angle_all\person079\left\60_degree_18.png,0,0.14011675,3,0.9970429,60,0,1,1,0
person079,-45,2,E:\Thesis\Dataset\correct_angle_all\person079\left\45_degree_02.png,0,0.20845811,3,0.7674992,45,0,1,1,0
person079,60,9,E:\Thesis\Dataset\correct_angle_all\person079\right\60_degree09.png,0,0.116993934,3,0.9967014,60,0,1,1,0
person079,60,18,E:\Thesis\Dataset\correct_angle_all\person079\right\60_degree18.png,0,0.12043395,3,0.9899521,60,0,1,1,0
person079,75,9,E:\Thesis\Dataset\correct_angle_all\person079\right\75_degree09.png,0,0.18552963,3,0.89898497,75,0,1,1,0
person079,75,18,E:\Thesis\Dataset\correct_angle_all\person079\right\75_degree18.png,0,0.1953185,3,0.88965756,75,0,1,1,0
person080,-90,2,E:\Thesis\Dataset\correct_angle_all\person080\left\90_degree_02.png,0,0.33003667,3,0.79190636,90,0,1,1,0
person080,-90,9,E:\Thesis\Dataset\correct_angle_all\person080\left\90_degree_09.png,0,0.18239212,3,0.6171514,90,0,1,1,0
person080,-90,14,E:\Thesis\Dataset\correct_angle_all\person080\left\90_degree_14.png,0,0.29707164,3,0.5080707,90,0,1,1,0
person080,-75,2,E:\Thesis\Dataset\correct_angle_all\person080\left\75_degree_02.png,0,0.2931212,3,0.8693506,75,0,1,1,0
person080,-75,9,E:\Thesis\Dataset\correct_angle_all\person080\left\75_degree_09.png,0,0.20520651,3,0.80787545,75,0,1,1,0
person080,-75,18,E:\Thesis\Dataset\correct_angle_all\person080\left\75_degree_18.png,0,0.24074097,3,0.7685618,75,0,1,1,0
person080,-60,2,E:\Thesis\Dataset\correct_angle_all\person080\left\60_degree_02.png,0,0.14282332,3,0.9746674,60,0,1,1,0
person080,-60,9,E:\Thesis\Dataset\correct_angle_all\person080\left\60_degree_09.png,0,0.18808766,3,0.99779534,60,0,1,1,0
person080,-60,14,E:\Thesis\Dataset\correct_angle_all\person080\left\60_degree_14.png,0,0.1639295,3,0.9811261,60,0,1,1,0
person080,-60,18,E:\Thesis\Dataset\correct_angle_all\person080\left\60_degree_18.png,0,0.194488,3,0.9967796,60,0,1,1,0
person080,-45,2,E:\Thesis\Dataset\correct_angle_all\person080\left\45_degree_02.png,0,0.1601181,3,0.9459355,45,0,1,1,0
person080,-45,9,E:\Thesis\Dataset\correct_angle_all\person080\left\45_degree_09.png,0,0.12404082,3,0.9913103,45,0,1,1,0
person080,-45,14,E:\Thesis\Dataset\correct_angle_all\person080\left\45_degree_14.png,0,0.11393147,3,0.9285073,45,0,1,1,0
person080,-45,18,E:\Thesis\Dataset\correct_angle_all\person080\left\45_degree_18.png,0,0.15245757,3,0.9426651,45,0,1,1,0
person080,-30,2,E:\Thesis\Dataset\correct_angle_all\person080\left\30_degree_02.png,0,0.38253346,3,0.99549437,30,0,1,1,0
person080,-30,9,E:\Thesis\Dataset\correct_angle_all\person080\left\30_degree_09.png,0,0.33793032,3,0.9963257,30,0,1,1,0
person080,-30,14,E:\Thesis\Dataset\correct_angle_all\person080\left\30_degree_14.png,0,0.34765914,3,0.99628234,30,0,1,1,0
person080,-30,18,E:\Thesis\Dataset\correct_angle_all\person080\left\30_degree_18.png,0,0.38626373,3,0.99755687,30,0,1,1,0
person080,-15,2,E:\Thesis\Dataset\correct_angle_all\person080\left\15_degree02.png,0,0.23756318,3,0.7320695,15,0,1,1,0
person080,-15,9,E:\Thesis\Dataset\correct_angle_all\person080\left\15_degree09.png,0,0.2480868,3,0.8740731,15,0,1,1,0
person080,-15,18,E:\Thesis\Dataset\correct_angle_all\person080\left\15_degree18.png,0,0.21338733,3,0.4630961,15,0,1,1,0
person080,15,2,E:\Thesis\Dataset\correct_angle_all\person080\right\15_degree02.png,0,0.14540857,3,0.7502596,15,0,1,1,0
person080,15,9,E:\Thesis\Dataset\correct_angle_all\person080\right\15_degree09.png,0,0.109318234,3,0.82870966,15,0,1,1,0
person080,15,14,E:\Thesis\Dataset\correct_angle_all\person080\right\15_degree14.png,0,0.092607,3,0.75739163,15,0,1,1,0
person080,30,2,E:\Thesis\Dataset\correct_angle_all\person080\right\30_degree02.png,0,0.11449191,3,0.98374873,30,0,1,1,0
person080,30,9,E:\Thesis\Dataset\correct_angle_all\person080\right\30_degree09.png,0,0.15056951,3,0.9973971,30,0,1,1,0
person080,30,14,E:\Thesis\Dataset\correct_angle_all\person080\right\30_degree14.png,0,0.1425731,3,0.97581273,30,0,1,1,0
person080,30,18,E:\Thesis\Dataset\correct_angle_all\person080\right\30_degree18.png,0,0.19282643,3,0.9641254,30,0,1,1,0
person080,45,2,E:\Thesis\Dataset\correct_angle_all\person080\right\45_degree02.png,0,0.1549951,3,0.97393197,45,0,1,1,0
person080,45,9,E:\Thesis\Dataset\correct_angle_all\person080\right\45_degree09.png,0,0.17446612,3,0.98724526,45,0,1,1,0
person080,45,14,E:\Thesis\Dataset\correct_angle_all\person080\right\45_degree14.png,0,0.1425231,3,0.948747,45,0,1,1,0
person080,45,18,E:\Thesis\Dataset\correct_angle_all\person080\right\45_degree18.png,0,0.19077261,3,0.9777625,45,0,1,1,0
person080,60,2,E:\Thesis\Dataset\correct_angle_all\person080\right\60_degree02.png,0,0.083960384,3,0.99735004,60,0,1,1,0
person080,60,9,E:\Thesis\Dataset\correct_angle_all\person080\right\60_degree09.png,0,0.08719457,3,0.9898689,60,0,1,1,0
person080,60,14,E:\Thesis\Dataset\correct_angle_all\person080\right\60_degree14.png,0,0.12084815,3,0.9919737,60,0,1,1,0
person080,60,18,E:\Thesis\Dataset\correct_angle_all\person080\right\60_degree18.png,0,0.08755378,3,0.9948419,60,0,1,1,0
person080,75,9,E:\Thesis\Dataset\correct_angle_all\person080\right\75_degree09.png,0,0.08759856,3,0.92712665,75,0,1,1,0
person080,75,14,E:\Thesis\Dataset\correct_angle_all\person080\right\75_degree14.png,0,0.08645751,3,0.86237454,75,0,1,1,0
person080,75,18,E:\Thesis\Dataset\correct_angle_all\person080\right\75_degree18.png,0,0.085074246,3,0.90727705,75,0,1,1,0
person080,90,2,E:\Thesis\Dataset\correct_angle_all\person080\right\90_degree02.png,0,0.13528593,3,0.86465096,90,0,1,1,0
person080,90,9,E:\Thesis\Dataset\correct_angle_all\person080\right\90_degree09.png,0,0.16551654,3,0.8245254,90,0,1,1,0
person080,90,14,E:\Thesis\Dataset\correct_angle_all\person080\right\90_degree14.png,0,0.09760531,3,0.7151969,90,0,1,1,0
person080,90,18,E:\Thesis\Dataset\correct_angle_all\person080\right\90_degree18.png,0,0.1597357,3,0.80822664,90,0,1,1,0
person081,-90,2,E:\Thesis\Dataset\correct_angle_all\person081\left\90_degree_02.png,0,0.3343087,3,0.26873663,90,0,1,1,0
person081,-90,9,E:\Thesis\Dataset\correct_angle_all\person081\left\90_degree_09.png,0,0.22028501,3,0.26594755,90,0,1,1,0
person081,-90,14,E:\Thesis\Dataset\correct_angle_all\person081\left\90_degree_14.png,0,0.32193574,3,0.34668425,90,0,1,1,0
person081,-90,18,E:\Thesis\Dataset\correct_angle_all\person081\left\90_degree_18.png,0,0.20182343,3,0.3504583,90,0,1,1,0
person081,-75,2,E:\Thesis\Dataset\correct_angle_all\person081\left\75_degree_02.png,0,0.33205092,3,0.23649605,75,0,1,1,0
person081,-75,18,E:\Thesis\Dataset\correct_angle_all\person081\left\75_degree_18.png,0,0.3071123,3,0.23483534,75,0,1,1,0
person081,-60,2,E:\Thesis\Dataset\correct_angle_all\person081\left\60_degree_02.png,0,0.26854056,3,0.9297585,60,0,1,1,0
person081,-60,9,E:\Thesis\Dataset\correct_angle_all\person081\left\60_degree_09.png,0,0.2650297,3,0.9698653,60,0,1,1,0
person081,-60,14,E:\Thesis\Dataset\correct_angle_all\person081\left\60_degree_14.png,0,0.24644531,3,0.95527214,60,0,1,1,0
person081,-60,18,E:\Thesis\Dataset\correct_angle_all\person081\left\60_degree_18.png,0,0.36959696,3,0.9886837,60,0,1,1,0
person081,-45,2,E:\Thesis\Dataset\correct_angle_all\person081\left\45_degree_02.png,0,0.25756338,3,0.8903107,45,0,1,1,0
person081,-45,9,E:\Thesis\Dataset\correct_angle_all\person081\left\45_degree_09.png,0,0.1714489,3,0.56198055,45,0,1,1,0
person081,-45,14,E:\Thesis\Dataset\correct_angle_all\person081\left\45_degree_14.png,0,0.21730505,3,0.61689144,45,0,1,1,0
person081,-45,18,E:\Thesis\Dataset\correct_angle_all\person081\left\45_degree_18.png,0,0.2133833,3,0.7485833,45,0,1,1,0
person081,-30,2,E:\Thesis\Dataset\correct_angle_all\person081\left\30_degree_02.png,0,0.20709617,3,0.9964387,30,0,1,1,0
person081,-30,9,E:\Thesis\Dataset\correct_angle_all\person081\left\30_degree_09.png,0,0.12878208,3,0.9198534,30,0,1,1,0
person081,-30,14,E:\Thesis\Dataset\correct_angle_all\person081\left\30_degree_14.png,0,0.1398127,3,0.9693542,30,0,1,1,0
person081,-30,18,E:\Thesis\Dataset\correct_angle_all\person081\left\30_degree_18.png,0,0.19917254,3,0.980972,30,0,1,1,0
person081,15,14,E:\Thesis\Dataset\correct_angle_all\person081\right\15_degree14.png,0,0.18768959,3,0.66024065,15,0,1,1,0
person081,30,2,E:\Thesis\Dataset\correct_angle_all\person081\right\30_degree02.png,0,0.28355,3,0.9561119,30,0,1,1,0
person081,30,9,E:\Thesis\Dataset\correct_angle_all\person081\right\30_degree09.png,0,0.35180673,3,0.9728885,30,0,1,1,0
person081,30,14,E:\Thesis\Dataset\correct_angle_all\person081\right\30_degree14.png,0,0.38504505,3,0.9751342,30,0,1,1,0
person081,30,18,E:\Thesis\Dataset\correct_angle_all\person081\right\30_degree18.png,0,0.3645526,3,0.9323773,30,0,1,1,0
person081,45,2,E:\Thesis\Dataset\correct_angle_all\person081\right\45_degree02.png,0,0.22898905,3,0.7948162,45,0,1,1,0
person081,45,9,E:\Thesis\Dataset\correct_angle_all\person081\right\45_degree09.png,0,0.3876327,3,0.8950784,45,0,1,1,0
person081,45,14,E:\Thesis\Dataset\correct_angle_all\person081\right\45_degree14.png,0,0.27984127,3,0.9357944,45,0,1,1,0
person081,45,18,E:\Thesis\Dataset\correct_angle_all\person081\right\45_degree18.png,0,0.4306582,3,0.9547282,45,0,1,1,0
person081,60,2,E:\Thesis\Dataset\correct_angle_all\person081\right\60_degree02.png,0,0.09550286,3,0.9287756,60,0,1,1,0
person081,60,9,E:\Thesis\Dataset\correct_angle_all\person081\right\60_degree09.png,0,0.13735141,3,0.9851844,60,0,1,1,0
person081,60,14,E:\Thesis\Dataset\correct_angle_all\person081\right\60_degree14.png,0,0.074031465,3,0.9968464,60,0,1,1,0
person081,60,18,E:\Thesis\Dataset\correct_angle_all\person081\right\60_degree18.png,0,0.10752799,3,0.99279237,60,0,1,1,0
person081,75,9,E:\Thesis\Dataset\correct_angle_all\person081\right\75_degree09.png,0,0.103149496,3,0.6343334,75,0,1,1,0
person081,75,14,E:\Thesis\Dataset\correct_angle_all\person081\right\75_degree14.png,0,0.09927908,3,0.86249876,75,0,1,1,0
person081,75,18,E:\Thesis\Dataset\correct_angle_all\person081\right\75_degree18.png,0,0.09444917,3,0.8292162,75,0,1,1,0
person081,90,2,E:\Thesis\Dataset\correct_angle_all\person081\right\90_degree02.png,0,0.09656117,3,0.2184843,90,0,1,1,0
person081,90,14,E:\Thesis\Dataset\correct_angle_all\person081\right\90_degree14.png,0,0.09740456,3,0.34243014,90,0,1,1,0
person081,90,18,E:\Thesis\Dataset\correct_angle_all\person081\right\90_degree18.png,0,0.09648595,3,0.4490647,90,0,1,1,0
person082,-75,9,E:\Thesis\Dataset\correct_angle_all\person082\left\75_degree_09.png,0,0.15280716,3,0.7330289,75,0,1,1,0
person082,-75,18,E:\Thesis\Dataset\correct_angle_all\person082\left\75_degree_18.png,0,0.1717629,3,0.9531061,75,0,1,1,0
person082,-60,2,E:\Thesis\Dataset\correct_angle_all\person082\left\60_degree_02.png,0,0.21770477,3,0.8162667,60,0,1,1,0
person082,-60,9,E:\Thesis\Dataset\correct_angle_all\person082\left\60_degree_09.png,0,0.14163452,3,0.97263104,60,0,1,1,0
person082,-60,14,E:\Thesis\Dataset\correct_angle_all\person082\left\60_degree_14.png,0,0.15389614,3,0.9885883,60,0,1,1,0
person082,-60,18,E:\Thesis\Dataset\correct_angle_all\person082\left\60_degree_18.png,0,0.1733192,3,0.9963067,60,0,1,1,0
person082,-45,9,E:\Thesis\Dataset\correct_angle_all\person082\left\45_degree_09.png,0,0.21316402,3,0.4167385,45,0,1,1,0
person082,-45,14,E:\Thesis\Dataset\correct_angle_all\person082\left\45_degree_14.png,0,0.20675035,3,0.55021006,45,0,1,1,0
person082,-45,18,E:\Thesis\Dataset\correct_angle_all\person082\left\45_degree_18.png,0,0.2570814,3,0.6364219,45,0,1,1,0
person082,-30,2,E:\Thesis\Dataset\correct_angle_all\person082\left\30_degree_02.png,0,0.088737525,3,0.9238842,30,0,1,1,0
person082,-30,9,E:\Thesis\Dataset\correct_angle_all\person082\left\30_degree_09.png,0,0.074965246,3,0.99529696,30,0,1,1,0
person082,-30,14,E:\Thesis\Dataset\correct_angle_all\person082\left\30_degree_14.png,0,0.10852826,3,0.9702609,30,0,1,1,0
person082,-30,18,E:\Thesis\Dataset\correct_angle_all\person082\left\30_degree_18.png,0,0.07426255,3,0.9957964,30,0,1,1,0
person082,-15,2,E:\Thesis\Dataset\correct_angle_all\person082\left\15_degree02.png,0,0.06829425,3,0.5005879,15,0,1,1,0
person082,-15,9,E:\Thesis\Dataset\correct_angle_all\person082\left\15_degree09.png,0,0.09750921,3,0.7501307,15,0,1,1,0
person082,-15,14,E:\Thesis\Dataset\correct_angle_all\person082\left\15_degree14.png,0,0.057610404,3,0.69205475,15,0,1,1,0
person082,-15,18,E:\Thesis\Dataset\correct_angle_all\person082\left\15_degree18.png,0,0.07868788,3,0.74423057,15,0,1,1,0
person082,30,2,E:\Thesis\Dataset\correct_angle_all\person082\right\30_degree02.png,0,0.11737031,3,0.9408906,30,0,1,1,0
person082,30,9,E:\Thesis\Dataset\correct_angle_all\person082\right\30_degree09.png,0,0.11424088,3,0.9978864,30,0,1,1,0
person082,30,14,E:\Thesis\Dataset\correct_angle_all\person082\right\30_degree14.png,0,0.082778536,3,0.9297313,30,0,1,1,0
person082,30,18,E:\Thesis\Dataset\correct_angle_all\person082\right\30_degree18.png,0,0.093828164,3,0.9836919,30,0,1,1,0
person082,45,2,E:\Thesis\Dataset\correct_angle_all\person082\right\45_degree02.png,0,0.19221365,3,0.37784353,45,0,1,1,0
person082,45,9,E:\Thesis\Dataset\correct_angle_all\person082\right\45_degree09.png,0,0.17831254,3,0.82679313,45,0,1,1,0
person082,45,18,E:\Thesis\Dataset\correct_angle_all\person082\right\45_degree18.png,0,0.17491715,3,0.7656638,45,0,1,1,0
person082,60,2,E:\Thesis\Dataset\correct_angle_all\person082\right\60_degree02.png,0,0.08204421,3,0.6598303,60,0,1,1,0
person082,60,9,E:\Thesis\Dataset\correct_angle_all\person082\right\60_degree09.png,0,0.11311426,3,0.9678158,60,0,1,1,0
person082,60,14,E:\Thesis\Dataset\correct_angle_all\person082\right\60_degree14.png,0,0.099969834,3,0.9958752,60,0,1,1,0
person082,60,18,E:\Thesis\Dataset\correct_angle_all\person082\right\60_degree18.png,0,0.08971587,3,0.98477006,60,0,1,1,0
person082,75,14,E:\Thesis\Dataset\correct_angle_all\person082\right\75_degree14.png,0,0.17856461,3,0.55525404,75,0,1,1,0
person082,75,18,E:\Thesis\Dataset\correct_angle_all\person082\right\75_degree18.png,0,0.13742863,3,0.37317297,75,0,1,1,0
person083,-75,9,E:\Thesis\Dataset\correct_angle_all\person083\left\75_degree_09.png,0,0.15171425,3,0.783565,75,0,1,1,0
person083,-75,18,E:\Thesis\Dataset\correct_angle_all\person083\left\75_degree_18.png,0,0.17453693,3,0.6458786,75,0,1,1,0
person083,-60,2,E:\Thesis\Dataset\correct_angle_all\person083\left\60_degree_02.png,0,0.20801465,3,0.9653924,60,0,1,1,0
person083,-60,9,E:\Thesis\Dataset\correct_angle_all\person083\left\60_degree_09.png,0,0.1420782,3,0.9925969,60,0,1,1,0
person083,-60,14,E:\Thesis\Dataset\correct_angle_all\person083\left\60_degree_14.png,0,0.17616935,3,0.79478604,60,0,1,1,0
person083,-60,18,E:\Thesis\Dataset\correct_angle_all\person083\left\60_degree_18.png,0,0.17184342,3,0.9351503,60,0,1,1,0
person083,-45,2,E:\Thesis\Dataset\correct_angle_all\person083\left\45_degree_02.png,0,0.22576015,3,0.76596475,45,0,1,1,0
person083,-45,9,E:\Thesis\Dataset\correct_angle_all\person083\left\45_degree_09.png,0,0.18023144,3,0.6440812,45,0,1,1,0
person083,-45,14,E:\Thesis\Dataset\correct_angle_all\person083\left\45_degree_14.png,0,0.24040413,3,0.6574201,45,0,1,1,0
person083,-45,18,E:\Thesis\Dataset\correct_angle_all\person083\left\45_degree_18.png,0,0.17378889,3,0.8802803,45,0,1,1,0
person083,-30,2,E:\Thesis\Dataset\correct_angle_all\person083\left\30_degree_02.png,0,0.23904276,3,0.96815395,30,0,1,1,0
person083,-30,9,E:\Thesis\Dataset\correct_angle_all\person083\left\30_degree_09.png,0,0.18201877,3,0.95831966,30,0,1,1,0
person083,-30,14,E:\Thesis\Dataset\correct_angle_all\person083\left\30_degree_14.png,0,0.169282,3,0.96022004,30,0,1,1,0
person083,-30,18,E:\Thesis\Dataset\correct_angle_all\person083\left\30_degree_18.png,0,0.24965562,3,0.95690817,30,0,1,1,0
person083,-15,2,E:\Thesis\Dataset\correct_angle_all\person083\left\15_degree02.png,0,0.084475376,3,0.6902323,15,0,1,1,0
person083,-15,9,E:\Thesis\Dataset\correct_angle_all\person083\left\15_degree09.png,0,0.09345303,3,0.8531328,15,0,1,1,0
person083,-15,14,E:\Thesis\Dataset\correct_angle_all\person083\left\15_degree14.png,0,0.0876621,3,0.8126037,15,0,1,1,0
person083,-15,18,E:\Thesis\Dataset\correct_angle_all\person083\left\15_degree18.png,0,0.10626671,3,0.8131692,15,0,1,1,0
person083,15,9,E:\Thesis\Dataset\correct_angle_all\person083\right\15_degree09.png,0,0.16953973,3,0.70385534,15,0,1,1,0
person083,15,14,E:\Thesis\Dataset\correct_angle_all\person083\right\15_degree14.png,0,0.40142348,3,0.60499185,15,0,1,1,0
person083,15,18,E:\Thesis\Dataset\correct_angle_all\person083\right\15_degree18.png,0,0.21816517,3,0.74636006,15,0,1,1,0
person083,30,2,E:\Thesis\Dataset\correct_angle_all\person083\right\30_degree02.png,0,0.268326,3,0.9860892,30,0,1,1,0
person083,30,9,E:\Thesis\Dataset\correct_angle_all\person083\right\30_degree09.png,0,0.35991216,3,0.911166,30,0,1,1,0
person083,30,14,E:\Thesis\Dataset\correct_angle_all\person083\right\30_degree14.png,0,0.2911905,3,0.9497618,30,0,1,1,0
person083,30,18,E:\Thesis\Dataset\correct_angle_all\person083\right\30_degree18.png,0,0.28735673,3,0.96748465,30,0,1,1,0
person083,45,2,E:\Thesis\Dataset\correct_angle_all\person083\right\45_degree02.png,0,0.27037767,3,0.7367788,45,0,1,1,0
person083,45,9,E:\Thesis\Dataset\correct_angle_all\person083\right\45_degree09.png,0,0.3734245,3,0.9416721,45,0,1,1,0
person083,45,14,E:\Thesis\Dataset\correct_angle_all\person083\right\45_degree14.png,0,0.29986104,3,0.9424858,45,0,1,1,0
person083,45,18,E:\Thesis\Dataset\correct_angle_all\person083\right\45_degree18.png,0,0.26531136,3,0.9757913,45,0,1,1,0
person083,60,2,E:\Thesis\Dataset\correct_angle_all\person083\right\60_degree02.png,0,0.07383615,3,0.6900831,60,0,1,1,0
person083,60,9,E:\Thesis\Dataset\correct_angle_all\person083\right\60_degree09.png,0,0.10419967,3,0.9962201,60,0,1,1,0
person083,60,14,E:\Thesis\Dataset\correct_angle_all\person083\right\60_degree14.png,0,0.07266363,3,0.8700822,60,0,1,1,0
person083,60,18,E:\Thesis\Dataset\correct_angle_all\person083\right\60_degree18.png,0,0.10619402,3,0.9963178,60,0,1,1,0
person083,75,9,E:\Thesis\Dataset\correct_angle_all\person083\right\75_degree09.png,0,0.121110834,3,0.9186876,75,0,1,1,0
person083,75,14,E:\Thesis\Dataset\correct_angle_all\person083\right\75_degree14.png,0,0.15269713,3,0.73769397,75,0,1,1,0
person083,75,18,E:\Thesis\Dataset\correct_angle_all\person083\right\75_degree18.png,0,0.11212224,3,0.9818072,75,0,1,1,0
person084,-90,2,E:\Thesis\Dataset\correct_angle_all\person084\left\90_degree_02.png,0,0.19556487,3,0.4912448,90,0,1,1,0
person084,-75,2,E:\Thesis\Dataset\correct_angle_all\person084\left\75_degree_02.png,0,0.0954191,3,0.7187899,75,0,1,1,0
person084,-75,9,E:\Thesis\Dataset\correct_angle_all\person084\left\75_degree_09.png,0,0.16079503,3,0.7367762,75,0,1,1,0
person084,-75,18,E:\Thesis\Dataset\correct_angle_all\person084\left\75_degree_18.png,0,0.10307259,3,0.6907466,75,0,1,1,0
person084,-60,2,E:\Thesis\Dataset\correct_angle_all\person084\left\60_degree_02.png,0,0.1178619,3,0.87496275,60,0,1,1,0
person084,-60,9,E:\Thesis\Dataset\correct_angle_all\person084\left\60_degree_09.png,0,0.18224192,3,0.9802392,60,0,1,1,0
person084,-60,14,E:\Thesis\Dataset\correct_angle_all\person084\left\60_degree_14.png,0,0.12633105,3,0.9775996,60,0,1,1,0
person084,-60,18,E:\Thesis\Dataset\correct_angle_all\person084\left\60_degree_18.png,0,0.15344834,3,0.9904327,60,0,1,1,0
person084,-45,2,E:\Thesis\Dataset\correct_angle_all\person084\left\45_degree_02.png,0,0.2319841,3,0.89183956,45,0,1,1,0
person084,-45,9,E:\Thesis\Dataset\correct_angle_all\person084\left\45_degree_09.png,0,0.19283928,3,0.89404136,45,0,1,1,0
person084,-45,14,E:\Thesis\Dataset\correct_angle_all\person084\left\45_degree_14.png,0,0.15969013,3,0.73622483,45,0,1,1,0
person084,-45,18,E:\Thesis\Dataset\correct_angle_all\person084\left\45_degree_18.png,0,0.15003122,3,0.9207333,45,0,1,1,0
person084,-30,2,E:\Thesis\Dataset\correct_angle_all\person084\left\30_degree_02.png,0,0.24669874,3,0.9782686,30,0,1,1,0
person084,-30,9,E:\Thesis\Dataset\correct_angle_all\person084\left\30_degree_09.png,0,0.20697771,3,0.99677986,30,0,1,1,0
person084,-30,14,E:\Thesis\Dataset\correct_angle_all\person084\left\30_degree_14.png,0,0.19851083,3,0.8906376,30,0,1,1,0
person084,-30,18,E:\Thesis\Dataset\correct_angle_all\person084\left\30_degree_18.png,0,0.23345792,3,0.99099416,30,0,1,1,0
person084,-15,2,E:\Thesis\Dataset\correct_angle_all\person084\left\15_degree02.png,0,0.109342754,3,0.91201276,15,0,1,1,0
person084,-15,14,E:\Thesis\Dataset\correct_angle_all\person084\left\15_degree14.png,0,0.09257499,3,0.6845848,15,0,1,1,0
person084,-15,18,E:\Thesis\Dataset\correct_angle_all\person084\left\15_degree18.png,0,0.12080897,3,0.9288536,15,0,1,1,0
person084,15,9,E:\Thesis\Dataset\correct_angle_all\person084\right\15_degree09.png,0,0.47047165,3,0.9312899,15,0,1,1,0
person084,30,2,E:\Thesis\Dataset\correct_angle_all\person084\right\30_degree02.png,0,0.29461035,3,0.943898,30,0,1,1,0
person084,30,9,E:\Thesis\Dataset\correct_angle_all\person084\right\30_degree09.png,0,0.5014241,3,0.99413186,30,0,1,1,0
person084,30,14,E:\Thesis\Dataset\correct_angle_all\person084\right\30_degree14.png,0,0.31242317,3,0.9974317,30,0,1,1,0
person084,30,18,E:\Thesis\Dataset\correct_angle_all\person084\right\30_degree18.png,0,0.45039248,3,0.99576896,30,0,1,1,0
person084,45,2,E:\Thesis\Dataset\correct_angle_all\person084\right\45_degree02.png,0,0.34090233,3,0.9646747,45,0,1,1,0
person084,45,9,E:\Thesis\Dataset\correct_angle_all\person084\right\45_degree09.png,0,0.3860437,3,0.99246377,45,0,1,1,0
person084,45,14,E:\Thesis\Dataset\correct_angle_all\person084\right\45_degree14.png,0,0.2664033,3,0.91916996,45,0,1,1,0
person084,45,18,E:\Thesis\Dataset\correct_angle_all\person084\right\45_degree18.png,0,0.43988505,3,0.9754022,45,0,1,1,0
person084,60,2,E:\Thesis\Dataset\correct_angle_all\person084\right\60_degree02.png,0,0.127994,3,0.97873443,60,0,1,1,0
person084,60,9,E:\Thesis\Dataset\correct_angle_all\person084\right\60_degree09.png,0,0.24164374,3,0.9969063,60,0,1,1,0
person084,60,14,E:\Thesis\Dataset\correct_angle_all\person084\right\60_degree14.png,0,0.18955415,3,0.942955,60,0,1,1,0
person084,60,18,E:\Thesis\Dataset\correct_angle_all\person084\right\60_degree18.png,0,0.24547446,3,0.9917784,60,0,1,1,0
person084,75,9,E:\Thesis\Dataset\correct_angle_all\person084\right\75_degree09.png,0,0.11594373,3,0.8596025,75,0,1,1,0
person084,75,18,E:\Thesis\Dataset\correct_angle_all\person084\right\75_degree18.png,0,0.09156992,3,0.4970242,75,0,1,1,0
person084,90,2,E:\Thesis\Dataset\correct_angle_all\person084\right\90_degree02.png,0,0.051710684,3,0.39123145,90,0,1,1,0
person084,90,9,E:\Thesis\Dataset\correct_angle_all\person084\right\90_degree09.png,0,0.066682465,3,0.73340654,90,0,1,1,0
person084,90,14,E:\Thesis\Dataset\correct_angle_all\person084\right\90_degree14.png,0,0.067183234,3,0.23972571,90,0,1,1,0
person084,90,18,E:\Thesis\Dataset\correct_angle_all\person084\right\90_degree18.png,0,0.056679774,3,0.47763845,90,0,1,1,0
person085,-75,18,E:\Thesis\Dataset\correct_angle_all\person085\left\75_degree_18.png,0,0.15326512,3,0.65902114,75,0,1,1,0
person085,-60,2,E:\Thesis\Dataset\correct_angle_all\person085\left\60_degree_02.png,0,0.19375771,3,0.6816349,60,0,1,1,0
person085,-60,9,E:\Thesis\Dataset\correct_angle_all\person085\left\60_degree_09.png,0,0.13574456,3,0.88924384,60,0,1,1,0
person085,-60,14,E:\Thesis\Dataset\correct_angle_all\person085\left\60_degree_14.png,0,0.18656778,3,0.9954419,60,0,1,1,0
person085,-60,18,E:\Thesis\Dataset\correct_angle_all\person085\left\60_degree_18.png,0,0.15386893,3,0.9787436,60,0,1,1,0
person085,-45,2,E:\Thesis\Dataset\correct_angle_all\person085\left\45_degree_02.png,0,0.20797856,3,0.49778548,45,0,1,1,0
person085,-45,9,E:\Thesis\Dataset\correct_angle_all\person085\left\45_degree_09.png,0,0.18939537,3,0.9055102,45,0,1,1,0
person085,-45,14,E:\Thesis\Dataset\correct_angle_all\person085\left\45_degree_14.png,0,0.18597126,3,0.8805495,45,0,1,1,0
person085,-45,18,E:\Thesis\Dataset\correct_angle_all\person085\left\45_degree_18.png,0,0.21404326,3,0.7024047,45,0,1,1,0
person085,-30,2,E:\Thesis\Dataset\correct_angle_all\person085\left\30_degree_02.png,0,0.1745587,3,0.95791084,30,0,1,1,0
person085,-30,9,E:\Thesis\Dataset\correct_angle_all\person085\left\30_degree_09.png,0,0.14576031,3,0.9951384,30,0,1,1,0
person085,-30,14,E:\Thesis\Dataset\correct_angle_all\person085\left\30_degree_14.png,0,0.17422958,3,0.98881364,30,0,1,1,0
person085,-30,18,E:\Thesis\Dataset\correct_angle_all\person085\left\30_degree_18.png,0,0.20793669,3,0.9385893,30,0,1,1,0
person085,-15,9,E:\Thesis\Dataset\correct_angle_all\person085\left\15_degree09.png,0,0.146411,3,0.6688455,15,0,1,1,0
person085,-15,14,E:\Thesis\Dataset\correct_angle_all\person085\left\15_degree14.png,0,0.120863765,3,0.39043105,15,0,1,1,0
person085,15,2,E:\Thesis\Dataset\correct_angle_all\person085\right\15_degree02.png,0,0.084662266,3,0.27982333,15,0,1,1,0
person085,30,2,E:\Thesis\Dataset\correct_angle_all\person085\right\30_degree02.png,0,0.1836871,3,0.98722696,30,0,1,1,0
person085,30,9,E:\Thesis\Dataset\correct_angle_all\person085\right\30_degree09.png,0,0.14348543,3,0.9374272,30,0,1,1,0
person085,30,14,E:\Thesis\Dataset\correct_angle_all\person085\right\30_degree14.png,0,0.2005321,3,0.9829729,30,0,1,1,0
person085,30,18,E:\Thesis\Dataset\correct_angle_all\person085\right\30_degree18.png,0,0.17247565,3,0.97993535,30,0,1,1,0
person085,60,2,E:\Thesis\Dataset\correct_angle_all\person085\right\60_degree02.png,0,0.050912287,3,0.9877024,60,0,1,1,0
person085,60,9,E:\Thesis\Dataset\correct_angle_all\person085\right\60_degree09.png,0,0.06142663,3,0.9290717,60,0,1,1,0
person085,60,14,E:\Thesis\Dataset\correct_angle_all\person085\right\60_degree14.png,0,0.054570273,3,0.88147014,60,0,1,1,0
person085,60,18,E:\Thesis\Dataset\correct_angle_all\person085\right\60_degree18.png,0,0.050635826,3,0.99374175,60,0,1,1,0
person085,75,18,E:\Thesis\Dataset\correct_angle_all\person085\right\75_degree18.png,0,0.064082384,3,0.4947238,75,0,1,1,0
person086,-75,2,E:\Thesis\Dataset\correct_angle_all\person086\left\75_degree_02.png,0,0.10339323,3,0.3818011,75,0,1,1,0
person086,-75,18,E:\Thesis\Dataset\correct_angle_all\person086\left\75_degree_18.png,0,0.071091704,3,0.58113056,75,0,1,1,0
person086,-60,2,E:\Thesis\Dataset\correct_angle_all\person086\left\60_degree_02.png,0,0.098695,3,0.89340734,60,0,1,1,0
person086,-60,9,E:\Thesis\Dataset\correct_angle_all\person086\left\60_degree_09.png,0,0.07769608,3,0.95242184,60,0,1,1,0
person086,-60,14,E:\Thesis\Dataset\correct_angle_all\person086\left\60_degree_14.png,0,0.07878058,3,0.993148,60,0,1,1,0
person086,-30,18,E:\Thesis\Dataset\correct_angle_all\person086\left\30_degree_18.png,0,0.06790017,3,0.9965909,30,0,1,1,0
person086,30,2,E:\Thesis\Dataset\correct_angle_all\person086\right\30_degree02.png,0,0.28245834,3,0.99568033,30,0,1,1,0
person086,45,2,E:\Thesis\Dataset\correct_angle_all\person086\right\45_degree02.png,0,0.1398196,3,0.39607164,45,0,1,1,0
person086,45,9,E:\Thesis\Dataset\correct_angle_all\person086\right\45_degree09.png,0,0.17094867,3,0.63208616,45,0,1,1,0
person086,45,18,E:\Thesis\Dataset\correct_angle_all\person086\right\45_degree18.png,0,0.10108966,3,0.45501623,45,0,1,1,0
person086,60,2,E:\Thesis\Dataset\correct_angle_all\person086\right\60_degree02.png,0,0.084678024,3,0.96642274,60,0,1,1,0
person086,60,14,E:\Thesis\Dataset\correct_angle_all\person086\right\60_degree14.png,0,0.12514752,3,0.94514847,60,0,1,1,0
person086,75,9,E:\Thesis\Dataset\correct_angle_all\person086\right\75_degree09.png,0,0.07773679,3,0.71176356,75,0,1,1,0
person086,75,18,E:\Thesis\Dataset\correct_angle_all\person086\right\75_degree18.png,0,0.08089607,3,0.7026914,75,0,1,1,0
person087,-75,2,E:\Thesis\Dataset\correct_angle_all\person087\left\75_degree_02.png,0,0.15673935,3,0.71720964,75,0,1,1,0
person087,-75,9,E:\Thesis\Dataset\correct_angle_all\person087\left\75_degree_09.png,0,0.12285137,3,0.45877227,75,0,1,1,0
person087,-75,18,E:\Thesis\Dataset\correct_angle_all\person087\left\75_degree_18.png,0,0.11879713,3,0.33565387,75,0,1,1,0
person087,-60,2,E:\Thesis\Dataset\correct_angle_all\person087\left\60_degree_02.png,0,0.13394065,3,0.99266094,60,0,1,1,0
person087,-60,9,E:\Thesis\Dataset\correct_angle_all\person087\left\60_degree_09.png,0,0.16723476,3,0.9899251,60,0,1,1,0
person087,-60,14,E:\Thesis\Dataset\correct_angle_all\person087\left\60_degree_14.png,0,0.09904885,3,0.98310417,60,0,1,1,0
person087,-60,18,E:\Thesis\Dataset\correct_angle_all\person087\left\60_degree_18.png,0,0.14227188,3,0.99562806,60,0,1,1,0
person087,30,9,E:\Thesis\Dataset\correct_angle_all\person087\right\30_degree09.png,0,0.10509954,3,0.9988902,30,0,1,1,0
person087,30,18,E:\Thesis\Dataset\correct_angle_all\person087\right\30_degree18.png,0,0.1407444,3,0.9973881,30,0,1,1,0
person087,45,2,E:\Thesis\Dataset\correct_angle_all\person087\right\45_degree02.png,0,0.18835185,3,0.45304498,45,0,1,1,0
person087,45,9,E:\Thesis\Dataset\correct_angle_all\person087\right\45_degree09.png,0,0.33105275,3,0.6124517,45,0,1,1,0
person087,45,14,E:\Thesis\Dataset\correct_angle_all\person087\right\45_degree14.png,0,0.18648653,3,0.80953664,45,0,1,1,0
person087,45,18,E:\Thesis\Dataset\correct_angle_all\person087\right\45_degree18.png,0,0.32216588,3,0.6978771,45,0,1,1,0
person087,60,2,E:\Thesis\Dataset\correct_angle_all\person087\right\60_degree02.png,0,0.09116425,3,0.95697784,60,0,1,1,0
person087,60,9,E:\Thesis\Dataset\correct_angle_all\person087\right\60_degree09.png,0,0.10003901,3,0.97242665,60,0,1,1,0
person087,60,14,E:\Thesis\Dataset\correct_angle_all\person087\right\60_degree14.png,0,0.13838612,3,0.98536175,60,0,1,1,0
person087,60,18,E:\Thesis\Dataset\correct_angle_all\person087\right\60_degree18.png,0,0.08780702,3,0.99194145,60,0,1,1,0
person088,-75,2,E:\Thesis\Dataset\correct_angle_all\person088\left\75_degree_02.png,0,0.18700294,3,0.5335428,75,0,1,1,0
person088,-60,2,E:\Thesis\Dataset\correct_angle_all\person088\left\60_degree_02.png,0,0.26505896,3,0.9783154,60,0,1,1,0
person088,-60,9,E:\Thesis\Dataset\correct_angle_all\person088\left\60_degree_09.png,0,0.19302845,3,0.9974618,60,0,1,1,0
person088,-60,14,E:\Thesis\Dataset\correct_angle_all\person088\left\60_degree_14.png,0,0.16446692,3,0.94011545,60,0,1,1,0
person088,-60,18,E:\Thesis\Dataset\correct_angle_all\person088\left\60_degree_18.png,0,0.23055124,3,0.98707014,60,0,1,1,0
person088,-45,2,E:\Thesis\Dataset\correct_angle_all\person088\left\45_degree_02.png,0,0.14511836,3,0.9773474,45,0,1,1,0
person088,-45,9,E:\Thesis\Dataset\correct_angle_all\person088\left\45_degree_09.png,0,0.16544978,3,0.96,45,0,1,1,0
person088,-45,14,E:\Thesis\Dataset\correct_angle_all\person088\left\45_degree_14.png,0,0.15550815,3,0.9329395,45,0,1,1,0
person088,-30,2,E:\Thesis\Dataset\correct_angle_all\person088\left\30_degree_02.png,0,0.096999116,3,0.9976215,30,0,1,1,0
person088,-15,2,E:\Thesis\Dataset\correct_angle_all\person088\left\15_degree02.png,0,0.1680787,3,0.6160876,15,0,1,1,0
person088,15,2,E:\Thesis\Dataset\correct_angle_all\person088\right\15_degree02.png,0,0.08930352,3,0.8077939,15,0,1,1,0
person088,15,9,E:\Thesis\Dataset\correct_angle_all\person088\right\15_degree09.png,0,0.12408946,3,0.7740769,15,0,1,1,0
person088,15,14,E:\Thesis\Dataset\correct_angle_all\person088\right\15_degree14.png,0,0.11685739,3,0.7091365,15,0,1,1,0
person088,15,18,E:\Thesis\Dataset\correct_angle_all\person088\right\15_degree18.png,0,0.099972785,3,0.5997605,15,0,1,1,0
person088,30,2,E:\Thesis\Dataset\correct_angle_all\person088\right\30_degree02.png,0,0.08352905,3,0.9864118,30,0,1,1,0
person088,45,2,E:\Thesis\Dataset\correct_angle_all\person088\right\45_degree02.png,0,0.13682307,3,0.8951438,45,0,1,1,0
person088,45,9,E:\Thesis\Dataset\correct_angle_all\person088\right\45_degree09.png,0,0.122310646,3,0.7539194,45,0,1,1,0
person088,45,14,E:\Thesis\Dataset\correct_angle_all\person088\right\45_degree14.png,0,0.11331602,3,0.8620579,45,0,1,1,0
person088,45,18,E:\Thesis\Dataset\correct_angle_all\person088\right\45_degree18.png,0,0.12652278,3,0.7534986,45,0,1,1,0
person088,60,2,E:\Thesis\Dataset\correct_angle_all\person088\right\60_degree02.png,0,0.08552426,3,0.9969409,60,0,1,1,0
person088,75,9,E:\Thesis\Dataset\correct_angle_all\person088\right\75_degree09.png,0,0.13266218,3,0.7207735,75,0,1,1,0
person088,75,14,E:\Thesis\Dataset\correct_angle_all\person088\right\75_degree14.png,0,0.12468634,3,0.6679359,75,0,1,1,0
person088,75,18,E:\Thesis\Dataset\correct_angle_all\person088\right\75_degree18.png,0,0.12989052,3,0.8422224,75,0,1,1,0
person088,90,2,E:\Thesis\Dataset\correct_angle_all\person088\right\90_degree02.png,0,0.09772252,3,0.79314613,90,0,1,1,0
person088,90,9,E:\Thesis\Dataset\correct_angle_all\person088\right\90_degree09.png,0,0.1645955,3,0.5447001,90,0,1,1,0
person088,90,18,E:\Thesis\Dataset\correct_angle_all\person088\right\90_degree18.png,0,0.17175417,3,0.71141124,90,0,1,1,0
person089,-75,9,E:\Thesis\Dataset\correct_angle_all\person089\left\75_degree_09.png,0,0.17018598,3,0.6362468,75,0,1,1,0
person089,-75,18,E:\Thesis\Dataset\correct_angle_all\person089\left\75_degree_18.png,0,0.16731095,3,0.71421784,75,0,1,1,0
person089,-60,2,E:\Thesis\Dataset\correct_angle_all\person089\left\60_degree_02.png,0,0.12903197,3,0.6656368,60,0,1,1,0
person089,-60,9,E:\Thesis\Dataset\correct_angle_all\person089\left\60_degree_09.png,0,0.20986374,3,0.99668664,60,0,1,1,0
person089,-60,18,E:\Thesis\Dataset\correct_angle_all\person089\left\60_degree_18.png,0,0.15992057,3,0.9923196,60,0,1,1,0
person089,-45,2,E:\Thesis\Dataset\correct_angle_all\person089\left\45_degree_02.png,0,0.15828253,3,0.6246698,45,0,1,1,0
person089,-45,9,E:\Thesis\Dataset\correct_angle_all\person089\left\45_degree_09.png,0,0.2339729,3,0.8842637,45,0,1,1,0
person089,-45,18,E:\Thesis\Dataset\correct_angle_all\person089\left\45_degree_18.png,0,0.2185034,3,0.9265205,45,0,1,1,0
person089,-30,2,E:\Thesis\Dataset\correct_angle_all\person089\left\30_degree_02.png,0,0.19142644,3,0.9913092,30,0,1,1,0
person089,-30,9,E:\Thesis\Dataset\correct_angle_all\person089\left\30_degree_09.png,0,0.20756137,3,0.9901028,30,0,1,1,0
person089,-30,14,E:\Thesis\Dataset\correct_angle_all\person089\left\30_degree_14.png,0,0.15419449,3,0.9686286,30,0,1,1,0
person089,-30,18,E:\Thesis\Dataset\correct_angle_all\person089\left\30_degree_18.png,0,0.24810314,3,0.99421334,30,0,1,1,0
person089,-15,2,E:\Thesis\Dataset\correct_angle_all\person089\left\15_degree02.png,0,0.11186203,3,0.76808906,15,0,1,1,0
person089,-15,14,E:\Thesis\Dataset\correct_angle_all\person089\left\15_degree14.png,0,0.11258898,3,0.76906466,15,0,1,1,0
person089,-15,18,E:\Thesis\Dataset\correct_angle_all\person089\left\15_degree18.png,0,0.09547975,3,0.9432699,15,0,1,1,0
person089,15,9,E:\Thesis\Dataset\correct_angle_all\person089\right\15_degree09.png,0,0.14368676,3,0.34180948,15,0,1,1,0
person089,15,14,E:\Thesis\Dataset\correct_angle_all\person089\right\15_degree14.png,0,0.17487551,3,0.36372638,15,0,1,1,0
person089,15,18,E:\Thesis\Dataset\correct_angle_all\person089\right\15_degree18.png,0,0.11276036,3,0.35646412,15,0,1,1,0
person089,30,2,E:\Thesis\Dataset\correct_angle_all\person089\right\30_degree02.png,0,0.25606716,3,0.9944594,30,0,1,1,0
person089,45,2,E:\Thesis\Dataset\correct_angle_all\person089\right\45_degree02.png,0,0.14828102,3,0.8236744,45,0,1,1,0
person089,45,18,E:\Thesis\Dataset\correct_angle_all\person089\right\45_degree18.png,0,0.16906361,3,0.87019706,45,0,1,1,0
person089,60,2,E:\Thesis\Dataset\correct_angle_all\person089\right\60_degree02.png,0,0.08278609,3,0.9937537,60,0,1,1,0
person089,60,9,E:\Thesis\Dataset\correct_angle_all\person089\right\60_degree09.png,0,0.108432315,3,0.8680951,60,0,1,1,0
person090,-75,2,E:\Thesis\Dataset\correct_angle_all\person090\left\75_degree_02.png,0,0.28941873,3,0.5983779,75,0,1,1,0
person090,-75,9,E:\Thesis\Dataset\correct_angle_all\person090\left\75_degree_09.png,0,0.16305177,3,0.7321679,75,0,1,1,0
person090,-75,18,E:\Thesis\Dataset\correct_angle_all\person090\left\75_degree_18.png,0,0.13146608,3,0.7413977,75,0,1,1,0
person090,-60,2,E:\Thesis\Dataset\correct_angle_all\person090\left\60_degree_02.png,0,0.32311845,3,0.8315706,60,0,1,1,0
person090,-60,9,E:\Thesis\Dataset\correct_angle_all\person090\left\60_degree_09.png,0,0.37824473,3,0.9609098,60,0,1,1,0
person090,-60,14,E:\Thesis\Dataset\correct_angle_all\person090\left\60_degree_14.png,0,0.20539357,3,0.99607843,60,0,1,1,0
person090,-60,18,E:\Thesis\Dataset\correct_angle_all\person090\left\60_degree_18.png,0,0.31169644,3,0.9919836,60,0,1,1,0
person090,-45,2,E:\Thesis\Dataset\correct_angle_all\person090\left\45_degree_02.png,0,0.39039448,3,0.73408383,45,0,1,1,0
person090,-45,9,E:\Thesis\Dataset\correct_angle_all\person090\left\45_degree_09.png,0,0.35318348,3,0.74367255,45,0,1,1,0
person090,-45,14,E:\Thesis\Dataset\correct_angle_all\person090\left\45_degree_14.png,0,0.4124255,3,0.82224816,45,0,1,1,0
person090,-45,18,E:\Thesis\Dataset\correct_angle_all\person090\left\45_degree_18.png,0,0.34447822,3,0.9257987,45,0,1,1,0
person090,-30,2,E:\Thesis\Dataset\correct_angle_all\person090\left\30_degree_02.png,0,0.5326239,3,0.93110365,30,0,1,1,0
person090,-30,9,E:\Thesis\Dataset\correct_angle_all\person090\left\30_degree_09.png,0,0.46773744,3,0.9964516,30,0,1,1,0
person090,-30,14,E:\Thesis\Dataset\correct_angle_all\person090\left\30_degree_14.png,0,0.39107466,3,0.96540064,30,0,1,1,0
person090,-30,18,E:\Thesis\Dataset\correct_angle_all\person090\left\30_degree_18.png,0,0.51018375,3,0.9980239,30,0,1,1,0
person090,30,2,E:\Thesis\Dataset\correct_angle_all\person090\right\30_degree02.png,0,0.23000926,3,0.99492645,30,0,1,1,0
person090,30,9,E:\Thesis\Dataset\correct_angle_all\person090\right\30_degree09.png,0,0.2782848,3,0.9982212,30,0,1,1,0
person090,30,14,E:\Thesis\Dataset\correct_angle_all\person090\right\30_degree14.png,0,0.17946942,3,0.9826557,30,0,1,1,0
person090,30,18,E:\Thesis\Dataset\correct_angle_all\person090\right\30_degree18.png,0,0.2836045,3,0.997844,30,0,1,1,0
person090,45,2,E:\Thesis\Dataset\correct_angle_all\person090\right\45_degree02.png,0,0.20267148,3,0.72120684,45,0,1,1,0
person090,45,9,E:\Thesis\Dataset\correct_angle_all\person090\right\45_degree09.png,0,0.40297604,3,0.8719303,45,0,1,1,0
person090,45,14,E:\Thesis\Dataset\correct_angle_all\person090\right\45_degree14.png,0,0.21307814,3,0.49403286,45,0,1,1,0
person090,45,18,E:\Thesis\Dataset\correct_angle_all\person090\right\45_degree18.png,0,0.43029642,3,0.85366064,45,0,1,1,0
person090,60,2,E:\Thesis\Dataset\correct_angle_all\person090\right\60_degree02.png,0,0.06499593,3,0.9826475,60,0,1,1,0
person090,60,9,E:\Thesis\Dataset\correct_angle_all\person090\right\60_degree09.png,0,0.08603156,3,0.9658637,60,0,1,1,0
person090,60,14,E:\Thesis\Dataset\correct_angle_all\person090\right\60_degree14.png,0,0.07437502,3,0.79494303,60,0,1,1,0
person090,60,18,E:\Thesis\Dataset\correct_angle_all\person090\right\60_degree18.png,0,0.075376,3,0.98392326,60,0,1,1,0
person090,75,9,E:\Thesis\Dataset\correct_angle_all\person090\right\75_degree09.png,0,0.14755888,3,0.5124109,75,0,1,1,0
person090,75,14,E:\Thesis\Dataset\correct_angle_all\person090\right\75_degree14.png,0,0.13921504,3,0.45591626,75,0,1,1,0
person090,75,18,E:\Thesis\Dataset\correct_angle_all\person090\right\75_degree18.png,0,0.16054271,3,0.68214446,75,0,1,1,0
person091,-75,2,E:\Thesis\Dataset\correct_angle_all\person091\left\75_degree_02.png,0,0.13861023,3,0.62623715,75,0,1,1,0
person091,-75,9,E:\Thesis\Dataset\correct_angle_all\person091\left\75_degree_09.png,0,0.09454947,3,0.72337437,75,0,1,1,0
person091,-75,18,E:\Thesis\Dataset\correct_angle_all\person091\left\75_degree_18.png,0,0.10839423,3,0.85468084,75,0,1,1,0
person091,-60,2,E:\Thesis\Dataset\correct_angle_all\person091\left\60_degree_02.png,0,0.12287277,3,0.9807586,60,0,1,1,0
person091,-60,9,E:\Thesis\Dataset\correct_angle_all\person091\left\60_degree_09.png,0,0.12883826,3,0.98959905,60,0,1,1,0
person091,-60,14,E:\Thesis\Dataset\correct_angle_all\person091\left\60_degree_14.png,0,0.13527532,3,0.97053593,60,0,1,1,0
person091,-60,18,E:\Thesis\Dataset\correct_angle_all\person091\left\60_degree_18.png,0,0.12783606,3,0.9859325,60,0,1,1,0
person091,-45,9,E:\Thesis\Dataset\correct_angle_all\person091\left\45_degree_09.png,0,0.14844503,3,0.74947816,45,0,1,1,0
person091,-45,14,E:\Thesis\Dataset\correct_angle_all\person091\left\45_degree_14.png,0,0.106187366,3,0.7262592,45,0,1,1,0
person091,-45,18,E:\Thesis\Dataset\correct_angle_all\person091\left\45_degree_18.png,0,0.14882495,3,0.59866834,45,0,1,1,0
person091,-30,2,E:\Thesis\Dataset\correct_angle_all\person091\left\30_degree_02.png,0,0.16320029,3,0.9911639,30,0,1,1,0
person091,-30,9,E:\Thesis\Dataset\correct_angle_all\person091\left\30_degree_09.png,0,0.12836874,3,0.9755423,30,0,1,1,0
person091,-30,14,E:\Thesis\Dataset\correct_angle_all\person091\left\30_degree_14.png,0,0.18118925,3,0.97511786,30,0,1,1,0
person091,-30,18,E:\Thesis\Dataset\correct_angle_all\person091\left\30_degree_18.png,0,0.2059151,3,0.9758978,30,0,1,1,0
person091,-15,2,E:\Thesis\Dataset\correct_angle_all\person091\left\15_degree02.png,0,0.118141316,3,0.8469198,15,0,1,1,0
person091,-15,9,E:\Thesis\Dataset\correct_angle_all\person091\left\15_degree09.png,0,0.08398677,3,0.8583434,15,0,1,1,0
person091,-15,14,E:\Thesis\Dataset\correct_angle_all\person091\left\15_degree14.png,0,0.10033689,3,0.7971756,15,0,1,1,0
person091,-15,18,E:\Thesis\Dataset\correct_angle_all\person091\left\15_degree18.png,0,0.11479924,3,0.918508,15,0,1,1,0
person091,30,2,E:\Thesis\Dataset\correct_angle_all\person091\right\30_degree02.png,0,0.19241588,3,0.9459761,30,0,1,1,0
person091,30,9,E:\Thesis\Dataset\correct_angle_all\person091\right\30_degree09.png,0,0.21024537,3,0.9983282,30,0,1,1,0
person091,30,14,E:\Thesis\Dataset\correct_angle_all\person091\right\30_degree14.png,0,0.22974128,3,0.9947231,30,0,1,1,0
person091,30,18,E:\Thesis\Dataset\correct_angle_all\person091\right\30_degree18.png,0,0.19280006,3,0.994082,30,0,1,1,0
person091,45,2,E:\Thesis\Dataset\correct_angle_all\person091\right\45_degree02.png,0,0.22991647,3,0.31008837,45,0,1,1,0
person091,45,9,E:\Thesis\Dataset\correct_angle_all\person091\right\45_degree09.png,0,0.20637256,3,0.8498795,45,0,1,1,0
person091,45,14,E:\Thesis\Dataset\correct_angle_all\person091\right\45_degree14.png,0,0.173977,3,0.5382418,45,0,1,1,0
person091,45,18,E:\Thesis\Dataset\correct_angle_all\person091\right\45_degree18.png,0,0.20554636,3,0.8589998,45,0,1,1,0
person091,60,2,E:\Thesis\Dataset\correct_angle_all\person091\right\60_degree02.png,0,0.05279768,3,0.8729108,60,0,1,1,0
person091,60,9,E:\Thesis\Dataset\correct_angle_all\person091\right\60_degree09.png,0,0.056898426,3,0.9876868,60,0,1,1,0
person091,60,14,E:\Thesis\Dataset\correct_angle_all\person091\right\60_degree14.png,0,0.071515046,3,0.7967391,60,0,1,1,0
person091,60,18,E:\Thesis\Dataset\correct_angle_all\person091\right\60_degree18.png,0,0.06108284,3,0.9858175,60,0,1,1,0
person091,90,14,E:\Thesis\Dataset\correct_angle_all\person091\right\90_degree14.png,0,0.09284844,3,0.36980608,90,0,1,1,0
person092,-90,2,E:\Thesis\Dataset\correct_angle_all\person092\left\90_degree_02.png,0,0.2768279,3,0.6751654,90,0,1,1,0
person092,-90,9,E:\Thesis\Dataset\correct_angle_all\person092\left\90_degree_09.png,0,0.17772573,3,0.55262387,90,0,1,1,0
person092,-90,14,E:\Thesis\Dataset\correct_angle_all\person092\left\90_degree_14.png,0,0.18635975,3,0.7697143,90,0,1,1,0
person092,-90,18,E:\Thesis\Dataset\correct_angle_all\person092\left\90_degree_18.png,0,0.20003884,3,0.738527,90,0,1,1,0
person092,-75,2,E:\Thesis\Dataset\correct_angle_all\person092\left\75_degree_02.png,0,0.18793254,3,0.9249868,75,0,1,1,0
person092,-60,2,E:\Thesis\Dataset\correct_angle_all\person092\left\60_degree_02.png,0,0.121161126,3,0.99598354,60,0,1,1,0
person092,-30,2,E:\Thesis\Dataset\correct_angle_all\person092\left\30_degree_02.png,0,0.45652935,3,0.9954702,30,0,1,1,0
person092,-30,9,E:\Thesis\Dataset\correct_angle_all\person092\left\30_degree_09.png,0,0.36886728,3,0.9716479,30,0,1,1,0
person092,-30,14,E:\Thesis\Dataset\correct_angle_all\person092\left\30_degree_14.png,0,0.4108684,3,0.9975365,30,0,1,1,0
person092,-30,18,E:\Thesis\Dataset\correct_angle_all\person092\left\30_degree_18.png,0,0.42323932,3,0.9923063,30,0,1,1,0
person092,15,2,E:\Thesis\Dataset\correct_angle_all\person092\right\15_degree02.png,0,0.05783336,3,0.9404796,15,0,1,1,0
person092,15,9,E:\Thesis\Dataset\correct_angle_all\person092\right\15_degree09.png,0,0.07300801,3,0.92589116,15,0,1,1,0
person092,15,14,E:\Thesis\Dataset\correct_angle_all\person092\right\15_degree14.png,0,0.0648278,3,0.9218556,15,0,1,1,0
person092,15,18,E:\Thesis\Dataset\correct_angle_all\person092\right\15_degree18.png,0,0.05769826,3,0.95913863,15,0,1,1,0
person092,30,2,E:\Thesis\Dataset\correct_angle_all\person092\right\30_degree02.png,0,0.13718015,3,0.9582184,30,0,1,1,0
person092,30,9,E:\Thesis\Dataset\correct_angle_all\person092\right\30_degree09.png,0,0.09365874,3,0.99712557,30,0,1,1,0
person092,30,14,E:\Thesis\Dataset\correct_angle_all\person092\right\30_degree14.png,0,0.08438545,3,0.9320827,30,0,1,1,0
person092,30,18,E:\Thesis\Dataset\correct_angle_all\person092\right\30_degree18.png,0,0.08862416,3,0.9951965,30,0,1,1,0
person092,45,2,E:\Thesis\Dataset\correct_angle_all\person092\right\45_degree02.png,0,0.12572448,3,0.4956193,45,0,1,1,0
person092,45,9,E:\Thesis\Dataset\correct_angle_all\person092\right\45_degree09.png,0,0.17947613,3,0.8947914,45,0,1,1,0
person092,45,14,E:\Thesis\Dataset\correct_angle_all\person092\right\45_degree14.png,0,0.14864586,3,0.39718997,45,0,1,1,0
person092,45,18,E:\Thesis\Dataset\correct_angle_all\person092\right\45_degree18.png,0,0.13803466,3,0.8338849,45,0,1,1,0
person092,60,2,E:\Thesis\Dataset\correct_angle_all\person092\right\60_degree02.png,0,0.07476153,3,0.93299013,60,0,1,1,0
person092,60,9,E:\Thesis\Dataset\correct_angle_all\person092\right\60_degree09.png,0,0.057930797,3,0.99617225,60,0,1,1,0
person092,60,14,E:\Thesis\Dataset\correct_angle_all\person092\right\60_degree14.png,0,0.08592082,3,0.97114474,60,0,1,1,0
person092,60,18,E:\Thesis\Dataset\correct_angle_all\person092\right\60_degree18.png,0,0.069835685,3,0.9955068,60,0,1,1,0
person092,75,9,E:\Thesis\Dataset\correct_angle_all\person092\right\75_degree09.png,0,0.058175366,3,0.9385378,75,0,1,1,0
person092,75,18,E:\Thesis\Dataset\correct_angle_all\person092\right\75_degree18.png,0,0.06524787,3,0.8438783,75,0,1,1,0
person092,90,9,E:\Thesis\Dataset\correct_angle_all\person092\right\90_degree09.png,0,0.08665929,3,0.7675192,90,0,1,1,0
person092,90,18,E:\Thesis\Dataset\correct_angle_all\person092\right\90_degree18.png,0,0.09032581,3,0.4615564,90,0,1,1,0
person093,-60,14,E:\Thesis\Dataset\correct_angle_all\person093\left\60_degree_14.png,0,0.14372145,3,0.94080395,60,0,1,1,0
person093,-45,2,E:\Thesis\Dataset\correct_angle_all\person093\left\45_degree_02.png,0,0.17359471,3,0.53131455,45,0,1,1,0
person093,30,2,E:\Thesis\Dataset\correct_angle_all\person093\right\30_degree02.png,0,0.22269641,3,0.9921418,30,0,1,1,0
person093,30,9,E:\Thesis\Dataset\correct_angle_all\person093\right\30_degree09.png,0,0.19280422,3,0.973645,30,0,1,1,0
person093,30,14,E:\Thesis\Dataset\correct_angle_all\person093\right\30_degree14.png,0,0.18553801,3,0.96696496,30,0,1,1,0
person093,30,18,E:\Thesis\Dataset\correct_angle_all\person093\right\30_degree18.png,0,0.21225409,3,0.96854144,30,0,1,1,0
person093,45,2,E:\Thesis\Dataset\correct_angle_all\person093\right\45_degree02.png,0,0.18190114,3,0.9005818,45,0,1,1,0
person093,45,9,E:\Thesis\Dataset\correct_angle_all\person093\right\45_degree09.png,0,0.17110278,3,0.96580464,45,0,1,1,0
person093,45,18,E:\Thesis\Dataset\correct_angle_all\person093\right\45_degree18.png,0,0.16255389,3,0.95173407,45,0,1,1,0
person093,60,2,E:\Thesis\Dataset\correct_angle_all\person093\right\60_degree02.png,0,0.07177492,3,0.83239174,60,0,1,1,0
person093,75,9,E:\Thesis\Dataset\correct_angle_all\person093\right\75_degree09.png,0,0.08748766,3,0.8872245,75,0,1,1,0
person093,75,18,E:\Thesis\Dataset\correct_angle_all\person093\right\75_degree18.png,0,0.08452771,3,0.89599055,75,0,1,1,0
person093,90,9,E:\Thesis\Dataset\correct_angle_all\person093\right\90_degree09.png,0,0.063669704,3,0.78609234,90,0,1,1,0
person093,90,14,E:\Thesis\Dataset\correct_angle_all\person093\right\90_degree14.png,0,0.0702826,3,0.6123337,90,0,1,1,0
person093,90,18,E:\Thesis\Dataset\correct_angle_all\person093\right\90_degree18.png,0,0.05568184,3,0.6681545,90,0,1,1,0
person094,-75,2,E:\Thesis\Dataset\correct_angle_all\person094\left\75_degree_02.png,0,0.10491728,3,0.5043022,75,0,1,1,0
person094,-75,9,E:\Thesis\Dataset\correct_angle_all\person094\left\75_degree_09.png,0,0.20257294,3,0.41546646,75,0,1,1,0
person094,-75,14,E:\Thesis\Dataset\correct_angle_all\person094\left\75_degree_14.png,0,0.14121883,3,0.34186473,75,0,1,1,0
person094,-75,18,E:\Thesis\Dataset\correct_angle_all\person094\left\75_degree_18.png,0,0.093545765,3,0.5243304,75,0,1,1,0
person094,-60,9,E:\Thesis\Dataset\correct_angle_all\person094\left\60_degree_09.png,0,0.14313322,3,0.9936587,60,0,1,1,0
person094,-60,14,E:\Thesis\Dataset\correct_angle_all\person094\left\60_degree_14.png,0,0.13039823,3,0.98712176,60,0,1,1,0
person094,-60,18,E:\Thesis\Dataset\correct_angle_all\person094\left\60_degree_18.png,0,0.12581313,3,0.99638146,60,0,1,1,0
person094,-45,2,E:\Thesis\Dataset\correct_angle_all\person094\left\45_degree_02.png,0,0.1244308,3,0.7597578,45,0,1,1,0
person094,-45,9,E:\Thesis\Dataset\correct_angle_all\person094\left\45_degree_09.png,0,0.107816674,3,0.9226691,45,0,1,1,0
person094,-45,14,E:\Thesis\Dataset\correct_angle_all\person094\left\45_degree_14.png,0,0.14001326,3,0.87218446,45,0,1,1,0
person094,-45,18,E:\Thesis\Dataset\correct_angle_all\person094\left\45_degree_18.png,0,0.118551545,3,0.8802051,45,0,1,1,0
person094,-30,2,E:\Thesis\Dataset\correct_angle_all\person094\left\30_degree_02.png,0,0.09674633,3,0.9498143,30,0,1,1,0
person094,-30,9,E:\Thesis\Dataset\correct_angle_all\person094\left\30_degree_09.png,0,0.08628867,3,0.99517304,30,0,1,1,0
person094,-30,14,E:\Thesis\Dataset\correct_angle_all\person094\left\30_degree_14.png,0,0.10032451,3,0.9728439,30,0,1,1,0
person094,-30,18,E:\Thesis\Dataset\correct_angle_all\person094\left\30_degree_18.png,0,0.10479385,3,0.98703593,30,0,1,1,0
person094,-15,9,E:\Thesis\Dataset\correct_angle_all\person094\left\15_degree09.png,0,0.06975432,3,0.64225364,15,0,1,1,0
person094,-15,14,E:\Thesis\Dataset\correct_angle_all\person094\left\15_degree14.png,0,0.085033394,3,0.47006068,15,0,1,1,0
person094,-15,18,E:\Thesis\Dataset\correct_angle_all\person094\left\15_degree18.png,0,0.09834164,3,0.5678585,15,0,1,1,0
person094,15,9,E:\Thesis\Dataset\correct_angle_all\person094\right\15_degree09.png,0,0.082020395,3,0.9432693,15,0,1,1,0
person094,15,14,E:\Thesis\Dataset\correct_angle_all\person094\right\15_degree14.png,0,0.10420642,3,0.969879,15,0,1,1,0
person094,15,18,E:\Thesis\Dataset\correct_angle_all\person094\right\15_degree18.png,0,0.07337603,3,0.9499564,15,0,1,1,0
person094,30,2,E:\Thesis\Dataset\correct_angle_all\person094\right\30_degree02.png,0,0.16357271,3,0.99129647,30,0,1,1,0
person094,30,9,E:\Thesis\Dataset\correct_angle_all\person094\right\30_degree09.png,0,0.15789351,3,0.9642496,30,0,1,1,0
person094,30,14,E:\Thesis\Dataset\correct_angle_all\person094\right\30_degree14.png,0,0.17127144,3,0.9867096,30,0,1,1,0
person094,30,18,E:\Thesis\Dataset\correct_angle_all\person094\right\30_degree18.png,0,0.17255645,3,0.9804824,30,0,1,1,0
person094,45,2,E:\Thesis\Dataset\correct_angle_all\person094\right\45_degree02.png,0,0.24761061,3,0.48887923,45,0,1,1,0
person094,60,2,E:\Thesis\Dataset\correct_angle_all\person094\right\60_degree02.png,0,0.08905188,3,0.98773974,60,0,1,1,0
person094,60,9,E:\Thesis\Dataset\correct_angle_all\person094\right\60_degree09.png,0,0.21957524,3,0.84865767,60,0,1,1,0
person094,60,14,E:\Thesis\Dataset\correct_angle_all\person094\right\60_degree14.png,0,0.21536583,3,0.87416583,60,0,1,1,0
person094,60,18,E:\Thesis\Dataset\correct_angle_all\person094\right\60_degree18.png,0,0.20952486,3,0.97525835,60,0,1,1,0
person094,75,9,E:\Thesis\Dataset\correct_angle_all\person094\right\75_degree09.png,0,0.16277832,3,0.24145716,75,0,1,1,0
person095,-90,9,E:\Thesis\Dataset\correct_angle_all\person095\left\90_degree_09.png,0,0.094126664,3,0.70325226,90,0,1,1,0
person095,-90,14,E:\Thesis\Dataset\correct_angle_all\person095\left\90_degree_14.png,0,0.09379629,3,0.7036495,90,0,1,1,0
person095,-90,18,E:\Thesis\Dataset\correct_angle_all\person095\left\90_degree_18.png,0,0.09214393,3,0.6877957,90,0,1,1,0
person095,30,2,E:\Thesis\Dataset\correct_angle_all\person095\right\30_degree02.png,0,0.11761415,3,0.9969044,30,0,1,1,0
person095,30,14,E:\Thesis\Dataset\correct_angle_all\person095\right\30_degree14.png,0,0.106134236,3,0.99710816,30,0,1,1,0
person095,45,2,E:\Thesis\Dataset\correct_angle_all\person095\right\45_degree02.png,0,0.31006187,3,0.9371198,45,0,1,1,0
person095,45,14,E:\Thesis\Dataset\correct_angle_all\person095\right\45_degree14.png,0,0.15095742,3,0.9897904,45,0,1,1,0
person095,60,2,E:\Thesis\Dataset\correct_angle_all\person095\right\60_degree02.png,0,0.11025437,3,0.9919761,60,0,1,1,0
person095,60,9,E:\Thesis\Dataset\correct_angle_all\person095\right\60_degree09.png,0,0.15314804,3,0.9493162,60,0,1,1,0
person095,60,14,E:\Thesis\Dataset\correct_angle_all\person095\right\60_degree14.png,0,0.11405116,3,0.9968317,60,0,1,1,0
person095,60,18,E:\Thesis\Dataset\correct_angle_all\person095\right\60_degree18.png,0,0.11944333,3,0.97191286,60,0,1,1,0
person095,75,9,E:\Thesis\Dataset\correct_angle_all\person095\right\75_degree09.png,0,0.1202376,3,0.5751364,75,0,1,1,0
person095,75,14,E:\Thesis\Dataset\correct_angle_all\person095\right\75_degree14.png,0,0.111735426,3,0.9455746,75,0,1,1,0
person095,75,18,E:\Thesis\Dataset\correct_angle_all\person095\right\75_degree18.png,0,0.14029235,3,0.8529532,75,0,1,1,0
person095,90,2,E:\Thesis\Dataset\correct_angle_all\person095\right\90_degree02.png,0,0.10131671,3,0.91399544,90,0,1,1,0
person095,90,14,E:\Thesis\Dataset\correct_angle_all\person095\right\90_degree14.png,0,0.10680246,3,0.8588242,90,0,1,1,0
person095,90,18,E:\Thesis\Dataset\correct_angle_all\person095\right\90_degree18.png,0,0.08050745,3,0.6873769,90,0,1,1,0
person096,-75,2,E:\Thesis\Dataset\correct_angle_all\person096\left\75_degree_02.png,0,0.1850266,3,0.6642929,75,0,1,1,0
person096,-75,18,E:\Thesis\Dataset\correct_angle_all\person096\left\75_degree_18.png,0,0.2563815,3,0.5279574,75,0,1,1,0
person096,-60,2,E:\Thesis\Dataset\correct_angle_all\person096\left\60_degree_02.png,0,0.10567627,3,0.9148653,60,0,1,1,0
person096,-60,14,E:\Thesis\Dataset\correct_angle_all\person096\left\60_degree_14.png,0,0.15744624,3,0.9596788,60,0,1,1,0
person096,-60,18,E:\Thesis\Dataset\correct_angle_all\person096\left\60_degree_18.png,0,0.18467559,3,0.9084107,60,0,1,1,0
person096,-45,2,E:\Thesis\Dataset\correct_angle_all\person096\left\45_degree_02.png,0,0.18416338,3,0.8731981,45,0,1,1,0
person096,-45,9,E:\Thesis\Dataset\correct_angle_all\person096\left\45_degree_09.png,0,0.26666877,3,0.8363164,45,0,1,1,0
person096,-45,14,E:\Thesis\Dataset\correct_angle_all\person096\left\45_degree_14.png,0,0.21070111,3,0.85178024,45,0,1,1,0
person096,-45,18,E:\Thesis\Dataset\correct_angle_all\person096\left\45_degree_18.png,0,0.20828593,3,0.8968792,45,0,1,1,0
person096,-30,2,E:\Thesis\Dataset\correct_angle_all\person096\left\30_degree_02.png,0,0.28908208,3,0.91867095,30,0,1,1,0
person096,-30,9,E:\Thesis\Dataset\correct_angle_all\person096\left\30_degree_09.png,0,0.29507706,3,0.953439,30,0,1,1,0
person096,-30,14,E:\Thesis\Dataset\correct_angle_all\person096\left\30_degree_14.png,0,0.19158703,3,0.9881385,30,0,1,1,0
person096,-30,18,E:\Thesis\Dataset\correct_angle_all\person096\left\30_degree_18.png,0,0.26852128,3,0.979276,30,0,1,1,0
person096,-15,2,E:\Thesis\Dataset\correct_angle_all\person096\left\15_degree02.png,0,0.08449429,3,0.72551775,15,0,1,1,0
person096,-15,9,E:\Thesis\Dataset\correct_angle_all\person096\left\15_degree09.png,0,0.118083976,3,0.944005,15,0,1,1,0
person096,-15,14,E:\Thesis\Dataset\correct_angle_all\person096\left\15_degree14.png,0,0.15678918,3,0.75810164,15,0,1,1,0
person096,-15,18,E:\Thesis\Dataset\correct_angle_all\person096\left\15_degree18.png,0,0.096717425,3,0.9078078,15,0,1,1,0
person096,30,2,E:\Thesis\Dataset\correct_angle_all\person096\right\30_degree02.png,0,0.11988474,3,0.9857251,30,0,1,1,0
person096,30,9,E:\Thesis\Dataset\correct_angle_all\person096\right\30_degree09.png,0,0.23852567,3,0.9988994,30,0,1,1,0
person096,30,14,E:\Thesis\Dataset\correct_angle_all\person096\right\30_degree14.png,0,0.16536982,3,0.9306558,30,0,1,1,0
person096,30,18,E:\Thesis\Dataset\correct_angle_all\person096\right\30_degree18.png,0,0.23533821,3,0.98549414,30,0,1,1,0
person096,45,9,E:\Thesis\Dataset\correct_angle_all\person096\right\45_degree09.png,0,0.27347684,3,0.97407246,45,0,1,1,0
person096,45,18,E:\Thesis\Dataset\correct_angle_all\person096\right\45_degree18.png,0,0.25503093,3,0.9661407,45,0,1,1,0
person096,60,2,E:\Thesis\Dataset\correct_angle_all\person096\right\60_degree02.png,0,0.0724255,3,0.79570585,60,0,1,1,0
person096,60,9,E:\Thesis\Dataset\correct_angle_all\person096\right\60_degree09.png,0,0.17573778,3,0.97101206,60,0,1,1,0
person096,60,14,E:\Thesis\Dataset\correct_angle_all\person096\right\60_degree14.png,0,0.15479442,3,0.52777433,60,0,1,1,0
person096,60,18,E:\Thesis\Dataset\correct_angle_all\person096\right\60_degree18.png,0,0.14844356,3,0.97792846,60,0,1,1,0
person096,75,9,E:\Thesis\Dataset\correct_angle_all\person096\right\75_degree09.png,0,0.23081325,3,0.91942257,75,0,1,1,0
person096,75,18,E:\Thesis\Dataset\correct_angle_all\person096\right\75_degree18.png,0,0.16995378,3,0.85260725,75,0,1,1,0
person096,90,9,E:\Thesis\Dataset\correct_angle_all\person096\right\90_degree09.png,0,0.08707678,3,0.7645295,90,0,1,1,0
person096,90,14,E:\Thesis\Dataset\correct_angle_all\person096\right\90_degree14.png,0,0.110568576,3,0.3832921,90,0,1,1,0
person096,90,18,E:\Thesis\Dataset\correct_angle_all\person096\right\90_degree18.png,0,0.066693924,3,0.6423618,90,0,1,1,0
person097,-75,2,E:\Thesis\Dataset\correct_angle_all\person097\left\75_degree_02.png,0,0.07917452,3,0.22393848,75,0,1,1,0
person097,-75,18,E:\Thesis\Dataset\correct_angle_all\person097\left\75_degree_18.png,0,0.107553154,3,0.3879988,75,0,1,1,0
person097,-60,2,E:\Thesis\Dataset\correct_angle_all\person097\left\60_degree_02.png,0,0.1024619,3,0.9077072,60,0,1,1,0
person097,-60,9,E:\Thesis\Dataset\correct_angle_all\person097\left\60_degree_09.png,0,0.07731226,3,0.93659186,60,0,1,1,0
person097,-60,14,E:\Thesis\Dataset\correct_angle_all\person097\left\60_degree_14.png,0,0.08892202,3,0.9953138,60,0,1,1,0
person097,-60,18,E:\Thesis\Dataset\correct_angle_all\person097\left\60_degree_18.png,0,0.07534442,3,0.9805606,60,0,1,1,0
person097,-45,2,E:\Thesis\Dataset\correct_angle_all\person097\left\45_degree_02.png,0,0.1270106,3,0.7716481,45,0,1,1,0
person097,-45,9,E:\Thesis\Dataset\correct_angle_all\person097\left\45_degree_09.png,0,0.08260219,3,0.8986228,45,0,1,1,0
person097,-45,14,E:\Thesis\Dataset\correct_angle_all\person097\left\45_degree_14.png,0,0.06907546,3,0.94993037,45,0,1,1,0
person097,-45,18,E:\Thesis\Dataset\correct_angle_all\person097\left\45_degree_18.png,0,0.10462197,3,0.95125836,45,0,1,1,0
person097,45,2,E:\Thesis\Dataset\correct_angle_all\person097\right\45_degree02.png,0,0.09859011,3,0.8906715,45,0,1,1,0
person097,45,9,E:\Thesis\Dataset\correct_angle_all\person097\right\45_degree09.png,0,0.07877422,3,0.8584692,45,0,1,1,0
person097,45,18,E:\Thesis\Dataset\correct_angle_all\person097\right\45_degree18.png,0,0.06594071,3,0.913264,45,0,1,1,0
person097,60,2,E:\Thesis\Dataset\correct_angle_all\person097\right\60_degree02.png,0,0.43738756,3,0.94571,60,0,1,1,0
person097,60,14,E:\Thesis\Dataset\correct_angle_all\person097\right\60_degree14.png,0,0.19893225,3,0.7982328,60,0,1,1,0
person097,60,18,E:\Thesis\Dataset\correct_angle_all\person097\right\60_degree18.png,0,0.30881009,3,0.97966176,60,0,1,1,0
person097,75,9,E:\Thesis\Dataset\correct_angle_all\person097\right\75_degree09.png,0,0.3305077,3,0.27432364,75,0,1,1,0
person097,75,18,E:\Thesis\Dataset\correct_angle_all\person097\right\75_degree18.png,0,0.3599236,3,0.33555803,75,0,1,1,0
person098,-90,14,E:\Thesis\Dataset\correct_angle_all\person098\left\90_degree_14.png,0,0.11544358,3,0.44618,90,0,1,1,0
person098,-75,9,E:\Thesis\Dataset\correct_angle_all\person098\left\75_degree_09.png,0,0.112849236,3,0.7823921,75,0,1,1,0
person098,-75,18,E:\Thesis\Dataset\correct_angle_all\person098\left\75_degree_18.png,0,0.10086808,3,0.7605217,75,0,1,1,0
person098,-60,2,E:\Thesis\Dataset\correct_angle_all\person098\left\60_degree_02.png,0,0.14064573,3,0.8787237,60,0,1,1,0
person098,-60,9,E:\Thesis\Dataset\correct_angle_all\person098\left\60_degree_09.png,0,0.12536497,3,0.9530569,60,0,1,1,0
person098,-60,14,E:\Thesis\Dataset\correct_angle_all\person098\left\60_degree_14.png,0,0.11564695,3,0.852627,60,0,1,1,0
person098,-60,18,E:\Thesis\Dataset\correct_angle_all\person098\left\60_degree_18.png,0,0.12673695,3,0.9562618,60,0,1,1,0
person098,-45,2,E:\Thesis\Dataset\correct_angle_all\person098\left\45_degree_02.png,0,0.15451808,3,0.7829929,45,0,1,1,0
person098,-45,9,E:\Thesis\Dataset\correct_angle_all\person098\left\45_degree_09.png,0,0.14184366,3,0.95863026,45,0,1,1,0
person098,-45,14,E:\Thesis\Dataset\correct_angle_all\person098\left\45_degree_14.png,0,0.08867169,3,0.9363038,45,0,1,1,0
person098,-45,18,E:\Thesis\Dataset\correct_angle_all\person098\left\45_degree_18.png,0,0.10899466,3,0.9627595,45,0,1,1,0
person098,-30,2,E:\Thesis\Dataset\correct_angle_all\person098\left\30_degree_02.png,0,0.12677701,3,0.9312911,30,0,1,1,0
person098,-30,9,E:\Thesis\Dataset\correct_angle_all\person098\left\30_degree_09.png,0,0.11477841,3,0.9931697,30,0,1,1,0
person098,-30,14,E:\Thesis\Dataset\correct_angle_all\person098\left\30_degree_14.png,0,0.108594,3,0.99640083,30,0,1,1,0
person098,-30,18,E:\Thesis\Dataset\correct_angle_all\person098\left\30_degree_18.png,0,0.1115121,3,0.9919451,30,0,1,1,0
person098,-15,14,E:\Thesis\Dataset\correct_angle_all\person098\left\15_degree14.png,0,0.09041711,3,0.8512258,15,0,1,1,0
person098,15,2,E:\Thesis\Dataset\correct_angle_all\person098\right\15_degree02.png,0,0.10994724,3,0.68788785,15,0,1,1,0
person098,15,9,E:\Thesis\Dataset\correct_angle_all\person098\right\15_degree09.png,0,0.15645029,3,0.85360557,15,0,1,1,0
person098,15,14,E:\Thesis\Dataset\correct_angle_all\person098\right\15_degree14.png,0,0.1536945,3,0.66647464,15,0,1,1,0
person098,15,18,E:\Thesis\Dataset\correct_angle_all\person098\right\15_degree18.png,0,0.10716339,3,0.71603465,15,0,1,1,0
person098,30,2,E:\Thesis\Dataset\correct_angle_all\person098\right\30_degree02.png,0,0.16047445,3,0.9570467,30,0,1,1,0
person098,30,9,E:\Thesis\Dataset\correct_angle_all\person098\right\30_degree09.png,0,0.1403284,3,0.9951431,30,0,1,1,0
person098,30,14,E:\Thesis\Dataset\correct_angle_all\person098\right\30_degree14.png,0,0.13289833,3,0.9768984,30,0,1,1,0
person098,30,18,E:\Thesis\Dataset\correct_angle_all\person098\right\30_degree18.png,0,0.1525529,3,0.9850777,30,0,1,1,0
person098,45,2,E:\Thesis\Dataset\correct_angle_all\person098\right\45_degree02.png,0,0.3214246,3,0.52204794,45,0,1,1,0
person098,45,9,E:\Thesis\Dataset\correct_angle_all\person098\right\45_degree09.png,0,0.3334988,3,0.92711115,45,0,1,1,0
person098,45,14,E:\Thesis\Dataset\correct_angle_all\person098\right\45_degree14.png,0,0.31411982,3,0.53302824,45,0,1,1,0
person098,45,18,E:\Thesis\Dataset\correct_angle_all\person098\right\45_degree18.png,0,0.31016716,3,0.6744974,45,0,1,1,0
person098,60,2,E:\Thesis\Dataset\correct_angle_all\person098\right\60_degree02.png,0,0.07940095,3,0.8428523,60,0,1,1,0
person098,60,9,E:\Thesis\Dataset\correct_angle_all\person098\right\60_degree09.png,0,0.18145885,3,0.99726695,60,0,1,1,0
person098,60,14,E:\Thesis\Dataset\correct_angle_all\person098\right\60_degree14.png,0,0.23267962,3,0.9110945,60,0,1,1,0
person098,60,18,E:\Thesis\Dataset\correct_angle_all\person098\right\60_degree18.png,0,0.16234066,3,0.9944613,60,0,1,1,0
person098,75,9,E:\Thesis\Dataset\correct_angle_all\person098\right\75_degree09.png,0,0.19792612,3,0.8433339,75,0,1,1,0
person098,75,14,E:\Thesis\Dataset\correct_angle_all\person098\right\75_degree14.png,0,0.15272507,3,0.26887918,75,0,1,1,0
person098,75,18,E:\Thesis\Dataset\correct_angle_all\person098\right\75_degree18.png,0,0.18508957,3,0.7480543,75,0,1,1,0
person098,90,18,E:\Thesis\Dataset\correct_angle_all\person098\right\90_degree18.png,0,0.16259587,3,0.17923771,90,0,1,1,0
person099,-90,18,E:\Thesis\Dataset\correct_angle_all\person099\left\90_degree_18.png,0,0.084326275,3,0.22708933,90,0,1,1,0
person099,-75,2,E:\Thesis\Dataset\correct_angle_all\person099\left\75_degree_02.png,0,0.10682989,3,0.84345526,75,0,1,1,0
person099,-75,9,E:\Thesis\Dataset\correct_angle_all\person099\left\75_degree_09.png,0,0.09501783,3,0.8758035,75,0,1,1,0
person099,-75,18,E:\Thesis\Dataset\correct_angle_all\person099\left\75_degree_18.png,0,0.13292359,3,0.9394006,75,0,1,1,0
person099,-60,2,E:\Thesis\Dataset\correct_angle_all\person099\left\60_degree_02.png,0,0.11379644,3,0.8821588,60,0,1,1,0
person099,-60,9,E:\Thesis\Dataset\correct_angle_all\person099\left\60_degree_09.png,0,0.087708525,3,0.98170185,60,0,1,1,0
person099,-60,14,E:\Thesis\Dataset\correct_angle_all\person099\left\60_degree_14.png,0,0.09936335,3,0.99584675,60,0,1,1,0
person099,-60,18,E:\Thesis\Dataset\correct_angle_all\person099\left\60_degree_18.png,0,0.096475065,3,0.98966223,60,0,1,1,0
person099,-45,2,E:\Thesis\Dataset\correct_angle_all\person099\left\45_degree_02.png,0,0.07470421,3,0.93545765,45,0,1,1,0
person099,-45,9,E:\Thesis\Dataset\correct_angle_all\person099\left\45_degree_09.png,0,0.089206584,3,0.8729517,45,0,1,1,0
person099,-45,14,E:\Thesis\Dataset\correct_angle_all\person099\left\45_degree_14.png,0,0.07436507,3,0.93532705,45,0,1,1,0
person099,-45,18,E:\Thesis\Dataset\correct_angle_all\person099\left\45_degree_18.png,0,0.0899751,3,0.89834166,45,0,1,1,0
person099,-30,2,E:\Thesis\Dataset\correct_angle_all\person099\left\30_degree_02.png,0,0.08349504,3,0.97897315,30,0,1,1,0
person099,-30,9,E:\Thesis\Dataset\correct_angle_all\person099\left\30_degree_09.png,0,0.06035911,3,0.9715672,30,0,1,1,0
person099,-30,14,E:\Thesis\Dataset\correct_angle_all\person099\left\30_degree_14.png,0,0.078178406,3,0.9821534,30,0,1,1,0
person099,-30,18,E:\Thesis\Dataset\correct_angle_all\person099\left\30_degree_18.png,0,0.099127986,3,0.9777799,30,0,1,1,0
person099,-15,9,E:\Thesis\Dataset\correct_angle_all\person099\left\15_degree09.png,0,0.06965001,3,0.71624327,15,0,1,1,0
person099,-15,14,E:\Thesis\Dataset\correct_angle_all\person099\left\15_degree14.png,0,0.07221005,3,0.7559719,15,0,1,1,0
person099,-15,18,E:\Thesis\Dataset\correct_angle_all\person099\left\15_degree18.png,0,0.096104294,3,0.8184946,15,0,1,1,0
person099,45,9,E:\Thesis\Dataset\correct_angle_all\person099\right\45_degree09.png,0,0.071324795,3,0.5992325,45,0,1,1,0
person099,45,14,E:\Thesis\Dataset\correct_angle_all\person099\right\45_degree14.png,0,0.07004732,3,0.33965573,45,0,1,1,0
person099,45,18,E:\Thesis\Dataset\correct_angle_all\person099\right\45_degree18.png,0,0.06773857,3,0.54415804,45,0,1,1,0
person099,60,2,E:\Thesis\Dataset\correct_angle_all\person099\right\60_degree02.png,0,0.14462121,3,0.91046065,60,0,1,1,0
person099,60,14,E:\Thesis\Dataset\correct_angle_all\person099\right\60_degree14.png,0,0.17926049,3,0.85380507,60,0,1,1,0
person099,75,9,E:\Thesis\Dataset\correct_angle_all\person099\right\75_degree09.png,0,0.13370891,3,0.35203287,75,0,1,1,0
person099,75,14,E:\Thesis\Dataset\correct_angle_all\person099\right\75_degree14.png,0,0.16566865,3,0.1967572,75,0,1,1,0
person099,75,18,E:\Thesis\Dataset\correct_angle_all\person099\right\75_degree18.png,0,0.116023056,3,0.40031704,75,0,1,1,0
person100,-90,14,E:\Thesis\Dataset\correct_angle_all\person100\left\90_degree_14.png,0,0.12984347,3,0.50808686,90,0,1,1,0
person100,-75,2,E:\Thesis\Dataset\correct_angle_all\person100\left\75_degree_02.png,0,0.13465506,3,0.61439365,75,0,1,1,0
person100,-75,9,E:\Thesis\Dataset\correct_angle_all\person100\left\75_degree_09.png,0,0.12789568,3,0.8175046,75,0,1,1,0
person100,-75,18,E:\Thesis\Dataset\correct_angle_all\person100\left\75_degree_18.png,0,0.13196637,3,0.89729166,75,0,1,1,0
person100,-60,2,E:\Thesis\Dataset\correct_angle_all\person100\left\60_degree_02.png,0,0.0906804,3,0.92457706,60,0,1,1,0
person100,-60,9,E:\Thesis\Dataset\correct_angle_all\person100\left\60_degree_09.png,0,0.10792019,3,0.89853746,60,0,1,1,0
person100,-60,14,E:\Thesis\Dataset\correct_angle_all\person100\left\60_degree_14.png,0,0.17679517,3,0.98162585,60,0,1,1,0
person100,-60,18,E:\Thesis\Dataset\correct_angle_all\person100\left\60_degree_18.png,0,0.13563983,3,0.98309296,60,0,1,1,0
person100,-15,9,E:\Thesis\Dataset\correct_angle_all\person100\left\15_degree09.png,0,0.09302362,3,0.9475395,15,0,1,1,0
person100,-15,14,E:\Thesis\Dataset\correct_angle_all\person100\left\15_degree14.png,0,0.12826739,3,0.9618433,15,0,1,1,0
person100,15,14,E:\Thesis\Dataset\correct_angle_all\person100\right\15_degree14.png,0,0.13687311,3,0.9463691,15,0,1,1,0
person100,15,18,E:\Thesis\Dataset\correct_angle_all\person100\right\15_degree18.png,0,0.14204517,3,0.844819,15,0,1,1,0
person100,30,2,E:\Thesis\Dataset\correct_angle_all\person100\right\30_degree02.png,0,0.17106493,3,0.9944396,30,0,1,1,0
person100,30,9,E:\Thesis\Dataset\correct_angle_all\person100\right\30_degree09.png,0,0.22182083,3,0.99847883,30,0,1,1,0
person100,30,14,E:\Thesis\Dataset\correct_angle_all\person100\right\30_degree14.png,0,0.17468554,3,0.9824094,30,0,1,1,0
person100,30,18,E:\Thesis\Dataset\correct_angle_all\person100\right\30_degree18.png,0,0.23588036,3,0.9936033,30,0,1,1,0
person100,45,9,E:\Thesis\Dataset\correct_angle_all\person100\right\45_degree09.png,0,0.28352347,3,0.6818216,45,0,1,1,0
person100,45,18,E:\Thesis\Dataset\correct_angle_all\person100\right\45_degree18.png,0,0.27310604,3,0.575705,45,0,1,1,0
person100,60,2,E:\Thesis\Dataset\correct_angle_all\person100\right\60_degree02.png,0,0.0569022,3,0.97475594,60,0,1,1,0
person100,60,9,E:\Thesis\Dataset\correct_angle_all\person100\right\60_degree09.png,0,0.07231819,3,0.9929657,60,0,1,1,0
person100,60,14,E:\Thesis\Dataset\correct_angle_all\person100\right\60_degree14.png,0,0.04884203,3,0.9394839,60,0,1,1,0
person100,60,18,E:\Thesis\Dataset\correct_angle_all\person100\right\60_degree18.png,0,0.07046802,3,0.99583036,60,0,1,1,0
person100,75,9,E:\Thesis\Dataset\correct_angle_all\person100\right\75_degree09.png,0,0.08754096,3,0.7804365,75,0,1,1,0
person100,90,14,E:\Thesis\Dataset\correct_angle_all\person100\right\90_degree14.png,0,0.0973775,3,0.57742345,90,0,1,1,0
person101,-90,2,E:\Thesis\Dataset\correct_angle_all\person101\left\90_degree_02.png,0,0.119911075,3,0.47116494,90,0,1,1,0
person101,-90,9,E:\Thesis\Dataset\correct_angle_all\person101\left\90_degree_09.png,0,0.14846838,3,0.32861406,90,0,1,1,0
person101,-90,14,E:\Thesis\Dataset\correct_angle_all\person101\left\90_degree_14.png,0,0.17005546,3,0.47174954,90,0,1,1,0
person101,-75,2,E:\Thesis\Dataset\correct_angle_all\person101\left\75_degree_02.png,0,0.11427533,3,0.8563784,75,0,1,1,0
person101,-75,9,E:\Thesis\Dataset\correct_angle_all\person101\left\75_degree_09.png,0,0.14385633,3,0.7602518,75,0,1,1,0
person101,-75,14,E:\Thesis\Dataset\correct_angle_all\person101\left\75_degree_14.png,0,0.0965362,3,0.6047485,75,0,1,1,0
person101,-75,18,E:\Thesis\Dataset\correct_angle_all\person101\left\75_degree_18.png,0,0.14358741,3,0.7009633,75,0,1,1,0
person101,-60,2,E:\Thesis\Dataset\correct_angle_all\person101\left\60_degree_02.png,0,0.10927298,3,0.9919304,60,0,1,1,0
person101,-60,9,E:\Thesis\Dataset\correct_angle_all\person101\left\60_degree_09.png,0,0.12485519,3,0.9602952,60,0,1,1,0
person101,-60,14,E:\Thesis\Dataset\correct_angle_all\person101\left\60_degree_14.png,0,0.1200609,3,0.9966615,60,0,1,1,0
person101,-60,18,E:\Thesis\Dataset\correct_angle_all\person101\left\60_degree_18.png,0,0.109696664,3,0.9867146,60,0,1,1,0
person101,-45,2,E:\Thesis\Dataset\correct_angle_all\person101\left\45_degree_02.png,0,0.1270485,3,0.640572,45,0,1,1,0
person101,-45,9,E:\Thesis\Dataset\correct_angle_all\person101\left\45_degree_09.png,0,0.11209339,3,0.7165549,45,0,1,1,0
person101,-45,14,E:\Thesis\Dataset\correct_angle_all\person101\left\45_degree_14.png,0,0.112416305,3,0.48218372,45,0,1,1,0
person101,-45,18,E:\Thesis\Dataset\correct_angle_all\person101\left\45_degree_18.png,0,0.123758435,3,0.61668515,45,0,1,1,0
person101,-30,2,E:\Thesis\Dataset\correct_angle_all\person101\left\30_degree_02.png,0,0.26734325,3,0.92842007,30,0,1,1,0
person101,-30,9,E:\Thesis\Dataset\correct_angle_all\person101\left\30_degree_09.png,0,0.3421146,3,0.95919895,30,0,1,1,0
person101,-30,14,E:\Thesis\Dataset\correct_angle_all\person101\left\30_degree_14.png,0,0.32247213,3,0.8510755,30,0,1,1,0
person101,-30,18,E:\Thesis\Dataset\correct_angle_all\person101\left\30_degree_18.png,0,0.40845633,3,0.9856294,30,0,1,1,0
person101,-15,9,E:\Thesis\Dataset\correct_angle_all\person101\left\15_degree09.png,0,0.053386793,3,0.4661139,15,0,1,1,0
person101,-15,18,E:\Thesis\Dataset\correct_angle_all\person101\left\15_degree18.png,0,0.053320367,3,0.31020156,15,0,1,1,0
person101,30,2,E:\Thesis\Dataset\correct_angle_all\person101\right\30_degree02.png,0,0.23229915,3,0.89844376,30,0,1,1,0
person101,30,9,E:\Thesis\Dataset\correct_angle_all\person101\right\30_degree09.png,0,0.2572519,3,0.9729257,30,0,1,1,0
person101,30,14,E:\Thesis\Dataset\correct_angle_all\person101\right\30_degree14.png,0,0.20495991,3,0.98970276,30,0,1,1,0
person101,30,18,E:\Thesis\Dataset\correct_angle_all\person101\right\30_degree18.png,0,0.31107876,3,0.9869415,30,0,1,1,0
person101,45,14,E:\Thesis\Dataset\correct_angle_all\person101\right\45_degree14.png,0,0.3437074,3,0.531062,45,0,1,1,0
person101,45,18,E:\Thesis\Dataset\correct_angle_all\person101\right\45_degree18.png,0,0.30814853,3,0.46454254,45,0,1,1,0
person101,60,9,E:\Thesis\Dataset\correct_angle_all\person101\right\60_degree09.png,0,0.1232421,3,0.9954839,60,0,1,1,0
person101,60,14,E:\Thesis\Dataset\correct_angle_all\person101\right\60_degree14.png,0,0.12391743,3,0.9480219,60,0,1,1,0
person101,60,18,E:\Thesis\Dataset\correct_angle_all\person101\right\60_degree18.png,0,0.10871223,3,0.994497,60,0,1,1,0
person101,75,9,E:\Thesis\Dataset\correct_angle_all\person101\right\75_degree09.png,0,0.11700457,3,0.95785475,75,0,1,1,0
person101,75,18,E:\Thesis\Dataset\correct_angle_all\person101\right\75_degree18.png,0,0.09933173,3,0.95974827,75,0,1,1,0
person101,90,9,E:\Thesis\Dataset\correct_angle_all\person101\right\90_degree09.png,0,0.071803056,3,0.57331276,90,0,1,1,0
person101,90,14,E:\Thesis\Dataset\correct_angle_all\person101\right\90_degree14.png,0,0.060129713,3,0.4113072,90,0,1,1,0
person101,90,18,E:\Thesis\Dataset\correct_angle_all\person101\right\90_degree18.png,0,0.06909046,3,0.6016335,90,0,1,1,0
person102,-90,14,E:\Thesis\Dataset\correct_angle_all\person102\left\90_degree_14.png,0,0.22167468,3,0.43903184,90,0,1,1,0
person102,-90,18,E:\Thesis\Dataset\correct_angle_all\person102\left\90_degree_18.png,0,0.19587405,3,0.5180344,90,0,1,1,0
person102,-75,2,E:\Thesis\Dataset\correct_angle_all\person102\left\75_degree_02.png,0,0.14090659,3,0.77349836,75,0,1,1,0
person102,-75,9,E:\Thesis\Dataset\correct_angle_all\person102\left\75_degree_09.png,0,0.1901819,3,0.5677516,75,0,1,1,0
person102,-75,14,E:\Thesis\Dataset\correct_angle_all\person102\left\75_degree_14.png,0,0.14666082,3,0.4020041,75,0,1,1,0
person102,-75,18,E:\Thesis\Dataset\correct_angle_all\person102\left\75_degree_18.png,0,0.12907259,3,0.8124175,75,0,1,1,0
person102,-60,2,E:\Thesis\Dataset\correct_angle_all\person102\left\60_degree_02.png,0,0.079381615,3,0.9739866,60,0,1,1,0
person102,-60,9,E:\Thesis\Dataset\correct_angle_all\person102\left\60_degree_09.png,0,0.15739705,3,0.9510452,60,0,1,1,0
person102,-60,14,E:\Thesis\Dataset\correct_angle_all\person102\left\60_degree_14.png,0,0.09334291,3,0.99802953,60,0,1,1,0
person102,-60,18,E:\Thesis\Dataset\correct_angle_all\person102\left\60_degree_18.png,0,0.107515246,3,0.9930024,60,0,1,1,0
person102,-45,9,E:\Thesis\Dataset\correct_angle_all\person102\left\45_degree_09.png,0,0.23843706,3,0.8809772,45,0,1,1,0
person102,-45,14,E:\Thesis\Dataset\correct_angle_all\person102\left\45_degree_14.png,0,0.1546668,3,0.8428703,45,0,1,1,0
person102,-30,14,E:\Thesis\Dataset\correct_angle_all\person102\left\30_degree_14.png,0,0.16233094,3,0.99397874,30,0,1,1,0
person102,-15,2,E:\Thesis\Dataset\correct_angle_all\person102\left\15_degree02.png,0,0.1399715,3,0.7450774,15,0,1,1,0
person102,-15,9,E:\Thesis\Dataset\correct_angle_all\person102\left\15_degree09.png,0,0.29965863,3,0.8458678,15,0,1,1,0
person102,-15,14,E:\Thesis\Dataset\correct_angle_all\person102\left\15_degree14.png,0,0.3441669,3,0.6899667,15,0,1,1,0
person102,-15,18,E:\Thesis\Dataset\correct_angle_all\person102\left\15_degree18.png,0,0.25714323,3,0.9517174,15,0,1,1,0
person102,15,2,E:\Thesis\Dataset\correct_angle_all\person102\right\15_degree02.png,0,0.15472014,3,0.8967708,15,0,1,1,0
person102,15,9,E:\Thesis\Dataset\correct_angle_all\person102\right\15_degree09.png,0,0.24374716,3,0.9174247,15,0,1,1,0
person102,15,14,E:\Thesis\Dataset\correct_angle_all\person102\right\15_degree14.png,0,0.21842456,3,0.91967463,15,0,1,1,0
person102,15,18,E:\Thesis\Dataset\correct_angle_all\person102\right\15_degree18.png,0,0.32110763,3,0.958154,15,0,1,1,0
person102,45,2,E:\Thesis\Dataset\correct_angle_all\person102\right\45_degree02.png,0,0.2305638,3,0.7845118,45,0,1,1,0
person102,60,2,E:\Thesis\Dataset\correct_angle_all\person102\right\60_degree02.png,0,0.118896104,3,0.9200439,60,0,1,1,0
person102,60,9,E:\Thesis\Dataset\correct_angle_all\person102\right\60_degree09.png,0,0.14451481,3,0.99879557,60,0,1,1,0
person102,60,14,E:\Thesis\Dataset\correct_angle_all\person102\right\60_degree14.png,0,0.09249824,3,0.98167133,60,0,1,1,0
person102,60,18,E:\Thesis\Dataset\correct_angle_all\person102\right\60_degree18.png,0,0.1380674,3,0.99652004,60,0,1,1,0
person103,-75,9,E:\Thesis\Dataset\correct_angle_all\person103\left\75_degree_09.png,0,0.114766985,3,0.52336305,75,0,1,1,0
person103,-75,18,E:\Thesis\Dataset\correct_angle_all\person103\left\75_degree_18.png,0,0.13041627,3,0.84739166,75,0,1,1,0
person103,-60,2,E:\Thesis\Dataset\correct_angle_all\person103\left\60_degree_02.png,0,0.13828373,3,0.6835831,60,0,1,1,0
person103,-60,9,E:\Thesis\Dataset\correct_angle_all\person103\left\60_degree_09.png,0,0.12783888,3,0.9933011,60,0,1,1,0
person103,-60,14,E:\Thesis\Dataset\correct_angle_all\person103\left\60_degree_14.png,0,0.09218382,3,0.9513731,60,0,1,1,0
person103,-60,18,E:\Thesis\Dataset\correct_angle_all\person103\left\60_degree_18.png,0,0.12450863,3,0.9966817,60,0,1,1,0
person103,-45,2,E:\Thesis\Dataset\correct_angle_all\person103\left\45_degree_02.png,0,0.15685421,3,0.7918434,45,0,1,1,0
person103,-45,9,E:\Thesis\Dataset\correct_angle_all\person103\left\45_degree_09.png,0,0.12553257,3,0.95522493,45,0,1,1,0
person103,-45,14,E:\Thesis\Dataset\correct_angle_all\person103\left\45_degree_14.png,0,0.1111165,3,0.9260103,45,0,1,1,0
person103,-45,18,E:\Thesis\Dataset\correct_angle_all\person103\left\45_degree_18.png,0,0.13208354,3,0.98930025,45,0,1,1,0
person103,-30,2,E:\Thesis\Dataset\correct_angle_all\person103\left\30_degree_02.png,0,0.1280288,3,0.96289986,30,0,1,1,0
person103,-30,9,E:\Thesis\Dataset\correct_angle_all\person103\left\30_degree_09.png,0,0.16883855,3,0.9763815,30,0,1,1,0
person103,-30,14,E:\Thesis\Dataset\correct_angle_all\person103\left\30_degree_14.png,0,0.12127092,3,0.99438834,30,0,1,1,0
person103,-30,18,E:\Thesis\Dataset\correct_angle_all\person103\left\30_degree_18.png,0,0.16841026,3,0.998554,30,0,1,1,0
person103,-15,2,E:\Thesis\Dataset\correct_angle_all\person103\left\15_degree02.png,0,0.10589931,3,0.5335744,15,0,1,1,0
person103,-15,14,E:\Thesis\Dataset\correct_angle_all\person103\left\15_degree14.png,0,0.08412214,3,0.87139004,15,0,1,1,0
person103,-15,18,E:\Thesis\Dataset\correct_angle_all\person103\left\15_degree18.png,0,0.08351964,3,0.8389101,15,0,1,1,0
person103,15,2,E:\Thesis\Dataset\correct_angle_all\person103\right\15_degree02.png,0,0.08136248,3,0.92970824,15,0,1,1,0
person103,15,9,E:\Thesis\Dataset\correct_angle_all\person103\right\15_degree09.png,0,0.108412765,3,0.94713855,15,0,1,1,0
person103,15,14,E:\Thesis\Dataset\correct_angle_all\person103\right\15_degree14.png,0,0.19572155,3,0.9590145,15,0,1,1,0
person103,15,18,E:\Thesis\Dataset\correct_angle_all\person103\right\15_degree18.png,0,0.18742824,3,0.9430725,15,0,1,1,0
person103,30,2,E:\Thesis\Dataset\correct_angle_all\person103\right\30_degree02.png,0,0.20689468,3,0.984673,30,0,1,1,0
person103,30,9,E:\Thesis\Dataset\correct_angle_all\person103\right\30_degree09.png,0,0.16600215,3,0.98323363,30,0,1,1,0
person103,30,14,E:\Thesis\Dataset\correct_angle_all\person103\right\30_degree14.png,0,0.15276955,3,0.99722105,30,0,1,1,0
person103,30,18,E:\Thesis\Dataset\correct_angle_all\person103\right\30_degree18.png,0,0.17403919,3,0.99440885,30,0,1,1,0
person103,45,2,E:\Thesis\Dataset\correct_angle_all\person103\right\45_degree02.png,0,0.15210317,3,0.7952768,45,0,1,1,0
person103,45,9,E:\Thesis\Dataset\correct_angle_all\person103\right\45_degree09.png,0,0.12983781,3,0.96013933,45,0,1,1,0
person103,45,14,E:\Thesis\Dataset\correct_angle_all\person103\right\45_degree14.png,0,0.13951999,3,0.9495658,45,0,1,1,0
person103,45,18,E:\Thesis\Dataset\correct_angle_all\person103\right\45_degree18.png,0,0.16100454,3,0.9613066,45,0,1,1,0
person103,60,2,E:\Thesis\Dataset\correct_angle_all\person103\right\60_degree02.png,0,0.07960556,3,0.81105155,60,0,1,1,0
person103,60,9,E:\Thesis\Dataset\correct_angle_all\person103\right\60_degree09.png,0,0.07688855,3,0.9970638,60,0,1,1,0
person103,60,14,E:\Thesis\Dataset\correct_angle_all\person103\right\60_degree14.png,0,0.055451218,3,0.9253144,60,0,1,1,0
person103,60,18,E:\Thesis\Dataset\correct_angle_all\person103\right\60_degree18.png,0,0.06293266,3,0.9953785,60,0,1,1,0
person103,75,9,E:\Thesis\Dataset\correct_angle_all\person103\right\75_degree09.png,0,0.08460089,3,0.94692796,75,0,1,1,0
person103,75,14,E:\Thesis\Dataset\correct_angle_all\person103\right\75_degree14.png,0,0.086703084,3,0.5040849,75,0,1,1,0
person103,75,18,E:\Thesis\Dataset\correct_angle_all\person103\right\75_degree18.png,0,0.07680008,3,0.9418022,75,0,1,1,0
person103,90,18,E:\Thesis\Dataset\correct_angle_all\person103\right\90_degree18.png,0,0.05962469,3,0.46220937,90,0,1,1,0
person104,-75,2,E:\Thesis\Dataset\correct_angle_all\person104\left\75_degree_02.png,0,0.11223689,3,0.5398275,75,0,1,1,0
person104,-75,18,E:\Thesis\Dataset\correct_angle_all\person104\left\75_degree_18.png,0,0.12816016,3,0.56129664,75,0,1,1,0
person104,-60,2,E:\Thesis\Dataset\correct_angle_all\person104\left\60_degree_02.png,0,0.09734007,3,0.8388839,60,0,1,1,0
person104,-60,9,E:\Thesis\Dataset\correct_angle_all\person104\left\60_degree_09.png,0,0.119119555,3,0.891496,60,0,1,1,0
person104,-60,14,E:\Thesis\Dataset\correct_angle_all\person104\left\60_degree_14.png,0,0.11853608,3,0.877194,60,0,1,1,0
person104,-60,18,E:\Thesis\Dataset\correct_angle_all\person104\left\60_degree_18.png,0,0.11634401,3,0.8272615,60,0,1,1,0
person104,-45,2,E:\Thesis\Dataset\correct_angle_all\person104\left\45_degree_02.png,0,0.14634037,3,0.75492245,45,0,1,1,0
person104,-45,9,E:\Thesis\Dataset\correct_angle_all\person104\left\45_degree_09.png,0,0.13168292,3,0.82756925,45,0,1,1,0
person104,-45,14,E:\Thesis\Dataset\correct_angle_all\person104\left\45_degree_14.png,0,0.12469542,3,0.70716125,45,0,1,1,0
person104,-45,18,E:\Thesis\Dataset\correct_angle_all\person104\left\45_degree_18.png,0,0.123130225,3,0.8201429,45,0,1,1,0
person104,-30,2,E:\Thesis\Dataset\correct_angle_all\person104\left\30_degree_02.png,0,0.11364306,3,0.8278658,30,0,1,1,0
person104,-30,9,E:\Thesis\Dataset\correct_angle_all\person104\left\30_degree_09.png,0,0.0992406,3,0.9893642,30,0,1,1,0
person104,-30,14,E:\Thesis\Dataset\correct_angle_all\person104\left\30_degree_14.png,0,0.15745486,3,0.6915906,30,0,1,1,0
person104,-30,18,E:\Thesis\Dataset\correct_angle_all\person104\left\30_degree_18.png,0,0.14768228,3,0.8636152,30,0,1,1,0
person104,15,2,E:\Thesis\Dataset\correct_angle_all\person104\right\15_degree02.png,0,0.10077473,3,0.66172165,15,0,1,1,0
person104,30,2,E:\Thesis\Dataset\correct_angle_all\person104\right\30_degree02.png,0,0.2064486,3,0.99058795,30,0,1,1,0
person104,30,9,E:\Thesis\Dataset\correct_angle_all\person104\right\30_degree09.png,0,0.13150997,3,0.99288493,30,0,1,1,0
person104,30,14,E:\Thesis\Dataset\correct_angle_all\person104\right\30_degree14.png,0,0.107940376,3,0.98465157,30,0,1,1,0
person104,30,18,E:\Thesis\Dataset\correct_angle_all\person104\right\30_degree18.png,0,0.15594392,3,0.99640393,30,0,1,1,0
person104,45,2,E:\Thesis\Dataset\correct_angle_all\person104\right\45_degree02.png,0,0.16485141,3,0.58093315,45,0,1,1,0
person104,45,18,E:\Thesis\Dataset\correct_angle_all\person104\right\45_degree18.png,0,0.14137693,3,0.81386834,45,0,1,1,0
person104,60,2,E:\Thesis\Dataset\correct_angle_all\person104\right\60_degree02.png,0,0.08250647,3,0.98639727,60,0,1,1,0
person104,60,9,E:\Thesis\Dataset\correct_angle_all\person104\right\60_degree09.png,0,0.14299487,3,0.99457806,60,0,1,1,0
person104,60,14,E:\Thesis\Dataset\correct_angle_all\person104\right\60_degree14.png,0,0.08359999,3,0.87167114,60,0,1,1,0
person104,60,18,E:\Thesis\Dataset\correct_angle_all\person104\right\60_degree18.png,0,0.087825,3,0.995696,60,0,1,1,0
person104,75,9,E:\Thesis\Dataset\correct_angle_all\person104\right\75_degree09.png,0,0.1040074,3,0.9050825,75,0,1,1,0
person104,75,14,E:\Thesis\Dataset\correct_angle_all\person104\right\75_degree14.png,0,0.109846674,3,0.42182815,75,0,1,1,0
person104,75,18,E:\Thesis\Dataset\correct_angle_all\person104\right\75_degree18.png,0,0.097087614,3,0.94829243,75,0,1,1,0
person104,90,9,E:\Thesis\Dataset\correct_angle_all\person104\right\90_degree09.png,0,0.08306024,3,0.5413261,90,0,1,1,0
person104,90,18,E:\Thesis\Dataset\correct_angle_all\person104\right\90_degree18.png,0,0.09790211,3,0.532049,90,0,1,1,0
person105,-90,18,E:\Thesis\Dataset\correct_angle_all\person105\left\90_degree_18.png,0,0.14681728,3,0.18554692,90,0,1,1,0
person105,-75,2,E:\Thesis\Dataset\correct_angle_all\person105\left\75_degree_02.png,0,0.15599422,3,0.50024813,75,0,1,1,0
person105,-75,9,E:\Thesis\Dataset\correct_angle_all\person105\left\75_degree_09.png,0,0.097929426,3,0.7440192,75,0,1,1,0
person105,-75,18,E:\Thesis\Dataset\correct_angle_all\person105\left\75_degree_18.png,0,0.09758612,3,0.733666,75,0,1,1,0
person105,-60,2,E:\Thesis\Dataset\correct_angle_all\person105\left\60_degree_02.png,0,0.14010991,3,0.8248029,60,0,1,1,0
person105,-60,9,E:\Thesis\Dataset\correct_angle_all\person105\left\60_degree_09.png,0,0.083420195,3,0.9736422,60,0,1,1,0
person105,-60,14,E:\Thesis\Dataset\correct_angle_all\person105\left\60_degree_14.png,0,0.1321104,3,0.95916414,60,0,1,1,0
person105,-60,18,E:\Thesis\Dataset\correct_angle_all\person105\left\60_degree_18.png,0,0.117981054,3,0.9963009,60,0,1,1,0
person105,-45,2,E:\Thesis\Dataset\correct_angle_all\person105\left\45_degree_02.png,0,0.40255007,3,0.3976213,45,0,1,1,0
person105,-45,9,E:\Thesis\Dataset\correct_angle_all\person105\left\45_degree_09.png,0,0.29880974,3,0.77329665,45,0,1,1,0
person105,-45,14,E:\Thesis\Dataset\correct_angle_all\person105\left\45_degree_14.png,0,0.28101942,3,0.5950088,45,0,1,1,0
person105,-45,18,E:\Thesis\Dataset\correct_angle_all\person105\left\45_degree_18.png,0,0.30189088,3,0.8696858,45,0,1,1,0
person105,-30,2,E:\Thesis\Dataset\correct_angle_all\person105\left\30_degree_02.png,0,0.4245402,3,0.90041065,30,0,1,1,0
person105,-30,9,E:\Thesis\Dataset\correct_angle_all\person105\left\30_degree_09.png,0,0.3404825,3,0.99008733,30,0,1,1,0
person105,-30,14,E:\Thesis\Dataset\correct_angle_all\person105\left\30_degree_14.png,0,0.30407116,3,0.98574924,30,0,1,1,0
person105,-30,18,E:\Thesis\Dataset\correct_angle_all\person105\left\30_degree_18.png,0,0.41311553,3,0.995759,30,0,1,1,0
person105,-15,2,E:\Thesis\Dataset\correct_angle_all\person105\left\15_degree02.png,0,0.073747255,3,0.63051337,15,0,1,1,0
person105,15,9,E:\Thesis\Dataset\correct_angle_all\person105\right\15_degree09.png,0,0.3892947,3,0.58985096,15,0,1,1,0
person105,15,14,E:\Thesis\Dataset\correct_angle_all\person105\right\15_degree14.png,0,0.6157983,3,0.6336488,15,0,1,1,0
person105,15,18,E:\Thesis\Dataset\correct_angle_all\person105\right\15_degree18.png,0,0.48154345,3,0.7008937,15,0,1,1,0
person105,30,2,E:\Thesis\Dataset\correct_angle_all\person105\right\30_degree02.png,0,0.23158622,3,0.7762932,30,0,1,1,0
person105,30,9,E:\Thesis\Dataset\correct_angle_all\person105\right\30_degree09.png,0,0.38713562,3,0.99569696,30,0,1,1,0
person105,30,14,E:\Thesis\Dataset\correct_angle_all\person105\right\30_degree14.png,0,0.29665506,3,0.9972442,30,0,1,1,0
person105,30,18,E:\Thesis\Dataset\correct_angle_all\person105\right\30_degree18.png,0,0.29455325,3,0.9948724,30,0,1,1,0
person105,45,2,E:\Thesis\Dataset\correct_angle_all\person105\right\45_degree02.png,0,0.18753074,3,0.4910438,45,0,1,1,0
person105,45,9,E:\Thesis\Dataset\correct_angle_all\person105\right\45_degree09.png,0,0.2843265,3,0.6508572,45,0,1,1,0
person105,45,18,E:\Thesis\Dataset\correct_angle_all\person105\right\45_degree18.png,0,0.2054621,3,0.74419945,45,0,1,1,0
person105,60,2,E:\Thesis\Dataset\correct_angle_all\person105\right\60_degree02.png,0,0.07571494,3,0.98385364,60,0,1,1,0
person105,60,9,E:\Thesis\Dataset\correct_angle_all\person105\right\60_degree09.png,0,0.08976809,3,0.75683266,60,0,1,1,0
person105,60,14,E:\Thesis\Dataset\correct_angle_all\person105\right\60_degree14.png,0,0.10325279,3,0.7521589,60,0,1,1,0
person105,60,18,E:\Thesis\Dataset\correct_angle_all\person105\right\60_degree18.png,0,0.096058756,3,0.91281533,60,0,1,1,0
person106,-90,2,E:\Thesis\Dataset\correct_angle_all\person106\left\90_degree_02.png,0,0.24540646,3,0.44077268,90,0,1,1,0
person106,-90,14,E:\Thesis\Dataset\correct_angle_all\person106\left\90_degree_14.png,0,0.24016745,3,0.59220177,90,0,1,1,0
person106,-90,18,E:\Thesis\Dataset\correct_angle_all\person106\left\90_degree_18.png,0,0.23743637,3,0.37183,90,0,1,1,0
person106,-75,2,E:\Thesis\Dataset\correct_angle_all\person106\left\75_degree_02.png,0,0.17249888,3,0.7245948,75,0,1,1,0
person106,-75,9,E:\Thesis\Dataset\correct_angle_all\person106\left\75_degree_09.png,0,0.21453826,3,0.6451296,75,0,1,1,0
person106,-75,18,E:\Thesis\Dataset\correct_angle_all\person106\left\75_degree_18.png,0,0.22137356,3,0.84526664,75,0,1,1,0
person106,-60,2,E:\Thesis\Dataset\correct_angle_all\person106\left\60_degree_02.png,0,0.083598755,3,0.9913952,60,0,1,1,0
person106,-60,9,E:\Thesis\Dataset\correct_angle_all\person106\left\60_degree_09.png,0,0.1298774,3,0.99460125,60,0,1,1,0
person106,-60,14,E:\Thesis\Dataset\correct_angle_all\person106\left\60_degree_14.png,0,0.09625485,3,0.99775577,60,0,1,1,0
person106,-60,18,E:\Thesis\Dataset\correct_angle_all\person106\left\60_degree_18.png,0,0.12819071,3,0.99804807,60,0,1,1,0
person106,-45,2,E:\Thesis\Dataset\correct_angle_all\person106\left\45_degree_02.png,0,0.2574823,3,0.859281,45,0,1,1,0
person106,-45,9,E:\Thesis\Dataset\correct_angle_all\person106\left\45_degree_09.png,0,0.30783978,3,0.91644335,45,0,1,1,0
person106,-45,14,E:\Thesis\Dataset\correct_angle_all\person106\left\45_degree_14.png,0,0.21630128,3,0.9357028,45,0,1,1,0
person106,-45,18,E:\Thesis\Dataset\correct_angle_all\person106\left\45_degree_18.png,0,0.3398318,3,0.94873756,45,0,1,1,0
person106,-30,2,E:\Thesis\Dataset\correct_angle_all\person106\left\30_degree_02.png,0,0.11517197,3,0.9534485,30,0,1,1,0
person106,-30,9,E:\Thesis\Dataset\correct_angle_all\person106\left\30_degree_09.png,0,0.14624307,3,0.99762225,30,0,1,1,0
person106,-30,14,E:\Thesis\Dataset\correct_angle_all\person106\left\30_degree_14.png,0,0.2194023,3,0.98845625,30,0,1,1,0
person106,-30,18,E:\Thesis\Dataset\correct_angle_all\person106\left\30_degree_18.png,0,0.18514498,3,0.9946169,30,0,1,1,0
person106,-15,14,E:\Thesis\Dataset\correct_angle_all\person106\left\15_degree14.png,0,0.15716416,3,0.89393586,15,0,1,1,0
person106,30,2,E:\Thesis\Dataset\correct_angle_all\person106\right\30_degree02.png,0,0.123446316,3,0.994705,30,0,1,1,0
person106,30,9,E:\Thesis\Dataset\correct_angle_all\person106\right\30_degree09.png,0,0.09386673,3,0.9874277,30,0,1,1,0
person106,30,14,E:\Thesis\Dataset\correct_angle_all\person106\right\30_degree14.png,0,0.09939607,3,0.94870025,30,0,1,1,0
person106,30,18,E:\Thesis\Dataset\correct_angle_all\person106\right\30_degree18.png,0,0.12979926,3,0.97050315,30,0,1,1,0
person106,45,2,E:\Thesis\Dataset\correct_angle_all\person106\right\45_degree02.png,0,0.11495044,3,0.38406304,45,0,1,1,0
person106,60,2,E:\Thesis\Dataset\correct_angle_all\person106\right\60_degree02.png,0,0.20894824,3,0.9780622,60,0,1,1,0
person106,60,9,E:\Thesis\Dataset\correct_angle_all\person106\right\60_degree09.png,0,0.11554706,3,0.9813381,60,0,1,1,0
person106,60,14,E:\Thesis\Dataset\correct_angle_all\person106\right\60_degree14.png,0,0.15851551,3,0.9678113,60,0,1,1,0
person106,60,18,E:\Thesis\Dataset\correct_angle_all\person106\right\60_degree18.png,0,0.12791742,3,0.99444515,60,0,1,1,0
person106,75,9,E:\Thesis\Dataset\correct_angle_all\person106\right\75_degree09.png,0,0.13592167,3,0.80060655,75,0,1,1,0
person106,75,14,E:\Thesis\Dataset\correct_angle_all\person106\right\75_degree14.png,0,0.19223504,3,0.7206497,75,0,1,1,0
person106,75,18,E:\Thesis\Dataset\correct_angle_all\person106\right\75_degree18.png,0,0.14039086,3,0.83378106,75,0,1,1,0
person107,-75,2,E:\Thesis\Dataset\correct_angle_all\person107\left\75_degree_02.png,0,0.13488203,3,0.20132582,75,0,1,1,0
person107,-75,9,E:\Thesis\Dataset\correct_angle_all\person107\left\75_degree_09.png,0,0.14891681,3,0.5872924,75,0,1,1,0
person107,-75,18,E:\Thesis\Dataset\correct_angle_all\person107\left\75_degree_18.png,0,0.1126073,3,0.33012858,75,0,1,1,0
person107,-60,2,E:\Thesis\Dataset\correct_angle_all\person107\left\60_degree_02.png,0,0.11170735,3,0.6511468,60,0,1,1,0
person107,-60,9,E:\Thesis\Dataset\correct_angle_all\person107\left\60_degree_09.png,0,0.123681985,3,0.9644608,60,0,1,1,0
person107,-60,14,E:\Thesis\Dataset\correct_angle_all\person107\left\60_degree_14.png,0,0.12033992,3,0.70469254,60,0,1,1,0
person107,-60,18,E:\Thesis\Dataset\correct_angle_all\person107\left\60_degree_18.png,0,0.1007367,3,0.73400545,60,0,1,1,0
person107,-45,2,E:\Thesis\Dataset\correct_angle_all\person107\left\45_degree_02.png,0,0.1136885,3,0.5844246,45,0,1,1,0
person107,-45,9,E:\Thesis\Dataset\correct_angle_all\person107\left\45_degree_09.png,0,0.13957714,3,0.8349995,45,0,1,1,0
person107,-45,14,E:\Thesis\Dataset\correct_angle_all\person107\left\45_degree_14.png,0,0.11132469,3,0.35758495,45,0,1,1,0
person107,-45,18,E:\Thesis\Dataset\correct_angle_all\person107\left\45_degree_18.png,0,0.17692105,3,0.6913111,45,0,1,1,0
person107,-30,2,E:\Thesis\Dataset\correct_angle_all\person107\left\30_degree_02.png,0,0.21322276,3,0.8952511,30,0,1,1,0
person107,-30,9,E:\Thesis\Dataset\correct_angle_all\person107\left\30_degree_09.png,0,0.18466224,3,0.98739856,30,0,1,1,0
person107,-30,14,E:\Thesis\Dataset\correct_angle_all\person107\left\30_degree_14.png,0,0.1706295,3,0.7535577,30,0,1,1,0
person107,-30,18,E:\Thesis\Dataset\correct_angle_all\person107\left\30_degree_18.png,0,0.29075375,3,0.96909696,30,0,1,1,0
person107,-15,9,E:\Thesis\Dataset\correct_angle_all\person107\left\15_degree09.png,0,0.06852799,3,0.8822209,15,0,1,1,0
person107,-15,14,E:\Thesis\Dataset\correct_angle_all\person107\left\15_degree14.png,0,0.06227997,3,0.4976593,15,0,1,1,0
person107,-15,18,E:\Thesis\Dataset\correct_angle_all\person107\left\15_degree18.png,0,0.09663864,3,0.793194,15,0,1,1,0
person107,15,2,E:\Thesis\Dataset\correct_angle_all\person107\right\15_degree02.png,0,0.14135365,3,0.79322416,15,0,1,1,0
person107,15,9,E:\Thesis\Dataset\correct_angle_all\person107\right\15_degree09.png,0,0.13240005,3,0.64660764,15,0,1,1,0
person107,15,14,E:\Thesis\Dataset\correct_angle_all\person107\right\15_degree14.png,0,0.13514243,3,0.86603934,15,0,1,1,0
person107,15,18,E:\Thesis\Dataset\correct_angle_all\person107\right\15_degree18.png,0,0.12599488,3,0.85314494,15,0,1,1,0
person107,30,2,E:\Thesis\Dataset\correct_angle_all\person107\right\30_degree02.png,0,0.22369199,3,0.9804139,30,0,1,1,0
person107,30,9,E:\Thesis\Dataset\correct_angle_all\person107\right\30_degree09.png,0,0.22916658,3,0.94363284,30,0,1,1,0
person107,30,14,E:\Thesis\Dataset\correct_angle_all\person107\right\30_degree14.png,0,0.15306988,3,0.99666995,30,0,1,1,0
person107,30,18,E:\Thesis\Dataset\correct_angle_all\person107\right\30_degree18.png,0,0.19076216,3,0.980778,30,0,1,1,0
person107,45,2,E:\Thesis\Dataset\correct_angle_all\person107\right\45_degree02.png,0,0.2527339,3,0.8691373,45,0,1,1,0
person107,45,9,E:\Thesis\Dataset\correct_angle_all\person107\right\45_degree09.png,0,0.20744814,3,0.42069864,45,0,1,1,0
person107,45,14,E:\Thesis\Dataset\correct_angle_all\person107\right\45_degree14.png,0,0.202672,3,0.81750387,45,0,1,1,0
person107,45,18,E:\Thesis\Dataset\correct_angle_all\person107\right\45_degree18.png,0,0.21171784,3,0.6333181,45,0,1,1,0
person107,60,2,E:\Thesis\Dataset\correct_angle_all\person107\right\60_degree02.png,0,0.09612476,3,0.9939644,60,0,1,1,0
person107,60,14,E:\Thesis\Dataset\correct_angle_all\person107\right\60_degree14.png,0,0.095594935,3,0.9094961,60,0,1,1,0
person107,60,18,E:\Thesis\Dataset\correct_angle_all\person107\right\60_degree18.png,0,0.13185368,3,0.8930287,60,0,1,1,0
person107,75,14,E:\Thesis\Dataset\correct_angle_all\person107\right\75_degree14.png,0,0.08460468,3,0.59717387,75,0,1,1,0
person107,90,2,E:\Thesis\Dataset\correct_angle_all\person107\right\90_degree02.png,0,0.043624073,3,0.4309453,90,0,1,1,0
person108,-60,2,E:\Thesis\Dataset\correct_angle_all\person108\left\60_degree_02.png,0,0.20246811,3,0.79566365,60,0,1,1,0
person108,-60,9,E:\Thesis\Dataset\correct_angle_all\person108\left\60_degree_09.png,0,0.19631469,3,0.99262685,60,0,1,1,0
person108,-60,14,E:\Thesis\Dataset\correct_angle_all\person108\left\60_degree_14.png,0,0.251506,3,0.904679,60,0,1,1,0
person108,-60,18,E:\Thesis\Dataset\correct_angle_all\person108\left\60_degree_18.png,0,0.23556466,3,0.9846041,60,0,1,1,0
person108,-45,9,E:\Thesis\Dataset\correct_angle_all\person108\left\45_degree_09.png,0,0.13022475,3,0.5061234,45,0,1,1,0
person108,-45,14,E:\Thesis\Dataset\correct_angle_all\person108\left\45_degree_14.png,0,0.15407768,3,0.39962617,45,0,1,1,0
person108,-45,18,E:\Thesis\Dataset\correct_angle_all\person108\left\45_degree_18.png,0,0.16113968,3,0.6176714,45,0,1,1,0
person108,-30,2,E:\Thesis\Dataset\correct_angle_all\person108\left\30_degree_02.png,0,0.30757248,3,0.91759485,30,0,1,1,0
person108,-30,9,E:\Thesis\Dataset\correct_angle_all\person108\left\30_degree_09.png,0,0.3080434,3,0.9927843,30,0,1,1,0
person108,-30,14,E:\Thesis\Dataset\correct_angle_all\person108\left\30_degree_14.png,0,0.24745692,3,0.94918805,30,0,1,1,0
person108,-30,18,E:\Thesis\Dataset\correct_angle_all\person108\left\30_degree_18.png,0,0.37397066,3,0.9905899,30,0,1,1,0
person108,-15,9,E:\Thesis\Dataset\correct_angle_all\person108\left\15_degree09.png,0,0.16674292,3,0.52356,15,0,1,1,0
person108,15,2,E:\Thesis\Dataset\correct_angle_all\person108\right\15_degree02.png,0,0.08261111,3,0.7399885,15,0,1,1,0
person108,15,9,E:\Thesis\Dataset\correct_angle_all\person108\right\15_degree09.png,0,0.10643938,3,0.5517762,15,0,1,1,0
person108,15,14,E:\Thesis\Dataset\correct_angle_all\person108\right\15_degree14.png,0,0.10879266,3,0.6570179,15,0,1,1,0
person108,30,2,E:\Thesis\Dataset\correct_angle_all\person108\right\30_degree02.png,0,0.16292365,3,0.9469781,30,0,1,1,0
person108,30,9,E:\Thesis\Dataset\correct_angle_all\person108\right\30_degree09.png,0,0.27400672,3,0.8055505,30,0,1,1,0
person108,30,14,E:\Thesis\Dataset\correct_angle_all\person108\right\30_degree14.png,0,0.2082768,3,0.95234776,30,0,1,1,0
person108,30,18,E:\Thesis\Dataset\correct_angle_all\person108\right\30_degree18.png,0,0.25859442,3,0.79214793,30,0,1,1,0
person108,45,2,E:\Thesis\Dataset\correct_angle_all\person108\right\45_degree02.png,0,0.25062004,3,0.55800515,45,0,1,1,0
person108,45,9,E:\Thesis\Dataset\correct_angle_all\person108\right\45_degree09.png,0,0.28251383,3,0.3939123,45,0,1,1,0
person108,45,14,E:\Thesis\Dataset\correct_angle_all\person108\right\45_degree14.png,0,0.24662054,3,0.42417046,45,0,1,1,0
person108,45,18,E:\Thesis\Dataset\correct_angle_all\person108\right\45_degree18.png,0,0.32108596,3,0.44292998,45,0,1,1,0
person108,60,2,E:\Thesis\Dataset\correct_angle_all\person108\right\60_degree02.png,0,0.09966546,3,0.96265775,60,0,1,1,0
person108,60,9,E:\Thesis\Dataset\correct_angle_all\person108\right\60_degree09.png,0,0.09200116,3,0.99501544,60,0,1,1,0
person108,60,14,E:\Thesis\Dataset\correct_angle_all\person108\right\60_degree14.png,0,0.07781234,3,0.9656108,60,0,1,1,0
person108,60,18,E:\Thesis\Dataset\correct_angle_all\person108\right\60_degree18.png,0,0.08802708,3,0.9947931,60,0,1,1,0
person108,75,9,E:\Thesis\Dataset\correct_angle_all\person108\right\75_degree09.png,0,0.06939604,3,0.63059103,75,0,1,1,0
person108,75,14,E:\Thesis\Dataset\correct_angle_all\person108\right\75_degree14.png,0,0.0729665,3,0.39494956,75,0,1,1,0
person108,75,18,E:\Thesis\Dataset\correct_angle_all\person108\right\75_degree18.png,0,0.06808176,3,0.6616009,75,0,1,1,0
person108,90,9,E:\Thesis\Dataset\correct_angle_all\person108\right\90_degree09.png,0,0.083710015,3,0.34105572,90,0,1,1,0
person108,90,14,E:\Thesis\Dataset\correct_angle_all\person108\right\90_degree14.png,0,0.07542458,3,0.26977202,90,0,1,1,0
person108,90,18,E:\Thesis\Dataset\correct_angle_all\person108\right\90_degree18.png,0,0.08803346,3,0.31575483,90,0,1,1,0
person109,-75,2,E:\Thesis\Dataset\correct_angle_all\person109\left\75_degree_02.png,0,0.11517028,3,0.42432085,75,0,1,1,0
person109,-75,9,E:\Thesis\Dataset\correct_angle_all\person109\left\75_degree_09.png,0,0.099893235,3,0.3579946,75,0,1,1,0
person109,-75,14,E:\Thesis\Dataset\correct_angle_all\person109\left\75_degree_14.png,0,0.093525074,3,0.331608,75,0,1,1,0
person109,-75,18,E:\Thesis\Dataset\correct_angle_all\person109\left\75_degree_18.png,0,0.11439443,3,0.37485012,75,0,1,1,0
person109,-60,2,E:\Thesis\Dataset\correct_angle_all\person109\left\60_degree_02.png,0,0.12523107,3,0.9356515,60,0,1,1,0
person109,-60,9,E:\Thesis\Dataset\correct_angle_all\person109\left\60_degree_09.png,0,0.11829827,3,0.99082804,60,0,1,1,0
person109,-60,18,E:\Thesis\Dataset\correct_angle_all\person109\left\60_degree_18.png,0,0.079539,3,0.9940858,60,0,1,1,0
person109,-45,2,E:\Thesis\Dataset\correct_angle_all\person109\left\45_degree_02.png,0,0.12125901,3,0.7925554,45,0,1,1,0
person109,-45,18,E:\Thesis\Dataset\correct_angle_all\person109\left\45_degree_18.png,0,0.08824191,3,0.86457175,45,0,1,1,0
person109,-30,18,E:\Thesis\Dataset\correct_angle_all\person109\left\30_degree_18.png,0,0.13051257,3,0.98774546,30,0,1,1,0
person109,30,2,E:\Thesis\Dataset\correct_angle_all\person109\right\30_degree02.png,0,0.12107558,3,0.9947429,30,0,1,1,0
person109,30,14,E:\Thesis\Dataset\correct_angle_all\person109\right\30_degree14.png,0,0.12677701,3,0.97789747,30,0,1,1,0
person109,45,2,E:\Thesis\Dataset\correct_angle_all\person109\right\45_degree02.png,0,0.16902159,3,0.77037746,45,0,1,1,0
person109,45,9,E:\Thesis\Dataset\correct_angle_all\person109\right\45_degree09.png,0,0.25788444,3,0.8422912,45,0,1,1,0
person109,45,14,E:\Thesis\Dataset\correct_angle_all\person109\right\45_degree14.png,0,0.28657636,3,0.90383106,45,0,1,1,0
person109,45,18,E:\Thesis\Dataset\correct_angle_all\person109\right\45_degree18.png,0,0.2810758,3,0.89358824,45,0,1,1,0
person109,60,9,E:\Thesis\Dataset\correct_angle_all\person109\right\60_degree09.png,0,0.23904991,3,0.98075956,60,0,1,1,0
person109,60,14,E:\Thesis\Dataset\correct_angle_all\person109\right\60_degree14.png,0,0.23331575,3,0.99741745,60,0,1,1,0
person109,60,18,E:\Thesis\Dataset\correct_angle_all\person109\right\60_degree18.png,0,0.26013482,3,0.98881865,60,0,1,1,0
person109,75,9,E:\Thesis\Dataset\correct_angle_all\person109\right\75_degree09.png,0,0.20561713,3,0.7269542,75,0,1,1,0
person109,75,14,E:\Thesis\Dataset\correct_angle_all\person109\right\75_degree14.png,0,0.21319176,3,0.90342784,75,0,1,1,0
person109,75,18,E:\Thesis\Dataset\correct_angle_all\person109\right\75_degree18.png,0,0.23026335,3,0.8277213,75,0,1,1,0
person109,90,2,E:\Thesis\Dataset\correct_angle_all\person109\right\90_degree02.png,0,0.14498337,3,0.56668735,90,0,1,1,0
person110,-90,9,E:\Thesis\Dataset\correct_angle_all\person110\left\90_degree_09.png,0,0.1194615,3,0.25064722,90,0,1,1,0
person110,-90,14,E:\Thesis\Dataset\correct_angle_all\person110\left\90_degree_14.png,0,0.107493944,3,0.27688876,90,0,1,1,0
person110,-90,18,E:\Thesis\Dataset\correct_angle_all\person110\left\90_degree_18.png,0,0.0834795,3,0.25449538,90,0,1,1,0
person110,-75,9,E:\Thesis\Dataset\correct_angle_all\person110\left\75_degree_09.png,0,0.12340837,3,0.8856685,75,0,1,1,0
person110,-75,18,E:\Thesis\Dataset\correct_angle_all\person110\left\75_degree_18.png,0,0.12745108,3,0.78226584,75,0,1,1,0
person110,-60,2,E:\Thesis\Dataset\correct_angle_all\person110\left\60_degree_02.png,0,0.19436021,3,0.81039697,60,0,1,1,0
person110,-60,9,E:\Thesis\Dataset\correct_angle_all\person110\left\60_degree_09.png,0,0.1166031,3,0.9967658,60,0,1,1,0
person110,-60,14,E:\Thesis\Dataset\correct_angle_all\person110\left\60_degree_14.png,0,0.10004872,3,0.8916479,60,0,1,1,0
person110,-60,18,E:\Thesis\Dataset\correct_angle_all\person110\left\60_degree_18.png,0,0.15497981,3,0.98946023,60,0,1,1,0
person110,-45,9,E:\Thesis\Dataset\correct_angle_all\person110\left\45_degree_09.png,0,0.24721539,3,0.81279093,45,0,1,1,0
person110,-45,14,E:\Thesis\Dataset\correct_angle_all\person110\left\45_degree_14.png,0,0.21721846,3,0.7538158,45,0,1,1,0
person110,-45,18,E:\Thesis\Dataset\correct_angle_all\person110\left\45_degree_18.png,0,0.3010823,3,0.79111147,45,0,1,1,0
person110,-30,2,E:\Thesis\Dataset\correct_angle_all\person110\left\30_degree_02.png,0,0.22342618,3,0.9888075,30,0,1,1,0
person110,-30,9,E:\Thesis\Dataset\correct_angle_all\person110\left\30_degree_09.png,0,0.1723684,3,0.99077654,30,0,1,1,0
person110,-30,14,E:\Thesis\Dataset\correct_angle_all\person110\left\30_degree_14.png,0,0.17119269,3,0.9944156,30,0,1,1,0
person110,-30,18,E:\Thesis\Dataset\correct_angle_all\person110\left\30_degree_18.png,0,0.18095358,3,0.99481946,30,0,1,1,0
person110,30,2,E:\Thesis\Dataset\correct_angle_all\person110\right\30_degree02.png,0,0.103376396,3,0.92531365,30,0,1,1,0
person110,30,9,E:\Thesis\Dataset\correct_angle_all\person110\right\30_degree09.png,0,0.09691622,3,0.99292517,30,0,1,1,0
person110,30,14,E:\Thesis\Dataset\correct_angle_all\person110\right\30_degree14.png,0,0.07978204,3,0.96878916,30,0,1,1,0
person110,30,18,E:\Thesis\Dataset\correct_angle_all\person110\right\30_degree18.png,0,0.0798798,3,0.99423856,30,0,1,1,0
person110,45,14,E:\Thesis\Dataset\correct_angle_all\person110\right\45_degree14.png,0,0.14158064,3,0.44228944,45,0,1,1,0
person110,60,2,E:\Thesis\Dataset\correct_angle_all\person110\right\60_degree02.png,0,0.14493696,3,0.9371875,60,0,1,1,0
person110,60,9,E:\Thesis\Dataset\correct_angle_all\person110\right\60_degree09.png,0,0.08017545,3,0.9982497,60,0,1,1,0
person110,60,14,E:\Thesis\Dataset\correct_angle_all\person110\right\60_degree14.png,0,0.12005619,3,0.9714405,60,0,1,1,0
person110,60,18,E:\Thesis\Dataset\correct_angle_all\person110\right\60_degree18.png,0,0.09638458,3,0.995008,60,0,1,1,0
person110,75,9,E:\Thesis\Dataset\correct_angle_all\person110\right\75_degree09.png,0,0.21594732,3,0.8755917,75,0,1,1,0
person110,75,14,E:\Thesis\Dataset\correct_angle_all\person110\right\75_degree14.png,0,0.24299867,3,0.5100869,75,0,1,1,0
person110,75,18,E:\Thesis\Dataset\correct_angle_all\person110\right\75_degree18.png,0,0.18113768,3,0.82478267,75,0,1,1,0
person110,90,9,E:\Thesis\Dataset\correct_angle_all\person110\right\90_degree09.png,0,0.25784153,3,0.2508217,90,0,1,1,0
person110,90,18,E:\Thesis\Dataset\correct_angle_all\person110\right\90_degree18.png,0,0.2528506,3,0.33178166,90,0,1,1,0
person111,-75,9,E:\Thesis\Dataset\correct_angle_all\person111\left\75_degree_09.png,0,0.10993854,3,0.8819851,75,0,1,1,0
person111,-75,14,E:\Thesis\Dataset\correct_angle_all\person111\left\75_degree_14.png,0,0.14006442,3,0.14191152,75,0,1,1,0
person111,-75,18,E:\Thesis\Dataset\correct_angle_all\person111\left\75_degree_18.png,0,0.11950096,3,0.8761893,75,0,1,1,0
person111,-60,2,E:\Thesis\Dataset\correct_angle_all\person111\left\60_degree_02.png,0,0.14366572,3,0.94913554,60,0,1,1,0
person111,-60,9,E:\Thesis\Dataset\correct_angle_all\person111\left\60_degree_09.png,0,0.12505478,3,0.9888173,60,0,1,1,0
person111,-60,14,E:\Thesis\Dataset\correct_angle_all\person111\left\60_degree_14.png,0,0.11198165,3,0.98489934,60,0,1,1,0
person111,-60,18,E:\Thesis\Dataset\correct_angle_all\person111\left\60_degree_18.png,0,0.15237916,3,0.9938733,60,0,1,1,0
person111,30,2,E:\Thesis\Dataset\correct_angle_all\person111\right\30_degree02.png,0,0.20704113,3,0.9866496,30,0,1,1,0
person111,30,9,E:\Thesis\Dataset\correct_angle_all\person111\right\30_degree09.png,0,0.31930032,3,0.98813343,30,0,1,1,0
person111,30,14,E:\Thesis\Dataset\correct_angle_all\person111\right\30_degree14.png,0,0.26392254,3,0.98409134,30,0,1,1,0
person111,30,18,E:\Thesis\Dataset\correct_angle_all\person111\right\30_degree18.png,0,0.32640055,3,0.9843181,30,0,1,1,0
person111,45,2,E:\Thesis\Dataset\correct_angle_all\person111\right\45_degree02.png,0,0.25233302,3,0.78035384,45,0,1,1,0
person111,45,9,E:\Thesis\Dataset\correct_angle_all\person111\right\45_degree09.png,0,0.33771124,3,0.79417896,45,0,1,1,0
person111,45,14,E:\Thesis\Dataset\correct_angle_all\person111\right\45_degree14.png,0,0.33193213,3,0.7484884,45,0,1,1,0
person111,45,18,E:\Thesis\Dataset\correct_angle_all\person111\right\45_degree18.png,0,0.3670875,3,0.8032736,45,0,1,1,0
person111,60,2,E:\Thesis\Dataset\correct_angle_all\person111\right\60_degree02.png,0,0.2326502,3,0.9553077,60,0,1,1,0
person111,60,9,E:\Thesis\Dataset\correct_angle_all\person111\right\60_degree09.png,0,0.1440615,3,0.9514068,60,0,1,1,0
person111,60,14,E:\Thesis\Dataset\correct_angle_all\person111\right\60_degree14.png,0,0.16499795,3,0.9579399,60,0,1,1,0
person111,60,18,E:\Thesis\Dataset\correct_angle_all\person111\right\60_degree18.png,0,0.19184636,3,0.9924142,60,0,1,1,0
person111,75,9,E:\Thesis\Dataset\correct_angle_all\person111\right\75_degree09.png,0,0.26548588,3,0.5294523,75,0,1,1,0
person111,75,14,E:\Thesis\Dataset\correct_angle_all\person111\right\75_degree14.png,0,0.32290688,3,0.7210658,75,0,1,1,0
person111,75,18,E:\Thesis\Dataset\correct_angle_all\person111\right\75_degree18.png,0,0.38442245,3,0.81907195,75,0,1,1,0
person111,90,2,E:\Thesis\Dataset\correct_angle_all\person111\right\90_degree02.png,0,0.36041164,3,0.6587217,90,0,1,1,0
person111,90,9,E:\Thesis\Dataset\correct_angle_all\person111\right\90_degree09.png,0,0.2934941,3,0.3518337,90,0,1,1,0
person111,90,18,E:\Thesis\Dataset\correct_angle_all\person111\right\90_degree18.png,0,0.38328615,3,0.57180184,90,0,1,1,0
person112,-90,2,E:\Thesis\Dataset\correct_angle_all\person112\left\90_degree_02.png,0,0.16321339,3,0.4596546,90,0,1,1,0
person112,-75,2,E:\Thesis\Dataset\correct_angle_all\person112\left\75_degree_02.png,0,0.09983493,3,0.9222675,75,0,1,1,0
person112,-60,2,E:\Thesis\Dataset\correct_angle_all\person112\left\60_degree_02.png,0,0.11286973,3,0.997252,60,0,1,1,0
person112,-60,9,E:\Thesis\Dataset\correct_angle_all\person112\left\60_degree_09.png,0,0.094950885,3,0.9921172,60,0,1,1,0
person112,-60,14,E:\Thesis\Dataset\correct_angle_all\person112\left\60_degree_14.png,0,0.13714994,3,0.9122799,60,0,1,1,0
person112,-60,18,E:\Thesis\Dataset\correct_angle_all\person112\left\60_degree_18.png,0,0.11672952,3,0.946136,60,0,1,1,0
person112,30,2,E:\Thesis\Dataset\correct_angle_all\person112\right\30_degree02.png,0,0.2082627,3,0.74969774,30,0,1,1,0
person112,30,9,E:\Thesis\Dataset\correct_angle_all\person112\right\30_degree09.png,0,0.1926868,3,0.9803045,30,0,1,1,0
person112,30,14,E:\Thesis\Dataset\correct_angle_all\person112\right\30_degree14.png,0,0.19389242,3,0.80090237,30,0,1,1,0
person112,30,18,E:\Thesis\Dataset\correct_angle_all\person112\right\30_degree18.png,0,0.15695147,3,0.95361525,30,0,1,1,0
person112,60,2,E:\Thesis\Dataset\correct_angle_all\person112\right\60_degree02.png,0,0.1246833,3,0.87315625,60,0,1,1,0
person112,60,9,E:\Thesis\Dataset\correct_angle_all\person112\right\60_degree09.png,0,0.11470728,3,0.90426946,60,0,1,1,0
person112,60,14,E:\Thesis\Dataset\correct_angle_all\person112\right\60_degree14.png,0,0.08971574,3,0.7889449,60,0,1,1,0
person112,60,18,E:\Thesis\Dataset\correct_angle_all\person112\right\60_degree18.png,0,0.16927724,3,0.95464116,60,0,1,1,0
person113,-75,2,E:\Thesis\Dataset\correct_angle_all\person113\left\75_degree_02.png,0,0.11111141,3,0.27321813,75,0,1,1,0
person113,-75,9,E:\Thesis\Dataset\correct_angle_all\person113\left\75_degree_09.png,0,0.09644974,3,0.4180479,75,0,1,1,0
person113,-75,18,E:\Thesis\Dataset\correct_angle_all\person113\left\75_degree_18.png,0,0.11633658,3,0.7841627,75,0,1,1,0
person113,-60,2,E:\Thesis\Dataset\correct_angle_all\person113\left\60_degree_02.png,0,0.12133819,3,0.80544025,60,0,1,1,0
person113,-60,9,E:\Thesis\Dataset\correct_angle_all\person113\left\60_degree_09.png,0,0.116359174,3,0.97327954,60,0,1,1,0
person113,-60,14,E:\Thesis\Dataset\correct_angle_all\person113\left\60_degree_14.png,0,0.08896317,3,0.981956,60,0,1,1,0
person113,-60,18,E:\Thesis\Dataset\correct_angle_all\person113\left\60_degree_18.png,0,0.11562296,3,0.9944841,60,0,1,1,0
person113,-45,2,E:\Thesis\Dataset\correct_angle_all\person113\left\45_degree_02.png,0,0.11244983,3,0.80440754,45,0,1,1,0
person113,-45,9,E:\Thesis\Dataset\correct_angle_all\person113\left\45_degree_09.png,0,0.13259284,3,0.82537156,45,0,1,1,0
person113,-45,14,E:\Thesis\Dataset\correct_angle_all\person113\left\45_degree_14.png,0,0.11906635,3,0.8457554,45,0,1,1,0
person113,-45,18,E:\Thesis\Dataset\correct_angle_all\person113\left\45_degree_18.png,0,0.11428541,3,0.96892834,45,0,1,1,0
person113,-30,2,E:\Thesis\Dataset\correct_angle_all\person113\left\30_degree_02.png,0,0.1499991,3,0.9804938,30,0,1,1,0
person113,-30,9,E:\Thesis\Dataset\correct_angle_all\person113\left\30_degree_09.png,0,0.097572595,3,0.9706946,30,0,1,1,0
person113,-30,14,E:\Thesis\Dataset\correct_angle_all\person113\left\30_degree_14.png,0,0.11986813,3,0.9402363,30,0,1,1,0
person113,-30,18,E:\Thesis\Dataset\correct_angle_all\person113\left\30_degree_18.png,0,0.09150159,3,0.9961857,30,0,1,1,0
person113,15,2,E:\Thesis\Dataset\correct_angle_all\person113\right\15_degree02.png,0,0.05581669,3,0.92702466,15,0,1,1,0
person113,30,2,E:\Thesis\Dataset\correct_angle_all\person113\right\30_degree02.png,0,0.19417726,3,0.9869296,30,0,1,1,0
person113,30,9,E:\Thesis\Dataset\correct_angle_all\person113\right\30_degree09.png,0,0.30947876,3,0.96976715,30,0,1,1,0
person113,30,14,E:\Thesis\Dataset\correct_angle_all\person113\right\30_degree14.png,0,0.21891262,3,0.9867744,30,0,1,1,0
person113,30,18,E:\Thesis\Dataset\correct_angle_all\person113\right\30_degree18.png,0,0.30354542,3,0.99531126,30,0,1,1,0
person113,45,2,E:\Thesis\Dataset\correct_angle_all\person113\right\45_degree02.png,0,0.28366944,3,0.8447673,45,0,1,1,0
person113,45,9,E:\Thesis\Dataset\correct_angle_all\person113\right\45_degree09.png,0,0.34238514,3,0.8002408,45,0,1,1,0
person113,45,14,E:\Thesis\Dataset\correct_angle_all\person113\right\45_degree14.png,0,0.23598619,3,0.6093311,45,0,1,1,0
person113,45,18,E:\Thesis\Dataset\correct_angle_all\person113\right\45_degree18.png,0,0.2514285,3,0.9421218,45,0,1,1,0
person113,60,2,E:\Thesis\Dataset\correct_angle_all\person113\right\60_degree02.png,0,0.06505236,3,0.99472684,60,0,1,1,0
person113,60,9,E:\Thesis\Dataset\correct_angle_all\person113\right\60_degree09.png,0,0.056400824,3,0.9975199,60,0,1,1,0
person113,60,14,E:\Thesis\Dataset\correct_angle_all\person113\right\60_degree14.png,0,0.06274927,3,0.77878577,60,0,1,1,0
person113,60,18,E:\Thesis\Dataset\correct_angle_all\person113\right\60_degree18.png,0,0.055717077,3,0.9979077,60,0,1,1,0
person113,75,9,E:\Thesis\Dataset\correct_angle_all\person113\right\75_degree09.png,0,0.10166217,3,0.51475126,75,0,1,1,0
person113,75,18,E:\Thesis\Dataset\correct_angle_all\person113\right\75_degree18.png,0,0.11107886,3,0.53827286,75,0,1,1,0
person113,90,9,E:\Thesis\Dataset\correct_angle_all\person113\right\90_degree09.png,0,0.08018064,3,0.5001392,90,0,1,1,0
person113,90,18,E:\Thesis\Dataset\correct_angle_all\person113\right\90_degree18.png,0,0.08247463,3,0.53372175,90,0,1,1,0
person114,-75,2,E:\Thesis\Dataset\correct_angle_all\person114\left\75_degree_02.png,0,0.1766597,3,0.5636061,75,0,1,1,0
person114,-75,9,E:\Thesis\Dataset\correct_angle_all\person114\left\75_degree_09.png,0,0.15641886,3,0.7531369,75,0,1,1,0
person114,-75,18,E:\Thesis\Dataset\correct_angle_all\person114\left\75_degree_18.png,0,0.22885,3,0.72852474,75,0,1,1,0
person114,-60,2,E:\Thesis\Dataset\correct_angle_all\person114\left\60_degree_02.png,0,0.22999406,3,0.9491982,60,0,1,1,0
person114,-60,9,E:\Thesis\Dataset\correct_angle_all\person114\left\60_degree_09.png,0,0.15840195,3,0.9882214,60,0,1,1,0
person114,-60,14,E:\Thesis\Dataset\correct_angle_all\person114\left\60_degree_14.png,0,0.14520742,3,0.9613223,60,0,1,1,0
person114,-60,18,E:\Thesis\Dataset\correct_angle_all\person114\left\60_degree_18.png,0,0.1818624,3,0.9924569,60,0,1,1,0
person114,-45,2,E:\Thesis\Dataset\correct_angle_all\person114\left\45_degree_02.png,0,0.11835905,3,0.9259059,45,0,1,1,0
person114,-45,14,E:\Thesis\Dataset\correct_angle_all\person114\left\45_degree_14.png,0,0.10801221,3,0.9091873,45,0,1,1,0
person114,-30,2,E:\Thesis\Dataset\correct_angle_all\person114\left\30_degree_02.png,0,0.07789044,3,0.989101,30,0,1,1,0
person114,-30,18,E:\Thesis\Dataset\correct_angle_all\person114\left\30_degree_18.png,0,0.11144654,3,0.9984953,30,0,1,1,0
person114,30,2,E:\Thesis\Dataset\correct_angle_all\person114\right\30_degree02.png,0,0.08544042,3,0.9968459,30,0,1,1,0
person114,30,9,E:\Thesis\Dataset\correct_angle_all\person114\right\30_degree09.png,0,0.097804785,3,0.99586576,30,0,1,1,0
person114,30,14,E:\Thesis\Dataset\correct_angle_all\person114\right\30_degree14.png,0,0.1097129,3,0.9982147,30,0,1,1,0
person114,30,18,E:\Thesis\Dataset\correct_angle_all\person114\right\30_degree18.png,0,0.08779103,3,0.9964035,30,0,1,1,0
person114,45,2,E:\Thesis\Dataset\correct_angle_all\person114\right\45_degree02.png,0,0.070926845,3,0.9383083,45,0,1,1,0
person114,45,9,E:\Thesis\Dataset\correct_angle_all\person114\right\45_degree09.png,0,0.070171125,3,0.971765,45,0,1,1,0
person114,45,14,E:\Thesis\Dataset\correct_angle_all\person114\right\45_degree14.png,0,0.07240006,3,0.99022716,45,0,1,1,0
person114,45,18,E:\Thesis\Dataset\correct_angle_all\person114\right\45_degree18.png,0,0.06493693,3,0.96811056,45,0,1,1,0
person114,60,2,E:\Thesis\Dataset\correct_angle_all\person114\right\60_degree02.png,0,0.14714466,3,0.9339266,60,0,1,1,0
person114,60,9,E:\Thesis\Dataset\correct_angle_all\person114\right\60_degree09.png,0,0.1403753,3,0.9954538,60,0,1,1,0
person114,60,18,E:\Thesis\Dataset\correct_angle_all\person114\right\60_degree18.png,0,0.121054985,3,0.99581313,60,0,1,1,0
person114,75,9,E:\Thesis\Dataset\correct_angle_all\person114\right\75_degree09.png,0,0.15859802,3,0.77705145,75,0,1,1,0
person114,75,14,E:\Thesis\Dataset\correct_angle_all\person114\right\75_degree14.png,0,0.19827813,3,0.8903885,75,0,1,1,0
person114,75,18,E:\Thesis\Dataset\correct_angle_all\person114\right\75_degree18.png,0,0.16778445,3,0.78139216,75,0,1,1,0
person114,90,2,E:\Thesis\Dataset\correct_angle_all\person114\right\90_degree02.png,0,0.27943504,3,0.3779038,90,0,1,1,0
person114,90,9,E:\Thesis\Dataset\correct_angle_all\person114\right\90_degree09.png,0,0.21008606,3,0.4970655,90,0,1,1,0
person114,90,14,E:\Thesis\Dataset\correct_angle_all\person114\right\90_degree14.png,0,0.28720734,3,0.6406338,90,0,1,1,0
person114,90,18,E:\Thesis\Dataset\correct_angle_all\person114\right\90_degree18.png,0,0.21240026,3,0.37848735,90,0,1,1,0
person115,-90,2,E:\Thesis\Dataset\correct_angle_all\person115\left\90_degree_02.png,0,0.09788987,3,0.4059806,90,0,1,1,0
person115,-90,14,E:\Thesis\Dataset\correct_angle_all\person115\left\90_degree_14.png,0,0.10079024,3,0.30010614,90,0,1,1,0
person115,-75,2,E:\Thesis\Dataset\correct_angle_all\person115\left\75_degree_02.png,0,0.1375112,3,0.7345977,75,0,1,1,0
person115,-75,9,E:\Thesis\Dataset\correct_angle_all\person115\left\75_degree_09.png,0,0.10829017,3,0.68923074,75,0,1,1,0
person115,-75,18,E:\Thesis\Dataset\correct_angle_all\person115\left\75_degree_18.png,0,0.0959945,3,0.8044579,75,0,1,1,0
person115,-60,2,E:\Thesis\Dataset\correct_angle_all\person115\left\60_degree_02.png,0,0.097305335,3,0.9901555,60,0,1,1,0
person115,-60,9,E:\Thesis\Dataset\correct_angle_all\person115\left\60_degree_09.png,0,0.07206252,3,0.99465126,60,0,1,1,0
person115,-60,14,E:\Thesis\Dataset\correct_angle_all\person115\left\60_degree_14.png,0,0.11329943,3,0.9981769,60,0,1,1,0
person115,-60,18,E:\Thesis\Dataset\correct_angle_all\person115\left\60_degree_18.png,0,0.06621855,3,0.9962284,60,0,1,1,0
person115,-45,2,E:\Thesis\Dataset\correct_angle_all\person115\left\45_degree_02.png,0,0.13798538,3,0.93744445,45,0,1,1,0
person115,-45,9,E:\Thesis\Dataset\correct_angle_all\person115\left\45_degree_09.png,0,0.1378041,3,0.9891221,45,0,1,1,0
person115,-45,14,E:\Thesis\Dataset\correct_angle_all\person115\left\45_degree_14.png,0,0.1742388,3,0.948628,45,0,1,1,0
person115,-45,18,E:\Thesis\Dataset\correct_angle_all\person115\left\45_degree_18.png,0,0.1526911,3,0.97685343,45,0,1,1,0
person115,45,2,E:\Thesis\Dataset\correct_angle_all\person115\right\45_degree02.png,0,0.15599795,3,0.70124596,45,0,1,1,0
person115,45,9,E:\Thesis\Dataset\correct_angle_all\person115\right\45_degree09.png,0,0.1686124,3,0.9859002,45,0,1,1,0
person115,45,14,E:\Thesis\Dataset\correct_angle_all\person115\right\45_degree14.png,0,0.17145634,3,0.88373655,45,0,1,1,0
person115,45,18,E:\Thesis\Dataset\correct_angle_all\person115\right\45_degree18.png,0,0.15376468,3,0.9623932,45,0,1,1,0
person115,60,2,E:\Thesis\Dataset\correct_angle_all\person115\right\60_degree02.png,0,0.11462741,3,0.97323924,60,0,1,1,0
person115,60,9,E:\Thesis\Dataset\correct_angle_all\person115\right\60_degree09.png,0,0.08839307,3,0.99161655,60,0,1,1,0
person115,60,14,E:\Thesis\Dataset\correct_angle_all\person115\right\60_degree14.png,0,0.06247458,3,0.91956645,60,0,1,1,0
person115,60,18,E:\Thesis\Dataset\correct_angle_all\person115\right\60_degree18.png,0,0.09067419,3,0.9896986,60,0,1,1,0
person115,75,9,E:\Thesis\Dataset\correct_angle_all\person115\right\75_degree09.png,0,0.20510177,3,0.7267618,75,0,1,1,0
person115,75,14,E:\Thesis\Dataset\correct_angle_all\person115\right\75_degree14.png,0,0.25088763,3,0.46927175,75,0,1,1,0
person115,75,18,E:\Thesis\Dataset\correct_angle_all\person115\right\75_degree18.png,0,0.22284435,3,0.67643327,75,0,1,1,0
person116,-90,2,E:\Thesis\Dataset\correct_angle_all\person116\left\90_degree_02.png,0,0.175261,3,0.2542635,90,0,1,1,0
person116,-90,9,E:\Thesis\Dataset\correct_angle_all\person116\left\90_degree_09.png,0,0.15372247,3,0.676121,90,0,1,1,0
person116,-75,2,E:\Thesis\Dataset\correct_angle_all\person116\left\75_degree_02.png,0,0.20903413,3,0.3159833,75,0,1,1,0
person116,-75,18,E:\Thesis\Dataset\correct_angle_all\person116\left\75_degree_18.png,0,0.10470872,3,0.84335303,75,0,1,1,0
person116,-60,14,E:\Thesis\Dataset\correct_angle_all\person116\left\60_degree_14.png,0,0.12973548,3,0.9413436,60,0,1,1,0
person116,-45,2,E:\Thesis\Dataset\correct_angle_all\person116\left\45_degree_02.png,0,0.34183565,3,0.6974089,45,0,1,1,0
person116,-45,9,E:\Thesis\Dataset\correct_angle_all\person116\left\45_degree_09.png,0,0.35293135,3,0.697202,45,0,1,1,0
person116,-45,18,E:\Thesis\Dataset\correct_angle_all\person116\left\45_degree_18.png,0,0.23933522,3,0.65449196,45,0,1,1,0
person116,-30,2,E:\Thesis\Dataset\correct_angle_all\person116\left\30_degree_02.png,0,0.16990982,3,0.7013435,30,0,1,1,0
person116,-30,14,E:\Thesis\Dataset\correct_angle_all\person116\left\30_degree_14.png,0,0.13406233,3,0.80660504,30,0,1,1,0
person116,-30,18,E:\Thesis\Dataset\correct_angle_all\person116\left\30_degree_18.png,0,0.13158183,3,0.98220915,30,0,1,1,0
person116,-15,2,E:\Thesis\Dataset\correct_angle_all\person116\left\15_degree02.png,0,0.10369196,3,0.6312549,15,0,1,1,0
person116,-15,9,E:\Thesis\Dataset\correct_angle_all\person116\left\15_degree09.png,0,0.08672041,3,0.934227,15,0,1,1,0
person116,-15,14,E:\Thesis\Dataset\correct_angle_all\person116\left\15_degree14.png,0,0.08108269,3,0.8405091,15,0,1,1,0
person116,-15,18,E:\Thesis\Dataset\correct_angle_all\person116\left\15_degree18.png,0,0.09077398,3,0.5868024,15,0,1,1,0
person116,15,2,E:\Thesis\Dataset\correct_angle_all\person116\right\15_degree02.png,0,0.17755282,3,0.84130305,15,0,1,1,0
person116,15,9,E:\Thesis\Dataset\correct_angle_all\person116\right\15_degree09.png,0,0.35515606,3,0.6848189,15,0,1,1,0
person116,15,14,E:\Thesis\Dataset\correct_angle_all\person116\right\15_degree14.png,0,0.29310697,3,0.7417672,15,0,1,1,0
person116,30,2,E:\Thesis\Dataset\correct_angle_all\person116\right\30_degree02.png,0,0.41133252,3,0.9866066,30,0,1,1,0
person116,30,9,E:\Thesis\Dataset\correct_angle_all\person116\right\30_degree09.png,0,0.40702263,3,0.6811779,30,0,1,1,0
person116,30,14,E:\Thesis\Dataset\correct_angle_all\person116\right\30_degree14.png,0,0.31122446,3,0.96938056,30,0,1,1,0
person116,30,18,E:\Thesis\Dataset\correct_angle_all\person116\right\30_degree18.png,0,0.4147471,3,0.8959201,30,0,1,1,0
person116,45,2,E:\Thesis\Dataset\correct_angle_all\person116\right\45_degree02.png,0,0.27764857,3,0.9456074,45,0,1,1,0
person116,45,9,E:\Thesis\Dataset\correct_angle_all\person116\right\45_degree09.png,0,0.38302004,3,0.6734171,45,0,1,1,0
person116,45,14,E:\Thesis\Dataset\correct_angle_all\person116\right\45_degree14.png,0,0.2937635,3,0.9522753,45,0,1,1,0
person116,45,18,E:\Thesis\Dataset\correct_angle_all\person116\right\45_degree18.png,0,0.31599554,3,0.93894696,45,0,1,1,0
person116,60,2,E:\Thesis\Dataset\correct_angle_all\person116\right\60_degree02.png,0,0.18397035,3,0.9908803,60,0,1,1,0
person116,60,9,E:\Thesis\Dataset\correct_angle_all\person116\right\60_degree09.png,0,0.20517074,3,0.8317664,60,0,1,1,0
person116,60,14,E:\Thesis\Dataset\correct_angle_all\person116\right\60_degree14.png,0,0.20574547,3,0.91529876,60,0,1,1,0
person116,60,18,E:\Thesis\Dataset\correct_angle_all\person116\right\60_degree18.png,0,0.30810383,3,0.89516884,60,0,1,1,0
person116,75,9,E:\Thesis\Dataset\correct_angle_all\person116\right\75_degree09.png,0,0.1672471,3,0.59278643,75,0,1,1,0
person116,75,14,E:\Thesis\Dataset\correct_angle_all\person116\right\75_degree14.png,0,0.18084101,3,0.8607556,75,0,1,1,0
person116,75,18,E:\Thesis\Dataset\correct_angle_all\person116\right\75_degree18.png,0,0.14481592,3,0.9203828,75,0,1,1,0
person116,90,2,E:\Thesis\Dataset\correct_angle_all\person116\right\90_degree02.png,0,0.0685144,3,0.46344236,90,0,1,1,0
person116,90,18,E:\Thesis\Dataset\correct_angle_all\person116\right\90_degree18.png,0,0.07541459,3,0.4941368,90,0,1,1,0
person117,-75,2,E:\Thesis\Dataset\correct_angle_all\person117\left\75_degree_02.png,0,0.1274785,3,0.2249678,75,0,1,1,0
person117,-60,2,E:\Thesis\Dataset\correct_angle_all\person117\left\60_degree_02.png,0,0.14573054,3,0.9560487,60,0,1,1,0
person117,-60,9,E:\Thesis\Dataset\correct_angle_all\person117\left\60_degree_09.png,0,0.08891281,3,0.97230834,60,0,1,1,0
person117,-60,14,E:\Thesis\Dataset\correct_angle_all\person117\left\60_degree_14.png,0,0.14533633,3,0.65176487,60,0,1,1,0
person117,-60,18,E:\Thesis\Dataset\correct_angle_all\person117\left\60_degree_18.png,0,0.10920173,3,0.8721134,60,0,1,1,0
person117,-30,2,E:\Thesis\Dataset\correct_angle_all\person117\left\30_degree_02.png,0,0.19256143,3,0.9829336,30,0,1,1,0
person117,15,2,E:\Thesis\Dataset\correct_angle_all\person117\right\15_degree02.png,0,0.07130582,3,0.7271416,15,0,1,1,0
person117,15,9,E:\Thesis\Dataset\correct_angle_all\person117\right\15_degree09.png,0,0.057986856,3,0.7664952,15,0,1,1,0
person117,15,14,E:\Thesis\Dataset\correct_angle_all\person117\right\15_degree14.png,0,0.05147909,3,0.9229407,15,0,1,1,0
person117,15,18,E:\Thesis\Dataset\correct_angle_all\person117\right\15_degree18.png,0,0.05730334,3,0.8355997,15,0,1,1,0
person117,30,2,E:\Thesis\Dataset\correct_angle_all\person117\right\30_degree02.png,0,0.11206069,3,0.9830212,30,0,1,1,0
person117,30,9,E:\Thesis\Dataset\correct_angle_all\person117\right\30_degree09.png,0,0.09037968,3,0.93349695,30,0,1,1,0
person117,30,14,E:\Thesis\Dataset\correct_angle_all\person117\right\30_degree14.png,0,0.079391114,3,0.91324,30,0,1,1,0
person117,30,18,E:\Thesis\Dataset\correct_angle_all\person117\right\30_degree18.png,0,0.07585819,3,0.93681914,30,0,1,1,0
person117,45,2,E:\Thesis\Dataset\correct_angle_all\person117\right\45_degree02.png,0,0.19946851,3,0.5387936,45,0,1,1,0
person117,45,9,E:\Thesis\Dataset\correct_angle_all\person117\right\45_degree09.png,0,0.22110488,3,0.5605448,45,0,1,1,0
person117,45,18,E:\Thesis\Dataset\correct_angle_all\person117\right\45_degree18.png,0,0.24892928,3,0.5394281,45,0,1,1,0
person117,60,2,E:\Thesis\Dataset\correct_angle_all\person117\right\60_degree02.png,0,0.20287251,3,0.89454097,60,0,1,1,0
person117,60,9,E:\Thesis\Dataset\correct_angle_all\person117\right\60_degree09.png,0,0.16839875,3,0.99408597,60,0,1,1,0
person117,60,18,E:\Thesis\Dataset\correct_angle_all\person117\right\60_degree18.png,0,0.17796755,3,0.991355,60,0,1,1,0
person117,75,18,E:\Thesis\Dataset\correct_angle_all\person117\right\75_degree18.png,0,0.21226363,3,0.32593298,75,0,1,1,0
person117,90,2,E:\Thesis\Dataset\correct_angle_all\person117\right\90_degree02.png,0,0.20935886,3,0.31012592,90,0,1,1,0
person117,90,9,E:\Thesis\Dataset\correct_angle_all\person117\right\90_degree09.png,0,0.21366568,3,0.36370003,90,0,1,1,0
person117,90,18,E:\Thesis\Dataset\correct_angle_all\person117\right\90_degree18.png,0,0.2156918,3,0.24319053,90,0,1,1,0
person118,-90,2,E:\Thesis\Dataset\correct_angle_all\person118\left\90_degree_02.png,0,0.19248302,3,0.21000111,90,0,1,1,0
person118,-90,14,E:\Thesis\Dataset\correct_angle_all\person118\left\90_degree_14.png,0,0.13687731,3,0.39847994,90,0,1,1,0
person118,-75,2,E:\Thesis\Dataset\correct_angle_all\person118\left\75_degree_02.png,0,0.10460595,3,0.8387962,75,0,1,1,0
person118,-75,9,E:\Thesis\Dataset\correct_angle_all\person118\left\75_degree_09.png,0,0.11744379,3,0.69882035,75,0,1,1,0
person118,-75,18,E:\Thesis\Dataset\correct_angle_all\person118\left\75_degree_18.png,0,0.11010327,3,0.85245514,75,0,1,1,0
person118,-60,2,E:\Thesis\Dataset\correct_angle_all\person118\left\60_degree_02.png,0,0.07672075,3,0.97300476,60,0,1,1,0
person118,-60,9,E:\Thesis\Dataset\correct_angle_all\person118\left\60_degree_09.png,0,0.096990466,3,0.922069,60,0,1,1,0
person118,-60,14,E:\Thesis\Dataset\correct_angle_all\person118\left\60_degree_14.png,0,0.08717009,3,0.9986685,60,0,1,1,0
person118,-60,18,E:\Thesis\Dataset\correct_angle_all\person118\left\60_degree_18.png,0,0.07208372,3,0.99157333,60,0,1,1,0
person118,-45,2,E:\Thesis\Dataset\correct_angle_all\person118\left\45_degree_02.png,0,0.23094545,3,0.66146135,45,0,1,1,0
person118,-45,9,E:\Thesis\Dataset\correct_angle_all\person118\left\45_degree_09.png,0,0.14641076,3,0.65484256,45,0,1,1,0
person118,-45,14,E:\Thesis\Dataset\correct_angle_all\person118\left\45_degree_14.png,0,0.17630725,3,0.6448622,45,0,1,1,0
person118,30,2,E:\Thesis\Dataset\correct_angle_all\person118\right\30_degree02.png,0,0.17215152,3,0.98215705,30,0,1,1,0
person118,45,2,E:\Thesis\Dataset\correct_angle_all\person118\right\45_degree02.png,0,0.17769389,3,0.7064838,45,0,1,1,0
person118,45,9,E:\Thesis\Dataset\correct_angle_all\person118\right\45_degree09.png,0,0.17622854,3,0.96898896,45,0,1,1,0
person118,45,14,E:\Thesis\Dataset\correct_angle_all\person118\right\45_degree14.png,0,0.14096785,3,0.81369334,45,0,1,1,0
person118,45,18,E:\Thesis\Dataset\correct_angle_all\person118\right\45_degree18.png,0,0.1338355,3,0.9601662,45,0,1,1,0
person118,60,2,E:\Thesis\Dataset\correct_angle_all\person118\right\60_degree02.png,0,0.0685449,3,0.9229202,60,0,1,1,0
person118,60,9,E:\Thesis\Dataset\correct_angle_all\person118\right\60_degree09.png,0,0.10228515,3,0.99797755,60,0,1,1,0
person118,60,14,E:\Thesis\Dataset\correct_angle_all\person118\right\60_degree14.png,0,0.07116445,3,0.96735114,60,0,1,1,0
person118,60,18,E:\Thesis\Dataset\correct_angle_all\person118\right\60_degree18.png,0,0.08713048,3,0.99669725,60,0,1,1,0
person118,75,9,E:\Thesis\Dataset\correct_angle_all\person118\right\75_degree09.png,0,0.17787987,3,0.84766483,75,0,1,1,0
person118,75,14,E:\Thesis\Dataset\correct_angle_all\person118\right\75_degree14.png,0,0.1649468,3,0.48226747,75,0,1,1,0
person118,75,18,E:\Thesis\Dataset\correct_angle_all\person118\right\75_degree18.png,0,0.19870847,3,0.64470583,75,0,1,1,0
person119,-90,2,E:\Thesis\Dataset\correct_angle_all\person119\left\90_degree_02.png,0,0.19148089,3,0.71703386,90,0,1,1,0
person119,-90,14,E:\Thesis\Dataset\correct_angle_all\person119\left\90_degree_14.png,0,0.12969874,3,0.463555,90,0,1,1,0
person119,-90,18,E:\Thesis\Dataset\correct_angle_all\person119\left\90_degree_18.png,0,0.1458398,3,0.51175225,90,0,1,1,0
person119,-75,2,E:\Thesis\Dataset\correct_angle_all\person119\left\75_degree_02.png,0,0.19480973,3,0.8995728,75,0,1,1,0
person119,-75,9,E:\Thesis\Dataset\correct_angle_all\person119\left\75_degree_09.png,0,0.14278872,3,0.87695724,75,0,1,1,0
person119,-75,18,E:\Thesis\Dataset\correct_angle_all\person119\left\75_degree_18.png,0,0.14124185,3,0.8860488,75,0,1,1,0
person119,45,2,E:\Thesis\Dataset\correct_angle_all\person119\right\45_degree02.png,0,0.2511144,3,0.974113,45,0,1,1,0
person119,45,9,E:\Thesis\Dataset\correct_angle_all\person119\right\45_degree09.png,0,0.47113404,3,0.86176944,45,0,1,1,0
person119,45,14,E:\Thesis\Dataset\correct_angle_all\person119\right\45_degree14.png,0,0.37828705,3,0.9691604,45,0,1,1,0
person119,45,18,E:\Thesis\Dataset\correct_angle_all\person119\right\45_degree18.png,0,0.40180936,3,0.8536485,45,0,1,1,0
person119,60,14,E:\Thesis\Dataset\correct_angle_all\person119\right\60_degree14.png,0,0.16992785,3,0.96585876,60,0,1,1,0
person119,60,18,E:\Thesis\Dataset\correct_angle_all\person119\right\60_degree18.png,0,0.30295357,3,0.991436,60,0,1,1,0
person119,75,9,E:\Thesis\Dataset\correct_angle_all\person119\right\75_degree09.png,0,0.385432,3,0.83538455,75,0,1,1,0
person119,75,18,E:\Thesis\Dataset\correct_angle_all\person119\right\75_degree18.png,0,0.34192488,3,0.81458235,75,0,1,1,0
person119,90,9,E:\Thesis\Dataset\correct_angle_all\person119\right\90_degree09.png,0,0.26284984,3,0.44404438,90,0,1,1,0
person120,-75,2,E:\Thesis\Dataset\correct_angle_all\person120\left\75_degree_02.png,0,0.08881393,3,0.7107164,75,0,1,1,0
person120,-75,9,E:\Thesis\Dataset\correct_angle_all\person120\left\75_degree_09.png,0,0.08796223,3,0.7141625,75,0,1,1,0
person120,-75,18,E:\Thesis\Dataset\correct_angle_all\person120\left\75_degree_18.png,0,0.10789817,3,0.6913541,75,0,1,1,0
person120,-60,2,E:\Thesis\Dataset\correct_angle_all\person120\left\60_degree_02.png,0,0.09531206,3,0.9831825,60,0,1,1,0
person120,-60,9,E:\Thesis\Dataset\correct_angle_all\person120\left\60_degree_09.png,0,0.094388396,3,0.9951528,60,0,1,1,0
person120,-60,14,E:\Thesis\Dataset\correct_angle_all\person120\left\60_degree_14.png,0,0.14056419,3,0.9851823,60,0,1,1,0
person120,-60,18,E:\Thesis\Dataset\correct_angle_all\person120\left\60_degree_18.png,0,0.11509446,3,0.9923132,60,0,1,1,0
person120,-45,2,E:\Thesis\Dataset\correct_angle_all\person120\left\45_degree_02.png,0,0.20486337,3,0.5495972,45,0,1,1,0
person120,-45,9,E:\Thesis\Dataset\correct_angle_all\person120\left\45_degree_09.png,0,0.116950184,3,0.50696045,45,0,1,1,0
person120,-45,14,E:\Thesis\Dataset\correct_angle_all\person120\left\45_degree_14.png,0,0.11586846,3,0.6064982,45,0,1,1,0
person120,-45,18,E:\Thesis\Dataset\correct_angle_all\person120\left\45_degree_18.png,0,0.14564545,3,0.45020357,45,0,1,1,0
person120,-30,2,E:\Thesis\Dataset\correct_angle_all\person120\left\30_degree_02.png,0,0.23262517,3,0.9988796,30,0,1,1,0
person120,-30,9,E:\Thesis\Dataset\correct_angle_all\person120\left\30_degree_09.png,0,0.131045,3,0.97485894,30,0,1,1,0
person120,-30,14,E:\Thesis\Dataset\correct_angle_all\person120\left\30_degree_14.png,0,0.14988396,3,0.98566985,30,0,1,1,0
person120,-30,18,E:\Thesis\Dataset\correct_angle_all\person120\left\30_degree_18.png,0,0.16730213,3,0.98418075,30,0,1,1,0
person120,-15,14,E:\Thesis\Dataset\correct_angle_all\person120\left\15_degree14.png,0,0.11382359,3,0.58475375,15,0,1,1,0
person120,15,9,E:\Thesis\Dataset\correct_angle_all\person120\right\15_degree09.png,0,0.11529175,3,0.8948223,15,0,1,1,0
person120,15,14,E:\Thesis\Dataset\correct_angle_all\person120\right\15_degree14.png,0,0.118654154,3,0.60111994,15,0,1,1,0
person120,30,2,E:\Thesis\Dataset\correct_angle_all\person120\right\30_degree02.png,0,0.13088495,3,0.98032767,30,0,1,1,0
person120,30,9,E:\Thesis\Dataset\correct_angle_all\person120\right\30_degree09.png,0,0.15678133,3,0.9974906,30,0,1,1,0
person120,30,14,E:\Thesis\Dataset\correct_angle_all\person120\right\30_degree14.png,0,0.1142813,3,0.98503214,30,0,1,1,0
person120,30,18,E:\Thesis\Dataset\correct_angle_all\person120\right\30_degree18.png,0,0.16191779,3,0.995166,30,0,1,1,0
person120,45,2,E:\Thesis\Dataset\correct_angle_all\person120\right\45_degree02.png,0,0.18929462,3,0.7499091,45,0,1,1,0
person120,45,9,E:\Thesis\Dataset\correct_angle_all\person120\right\45_degree09.png,0,0.19552033,3,0.88642794,45,0,1,1,0
person120,45,14,E:\Thesis\Dataset\correct_angle_all\person120\right\45_degree14.png,0,0.15771623,3,0.48529747,45,0,1,1,0
person120,45,18,E:\Thesis\Dataset\correct_angle_all\person120\right\45_degree18.png,0,0.178792,3,0.7643733,45,0,1,1,0
person120,60,2,E:\Thesis\Dataset\correct_angle_all\person120\right\60_degree02.png,0,0.13593833,3,0.990019,60,0,1,1,0
person120,60,9,E:\Thesis\Dataset\correct_angle_all\person120\right\60_degree09.png,0,0.08239398,3,0.9772236,60,0,1,1,0
person120,60,14,E:\Thesis\Dataset\correct_angle_all\person120\right\60_degree14.png,0,0.10880015,3,0.86598366,60,0,1,1,0
person120,60,18,E:\Thesis\Dataset\correct_angle_all\person120\right\60_degree18.png,0,0.11628539,3,0.9772172,60,0,1,1,0
person121,-75,2,E:\Thesis\Dataset\correct_angle_all\person121\left\75_degree_02.png,0,0.1753552,3,0.40469965,75,0,1,1,0
person121,-75,9,E:\Thesis\Dataset\correct_angle_all\person121\left\75_degree_09.png,0,0.124336205,3,0.8917284,75,0,1,1,0
person121,-75,18,E:\Thesis\Dataset\correct_angle_all\person121\left\75_degree_18.png,0,0.15653534,3,0.77897054,75,0,1,1,0
person121,-60,2,E:\Thesis\Dataset\correct_angle_all\person121\left\60_degree_02.png,0,0.22866799,3,0.86527306,60,0,1,1,0
person121,-60,9,E:\Thesis\Dataset\correct_angle_all\person121\left\60_degree_09.png,0,0.18872397,3,0.9957668,60,0,1,1,0
person121,-60,14,E:\Thesis\Dataset\correct_angle_all\person121\left\60_degree_14.png,0,0.17391954,3,0.97401524,60,0,1,1,0
person121,-60,18,E:\Thesis\Dataset\correct_angle_all\person121\left\60_degree_18.png,0,0.18947525,3,0.9920204,60,0,1,1,0
person121,-30,2,E:\Thesis\Dataset\correct_angle_all\person121\left\30_degree_02.png,0,0.1854889,3,0.85456747,30,0,1,1,0
person121,-30,9,E:\Thesis\Dataset\correct_angle_all\person121\left\30_degree_09.png,0,0.25267187,3,0.9939334,30,0,1,1,0
person121,-30,14,E:\Thesis\Dataset\correct_angle_all\person121\left\30_degree_14.png,0,0.26805237,3,0.63514495,30,0,1,1,0
person121,-30,18,E:\Thesis\Dataset\correct_angle_all\person121\left\30_degree_18.png,0,0.26445952,3,0.9727025,30,0,1,1,0
person121,15,2,E:\Thesis\Dataset\correct_angle_all\person121\right\15_degree02.png,0,0.07548414,3,0.6986664,15,0,1,1,0
person121,15,9,E:\Thesis\Dataset\correct_angle_all\person121\right\15_degree09.png,0,0.091237046,3,0.7230291,15,0,1,1,0
person121,15,14,E:\Thesis\Dataset\correct_angle_all\person121\right\15_degree14.png,0,0.13595104,3,0.63321656,15,0,1,1,0
person121,15,18,E:\Thesis\Dataset\correct_angle_all\person121\right\15_degree18.png,0,0.1078712,3,0.791022,15,0,1,1,0
person121,30,2,E:\Thesis\Dataset\correct_angle_all\person121\right\30_degree02.png,0,0.16368254,3,0.9807327,30,0,1,1,0
person121,30,9,E:\Thesis\Dataset\correct_angle_all\person121\right\30_degree09.png,0,0.38345686,3,0.987062,30,0,1,1,0
person121,30,14,E:\Thesis\Dataset\correct_angle_all\person121\right\30_degree14.png,0,0.19486,3,0.92706984,30,0,1,1,0
person121,30,18,E:\Thesis\Dataset\correct_angle_all\person121\right\30_degree18.png,0,0.32693824,3,0.9943991,30,0,1,1,0
person121,45,2,E:\Thesis\Dataset\correct_angle_all\person121\right\45_degree02.png,0,0.19558561,3,0.575661,45,0,1,1,0
person121,45,9,E:\Thesis\Dataset\correct_angle_all\person121\right\45_degree09.png,0,0.3337809,3,0.5921259,45,0,1,1,0
person121,45,14,E:\Thesis\Dataset\correct_angle_all\person121\right\45_degree14.png,0,0.21080934,3,0.286853,45,0,1,1,0
person121,45,18,E:\Thesis\Dataset\correct_angle_all\person121\right\45_degree18.png,0,0.2724795,3,0.66609323,45,0,1,1,0
person121,60,2,E:\Thesis\Dataset\correct_angle_all\person121\right\60_degree02.png,0,0.09984406,3,0.9493492,60,0,1,1,0
person121,60,9,E:\Thesis\Dataset\correct_angle_all\person121\right\60_degree09.png,0,0.09389522,3,0.99595445,60,0,1,1,0
person121,60,14,E:\Thesis\Dataset\correct_angle_all\person121\right\60_degree14.png,0,0.064559385,3,0.9391475,60,0,1,1,0
person121,60,18,E:\Thesis\Dataset\correct_angle_all\person121\right\60_degree18.png,0,0.09221661,3,0.9977527,60,0,1,1,0
person122,-90,2,E:\Thesis\Dataset\correct_angle_all\person122\left\90_degree_02.png,0,0.11416582,3,0.50694495,90,0,1,1,0
person122,-90,9,E:\Thesis\Dataset\correct_angle_all\person122\left\90_degree_09.png,0,0.09491218,3,0.41396764,90,0,1,1,0
person122,-90,14,E:\Thesis\Dataset\correct_angle_all\person122\left\90_degree_14.png,0,0.119795196,3,0.5518574,90,0,1,1,0
person122,-90,18,E:\Thesis\Dataset\correct_angle_all\person122\left\90_degree_18.png,0,0.098240234,3,0.5260076,90,0,1,1,0
person122,-75,2,E:\Thesis\Dataset\correct_angle_all\person122\left\75_degree_02.png,0,0.09909365,3,0.73544806,75,0,1,1,0
person122,-75,9,E:\Thesis\Dataset\correct_angle_all\person122\left\75_degree_09.png,0,0.099226005,3,0.8068557,75,0,1,1,0
person122,-75,18,E:\Thesis\Dataset\correct_angle_all\person122\left\75_degree_18.png,0,0.13012101,3,0.95660156,75,0,1,1,0
person122,-60,2,E:\Thesis\Dataset\correct_angle_all\person122\left\60_degree_02.png,0,0.13060752,3,0.9667344,60,0,1,1,0
person122,-60,9,E:\Thesis\Dataset\correct_angle_all\person122\left\60_degree_09.png,0,0.0897828,3,0.98433703,60,0,1,1,0
person122,-45,2,E:\Thesis\Dataset\correct_angle_all\person122\left\45_degree_02.png,0,0.11139516,3,0.9477601,45,0,1,1,0
person122,-45,9,E:\Thesis\Dataset\correct_angle_all\person122\left\45_degree_09.png,0,0.106370956,3,0.94057065,45,0,1,1,0
person122,-45,14,E:\Thesis\Dataset\correct_angle_all\person122\left\45_degree_14.png,0,0.0965964,3,0.9888695,45,0,1,1,0
person122,-45,18,E:\Thesis\Dataset\correct_angle_all\person122\left\45_degree_18.png,0,0.1041977,3,0.9901393,45,0,1,1,0
person122,-30,9,E:\Thesis\Dataset\correct_angle_all\person122\left\30_degree_09.png,0,0.08163547,3,0.9813488,30,0,1,1,0
person122,-30,14,E:\Thesis\Dataset\correct_angle_all\person122\left\30_degree_14.png,0,0.12068537,3,0.9985111,30,0,1,1,0
person122,-30,18,E:\Thesis\Dataset\correct_angle_all\person122\left\30_degree_18.png,0,0.10506942,3,0.99629956,30,0,1,1,0
person122,15,2,E:\Thesis\Dataset\correct_angle_all\person122\right\15_degree02.png,0,0.051438447,3,0.8924908,15,0,1,1,0
person122,15,9,E:\Thesis\Dataset\correct_angle_all\person122\right\15_degree09.png,0,0.0842325,3,0.7869933,15,0,1,1,0
person122,15,14,E:\Thesis\Dataset\correct_angle_all\person122\right\15_degree14.png,0,0.12185043,3,0.7109554,15,0,1,1,0
person122,15,18,E:\Thesis\Dataset\correct_angle_all\person122\right\15_degree18.png,0,0.10945322,3,0.89137334,15,0,1,1,0
person122,30,2,E:\Thesis\Dataset\correct_angle_all\person122\right\30_degree02.png,0,0.104507916,3,0.7538523,30,0,1,1,0
person122,30,9,E:\Thesis\Dataset\correct_angle_all\person122\right\30_degree09.png,0,0.15355873,3,0.99592763,30,0,1,1,0
person122,30,14,E:\Thesis\Dataset\correct_angle_all\person122\right\30_degree14.png,0,0.1461137,3,0.688339,30,0,1,1,0
person122,30,18,E:\Thesis\Dataset\correct_angle_all\person122\right\30_degree18.png,0,0.14165455,3,0.97203404,30,0,1,1,0
person122,45,2,E:\Thesis\Dataset\correct_angle_all\person122\right\45_degree02.png,0,0.1293386,3,0.7209932,45,0,1,1,0
person122,45,9,E:\Thesis\Dataset\correct_angle_all\person122\right\45_degree09.png,0,0.105698325,3,0.9232772,45,0,1,1,0
person122,45,14,E:\Thesis\Dataset\correct_angle_all\person122\right\45_degree14.png,0,0.11273467,3,0.50968647,45,0,1,1,0
person122,45,18,E:\Thesis\Dataset\correct_angle_all\person122\right\45_degree18.png,0,0.1246064,3,0.8466297,45,0,1,1,0
person122,60,2,E:\Thesis\Dataset\correct_angle_all\person122\right\60_degree02.png,0,0.17513935,3,0.96891165,60,0,1,1,0
person122,60,9,E:\Thesis\Dataset\correct_angle_all\person122\right\60_degree09.png,0,0.112994194,3,0.98246413,60,0,1,1,0
person122,60,14,E:\Thesis\Dataset\correct_angle_all\person122\right\60_degree14.png,0,0.18025982,3,0.86473876,60,0,1,1,0
person122,60,18,E:\Thesis\Dataset\correct_angle_all\person122\right\60_degree18.png,0,0.14931391,3,0.98653024,60,0,1,1,0
person122,75,9,E:\Thesis\Dataset\correct_angle_all\person122\right\75_degree09.png,0,0.19976954,3,0.7363617,75,0,1,1,0
person122,75,18,E:\Thesis\Dataset\correct_angle_all\person122\right\75_degree18.png,0,0.24184793,3,0.66531634,75,0,1,1,0
person123,-75,2,E:\Thesis\Dataset\correct_angle_all\person123\left\75_degree_02.png,0,0.13010344,3,0.7981158,75,0,1,1,0
person123,-75,9,E:\Thesis\Dataset\correct_angle_all\person123\left\75_degree_09.png,0,0.11237136,3,0.8571989,75,0,1,1,0
person123,-75,18,E:\Thesis\Dataset\correct_angle_all\person123\left\75_degree_18.png,0,0.12042698,3,0.83896947,75,0,1,1,0
person123,-60,2,E:\Thesis\Dataset\correct_angle_all\person123\left\60_degree_02.png,0,0.13216229,3,0.9805839,60,0,1,1,0
person123,-60,9,E:\Thesis\Dataset\correct_angle_all\person123\left\60_degree_09.png,0,0.11391121,3,0.9924483,60,0,1,1,0
person123,-60,14,E:\Thesis\Dataset\correct_angle_all\person123\left\60_degree_14.png,0,0.09815365,3,0.95582753,60,0,1,1,0
person123,-60,18,E:\Thesis\Dataset\correct_angle_all\person123\left\60_degree_18.png,0,0.10904273,3,0.99427146,60,0,1,1,0
person123,-45,2,E:\Thesis\Dataset\correct_angle_all\person123\left\45_degree_02.png,0,0.16527706,3,0.9615546,45,0,1,1,0
person123,-45,9,E:\Thesis\Dataset\correct_angle_all\person123\left\45_degree_09.png,0,0.20674527,3,0.89279443,45,0,1,1,0
person123,-45,14,E:\Thesis\Dataset\correct_angle_all\person123\left\45_degree_14.png,0,0.180292,3,0.6658122,45,0,1,1,0
person123,-45,18,E:\Thesis\Dataset\correct_angle_all\person123\left\45_degree_18.png,0,0.17013486,3,0.89976287,45,0,1,1,0
person123,45,9,E:\Thesis\Dataset\correct_angle_all\person123\right\45_degree09.png,0,0.07970861,3,0.7357583,45,0,1,1,0
person123,45,18,E:\Thesis\Dataset\correct_angle_all\person123\right\45_degree18.png,0,0.086334445,3,0.8431296,45,0,1,1,0
person123,60,2,E:\Thesis\Dataset\correct_angle_all\person123\right\60_degree02.png,0,0.4379245,3,0.90833396,60,0,1,1,0
person123,60,9,E:\Thesis\Dataset\correct_angle_all\person123\right\60_degree09.png,0,0.21368349,3,0.9971673,60,0,1,1,0
person123,60,14,E:\Thesis\Dataset\correct_angle_all\person123\right\60_degree14.png,0,0.19760598,3,0.9760408,60,0,1,1,0
person123,60,18,E:\Thesis\Dataset\correct_angle_all\person123\right\60_degree18.png,0,0.21095312,3,0.99374074,60,0,1,1,0
person123,75,14,E:\Thesis\Dataset\correct_angle_all\person123\right\75_degree14.png,0,0.28158602,3,0.37785456,75,0,1,1,0
person123,90,18,E:\Thesis\Dataset\correct_angle_all\person123\right\90_degree18.png,0,0.19380195,3,0.3542684,90,0,1,1,0
person124,-75,9,E:\Thesis\Dataset\correct_angle_all\person124\left\75_degree_09.png,0,0.11151902,3,0.7602262,75,0,1,1,0
person124,-75,18,E:\Thesis\Dataset\correct_angle_all\person124\left\75_degree_18.png,0,0.100824445,3,0.6566132,75,0,1,1,0
person124,-60,2,E:\Thesis\Dataset\correct_angle_all\person124\left\60_degree_02.png,0,0.08297896,3,0.6680878,60,0,1,1,0
person124,-60,9,E:\Thesis\Dataset\correct_angle_all\person124\left\60_degree_09.png,0,0.10722283,3,0.9879689,60,0,1,1,0
person124,-60,14,E:\Thesis\Dataset\correct_angle_all\person124\left\60_degree_14.png,0,0.11102461,3,0.9814251,60,0,1,1,0
person124,-60,18,E:\Thesis\Dataset\correct_angle_all\person124\left\60_degree_18.png,0,0.1035612,3,0.99179316,60,0,1,1,0
person124,15,2,E:\Thesis\Dataset\correct_angle_all\person124\right\15_degree02.png,0,0.13161737,3,0.8370839,15,0,1,1,0
person124,15,9,E:\Thesis\Dataset\correct_angle_all\person124\right\15_degree09.png,0,0.1148161,3,0.80834675,15,0,1,1,0
person124,30,2,E:\Thesis\Dataset\correct_angle_all\person124\right\30_degree02.png,0,0.3107168,3,0.9607931,30,0,1,1,0
person124,30,9,E:\Thesis\Dataset\correct_angle_all\person124\right\30_degree09.png,0,0.39886662,3,0.4458138,30,0,1,1,0
person124,30,14,E:\Thesis\Dataset\correct_angle_all\person124\right\30_degree14.png,0,0.2912278,3,0.88496655,30,0,1,1,0
person124,30,18,E:\Thesis\Dataset\correct_angle_all\person124\right\30_degree18.png,0,0.34782442,3,0.79779696,30,0,1,1,0
person124,45,2,E:\Thesis\Dataset\correct_angle_all\person124\right\45_degree02.png,0,0.3208556,3,0.50057966,45,0,1,1,0
person124,60,2,E:\Thesis\Dataset\correct_angle_all\person124\right\60_degree02.png,0,0.087043606,3,0.78448313,60,0,1,1,0
person124,60,9,E:\Thesis\Dataset\correct_angle_all\person124\right\60_degree09.png,0,0.20817207,3,0.994152,60,0,1,1,0
person124,60,18,E:\Thesis\Dataset\correct_angle_all\person124\right\60_degree18.png,0,0.15067665,3,0.96004504,60,0,1,1,0
person125,-90,14,E:\Thesis\Dataset\correct_angle_all\person125\left\90_degree_14.png,0,0.10520444,3,0.17667063,90,0,1,1,0
person125,-75,2,E:\Thesis\Dataset\correct_angle_all\person125\left\75_degree_02.png,0,0.18576567,3,0.4502478,75,0,1,1,0
person125,-75,9,E:\Thesis\Dataset\correct_angle_all\person125\left\75_degree_09.png,0,0.12229011,3,0.80627185,75,0,1,1,0
person125,-75,18,E:\Thesis\Dataset\correct_angle_all\person125\left\75_degree_18.png,0,0.104907654,3,0.8207409,75,0,1,1,0
person125,-60,2,E:\Thesis\Dataset\correct_angle_all\person125\left\60_degree_02.png,0,0.16134325,3,0.8750503,60,0,1,1,0
person125,-60,9,E:\Thesis\Dataset\correct_angle_all\person125\left\60_degree_09.png,0,0.12345036,3,0.991908,60,0,1,1,0
person125,-60,14,E:\Thesis\Dataset\correct_angle_all\person125\left\60_degree_14.png,0,0.101561345,3,0.84640956,60,0,1,1,0
person125,-60,18,E:\Thesis\Dataset\correct_angle_all\person125\left\60_degree_18.png,0,0.13613681,3,0.9804635,60,0,1,1,0
person125,-30,2,E:\Thesis\Dataset\correct_angle_all\person125\left\30_degree_02.png,0,0.14495897,3,0.8094595,30,0,1,1,0
person125,-30,9,E:\Thesis\Dataset\correct_angle_all\person125\left\30_degree_09.png,0,0.12010392,3,0.9901925,30,0,1,1,0
person125,-30,14,E:\Thesis\Dataset\correct_angle_all\person125\left\30_degree_14.png,0,0.107921146,3,0.97846764,30,0,1,1,0
person125,-30,18,E:\Thesis\Dataset\correct_angle_all\person125\left\30_degree_18.png,0,0.15379012,3,0.99582213,30,0,1,1,0
person125,30,2,E:\Thesis\Dataset\correct_angle_all\person125\right\30_degree02.png,0,0.13259016,3,0.9924798,30,0,1,1,0
person125,30,9,E:\Thesis\Dataset\correct_angle_all\person125\right\30_degree09.png,0,0.13472183,3,0.9832347,30,0,1,1,0
person125,30,14,E:\Thesis\Dataset\correct_angle_all\person125\right\30_degree14.png,0,0.13328941,3,0.77820086,30,0,1,1,0
person125,30,18,E:\Thesis\Dataset\correct_angle_all\person125\right\30_degree18.png,0,0.1464629,3,0.85567504,30,0,1,1,0
person125,45,2,E:\Thesis\Dataset\correct_angle_all\person125\right\45_degree02.png,0,0.12848543,3,0.45071217,45,0,1,1,0
person125,45,14,E:\Thesis\Dataset\correct_angle_all\person125\right\45_degree14.png,0,0.1946355,3,0.5100506,45,0,1,1,0
person125,45,18,E:\Thesis\Dataset\correct_angle_all\person125\right\45_degree18.png,0,0.17417018,3,0.5820038,45,0,1,1,0
person125,60,2,E:\Thesis\Dataset\correct_angle_all\person125\right\60_degree02.png,0,0.08697971,3,0.9748807,60,0,1,1,0
person125,60,9,E:\Thesis\Dataset\correct_angle_all\person125\right\60_degree09.png,0,0.14564855,3,0.93046445,60,0,1,1,0
person125,60,14,E:\Thesis\Dataset\correct_angle_all\person125\right\60_degree14.png,0,0.1226598,3,0.99759007,60,0,1,1,0
person125,60,18,E:\Thesis\Dataset\correct_angle_all\person125\right\60_degree18.png,0,0.117669664,3,0.99167705,60,0,1,1,0
person125,75,9,E:\Thesis\Dataset\correct_angle_all\person125\right\75_degree09.png,0,0.13789107,3,0.52009183,75,0,1,1,0
person125,75,14,E:\Thesis\Dataset\correct_angle_all\person125\right\75_degree14.png,0,0.09855155,3,0.8221056,75,0,1,1,0
person125,75,18,E:\Thesis\Dataset\correct_angle_all\person125\right\75_degree18.png,0,0.10214468,3,0.84292716,75,0,1,1,0
person125,90,14,E:\Thesis\Dataset\correct_angle_all\person125\right\90_degree14.png,0,0.15674208,3,0.19142966,90,0,1,1,0
person126,60,2,E:\Thesis\Dataset\correct_angle_all\person126\right\60_degree02.png,0,0.101595454,3,0.9926823,60,0,1,1,0
person126,60,9,E:\Thesis\Dataset\correct_angle_all\person126\right\60_degree09.png,0,0.091954954,3,0.85925436,60,0,1,1,0
person126,60,14,E:\Thesis\Dataset\correct_angle_all\person126\right\60_degree14.png,0,0.08866314,3,0.94879395,60,0,1,1,0
person126,60,18,E:\Thesis\Dataset\correct_angle_all\person126\right\60_degree18.png,0,0.069256164,3,0.96075034,60,0,1,1,0
person126,75,9,E:\Thesis\Dataset\correct_angle_all\person126\right\75_degree09.png,0,0.096874066,3,0.4106152,75,0,1,1,0
person126,75,14,E:\Thesis\Dataset\correct_angle_all\person126\right\75_degree14.png,0,0.072160155,3,0.6050236,75,0,1,1,0
person127,-75,2,E:\Thesis\Dataset\correct_angle_all\person127\left\75_degree_02.png,0,0.11631793,3,0.8987139,75,0,1,1,0
person127,-75,18,E:\Thesis\Dataset\correct_angle_all\person127\left\75_degree_18.png,0,0.118806146,3,0.7220939,75,0,1,1,0
person127,-60,2,E:\Thesis\Dataset\correct_angle_all\person127\left\60_degree_02.png,0,0.10747448,3,0.99693495,60,0,1,1,0
person127,-60,9,E:\Thesis\Dataset\correct_angle_all\person127\left\60_degree_09.png,0,0.10495236,3,0.6405787,60,0,1,1,0
person127,-60,14,E:\Thesis\Dataset\correct_angle_all\person127\left\60_degree_14.png,0,0.12868701,3,0.9292869,60,0,1,1,0
person127,-60,18,E:\Thesis\Dataset\correct_angle_all\person127\left\60_degree_18.png,0,0.14216144,3,0.93821484,60,0,1,1,0
person127,-45,2,E:\Thesis\Dataset\correct_angle_all\person127\left\45_degree_02.png,0,0.18989874,3,0.95612246,45,0,1,1,0
person127,-45,9,E:\Thesis\Dataset\correct_angle_all\person127\left\45_degree_09.png,0,0.17862189,3,0.85019666,45,0,1,1,0
person127,-45,14,E:\Thesis\Dataset\correct_angle_all\person127\left\45_degree_14.png,0,0.1682467,3,0.7971206,45,0,1,1,0
person127,-45,18,E:\Thesis\Dataset\correct_angle_all\person127\left\45_degree_18.png,0,0.1937028,3,0.79145306,45,0,1,1,0
person127,-30,2,E:\Thesis\Dataset\correct_angle_all\person127\left\30_degree_02.png,0,0.20040853,3,0.9907239,30,0,1,1,0
person127,-30,9,E:\Thesis\Dataset\correct_angle_all\person127\left\30_degree_09.png,0,0.2016506,3,0.97357637,30,0,1,1,0
person127,-30,14,E:\Thesis\Dataset\correct_angle_all\person127\left\30_degree_14.png,0,0.19188325,3,0.9537614,30,0,1,1,0
person127,-30,18,E:\Thesis\Dataset\correct_angle_all\person127\left\30_degree_18.png,0,0.1994338,3,0.9778292,30,0,1,1,0
person127,-15,2,E:\Thesis\Dataset\correct_angle_all\person127\left\15_degree02.png,0,0.04972583,3,0.85127753,15,0,1,1,0
person127,-15,9,E:\Thesis\Dataset\correct_angle_all\person127\left\15_degree09.png,0,0.061739564,3,0.69597656,15,0,1,1,0
person127,-15,14,E:\Thesis\Dataset\correct_angle_all\person127\left\15_degree14.png,0,0.0862211,3,0.8962247,15,0,1,1,0
person127,-15,18,E:\Thesis\Dataset\correct_angle_all\person127\left\15_degree18.png,0,0.088224374,3,0.8298728,15,0,1,1,0
person127,15,2,E:\Thesis\Dataset\correct_angle_all\person127\right\15_degree02.png,0,0.07066057,3,0.8993445,15,0,1,1,0
person127,30,2,E:\Thesis\Dataset\correct_angle_all\person127\right\30_degree02.png,0,0.16769286,3,0.9858369,30,0,1,1,0
person127,30,9,E:\Thesis\Dataset\correct_angle_all\person127\right\30_degree09.png,0,0.1951049,3,0.99590343,30,0,1,1,0
person127,30,14,E:\Thesis\Dataset\correct_angle_all\person127\right\30_degree14.png,0,0.10819474,3,0.9706462,30,0,1,1,0
person127,30,18,E:\Thesis\Dataset\correct_angle_all\person127\right\30_degree18.png,0,0.12366996,3,0.99517345,30,0,1,1,0
person127,45,2,E:\Thesis\Dataset\correct_angle_all\person127\right\45_degree02.png,0,0.13391571,3,0.6109083,45,0,1,1,0
person127,45,9,E:\Thesis\Dataset\correct_angle_all\person127\right\45_degree09.png,0,0.20368822,3,0.65871185,45,0,1,1,0
person127,45,18,E:\Thesis\Dataset\correct_angle_all\person127\right\45_degree18.png,0,0.14781287,3,0.6886274,45,0,1,1,0
person127,60,2,E:\Thesis\Dataset\correct_angle_all\person127\right\60_degree02.png,0,0.10783565,3,0.9812472,60,0,1,1,0
person127,60,9,E:\Thesis\Dataset\correct_angle_all\person127\right\60_degree09.png,0,0.18799202,3,0.9960033,60,0,1,1,0
person127,60,14,E:\Thesis\Dataset\correct_angle_all\person127\right\60_degree14.png,0,0.11955305,3,0.9535179,60,0,1,1,0
person127,75,9,E:\Thesis\Dataset\correct_angle_all\person127\right\75_degree09.png,0,0.21487069,3,0.8956609,75,0,1,1,0
person127,75,18,E:\Thesis\Dataset\correct_angle_all\person127\right\75_degree18.png,0,0.22013754,3,0.79094607,75,0,1,1,0
person127,90,2,E:\Thesis\Dataset\correct_angle_all\person127\right\90_degree02.png,0,0.059453186,3,0.35412946,90,0,1,1,0
person128,-90,9,E:\Thesis\Dataset\correct_angle_all\person128\left\90_degree_09.png,0,0.19058073,3,0.36970046,90,0,1,1,0
person128,-90,18,E:\Thesis\Dataset\correct_angle_all\person128\left\90_degree_18.png,0,0.14346816,3,0.25550333,90,0,1,1,0
person128,-75,9,E:\Thesis\Dataset\correct_angle_all\person128\left\75_degree_09.png,0,0.16786726,3,0.64261156,75,0,1,1,0
person128,-75,18,E:\Thesis\Dataset\correct_angle_all\person128\left\75_degree_18.png,0,0.14422862,3,0.4953072,75,0,1,1,0
person128,-60,2,E:\Thesis\Dataset\correct_angle_all\person128\left\60_degree_02.png,0,0.15537943,3,0.78528625,60,0,1,1,0
person128,-60,9,E:\Thesis\Dataset\correct_angle_all\person128\left\60_degree_09.png,0,0.21903503,3,0.9968515,60,0,1,1,0
person128,-60,14,E:\Thesis\Dataset\correct_angle_all\person128\left\60_degree_14.png,0,0.13897133,3,0.9513915,60,0,1,1,0
person128,-60,18,E:\Thesis\Dataset\correct_angle_all\person128\left\60_degree_18.png,0,0.2228475,3,0.9872511,60,0,1,1,0
person128,-45,2,E:\Thesis\Dataset\correct_angle_all\person128\left\45_degree_02.png,0,0.4323031,3,0.59157526,45,0,1,1,0
person128,-45,9,E:\Thesis\Dataset\correct_angle_all\person128\left\45_degree_09.png,0,0.3596801,3,0.8111598,45,0,1,1,0
person128,-45,14,E:\Thesis\Dataset\correct_angle_all\person128\left\45_degree_14.png,0,0.3762006,3,0.6619205,45,0,1,1,0
person128,-45,18,E:\Thesis\Dataset\correct_angle_all\person128\left\45_degree_18.png,0,0.37889478,3,0.78711396,45,0,1,1,0
person128,-30,2,E:\Thesis\Dataset\correct_angle_all\person128\left\30_degree_02.png,0,0.40585315,3,0.9808828,30,0,1,1,0
person128,-30,9,E:\Thesis\Dataset\correct_angle_all\person128\left\30_degree_09.png,0,0.36458254,3,0.99510765,30,0,1,1,0
person128,-30,14,E:\Thesis\Dataset\correct_angle_all\person128\left\30_degree_14.png,0,0.3281694,3,0.95672446,30,0,1,1,0
person128,-30,18,E:\Thesis\Dataset\correct_angle_all\person128\left\30_degree_18.png,0,0.4326971,3,0.9909165,30,0,1,1,0
person128,-15,2,E:\Thesis\Dataset\correct_angle_all\person128\left\15_degree02.png,0,0.11769929,3,0.63635415,15,0,1,1,0
person128,15,2,E:\Thesis\Dataset\correct_angle_all\person128\right\15_degree02.png,0,0.10482412,3,0.7378281,15,0,1,1,0
person128,15,9,E:\Thesis\Dataset\correct_angle_all\person128\right\15_degree09.png,0,0.09654223,3,0.52411026,15,0,1,1,0
person128,15,14,E:\Thesis\Dataset\correct_angle_all\person128\right\15_degree14.png,0,0.08053431,3,0.70681334,15,0,1,1,0
person128,15,18,E:\Thesis\Dataset\correct_angle_all\person128\right\15_degree18.png,0,0.14184512,3,0.7601811,15,0,1,1,0
person128,30,2,E:\Thesis\Dataset\correct_angle_all\person128\right\30_degree02.png,0,0.1089192,3,0.98488647,30,0,1,1,0
person128,30,9,E:\Thesis\Dataset\correct_angle_all\person128\right\30_degree09.png,0,0.14084405,3,0.99059373,30,0,1,1,0
person128,30,14,E:\Thesis\Dataset\correct_angle_all\person128\right\30_degree14.png,0,0.13949795,3,0.97996455,30,0,1,1,0
person128,30,18,E:\Thesis\Dataset\correct_angle_all\person128\right\30_degree18.png,0,0.14004336,3,0.9970692,30,0,1,1,0
person128,45,2,E:\Thesis\Dataset\correct_angle_all\person128\right\45_degree02.png,0,0.14613129,3,0.9241645,45,0,1,1,0
person128,45,9,E:\Thesis\Dataset\correct_angle_all\person128\right\45_degree09.png,0,0.20564723,3,0.95125127,45,0,1,1,0
person128,45,14,E:\Thesis\Dataset\correct_angle_all\person128\right\45_degree14.png,0,0.19220819,3,0.6577967,45,0,1,1,0
person128,45,18,E:\Thesis\Dataset\correct_angle_all\person128\right\45_degree18.png,0,0.24369045,3,0.95432734,45,0,1,1,0
person128,60,2,E:\Thesis\Dataset\correct_angle_all\person128\right\60_degree02.png,0,0.08845323,3,0.99552345,60,0,1,1,0
person128,60,9,E:\Thesis\Dataset\correct_angle_all\person128\right\60_degree09.png,0,0.13952672,3,0.9733474,60,0,1,1,0
person128,60,14,E:\Thesis\Dataset\correct_angle_all\person128\right\60_degree14.png,0,0.062150795,3,0.9071462,60,0,1,1,0
person128,60,18,E:\Thesis\Dataset\correct_angle_all\person128\right\60_degree18.png,0,0.09870952,3,0.9891283,60,0,1,1,0
person128,75,9,E:\Thesis\Dataset\correct_angle_all\person128\right\75_degree09.png,0,0.065688476,3,0.7761896,75,0,1,1,0
person128,75,14,E:\Thesis\Dataset\correct_angle_all\person128\right\75_degree14.png,0,0.07680748,3,0.4990845,75,0,1,1,0
person128,75,18,E:\Thesis\Dataset\correct_angle_all\person128\right\75_degree18.png,0,0.07788912,3,0.8012943,75,0,1,1,0
person129,-90,14,E:\Thesis\Dataset\correct_angle_all\person129\left\90_degree_14.png,0,0.1057632,3,0.4123553,90,0,1,1,0
person129,-75,2,E:\Thesis\Dataset\correct_angle_all\person129\left\75_degree_02.png,0,0.119063996,3,0.5762493,75,0,1,1,0
person129,-75,9,E:\Thesis\Dataset\correct_angle_all\person129\left\75_degree_09.png,0,0.10186315,3,0.94654053,75,0,1,1,0
person129,-75,18,E:\Thesis\Dataset\correct_angle_all\person129\left\75_degree_18.png,0,0.108339064,3,0.8769603,75,0,1,1,0
person129,-60,2,E:\Thesis\Dataset\correct_angle_all\person129\left\60_degree_02.png,0,0.10579332,3,0.93887687,60,0,1,1,0
person129,-60,9,E:\Thesis\Dataset\correct_angle_all\person129\left\60_degree_09.png,0,0.11365775,3,0.9984748,60,0,1,1,0
person129,-60,14,E:\Thesis\Dataset\correct_angle_all\person129\left\60_degree_14.png,0,0.23544943,3,0.9834966,60,0,1,1,0
person129,-60,18,E:\Thesis\Dataset\correct_angle_all\person129\left\60_degree_18.png,0,0.12589183,3,0.9967008,60,0,1,1,0
person129,-45,2,E:\Thesis\Dataset\correct_angle_all\person129\left\45_degree_02.png,0,0.17235482,3,0.567937,45,0,1,1,0
person129,-45,9,E:\Thesis\Dataset\correct_angle_all\person129\left\45_degree_09.png,0,0.13157246,3,0.6249966,45,0,1,1,0
person129,-45,14,E:\Thesis\Dataset\correct_angle_all\person129\left\45_degree_14.png,0,0.19095568,3,0.47945833,45,0,1,1,0
person129,-45,18,E:\Thesis\Dataset\correct_angle_all\person129\left\45_degree_18.png,0,0.19808942,3,0.7611704,45,0,1,1,0
person129,-30,2,E:\Thesis\Dataset\correct_angle_all\person129\left\30_degree_02.png,0,0.14800322,3,0.9938719,30,0,1,1,0
person129,-30,14,E:\Thesis\Dataset\correct_angle_all\person129\left\30_degree_14.png,0,0.14781275,3,0.97882795,30,0,1,1,0
person129,-30,18,E:\Thesis\Dataset\correct_angle_all\person129\left\30_degree_18.png,0,0.11693994,3,0.99705887,30,0,1,1,0
person129,15,2,E:\Thesis\Dataset\correct_angle_all\person129\right\15_degree02.png,0,0.09574252,3,0.71017957,15,0,1,1,0
person129,15,9,E:\Thesis\Dataset\correct_angle_all\person129\right\15_degree09.png,0,0.12392187,3,0.7827041,15,0,1,1,0
person129,15,14,E:\Thesis\Dataset\correct_angle_all\person129\right\15_degree14.png,0,0.1893003,3,0.71751386,15,0,1,1,0
person129,15,18,E:\Thesis\Dataset\correct_angle_all\person129\right\15_degree18.png,0,0.19761187,3,0.7592833,15,0,1,1,0
person129,30,2,E:\Thesis\Dataset\correct_angle_all\person129\right\30_degree02.png,0,0.08028439,3,0.95120907,30,0,1,1,0
person129,30,9,E:\Thesis\Dataset\correct_angle_all\person129\right\30_degree09.png,0,0.09002757,3,0.99807435,30,0,1,1,0
person129,30,14,E:\Thesis\Dataset\correct_angle_all\person129\right\30_degree14.png,0,0.11739018,3,0.99045795,30,0,1,1,0
person129,30,18,E:\Thesis\Dataset\correct_angle_all\person129\right\30_degree18.png,0,0.1269473,3,0.99724275,30,0,1,1,0
person129,45,2,E:\Thesis\Dataset\correct_angle_all\person129\right\45_degree02.png,0,0.14654227,3,0.7023473,45,0,1,1,0
person129,45,9,E:\Thesis\Dataset\correct_angle_all\person129\right\45_degree09.png,0,0.1224738,3,0.93036014,45,0,1,1,0
person129,45,14,E:\Thesis\Dataset\correct_angle_all\person129\right\45_degree14.png,0,0.10681332,3,0.69823676,45,0,1,1,0
person129,45,18,E:\Thesis\Dataset\correct_angle_all\person129\right\45_degree18.png,0,0.20238967,3,0.91145545,45,0,1,1,0
person129,60,2,E:\Thesis\Dataset\correct_angle_all\person129\right\60_degree02.png,0,0.08911305,3,0.97161394,60,0,1,1,0
person129,60,9,E:\Thesis\Dataset\correct_angle_all\person129\right\60_degree09.png,0,0.064609945,3,0.91262364,60,0,1,1,0
person129,60,14,E:\Thesis\Dataset\correct_angle_all\person129\right\60_degree14.png,0,0.09296269,3,0.722239,60,0,1,1,0
person129,60,18,E:\Thesis\Dataset\correct_angle_all\person129\right\60_degree18.png,0,0.065583915,3,0.9911494,60,0,1,1,0
person129,75,9,E:\Thesis\Dataset\correct_angle_all\person129\right\75_degree09.png,0,0.13801324,3,0.50667554,75,0,1,1,0
person129,75,18,E:\Thesis\Dataset\correct_angle_all\person129\right\75_degree18.png,0,0.13375609,3,0.75861144,75,0,1,1,0
person130,-90,2,E:\Thesis\Dataset\correct_angle_all\person130\left\90_degree_02.png,0,0.17000334,3,0.43406132,90,0,1,1,0
person130,-90,9,E:\Thesis\Dataset\correct_angle_all\person130\left\90_degree_09.png,0,0.1272931,3,0.4442474,90,0,1,1,0
person130,-90,14,E:\Thesis\Dataset\correct_angle_all\person130\left\90_degree_14.png,0,0.1481372,3,0.60741407,90,0,1,1,0
person130,-90,18,E:\Thesis\Dataset\correct_angle_all\person130\left\90_degree_18.png,0,0.10134569,3,0.63641745,90,0,1,1,0
person130,-75,2,E:\Thesis\Dataset\correct_angle_all\person130\left\75_degree_02.png,0,0.15388314,3,0.85072404,75,0,1,1,0
person130,-75,9,E:\Thesis\Dataset\correct_angle_all\person130\left\75_degree_09.png,0,0.14832222,3,0.7482628,75,0,1,1,0
person130,-75,18,E:\Thesis\Dataset\correct_angle_all\person130\left\75_degree_18.png,0,0.118618555,3,0.89273125,75,0,1,1,0
person130,-60,2,E:\Thesis\Dataset\correct_angle_all\person130\left\60_degree_02.png,0,0.14107966,3,0.96277875,60,0,1,1,0
person130,-60,9,E:\Thesis\Dataset\correct_angle_all\person130\left\60_degree_09.png,0,0.13123529,3,0.97777575,60,0,1,1,0
person130,-60,14,E:\Thesis\Dataset\correct_angle_all\person130\left\60_degree_14.png,0,0.0983045,3,0.9932595,60,0,1,1,0
person130,-60,18,E:\Thesis\Dataset\correct_angle_all\person130\left\60_degree_18.png,0,0.12230841,3,0.9953504,60,0,1,1,0
person130,-45,9,E:\Thesis\Dataset\correct_angle_all\person130\left\45_degree_09.png,0,0.16734608,3,0.95534563,45,0,1,1,0
person130,-45,14,E:\Thesis\Dataset\correct_angle_all\person130\left\45_degree_14.png,0,0.17004967,3,0.97380614,45,0,1,1,0
person130,-45,18,E:\Thesis\Dataset\correct_angle_all\person130\left\45_degree_18.png,0,0.1354527,3,0.9680416,45,0,1,1,0
person130,30,2,E:\Thesis\Dataset\correct_angle_all\person130\right\30_degree02.png,0,0.07994101,3,0.9947168,30,0,1,1,0
person130,30,9,E:\Thesis\Dataset\correct_angle_all\person130\right\30_degree09.png,0,0.10061824,3,0.99305725,30,0,1,1,0
person130,30,18,E:\Thesis\Dataset\correct_angle_all\person130\right\30_degree18.png,0,0.09517857,3,0.99396324,30,0,1,1,0
person130,45,2,E:\Thesis\Dataset\correct_angle_all\person130\right\45_degree02.png,0,0.15661071,3,0.9593957,45,0,1,1,0
person130,45,9,E:\Thesis\Dataset\correct_angle_all\person130\right\45_degree09.png,0,0.17701493,3,0.98284405,45,0,1,1,0
person130,45,14,E:\Thesis\Dataset\correct_angle_all\person130\right\45_degree14.png,0,0.14131175,3,0.8825075,45,0,1,1,0
person130,45,18,E:\Thesis\Dataset\correct_angle_all\person130\right\45_degree18.png,0,0.18559766,3,0.9762036,45,0,1,1,0
person130,60,2,E:\Thesis\Dataset\correct_angle_all\person130\right\60_degree02.png,0,0.12321482,3,0.9801416,60,0,1,1,0
person130,60,9,E:\Thesis\Dataset\correct_angle_all\person130\right\60_degree09.png,0,0.095782734,3,0.9718655,60,0,1,1,0
person130,60,14,E:\Thesis\Dataset\correct_angle_all\person130\right\60_degree14.png,0,0.13518322,3,0.9647708,60,0,1,1,0
person130,60,18,E:\Thesis\Dataset\correct_angle_all\person130\right\60_degree18.png,0,0.10812781,3,0.9969447,60,0,1,1,0
person130,75,9,E:\Thesis\Dataset\correct_angle_all\person130\right\75_degree09.png,0,0.109845996,3,0.57116,75,0,1,1,0
person130,75,14,E:\Thesis\Dataset\correct_angle_all\person130\right\75_degree14.png,0,0.16033722,3,0.44896388,75,0,1,1,0
person130,75,18,E:\Thesis\Dataset\correct_angle_all\person130\right\75_degree18.png,0,0.11526033,3,0.7038586,75,0,1,1,0
person131,-75,2,E:\Thesis\Dataset\correct_angle_all\person131\left\75_degree_02.png,0,0.07860147,3,0.5469856,75,0,1,1,0
person131,-75,9,E:\Thesis\Dataset\correct_angle_all\person131\left\75_degree_09.png,0,0.06615748,3,0.46403873,75,0,1,1,0
person131,-75,18,E:\Thesis\Dataset\correct_angle_all\person131\left\75_degree_18.png,0,0.054461885,3,0.5104272,75,0,1,1,0
person131,-60,2,E:\Thesis\Dataset\correct_angle_all\person131\left\60_degree_02.png,0,0.09870627,3,0.9869507,60,0,1,1,0
person131,-60,14,E:\Thesis\Dataset\correct_angle_all\person131\left\60_degree_14.png,0,0.110182784,3,0.99627614,60,0,1,1,0
person131,-60,18,E:\Thesis\Dataset\correct_angle_all\person131\left\60_degree_18.png,0,0.0648792,3,0.99424314,60,0,1,1,0
person131,-45,2,E:\Thesis\Dataset\correct_angle_all\person131\left\45_degree_02.png,0,0.12826033,3,0.5327252,45,0,1,1,0
person131,-45,9,E:\Thesis\Dataset\correct_angle_all\person131\left\45_degree_09.png,0,0.080231614,3,0.8420779,45,0,1,1,0
person131,-45,14,E:\Thesis\Dataset\correct_angle_all\person131\left\45_degree_14.png,0,0.08259747,3,0.4603697,45,0,1,1,0
person131,-45,18,E:\Thesis\Dataset\correct_angle_all\person131\left\45_degree_18.png,0,0.08661491,3,0.7222541,45,0,1,1,0
person131,30,9,E:\Thesis\Dataset\correct_angle_all\person131\right\30_degree09.png,0,0.082508445,3,0.9937007,30,0,1,1,0
person131,30,14,E:\Thesis\Dataset\correct_angle_all\person131\right\30_degree14.png,0,0.08615319,3,0.98157406,30,0,1,1,0
person131,30,18,E:\Thesis\Dataset\correct_angle_all\person131\right\30_degree18.png,0,0.09984251,3,0.9921796,30,0,1,1,0
person131,45,2,E:\Thesis\Dataset\correct_angle_all\person131\right\45_degree02.png,0,0.18837623,3,0.8813837,45,0,1,1,0
person131,45,9,E:\Thesis\Dataset\correct_angle_all\person131\right\45_degree09.png,0,0.12430238,3,0.8417175,45,0,1,1,0
person131,45,14,E:\Thesis\Dataset\correct_angle_all\person131\right\45_degree14.png,0,0.13218547,3,0.7175317,45,0,1,1,0
person131,45,18,E:\Thesis\Dataset\correct_angle_all\person131\right\45_degree18.png,0,0.11086305,3,0.7920139,45,0,1,1,0
person131,60,2,E:\Thesis\Dataset\correct_angle_all\person131\right\60_degree02.png,0,0.066336714,3,0.9872045,60,0,1,1,0
person131,60,9,E:\Thesis\Dataset\correct_angle_all\person131\right\60_degree09.png,0,0.10025844,3,0.65078497,60,0,1,1,0
person131,60,14,E:\Thesis\Dataset\correct_angle_all\person131\right\60_degree14.png,0,0.113092445,3,0.9288352,60,0,1,1,0
person131,60,18,E:\Thesis\Dataset\correct_angle_all\person131\right\60_degree18.png,0,0.09901047,3,0.89917415,60,0,1,1,0
person132,-75,9,E:\Thesis\Dataset\correct_angle_all\person132\left\75_degree_09.png,0,0.089163244,3,0.80762196,75,0,1,1,0
person132,-75,18,E:\Thesis\Dataset\correct_angle_all\person132\left\75_degree_18.png,0,0.10379817,3,0.7086537,75,0,1,1,0
person132,-60,2,E:\Thesis\Dataset\correct_angle_all\person132\left\60_degree_02.png,0,0.10249738,3,0.9616399,60,0,1,1,0
person132,-60,9,E:\Thesis\Dataset\correct_angle_all\person132\left\60_degree_09.png,0,0.10962663,3,0.9922946,60,0,1,1,0
person132,-60,14,E:\Thesis\Dataset\correct_angle_all\person132\left\60_degree_14.png,0,0.122547604,3,0.9697068,60,0,1,1,0
person132,-60,18,E:\Thesis\Dataset\correct_angle_all\person132\left\60_degree_18.png,0,0.11232189,3,0.9747512,60,0,1,1,0
person132,-45,14,E:\Thesis\Dataset\correct_angle_all\person132\left\45_degree_14.png,0,0.13228235,3,0.93649197,45,0,1,1,0
person132,-30,2,E:\Thesis\Dataset\correct_angle_all\person132\left\30_degree_02.png,0,0.12432023,3,0.9765391,30,0,1,1,0
person132,-30,14,E:\Thesis\Dataset\correct_angle_all\person132\left\30_degree_14.png,0,0.08268391,3,0.9698796,30,0,1,1,0
person132,15,2,E:\Thesis\Dataset\correct_angle_all\person132\right\15_degree02.png,0,0.10663111,3,0.9012807,15,0,1,1,0
person132,15,9,E:\Thesis\Dataset\correct_angle_all\person132\right\15_degree09.png,0,0.13200302,3,0.91010475,15,0,1,1,0
person132,15,14,E:\Thesis\Dataset\correct_angle_all\person132\right\15_degree14.png,0,0.13623816,3,0.9245932,15,0,1,1,0
person132,15,18,E:\Thesis\Dataset\correct_angle_all\person132\right\15_degree18.png,0,0.14719528,3,0.67892486,15,0,1,1,0
person132,30,2,E:\Thesis\Dataset\correct_angle_all\person132\right\30_degree02.png,0,0.20452268,3,0.977478,30,0,1,1,0
person132,30,9,E:\Thesis\Dataset\correct_angle_all\person132\right\30_degree09.png,0,0.17081065,3,0.9907339,30,0,1,1,0
person132,30,14,E:\Thesis\Dataset\correct_angle_all\person132\right\30_degree14.png,0,0.17452826,3,0.9980574,30,0,1,1,0
person132,30,18,E:\Thesis\Dataset\correct_angle_all\person132\right\30_degree18.png,0,0.20343554,3,0.9879115,30,0,1,1,0
person132,45,2,E:\Thesis\Dataset\correct_angle_all\person132\right\45_degree02.png,0,0.24189399,3,0.7221859,45,0,1,1,0
person132,45,9,E:\Thesis\Dataset\correct_angle_all\person132\right\45_degree09.png,0,0.23294176,3,0.79780775,45,0,1,1,0
person132,45,14,E:\Thesis\Dataset\correct_angle_all\person132\right\45_degree14.png,0,0.25293222,3,0.8153145,45,0,1,1,0
person132,45,18,E:\Thesis\Dataset\correct_angle_all\person132\right\45_degree18.png,0,0.30898932,3,0.7843971,45,0,1,1,0
person132,60,2,E:\Thesis\Dataset\correct_angle_all\person132\right\60_degree02.png,0,0.058899388,3,0.61353076,60,0,1,1,0
person132,60,9,E:\Thesis\Dataset\correct_angle_all\person132\right\60_degree09.png,0,0.06794002,3,0.99485,60,0,1,1,0
person132,60,14,E:\Thesis\Dataset\correct_angle_all\person132\right\60_degree14.png,0,0.050092507,3,0.97929406,60,0,1,1,0
person132,60,18,E:\Thesis\Dataset\correct_angle_all\person132\right\60_degree18.png,0,0.0638856,3,0.99585885,60,0,1,1,0
person132,75,9,E:\Thesis\Dataset\correct_angle_all\person132\right\75_degree09.png,0,0.08488924,3,0.528475,75,0,1,1,0
person133,-90,2,E:\Thesis\Dataset\correct_angle_all\person133\left\90_degree_02.png,0,0.26153278,3,0.2607923,90,0,1,1,0
person133,-90,9,E:\Thesis\Dataset\correct_angle_all\person133\left\90_degree_09.png,0,0.17562509,3,0.55240345,90,0,1,1,0
person133,-90,14,E:\Thesis\Dataset\correct_angle_all\person133\left\90_degree_14.png,0,0.2682644,3,0.42028847,90,0,1,1,0
person133,-90,18,E:\Thesis\Dataset\correct_angle_all\person133\left\90_degree_18.png,0,0.1388932,3,0.48201457,90,0,1,1,0
person133,-75,9,E:\Thesis\Dataset\correct_angle_all\person133\left\75_degree_09.png,0,0.21414827,3,0.5379901,75,0,1,1,0
person133,-75,18,E:\Thesis\Dataset\correct_angle_all\person133\left\75_degree_18.png,0,0.23906195,3,0.5636519,75,0,1,1,0
person133,-60,2,E:\Thesis\Dataset\correct_angle_all\person133\left\60_degree_02.png,0,0.12809801,3,0.8903958,60,0,1,1,0
person133,-60,9,E:\Thesis\Dataset\correct_angle_all\person133\left\60_degree_09.png,0,0.10534957,3,0.99476737,60,0,1,1,0
person133,-60,14,E:\Thesis\Dataset\correct_angle_all\person133\left\60_degree_14.png,0,0.13767888,3,0.9819295,60,0,1,1,0
person133,-60,18,E:\Thesis\Dataset\correct_angle_all\person133\left\60_degree_18.png,0,0.14011165,3,0.99169916,60,0,1,1,0
person133,-45,2,E:\Thesis\Dataset\correct_angle_all\person133\left\45_degree_02.png,0,0.14359672,3,0.44268504,45,0,1,1,0
person133,-45,9,E:\Thesis\Dataset\correct_angle_all\person133\left\45_degree_09.png,0,0.17431779,3,0.87210685,45,0,1,1,0
person133,-45,14,E:\Thesis\Dataset\correct_angle_all\person133\left\45_degree_14.png,0,0.22104894,3,0.4873899,45,0,1,1,0
person133,-45,18,E:\Thesis\Dataset\correct_angle_all\person133\left\45_degree_18.png,0,0.16672032,3,0.63875055,45,0,1,1,0
person133,-30,2,E:\Thesis\Dataset\correct_angle_all\person133\left\30_degree_02.png,0,0.16681187,3,0.93184066,30,0,1,1,0
person133,-30,9,E:\Thesis\Dataset\correct_angle_all\person133\left\30_degree_09.png,0,0.18832423,3,0.9984935,30,0,1,1,0
person133,-30,14,E:\Thesis\Dataset\correct_angle_all\person133\left\30_degree_14.png,0,0.16937792,3,0.9975186,30,0,1,1,0
person133,-30,18,E:\Thesis\Dataset\correct_angle_all\person133\left\30_degree_18.png,0,0.18970788,3,0.9934738,30,0,1,1,0
person133,-15,2,E:\Thesis\Dataset\correct_angle_all\person133\left\15_degree02.png,0,0.20483708,3,0.6832645,15,0,1,1,0
person133,-15,14,E:\Thesis\Dataset\correct_angle_all\person133\left\15_degree14.png,0,0.21289475,3,0.90178156,15,0,1,1,0
person133,-15,18,E:\Thesis\Dataset\correct_angle_all\person133\left\15_degree18.png,0,0.1898492,3,0.94010884,15,0,1,1,0
person133,30,2,E:\Thesis\Dataset\correct_angle_all\person133\right\30_degree02.png,0,0.16580309,3,0.9212117,30,0,1,1,0
person133,30,9,E:\Thesis\Dataset\correct_angle_all\person133\right\30_degree09.png,0,0.15192862,3,0.96970934,30,0,1,1,0
person133,30,14,E:\Thesis\Dataset\correct_angle_all\person133\right\30_degree14.png,0,0.10971767,3,0.81517226,30,0,1,1,0
person133,30,18,E:\Thesis\Dataset\correct_angle_all\person133\right\30_degree18.png,0,0.10961419,3,0.9809318,30,0,1,1,0
person133,45,2,E:\Thesis\Dataset\correct_angle_all\person133\right\45_degree02.png,0,0.15605094,3,0.32540783,45,0,1,1,0
person133,45,14,E:\Thesis\Dataset\correct_angle_all\person133\right\45_degree14.png,0,0.17238177,3,0.3809674,45,0,1,1,0
person133,45,18,E:\Thesis\Dataset\correct_angle_all\person133\right\45_degree18.png,0,0.1557767,3,0.4475713,45,0,1,1,0
person133,60,2,E:\Thesis\Dataset\correct_angle_all\person133\right\60_degree02.png,0,0.09761015,3,0.9891746,60,0,1,1,0
person133,60,9,E:\Thesis\Dataset\correct_angle_all\person133\right\60_degree09.png,0,0.08089196,3,0.9274926,60,0,1,1,0
person133,60,14,E:\Thesis\Dataset\correct_angle_all\person133\right\60_degree14.png,0,0.07394489,3,0.84568787,60,0,1,1,0
person133,60,18,E:\Thesis\Dataset\correct_angle_all\person133\right\60_degree18.png,0,0.07137335,3,0.9660675,60,0,1,1,0
person133,75,9,E:\Thesis\Dataset\correct_angle_all\person133\right\75_degree09.png,0,0.08126331,3,0.6349659,75,0,1,1,0
person133,75,14,E:\Thesis\Dataset\correct_angle_all\person133\right\75_degree14.png,0,0.06097163,3,0.6399966,75,0,1,1,0
person133,75,18,E:\Thesis\Dataset\correct_angle_all\person133\right\75_degree18.png,0,0.06462028,3,0.7775655,75,0,1,1,0
person133,90,18,E:\Thesis\Dataset\correct_angle_all\person133\right\90_degree18.png,0,0.0922297,3,0.32100448,90,0,1,1,0
person134,-75,2,E:\Thesis\Dataset\correct_angle_all\person134\left\75_degree_02.png,0,0.19430661,3,0.5593893,75,0,1,1,0
person134,-75,9,E:\Thesis\Dataset\correct_angle_all\person134\left\75_degree_09.png,0,0.14345331,3,0.73019224,75,0,1,1,0
person134,-75,18,E:\Thesis\Dataset\correct_angle_all\person134\left\75_degree_18.png,0,0.13572854,3,0.82259256,75,0,1,1,0
person134,-60,2,E:\Thesis\Dataset\correct_angle_all\person134\left\60_degree_02.png,0,0.09756109,3,0.9276795,60,0,1,1,0
person134,-60,14,E:\Thesis\Dataset\correct_angle_all\person134\left\60_degree_14.png,0,0.097961135,3,0.9956908,60,0,1,1,0
person134,-45,2,E:\Thesis\Dataset\correct_angle_all\person134\left\45_degree_02.png,0,0.27258077,3,0.89868826,45,0,1,1,0
person134,-45,9,E:\Thesis\Dataset\correct_angle_all\person134\left\45_degree_09.png,0,0.25042602,3,0.9406685,45,0,1,1,0
person134,-45,14,E:\Thesis\Dataset\correct_angle_all\person134\left\45_degree_14.png,0,0.21552552,3,0.7956479,45,0,1,1,0
person134,-45,18,E:\Thesis\Dataset\correct_angle_all\person134\left\45_degree_18.png,0,0.34175625,3,0.9371745,45,0,1,1,0
person134,30,2,E:\Thesis\Dataset\correct_angle_all\person134\right\30_degree02.png,0,0.11342796,3,0.97562075,30,0,1,1,0
person134,30,14,E:\Thesis\Dataset\correct_angle_all\person134\right\30_degree14.png,0,0.057699513,3,0.960232,30,0,1,1,0
person134,45,2,E:\Thesis\Dataset\correct_angle_all\person134\right\45_degree02.png,0,0.13653322,3,0.89249927,45,0,1,1,0
person134,45,14,E:\Thesis\Dataset\correct_angle_all\person134\right\45_degree14.png,0,0.09101073,3,0.7800634,45,0,1,1,0
person134,45,18,E:\Thesis\Dataset\correct_angle_all\person134\right\45_degree18.png,0,0.15066597,3,0.91758394,45,0,1,1,0
person134,60,2,E:\Thesis\Dataset\correct_angle_all\person134\right\60_degree02.png,0,0.095565625,3,0.9915697,60,0,1,1,0
person134,60,9,E:\Thesis\Dataset\correct_angle_all\person134\right\60_degree09.png,0,0.084367566,3,0.9977557,60,0,1,1,0
person134,60,14,E:\Thesis\Dataset\correct_angle_all\person134\right\60_degree14.png,0,0.09502175,3,0.9866259,60,0,1,1,0
person134,60,18,E:\Thesis\Dataset\correct_angle_all\person134\right\60_degree18.png,0,0.08174407,3,0.99796367,60,0,1,1,0
person134,75,9,E:\Thesis\Dataset\correct_angle_all\person134\right\75_degree09.png,0,0.16288929,3,0.8624565,75,0,1,1,0
person134,75,14,E:\Thesis\Dataset\correct_angle_all\person134\right\75_degree14.png,0,0.21205562,3,0.8072877,75,0,1,1,0
person134,75,18,E:\Thesis\Dataset\correct_angle_all\person134\right\75_degree18.png,0,0.12570256,3,0.8580696,75,0,1,1,0
person134,90,2,E:\Thesis\Dataset\correct_angle_all\person134\right\90_degree02.png,0,0.16429496,3,0.62686914,90,0,1,1,0
person134,90,9,E:\Thesis\Dataset\correct_angle_all\person134\right\90_degree09.png,0,0.19394381,3,0.6295456,90,0,1,1,0
person134,90,14,E:\Thesis\Dataset\correct_angle_all\person134\right\90_degree14.png,0,0.2136311,3,0.62959915,90,0,1,1,0
person134,90,18,E:\Thesis\Dataset\correct_angle_all\person134\right\90_degree18.png,0,0.1644838,3,0.5734685,90,0,1,1,0
person135,-75,9,E:\Thesis\Dataset\correct_angle_all\person135\left\75_degree_09.png,0,0.079881705,3,0.46774554,75,0,1,1,0
person135,-75,18,E:\Thesis\Dataset\correct_angle_all\person135\left\75_degree_18.png,0,0.085267656,3,0.6700592,75,0,1,1,0
person135,-60,2,E:\Thesis\Dataset\correct_angle_all\person135\left\60_degree_02.png,0,0.10198925,3,0.9763275,60,0,1,1,0
person135,-60,9,E:\Thesis\Dataset\correct_angle_all\person135\left\60_degree_09.png,0,0.062270105,3,0.9894596,60,0,1,1,0
person135,-60,14,E:\Thesis\Dataset\correct_angle_all\person135\left\60_degree_14.png,0,0.10303095,3,0.97849685,60,0,1,1,0
person135,-60,18,E:\Thesis\Dataset\correct_angle_all\person135\left\60_degree_18.png,0,0.07887465,3,0.9970911,60,0,1,1,0
person135,-45,2,E:\Thesis\Dataset\correct_angle_all\person135\left\45_degree_02.png,0,0.19881427,3,0.9607232,45,0,1,1,0
person135,-45,9,E:\Thesis\Dataset\correct_angle_all\person135\left\45_degree_09.png,0,0.15963262,3,0.95532894,45,0,1,1,0
person135,-45,14,E:\Thesis\Dataset\correct_angle_all\person135\left\45_degree_14.png,0,0.23305275,3,0.7091186,45,0,1,1,0
person135,-45,18,E:\Thesis\Dataset\correct_angle_all\person135\left\45_degree_18.png,0,0.16312014,3,0.9460003,45,0,1,1,0
person135,-30,2,E:\Thesis\Dataset\correct_angle_all\person135\left\30_degree_02.png,0,0.22792535,3,0.99482626,30,0,1,1,0
person135,-30,9,E:\Thesis\Dataset\correct_angle_all\person135\left\30_degree_09.png,0,0.21689534,3,0.9968129,30,0,1,1,0
person135,-30,14,E:\Thesis\Dataset\correct_angle_all\person135\left\30_degree_14.png,0,0.22917242,3,0.9240714,30,0,1,1,0
person135,-30,18,E:\Thesis\Dataset\correct_angle_all\person135\left\30_degree_18.png,0,0.21117932,3,0.97691584,30,0,1,1,0
person135,30,2,E:\Thesis\Dataset\correct_angle_all\person135\right\30_degree02.png,0,0.13663445,3,0.9878711,30,0,1,1,0
person135,30,9,E:\Thesis\Dataset\correct_angle_all\person135\right\30_degree09.png,0,0.2563393,3,0.988389,30,0,1,1,0
person135,30,14,E:\Thesis\Dataset\correct_angle_all\person135\right\30_degree14.png,0,0.24071403,3,0.9917431,30,0,1,1,0
person135,30,18,E:\Thesis\Dataset\correct_angle_all\person135\right\30_degree18.png,0,0.20131727,3,0.9887877,30,0,1,1,0
person135,45,2,E:\Thesis\Dataset\correct_angle_all\person135\right\45_degree02.png,0,0.10982736,3,0.48725423,45,0,1,1,0
person135,60,2,E:\Thesis\Dataset\correct_angle_all\person135\right\60_degree02.png,0,0.073466405,3,0.9912558,60,0,1,1,0
person135,60,9,E:\Thesis\Dataset\correct_angle_all\person135\right\60_degree09.png,0,0.08173014,3,0.99746174,60,0,1,1,0
person135,60,14,E:\Thesis\Dataset\correct_angle_all\person135\right\60_degree14.png,0,0.12587933,3,0.9833904,60,0,1,1,0
person135,60,18,E:\Thesis\Dataset\correct_angle_all\person135\right\60_degree18.png,0,0.08589219,3,0.99593097,60,0,1,1,0
person135,75,9,E:\Thesis\Dataset\correct_angle_all\person135\right\75_degree09.png,0,0.11957575,3,0.5919435,75,0,1,1,0
person136,-90,14,E:\Thesis\Dataset\correct_angle_all\person136\left\90_degree_14.png,0,0.14888261,3,0.14593677,90,0,1,1,0
person136,-75,9,E:\Thesis\Dataset\correct_angle_all\person136\left\75_degree_09.png,0,0.13419949,3,0.4541173,75,0,1,1,0
person136,-75,18,E:\Thesis\Dataset\correct_angle_all\person136\left\75_degree_18.png,0,0.1195905,3,0.3566254,75,0,1,1,0
person136,-60,2,E:\Thesis\Dataset\correct_angle_all\person136\left\60_degree_02.png,0,0.12473149,3,0.9093258,60,0,1,1,0
person136,-60,9,E:\Thesis\Dataset\correct_angle_all\person136\left\60_degree_09.png,0,0.12417618,3,0.9887514,60,0,1,1,0
person136,-60,14,E:\Thesis\Dataset\correct_angle_all\person136\left\60_degree_14.png,0,0.13833342,3,0.972302,60,0,1,1,0
person136,-60,18,E:\Thesis\Dataset\correct_angle_all\person136\left\60_degree_18.png,0,0.103476204,3,0.9587388,60,0,1,1,0
person136,-45,2,E:\Thesis\Dataset\correct_angle_all\person136\left\45_degree_02.png,0,0.16903938,3,0.73435754,45,0,1,1,0
person136,-45,9,E:\Thesis\Dataset\correct_angle_all\person136\left\45_degree_09.png,0,0.14734875,3,0.9221053,45,0,1,1,0
person136,-45,14,E:\Thesis\Dataset\correct_angle_all\person136\left\45_degree_14.png,0,0.2037077,3,0.90078574,45,0,1,1,0
person136,-45,18,E:\Thesis\Dataset\correct_angle_all\person136\left\45_degree_18.png,0,0.1542847,3,0.9197052,45,0,1,1,0
person136,-30,2,E:\Thesis\Dataset\correct_angle_all\person136\left\30_degree_02.png,0,0.24543606,3,0.97756034,30,0,1,1,0
person136,-30,9,E:\Thesis\Dataset\correct_angle_all\person136\left\30_degree_09.png,0,0.14023824,3,0.9858267,30,0,1,1,0
person136,-30,14,E:\Thesis\Dataset\correct_angle_all\person136\left\30_degree_14.png,0,0.24736781,3,0.99513215,30,0,1,1,0
person136,-30,18,E:\Thesis\Dataset\correct_angle_all\person136\left\30_degree_18.png,0,0.20520438,3,0.9764423,30,0,1,1,0
person136,-15,2,E:\Thesis\Dataset\correct_angle_all\person136\left\15_degree02.png,0,0.058547705,3,0.5809559,15,0,1,1,0
person136,-15,9,E:\Thesis\Dataset\correct_angle_all\person136\left\15_degree09.png,0,0.07919482,3,0.6998766,15,0,1,1,0
person136,-15,14,E:\Thesis\Dataset\correct_angle_all\person136\left\15_degree14.png,0,0.074249454,3,0.8012187,15,0,1,1,0
person136,-15,18,E:\Thesis\Dataset\correct_angle_all\person136\left\15_degree18.png,0,0.083935164,3,0.62370545,15,0,1,1,0
person136,15,2,E:\Thesis\Dataset\correct_angle_all\person136\right\15_degree02.png,0,0.10314075,3,0.35986185,15,0,1,1,0
person136,15,9,E:\Thesis\Dataset\correct_angle_all\person136\right\15_degree09.png,0,0.1172431,3,0.42678812,15,0,1,1,0
person136,15,14,E:\Thesis\Dataset\correct_angle_all\person136\right\15_degree14.png,0,0.23748583,3,0.6468137,15,0,1,1,0
person136,15,18,E:\Thesis\Dataset\correct_angle_all\person136\right\15_degree18.png,0,0.14255498,3,0.47842732,15,0,1,1,0
person136,30,2,E:\Thesis\Dataset\correct_angle_all\person136\right\30_degree02.png,0,0.19025683,3,0.9813115,30,0,1,1,0
person136,30,9,E:\Thesis\Dataset\correct_angle_all\person136\right\30_degree09.png,0,0.13842393,3,0.97776794,30,0,1,1,0
person136,30,14,E:\Thesis\Dataset\correct_angle_all\person136\right\30_degree14.png,0,0.118887015,3,0.9965336,30,0,1,1,0
person136,30,18,E:\Thesis\Dataset\correct_angle_all\person136\right\30_degree18.png,0,0.11540099,3,0.97169906,30,0,1,1,0
person136,45,2,E:\Thesis\Dataset\correct_angle_all\person136\right\45_degree02.png,0,0.19197433,3,0.666254,45,0,1,1,0
person136,45,9,E:\Thesis\Dataset\correct_angle_all\person136\right\45_degree09.png,0,0.19546592,3,0.5736863,45,0,1,1,0
person136,45,18,E:\Thesis\Dataset\correct_angle_all\person136\right\45_degree18.png,0,0.17300105,3,0.68255013,45,0,1,1,0
person136,60,2,E:\Thesis\Dataset\correct_angle_all\person136\right\60_degree02.png,0,0.14060044,3,0.98642397,60,0,1,1,0
person136,60,9,E:\Thesis\Dataset\correct_angle_all\person136\right\60_degree09.png,0,0.15062962,3,0.96109796,60,0,1,1,0
person136,60,14,E:\Thesis\Dataset\correct_angle_all\person136\right\60_degree14.png,0,0.14763251,3,0.8004961,60,0,1,1,0
person136,60,18,E:\Thesis\Dataset\correct_angle_all\person136\right\60_degree18.png,0,0.10444701,3,0.98642206,60,0,1,1,0
person136,75,9,E:\Thesis\Dataset\correct_angle_all\person136\right\75_degree09.png,0,0.1279612,3,0.89336014,75,0,1,1,0
person136,75,14,E:\Thesis\Dataset\correct_angle_all\person136\right\75_degree14.png,0,0.14025554,3,0.4957019,75,0,1,1,0
person136,75,18,E:\Thesis\Dataset\correct_angle_all\person136\right\75_degree18.png,0,0.12045699,3,0.9249243,75,0,1,1,0
person137,-75,2,E:\Thesis\Dataset\correct_angle_all\person137\left\75_degree_02.png,0,0.12556125,3,0.47078457,75,0,1,1,0
person137,-75,18,E:\Thesis\Dataset\correct_angle_all\person137\left\75_degree_18.png,0,0.09427202,3,0.82857704,75,0,1,1,0
person137,-60,2,E:\Thesis\Dataset\correct_angle_all\person137\left\60_degree_02.png,0,0.12489756,3,0.91538113,60,0,1,1,0
person137,-60,9,E:\Thesis\Dataset\correct_angle_all\person137\left\60_degree_09.png,0,0.09870729,3,0.9248417,60,0,1,1,0
person137,-60,14,E:\Thesis\Dataset\correct_angle_all\person137\left\60_degree_14.png,0,0.0951658,3,0.98330206,60,0,1,1,0
person137,-60,18,E:\Thesis\Dataset\correct_angle_all\person137\left\60_degree_18.png,0,0.11669748,3,0.98258954,60,0,1,1,0
person137,-45,2,E:\Thesis\Dataset\correct_angle_all\person137\left\45_degree_02.png,0,0.16184174,3,0.46062794,45,0,1,1,0
person137,-45,9,E:\Thesis\Dataset\correct_angle_all\person137\left\45_degree_09.png,0,0.11095911,3,0.5616857,45,0,1,1,0
person137,-45,14,E:\Thesis\Dataset\correct_angle_all\person137\left\45_degree_14.png,0,0.13524331,3,0.5675958,45,0,1,1,0
person137,-45,18,E:\Thesis\Dataset\correct_angle_all\person137\left\45_degree_18.png,0,0.14614928,3,0.6615975,45,0,1,1,0
person137,-30,2,E:\Thesis\Dataset\correct_angle_all\person137\left\30_degree_02.png,0,0.16824137,3,0.9832147,30,0,1,1,0
person137,-30,9,E:\Thesis\Dataset\correct_angle_all\person137\left\30_degree_09.png,0,0.11874575,3,0.9964084,30,0,1,1,0
person137,-30,14,E:\Thesis\Dataset\correct_angle_all\person137\left\30_degree_14.png,0,0.12930281,3,0.99103147,30,0,1,1,0
person137,-30,18,E:\Thesis\Dataset\correct_angle_all\person137\left\30_degree_18.png,0,0.12701616,3,0.995743,30,0,1,1,0
person137,-15,14,E:\Thesis\Dataset\correct_angle_all\person137\left\15_degree14.png,0,0.1336375,3,0.99123186,15,0,1,1,0
person137,15,2,E:\Thesis\Dataset\correct_angle_all\person137\right\15_degree02.png,0,0.09107801,3,0.70887095,15,0,1,1,0
person137,30,2,E:\Thesis\Dataset\correct_angle_all\person137\right\30_degree02.png,0,0.17917739,3,0.9915421,30,0,1,1,0
person137,30,9,E:\Thesis\Dataset\correct_angle_all\person137\right\30_degree09.png,0,0.2223848,3,0.9935742,30,0,1,1,0
person137,30,14,E:\Thesis\Dataset\correct_angle_all\person137\right\30_degree14.png,0,0.16938348,3,0.97987133,30,0,1,1,0
person137,30,18,E:\Thesis\Dataset\correct_angle_all\person137\right\30_degree18.png,0,0.18633199,3,0.9865425,30,0,1,1,0
person137,45,2,E:\Thesis\Dataset\correct_angle_all\person137\right\45_degree02.png,0,0.25460812,3,0.81083184,45,0,1,1,0
person137,45,9,E:\Thesis\Dataset\correct_angle_all\person137\right\45_degree09.png,0,0.18032567,3,0.8813464,45,0,1,1,0
person137,45,14,E:\Thesis\Dataset\correct_angle_all\person137\right\45_degree14.png,0,0.26794645,3,0.8292866,45,0,1,1,0
person137,45,18,E:\Thesis\Dataset\correct_angle_all\person137\right\45_degree18.png,0,0.20145504,3,0.90073663,45,0,1,1,0
person137,60,2,E:\Thesis\Dataset\correct_angle_all\person137\right\60_degree02.png,0,0.18316825,3,0.94693476,60,0,1,1,0
person137,75,9,E:\Thesis\Dataset\correct_angle_all\person137\right\75_degree09.png,0,0.13166223,3,0.79893,75,0,1,1,0
person137,75,14,E:\Thesis\Dataset\correct_angle_all\person137\right\75_degree14.png,0,0.14866684,3,0.8796809,75,0,1,1,0
person137,75,18,E:\Thesis\Dataset\correct_angle_all\person137\right\75_degree18.png,0,0.1406051,3,0.9063787,75,0,1,1,0
person137,90,9,E:\Thesis\Dataset\correct_angle_all\person137\right\90_degree09.png,0,0.1177251,3,0.54266435,90,0,1,1,0
person137,90,14,E:\Thesis\Dataset\correct_angle_all\person137\right\90_degree14.png,0,0.09890598,3,0.60317314,90,0,1,1,0
person137,90,18,E:\Thesis\Dataset\correct_angle_all\person137\right\90_degree18.png,0,0.08547013,3,0.49945214,90,0,1,1,0
person138,-75,2,E:\Thesis\Dataset\correct_angle_all\person138\left\75_degree_02.png,0,0.09872981,3,0.5307717,75,0,1,1,0
person138,-75,18,E:\Thesis\Dataset\correct_angle_all\person138\left\75_degree_18.png,0,0.08898309,3,0.5295446,75,0,1,1,0
person138,-60,2,E:\Thesis\Dataset\correct_angle_all\person138\left\60_degree_02.png,0,0.074445434,3,0.9865863,60,0,1,1,0
person138,-60,9,E:\Thesis\Dataset\correct_angle_all\person138\left\60_degree_09.png,0,0.093969256,3,0.95450884,60,0,1,1,0
person138,-60,14,E:\Thesis\Dataset\correct_angle_all\person138\left\60_degree_14.png,0,0.08024662,3,0.9777105,60,0,1,1,0
person138,-60,18,E:\Thesis\Dataset\correct_angle_all\person138\left\60_degree_18.png,0,0.071810044,3,0.9871995,60,0,1,1,0
person138,-45,18,E:\Thesis\Dataset\correct_angle_all\person138\left\45_degree_18.png,0,0.13044015,3,0.4981177,45,0,1,1,0
person138,-30,2,E:\Thesis\Dataset\correct_angle_all\person138\left\30_degree_02.png,0,0.16561556,3,0.99266005,30,0,1,1,0
person138,-30,14,E:\Thesis\Dataset\correct_angle_all\person138\left\30_degree_14.png,0,0.18508296,3,0.98301667,30,0,1,1,0
person138,-30,18,E:\Thesis\Dataset\correct_angle_all\person138\left\30_degree_18.png,0,0.12774818,3,0.9953802,30,0,1,1,0
person138,15,9,E:\Thesis\Dataset\correct_angle_all\person138\right\15_degree09.png,0,0.27420357,3,0.47382537,15,0,1,1,0
person138,15,14,E:\Thesis\Dataset\correct_angle_all\person138\right\15_degree14.png,0,0.30800694,3,0.358083,15,0,1,1,0
person138,15,18,E:\Thesis\Dataset\correct_angle_all\person138\right\15_degree18.png,0,0.27623802,3,0.41607645,15,0,1,1,0
person138,30,2,E:\Thesis\Dataset\correct_angle_all\person138\right\30_degree02.png,0,0.27429187,3,0.99287874,30,0,1,1,0
person138,30,9,E:\Thesis\Dataset\correct_angle_all\person138\right\30_degree09.png,0,0.29807696,3,0.99501944,30,0,1,1,0
person138,30,14,E:\Thesis\Dataset\correct_angle_all\person138\right\30_degree14.png,0,0.44340634,3,0.9714125,30,0,1,1,0
person138,30,18,E:\Thesis\Dataset\correct_angle_all\person138\right\30_degree18.png,0,0.33639356,3,0.99286145,30,0,1,1,0
person138,45,2,E:\Thesis\Dataset\correct_angle_all\person138\right\45_degree02.png,0,0.28097418,3,0.9492547,45,0,1,1,0
person138,45,9,E:\Thesis\Dataset\correct_angle_all\person138\right\45_degree09.png,0,0.3576182,3,0.9745652,45,0,1,1,0
person138,45,14,E:\Thesis\Dataset\correct_angle_all\person138\right\45_degree14.png,0,0.3632268,3,0.89943075,45,0,1,1,0
person138,45,18,E:\Thesis\Dataset\correct_angle_all\person138\right\45_degree18.png,0,0.35854092,3,0.98558813,45,0,1,1,0
person138,60,2,E:\Thesis\Dataset\correct_angle_all\person138\right\60_degree02.png,0,0.18243103,3,0.96749896,60,0,1,1,0
person138,60,9,E:\Thesis\Dataset\correct_angle_all\person138\right\60_degree09.png,0,0.22332571,3,0.9962737,60,0,1,1,0
person138,60,14,E:\Thesis\Dataset\correct_angle_all\person138\right\60_degree14.png,0,0.15659913,3,0.9983446,60,0,1,1,0
person138,60,18,E:\Thesis\Dataset\correct_angle_all\person138\right\60_degree18.png,0,0.26498622,3,0.99850065,60,0,1,1,0
person138,75,14,E:\Thesis\Dataset\correct_angle_all\person138\right\75_degree14.png,0,0.17229794,3,0.26982695,75,0,1,1,0
person139,-75,2,E:\Thesis\Dataset\correct_angle_all\person139\left\75_degree_02.png,0,0.16675593,3,0.598641,75,0,1,1,0
person139,-75,9,E:\Thesis\Dataset\correct_angle_all\person139\left\75_degree_09.png,0,0.14301424,3,0.7743953,75,0,1,1,0
person139,-75,18,E:\Thesis\Dataset\correct_angle_all\person139\left\75_degree_18.png,0,0.14165343,3,0.7253866,75,0,1,1,0
person139,-60,2,E:\Thesis\Dataset\correct_angle_all\person139\left\60_degree_02.png,0,0.08429262,3,0.9536352,60,0,1,1,0
person139,-60,9,E:\Thesis\Dataset\correct_angle_all\person139\left\60_degree_09.png,0,0.16618831,3,0.9927852,60,0,1,1,0
person139,-60,14,E:\Thesis\Dataset\correct_angle_all\person139\left\60_degree_14.png,0,0.07005005,3,0.9257891,60,0,1,1,0
person139,-60,18,E:\Thesis\Dataset\correct_angle_all\person139\left\60_degree_18.png,0,0.12373211,3,0.9754316,60,0,1,1,0
person139,45,2,E:\Thesis\Dataset\correct_angle_all\person139\right\45_degree02.png,0,0.19513685,3,0.5843616,45,0,1,1,0
person139,45,9,E:\Thesis\Dataset\correct_angle_all\person139\right\45_degree09.png,0,0.3900129,3,0.52476954,45,0,1,1,0
person139,45,14,E:\Thesis\Dataset\correct_angle_all\person139\right\45_degree14.png,0,0.2334991,3,0.7665803,45,0,1,1,0
person139,45,18,E:\Thesis\Dataset\correct_angle_all\person139\right\45_degree18.png,0,0.24689735,3,0.76869756,45,0,1,1,0
person139,60,2,E:\Thesis\Dataset\correct_angle_all\person139\right\60_degree02.png,0,0.083986305,3,0.97877663,60,0,1,1,0
person139,60,9,E:\Thesis\Dataset\correct_angle_all\person139\right\60_degree09.png,0,0.056549117,3,0.9967892,60,0,1,1,0
person139,60,14,E:\Thesis\Dataset\correct_angle_all\person139\right\60_degree14.png,0,0.04502822,3,0.8866516,60,0,1,1,0
person139,60,18,E:\Thesis\Dataset\correct_angle_all\person139\right\60_degree18.png,0,0.07413224,3,0.9932029,60,0,1,1,0
person139,75,18,E:\Thesis\Dataset\correct_angle_all\person139\right\75_degree18.png,0,0.054070607,3,0.28500336,75,0,1,1,0
person140,-75,18,E:\Thesis\Dataset\correct_angle_all\person140\left\75_degree_18.png,0,0.10974857,3,0.45966694,75,0,1,1,0
person140,-60,2,E:\Thesis\Dataset\correct_angle_all\person140\left\60_degree_02.png,0,0.14478011,3,0.94179446,60,0,1,1,0
person140,-60,9,E:\Thesis\Dataset\correct_angle_all\person140\left\60_degree_09.png,0,0.1081734,3,0.96343154,60,0,1,1,0
person140,-60,14,E:\Thesis\Dataset\correct_angle_all\person140\left\60_degree_14.png,0,0.10593966,3,0.9934295,60,0,1,1,0
person140,-60,18,E:\Thesis\Dataset\correct_angle_all\person140\left\60_degree_18.png,0,0.13312797,3,0.9940168,60,0,1,1,0
person140,-45,2,E:\Thesis\Dataset\correct_angle_all\person140\left\45_degree_02.png,0,0.15570366,3,0.8982436,45,0,1,1,0
person140,-30,2,E:\Thesis\Dataset\correct_angle_all\person140\left\30_degree_02.png,0,0.23051198,3,0.9540458,30,0,1,1,0
person140,-30,14,E:\Thesis\Dataset\correct_angle_all\person140\left\30_degree_14.png,0,0.14953421,3,0.9547903,30,0,1,1,0
person140,-15,2,E:\Thesis\Dataset\correct_angle_all\person140\left\15_degree02.png,0,0.09518369,3,0.539898,15,0,1,1,0
person140,-15,9,E:\Thesis\Dataset\correct_angle_all\person140\left\15_degree09.png,0,0.08413143,3,0.7530691,15,0,1,1,0
person140,-15,14,E:\Thesis\Dataset\correct_angle_all\person140\left\15_degree14.png,0,0.0863908,3,0.6733288,15,0,1,1,0
person140,45,2,E:\Thesis\Dataset\correct_angle_all\person140\right\45_degree02.png,0,0.14119433,3,0.69597363,45,0,1,1,0
person140,45,9,E:\Thesis\Dataset\correct_angle_all\person140\right\45_degree09.png,0,0.18906836,3,0.82756597,45,0,1,1,0
person140,45,18,E:\Thesis\Dataset\correct_angle_all\person140\right\45_degree18.png,0,0.1812826,3,0.89998025,45,0,1,1,0
person140,60,2,E:\Thesis\Dataset\correct_angle_all\person140\right\60_degree02.png,0,0.049921215,3,0.989177,60,0,1,1,0
person140,60,9,E:\Thesis\Dataset\correct_angle_all\person140\right\60_degree09.png,0,0.07393482,3,0.87839454,60,0,1,1,0
person140,60,14,E:\Thesis\Dataset\correct_angle_all\person140\right\60_degree14.png,0,0.0907118,3,0.63262177,60,0,1,1,0
person140,60,18,E:\Thesis\Dataset\correct_angle_all\person140\right\60_degree18.png,0,0.09016963,3,0.9679522,60,0,1,1,0
person140,90,2,E:\Thesis\Dataset\correct_angle_all\person140\right\90_degree02.png,0,0.05506556,3,0.5117269,90,0,1,1,0
person140,90,9,E:\Thesis\Dataset\correct_angle_all\person140\right\90_degree09.png,0,0.041440833,3,0.35366094,90,0,1,1,0
person141,-90,9,E:\Thesis\Dataset\correct_angle_all\person141\left\90_degree_09.png,0,0.11554462,3,0.18959077,90,0,1,1,0
person141,-90,18,E:\Thesis\Dataset\correct_angle_all\person141\left\90_degree_18.png,0,0.08286099,3,0.27000204,90,0,1,1,0
person141,-75,9,E:\Thesis\Dataset\correct_angle_all\person141\left\75_degree_09.png,0,0.10799358,3,0.58834964,75,0,1,1,0
person141,-75,18,E:\Thesis\Dataset\correct_angle_all\person141\left\75_degree_18.png,0,0.18340622,3,0.7203238,75,0,1,1,0
person141,-60,2,E:\Thesis\Dataset\correct_angle_all\person141\left\60_degree_02.png,0,0.1355527,3,0.8776173,60,0,1,1,0
person141,-60,9,E:\Thesis\Dataset\correct_angle_all\person141\left\60_degree_09.png,0,0.12848224,3,0.97990626,60,0,1,1,0
person141,-60,14,E:\Thesis\Dataset\correct_angle_all\person141\left\60_degree_14.png,0,0.0869086,3,0.9438389,60,0,1,1,0
person141,-60,18,E:\Thesis\Dataset\correct_angle_all\person141\left\60_degree_18.png,0,0.113568455,3,0.9933543,60,0,1,1,0
person141,-45,9,E:\Thesis\Dataset\correct_angle_all\person141\left\45_degree_09.png,0,0.25424522,3,0.6506853,45,0,1,1,0
person141,-45,14,E:\Thesis\Dataset\correct_angle_all\person141\left\45_degree_14.png,0,0.17636722,3,0.41922832,45,0,1,1,0
person141,-45,18,E:\Thesis\Dataset\correct_angle_all\person141\left\45_degree_18.png,0,0.31984732,3,0.7162011,45,0,1,1,0
person141,-30,2,E:\Thesis\Dataset\correct_angle_all\person141\left\30_degree_02.png,0,0.08043238,3,0.8344798,30,0,1,1,0
person141,30,2,E:\Thesis\Dataset\correct_angle_all\person141\right\30_degree02.png,0,0.11976429,3,0.94980234,30,0,1,1,0
person141,30,9,E:\Thesis\Dataset\correct_angle_all\person141\right\30_degree09.png,0,0.15717264,3,0.95346284,30,0,1,1,0
person141,30,14,E:\Thesis\Dataset\correct_angle_all\person141\right\30_degree14.png,0,0.10006907,3,0.9965687,30,0,1,1,0
person141,30,18,E:\Thesis\Dataset\correct_angle_all\person141\right\30_degree18.png,0,0.11776922,3,0.9918034,30,0,1,1,0
person141,45,2,E:\Thesis\Dataset\correct_angle_all\person141\right\45_degree02.png,0,0.10575252,3,0.8323156,45,0,1,1,0
person141,45,9,E:\Thesis\Dataset\correct_angle_all\person141\right\45_degree09.png,0,0.18821359,3,0.8924024,45,0,1,1,0
person141,45,14,E:\Thesis\Dataset\correct_angle_all\person141\right\45_degree14.png,0,0.15934779,3,0.89163905,45,0,1,1,0
person141,45,18,E:\Thesis\Dataset\correct_angle_all\person141\right\45_degree18.png,0,0.123373866,3,0.9406166,45,0,1,1,0
person141,60,2,E:\Thesis\Dataset\correct_angle_all\person141\right\60_degree02.png,0,0.14997478,3,0.9901963,60,0,1,1,0
person141,60,9,E:\Thesis\Dataset\correct_angle_all\person141\right\60_degree09.png,0,0.14036925,3,0.9938763,60,0,1,1,0
person141,60,14,E:\Thesis\Dataset\correct_angle_all\person141\right\60_degree14.png,0,0.14423715,3,0.96559364,60,0,1,1,0
person141,60,18,E:\Thesis\Dataset\correct_angle_all\person141\right\60_degree18.png,0,0.17733897,3,0.9950981,60,0,1,1,0
person141,75,9,E:\Thesis\Dataset\correct_angle_all\person141\right\75_degree09.png,0,0.10719199,3,0.7140036,75,0,1,1,0
person141,75,14,E:\Thesis\Dataset\correct_angle_all\person141\right\75_degree14.png,0,0.13442226,3,0.5215514,75,0,1,1,0
person141,75,18,E:\Thesis\Dataset\correct_angle_all\person141\right\75_degree18.png,0,0.116321765,3,0.679251,75,0,1,1,0
person141,90,9,E:\Thesis\Dataset\correct_angle_all\person141\right\90_degree09.png,0,0.17410196,3,0.338456,90,0,1,1,0
person141,90,14,E:\Thesis\Dataset\correct_angle_all\person141\right\90_degree14.png,0,0.12722062,3,0.5708499,90,0,1,1,0
person141,90,18,E:\Thesis\Dataset\correct_angle_all\person141\right\90_degree18.png,0,0.15017752,3,0.36861873,90,0,1,1,0
person142,-90,9,E:\Thesis\Dataset\correct_angle_all\person142\left\90_degree_09.png,0,0.115170784,3,0.3408387,90,0,1,1,0
person142,-90,14,E:\Thesis\Dataset\correct_angle_all\person142\left\90_degree_14.png,0,0.22793837,3,0.434485,90,0,1,1,0
person142,-90,18,E:\Thesis\Dataset\correct_angle_all\person142\left\90_degree_18.png,0,0.15093626,3,0.76476866,90,0,1,1,0
person142,-75,2,E:\Thesis\Dataset\correct_angle_all\person142\left\75_degree_02.png,0,0.219377,3,0.6557952,75,0,1,1,0
person142,-75,9,E:\Thesis\Dataset\correct_angle_all\person142\left\75_degree_09.png,0,0.16076028,3,0.47132084,75,0,1,1,0
person142,-75,18,E:\Thesis\Dataset\correct_angle_all\person142\left\75_degree_18.png,0,0.17734118,3,0.55791235,75,0,1,1,0
person142,-60,2,E:\Thesis\Dataset\correct_angle_all\person142\left\60_degree_02.png,0,0.20070063,3,0.9945922,60,0,1,1,0
person142,-60,9,E:\Thesis\Dataset\correct_angle_all\person142\left\60_degree_09.png,0,0.16183478,3,0.9690154,60,0,1,1,0
person142,-60,14,E:\Thesis\Dataset\correct_angle_all\person142\left\60_degree_14.png,0,0.1655467,3,0.9367285,60,0,1,1,0
person142,-45,2,E:\Thesis\Dataset\correct_angle_all\person142\left\45_degree_02.png,0,0.17333162,3,0.92994386,45,0,1,1,0
person142,-45,9,E:\Thesis\Dataset\correct_angle_all\person142\left\45_degree_09.png,0,0.1664222,3,0.9344489,45,0,1,1,0
person142,-45,14,E:\Thesis\Dataset\correct_angle_all\person142\left\45_degree_14.png,0,0.1746233,3,0.8868663,45,0,1,1,0
person142,-45,18,E:\Thesis\Dataset\correct_angle_all\person142\left\45_degree_18.png,0,0.15175076,3,0.97275573,45,0,1,1,0
person142,-30,14,E:\Thesis\Dataset\correct_angle_all\person142\left\30_degree_14.png,0,0.16477577,3,0.985677,30,0,1,1,0
person142,30,2,E:\Thesis\Dataset\correct_angle_all\person142\right\30_degree02.png,0,0.16019301,3,0.98630095,30,0,1,1,0
person142,30,9,E:\Thesis\Dataset\correct_angle_all\person142\right\30_degree09.png,0,0.13713486,3,0.99785024,30,0,1,1,0
person142,30,14,E:\Thesis\Dataset\correct_angle_all\person142\right\30_degree14.png,0,0.10369197,3,0.98481345,30,0,1,1,0
person142,30,18,E:\Thesis\Dataset\correct_angle_all\person142\right\30_degree18.png,0,0.13006754,3,0.98883724,30,0,1,1,0
person142,45,2,E:\Thesis\Dataset\correct_angle_all\person142\right\45_degree02.png,0,0.1427074,3,0.7119023,45,0,1,1,0
person142,45,9,E:\Thesis\Dataset\correct_angle_all\person142\right\45_degree09.png,0,0.14965071,3,0.887232,45,0,1,1,0
person142,45,14,E:\Thesis\Dataset\correct_angle_all\person142\right\45_degree14.png,0,0.10733241,3,0.67623353,45,0,1,1,0
person142,45,18,E:\Thesis\Dataset\correct_angle_all\person142\right\45_degree18.png,0,0.15427934,3,0.8046667,45,0,1,1,0
person142,60,2,E:\Thesis\Dataset\correct_angle_all\person142\right\60_degree02.png,0,0.13154884,3,0.8756632,60,0,1,1,0
person142,60,9,E:\Thesis\Dataset\correct_angle_all\person142\right\60_degree09.png,0,0.18103005,3,0.9976972,60,0,1,1,0
person142,60,14,E:\Thesis\Dataset\correct_angle_all\person142\right\60_degree14.png,0,0.15415835,3,0.98966247,60,0,1,1,0
person142,60,18,E:\Thesis\Dataset\correct_angle_all\person142\right\60_degree18.png,0,0.12183374,3,0.99824196,60,0,1,1,0
person142,75,9,E:\Thesis\Dataset\correct_angle_all\person142\right\75_degree09.png,0,0.15453939,3,0.8841571,75,0,1,1,0
person142,75,14,E:\Thesis\Dataset\correct_angle_all\person142\right\75_degree14.png,0,0.177583,3,0.68183637,75,0,1,1,0
person142,75,18,E:\Thesis\Dataset\correct_angle_all\person142\right\75_degree18.png,0,0.0954262,3,0.843363,75,0,1,1,0
person143,-90,9,E:\Thesis\Dataset\correct_angle_all\person143\left\90_degree_09.png,0,0.10244307,3,0.23216422,90,0,1,1,0
person143,-75,2,E:\Thesis\Dataset\correct_angle_all\person143\left\75_degree_02.png,0,0.12111836,3,0.49996325,75,0,1,1,0
person143,-75,9,E:\Thesis\Dataset\correct_angle_all\person143\left\75_degree_09.png,0,0.14280562,3,0.5532264,75,0,1,1,0
person143,-60,2,E:\Thesis\Dataset\correct_angle_all\person143\left\60_degree_02.png,0,0.12394472,3,0.9143975,60,0,1,1,0
person143,-60,9,E:\Thesis\Dataset\correct_angle_all\person143\left\60_degree_09.png,0,0.09588584,3,0.9811125,60,0,1,1,0
person143,-60,14,E:\Thesis\Dataset\correct_angle_all\person143\left\60_degree_14.png,0,0.114796996,3,0.9774234,60,0,1,1,0
person143,-60,18,E:\Thesis\Dataset\correct_angle_all\person143\left\60_degree_18.png,0,0.104382746,3,0.9952294,60,0,1,1,0
person143,-45,2,E:\Thesis\Dataset\correct_angle_all\person143\left\45_degree_02.png,0,0.15231748,3,0.47502896,45,0,1,1,0
person143,-45,9,E:\Thesis\Dataset\correct_angle_all\person143\left\45_degree_09.png,0,0.13536824,3,0.67069477,45,0,1,1,0
person143,-45,14,E:\Thesis\Dataset\correct_angle_all\person143\left\45_degree_14.png,0,0.1772579,3,0.7571028,45,0,1,1,0
person143,-45,18,E:\Thesis\Dataset\correct_angle_all\person143\left\45_degree_18.png,0,0.18214369,3,0.8349566,45,0,1,1,0
person143,-30,2,E:\Thesis\Dataset\correct_angle_all\person143\left\30_degree_02.png,0,0.2558067,3,0.94723994,30,0,1,1,0
person143,-30,9,E:\Thesis\Dataset\correct_angle_all\person143\left\30_degree_09.png,0,0.1818396,3,0.98694736,30,0,1,1,0
person143,-30,14,E:\Thesis\Dataset\correct_angle_all\person143\left\30_degree_14.png,0,0.1992646,3,0.9953788,30,0,1,1,0
person143,-30,18,E:\Thesis\Dataset\correct_angle_all\person143\left\30_degree_18.png,0,0.1654325,3,0.995027,30,0,1,1,0
person143,-15,14,E:\Thesis\Dataset\correct_angle_all\person143\left\15_degree14.png,0,0.08671462,3,0.8795536,15,0,1,1,0
person143,-15,18,E:\Thesis\Dataset\correct_angle_all\person143\left\15_degree18.png,0,0.06717368,3,0.8822613,15,0,1,1,0
person143,15,2,E:\Thesis\Dataset\correct_angle_all\person143\right\15_degree02.png,0,0.14075792,3,0.75661594,15,0,1,1,0
person143,15,9,E:\Thesis\Dataset\correct_angle_all\person143\right\15_degree09.png,0,0.18167762,3,0.35155487,15,0,1,1,0
person143,15,14,E:\Thesis\Dataset\correct_angle_all\person143\right\15_degree14.png,0,0.15640119,3,0.5520696,15,0,1,1,0
person143,15,18,E:\Thesis\Dataset\correct_angle_all\person143\right\15_degree18.png,0,0.1780678,3,0.48347852,15,0,1,1,0
person143,30,2,E:\Thesis\Dataset\correct_angle_all\person143\right\30_degree02.png,0,0.2731698,3,0.991174,30,0,1,1,0
person143,30,9,E:\Thesis\Dataset\correct_angle_all\person143\right\30_degree09.png,0,0.32913104,3,0.9953604,30,0,1,1,0
person143,30,14,E:\Thesis\Dataset\correct_angle_all\person143\right\30_degree14.png,0,0.26394895,3,0.94755286,30,0,1,1,0
person143,30,18,E:\Thesis\Dataset\correct_angle_all\person143\right\30_degree18.png,0,0.30584478,3,0.9899885,30,0,1,1,0
person143,45,2,E:\Thesis\Dataset\correct_angle_all\person143\right\45_degree02.png,0,0.3219919,3,0.93240243,45,0,1,1,0
person143,45,9,E:\Thesis\Dataset\correct_angle_all\person143\right\45_degree09.png,0,0.2567199,3,0.79469913,45,0,1,1,0
person143,45,14,E:\Thesis\Dataset\correct_angle_all\person143\right\45_degree14.png,0,0.27780828,3,0.3709767,45,0,1,1,0
person143,45,18,E:\Thesis\Dataset\correct_angle_all\person143\right\45_degree18.png,0,0.3081971,3,0.6778427,45,0,1,1,0
person143,60,2,E:\Thesis\Dataset\correct_angle_all\person143\right\60_degree02.png,0,0.13772927,3,0.910937,60,0,1,1,0
person143,60,9,E:\Thesis\Dataset\correct_angle_all\person143\right\60_degree09.png,0,0.1379369,3,0.9231839,60,0,1,1,0
person143,60,14,E:\Thesis\Dataset\correct_angle_all\person143\right\60_degree14.png,0,0.13578455,3,0.64897114,60,0,1,1,0
person143,60,18,E:\Thesis\Dataset\correct_angle_all\person143\right\60_degree18.png,0,0.1462963,3,0.8326892,60,0,1,1,0
person143,75,9,E:\Thesis\Dataset\correct_angle_all\person143\right\75_degree09.png,0,0.1304181,3,0.6456935,75,0,1,1,0
person143,75,18,E:\Thesis\Dataset\correct_angle_all\person143\right\75_degree18.png,0,0.18099447,3,0.46637106,75,0,1,1,0
person144,-75,2,E:\Thesis\Dataset\correct_angle_all\person144\left\75_degree_02.png,0,0.15704232,3,0.59713775,75,0,1,1,0
person144,-75,9,E:\Thesis\Dataset\correct_angle_all\person144\left\75_degree_09.png,0,0.12897108,3,0.8616416,75,0,1,1,0
person144,-75,18,E:\Thesis\Dataset\correct_angle_all\person144\left\75_degree_18.png,0,0.10151633,3,0.64538485,75,0,1,1,0
person144,-60,2,E:\Thesis\Dataset\correct_angle_all\person144\left\60_degree_02.png,0,0.1483292,3,0.9400062,60,0,1,1,0
person144,-60,9,E:\Thesis\Dataset\correct_angle_all\person144\left\60_degree_09.png,0,0.12622257,3,0.99014,60,0,1,1,0
person144,-60,14,E:\Thesis\Dataset\correct_angle_all\person144\left\60_degree_14.png,0,0.12291057,3,0.94703007,60,0,1,1,0
person144,-60,18,E:\Thesis\Dataset\correct_angle_all\person144\left\60_degree_18.png,0,0.12848157,3,0.9801865,60,0,1,1,0
person144,-45,2,E:\Thesis\Dataset\correct_angle_all\person144\left\45_degree_02.png,0,0.27128872,3,0.81615716,45,0,1,1,0
person144,-45,9,E:\Thesis\Dataset\correct_angle_all\person144\left\45_degree_09.png,0,0.14423954,3,0.7745855,45,0,1,1,0
person144,-45,14,E:\Thesis\Dataset\correct_angle_all\person144\left\45_degree_14.png,0,0.1774898,3,0.8131247,45,0,1,1,0
person144,-45,18,E:\Thesis\Dataset\correct_angle_all\person144\left\45_degree_18.png,0,0.20010054,3,0.84133434,45,0,1,1,0
person144,-30,2,E:\Thesis\Dataset\correct_angle_all\person144\left\30_degree_02.png,0,0.31500426,3,0.97449106,30,0,1,1,0
person144,-30,9,E:\Thesis\Dataset\correct_angle_all\person144\left\30_degree_09.png,0,0.21286426,3,0.9410474,30,0,1,1,0
person144,-30,14,E:\Thesis\Dataset\correct_angle_all\person144\left\30_degree_14.png,0,0.17613621,3,0.97500134,30,0,1,1,0
person144,-30,18,E:\Thesis\Dataset\correct_angle_all\person144\left\30_degree_18.png,0,0.2310151,3,0.9536757,30,0,1,1,0
person144,-15,9,E:\Thesis\Dataset\correct_angle_all\person144\left\15_degree09.png,0,0.16978824,3,0.7501243,15,0,1,1,0
person144,-15,14,E:\Thesis\Dataset\correct_angle_all\person144\left\15_degree14.png,0,0.12315709,3,0.811059,15,0,1,1,0
person144,15,2,E:\Thesis\Dataset\correct_angle_all\person144\right\15_degree02.png,0,0.31862462,3,0.9018731,15,0,1,1,0
person144,15,9,E:\Thesis\Dataset\correct_angle_all\person144\right\15_degree09.png,0,0.266467,3,0.92598635,15,0,1,1,0
person144,15,14,E:\Thesis\Dataset\correct_angle_all\person144\right\15_degree14.png,0,0.4815388,3,0.9266127,15,0,1,1,0
person144,15,18,E:\Thesis\Dataset\correct_angle_all\person144\right\15_degree18.png,0,0.34304652,3,0.858949,15,0,1,1,0
person144,30,2,E:\Thesis\Dataset\correct_angle_all\person144\right\30_degree02.png,0,0.21122853,3,0.959379,30,0,1,1,0
person144,30,9,E:\Thesis\Dataset\correct_angle_all\person144\right\30_degree09.png,0,0.30891684,3,0.9804271,30,0,1,1,0
person144,30,14,E:\Thesis\Dataset\correct_angle_all\person144\right\30_degree14.png,0,0.30787554,3,0.9960535,30,0,1,1,0
person144,30,18,E:\Thesis\Dataset\correct_angle_all\person144\right\30_degree18.png,0,0.35121176,3,0.99447685,30,0,1,1,0
person144,45,2,E:\Thesis\Dataset\correct_angle_all\person144\right\45_degree02.png,0,0.1984092,3,0.8357435,45,0,1,1,0
person144,45,9,E:\Thesis\Dataset\correct_angle_all\person144\right\45_degree09.png,0,0.21668251,3,0.88287824,45,0,1,1,0
person144,45,14,E:\Thesis\Dataset\correct_angle_all\person144\right\45_degree14.png,0,0.2789063,3,0.850457,45,0,1,1,0
person144,45,18,E:\Thesis\Dataset\correct_angle_all\person144\right\45_degree18.png,0,0.31858996,3,0.7327518,45,0,1,1,0
person144,60,2,E:\Thesis\Dataset\correct_angle_all\person144\right\60_degree02.png,0,0.18792115,3,0.9838162,60,0,1,1,0
person144,60,9,E:\Thesis\Dataset\correct_angle_all\person144\right\60_degree09.png,0,0.29450232,3,0.95704526,60,0,1,1,0
person144,60,14,E:\Thesis\Dataset\correct_angle_all\person144\right\60_degree14.png,0,0.17713332,3,0.93160385,60,0,1,1,0
person144,60,18,E:\Thesis\Dataset\correct_angle_all\person144\right\60_degree18.png,0,0.39919594,3,0.9832747,60,0,1,1,0
person144,75,18,E:\Thesis\Dataset\correct_angle_all\person144\right\75_degree18.png,0,0.23130591,3,0.48007306,75,0,1,1,0
person144,90,2,E:\Thesis\Dataset\correct_angle_all\person144\right\90_degree02.png,0,0.16031478,3,0.6841662,90,0,1,1,0
person144,90,18,E:\Thesis\Dataset\correct_angle_all\person144\right\90_degree18.png,0,0.17996168,3,0.5899256,90,0,1,1,0
person145,-75,2,E:\Thesis\Dataset\correct_angle_all\person145\left\75_degree_02.png,0,0.16959469,3,0.8098332,75,0,1,1,0
person145,-75,9,E:\Thesis\Dataset\correct_angle_all\person145\left\75_degree_09.png,0,0.12592636,3,0.7636134,75,0,1,1,0
person145,-75,18,E:\Thesis\Dataset\correct_angle_all\person145\left\75_degree_18.png,0,0.108984075,3,0.7391496,75,0,1,1,0
person145,-60,2,E:\Thesis\Dataset\correct_angle_all\person145\left\60_degree_02.png,0,0.12879477,3,0.987214,60,0,1,1,0
person145,-60,9,E:\Thesis\Dataset\correct_angle_all\person145\left\60_degree_09.png,0,0.091837704,3,0.9944661,60,0,1,1,0
person145,-60,14,E:\Thesis\Dataset\correct_angle_all\person145\left\60_degree_14.png,0,0.11809316,3,0.99578136,60,0,1,1,0
person145,-60,18,E:\Thesis\Dataset\correct_angle_all\person145\left\60_degree_18.png,0,0.10336063,3,0.9960489,60,0,1,1,0
person145,-45,2,E:\Thesis\Dataset\correct_angle_all\person145\left\45_degree_02.png,0,0.12033386,3,0.7262221,45,0,1,1,0
person145,-45,9,E:\Thesis\Dataset\correct_angle_all\person145\left\45_degree_09.png,0,0.10945132,3,0.84738046,45,0,1,1,0
person145,-45,14,E:\Thesis\Dataset\correct_angle_all\person145\left\45_degree_14.png,0,0.13551196,3,0.5614874,45,0,1,1,0
person145,-45,18,E:\Thesis\Dataset\correct_angle_all\person145\left\45_degree_18.png,0,0.11668838,3,0.72130924,45,0,1,1,0
person145,-30,2,E:\Thesis\Dataset\correct_angle_all\person145\left\30_degree_02.png,0,0.104656465,3,0.9935713,30,0,1,1,0
person145,-30,9,E:\Thesis\Dataset\correct_angle_all\person145\left\30_degree_09.png,0,0.061693892,3,0.9831187,30,0,1,1,0
person145,-30,14,E:\Thesis\Dataset\correct_angle_all\person145\left\30_degree_14.png,0,0.089241505,3,0.954995,30,0,1,1,0
person145,-30,18,E:\Thesis\Dataset\correct_angle_all\person145\left\30_degree_18.png,0,0.09410071,3,0.90393394,30,0,1,1,0
person145,30,2,E:\Thesis\Dataset\correct_angle_all\person145\right\30_degree02.png,0,0.14727299,3,0.92810374,30,0,1,1,0
person145,30,9,E:\Thesis\Dataset\correct_angle_all\person145\right\30_degree09.png,0,0.154987,3,0.99866754,30,0,1,1,0
person145,30,14,E:\Thesis\Dataset\correct_angle_all\person145\right\30_degree14.png,0,0.1603902,3,0.9018912,30,0,1,1,0
person145,30,18,E:\Thesis\Dataset\correct_angle_all\person145\right\30_degree18.png,0,0.20890658,3,0.9855432,30,0,1,1,0
person145,45,2,E:\Thesis\Dataset\correct_angle_all\person145\right\45_degree02.png,0,0.21839146,3,0.5572864,45,0,1,1,0
person145,45,9,E:\Thesis\Dataset\correct_angle_all\person145\right\45_degree09.png,0,0.18803859,3,0.88282084,45,0,1,1,0
person145,45,14,E:\Thesis\Dataset\correct_angle_all\person145\right\45_degree14.png,0,0.24534427,3,0.42177692,45,0,1,1,0
person145,45,18,E:\Thesis\Dataset\correct_angle_all\person145\right\45_degree18.png,0,0.18471938,3,0.7613637,45,0,1,1,0
person145,60,2,E:\Thesis\Dataset\correct_angle_all\person145\right\60_degree02.png,0,0.10664717,3,0.9931395,60,0,1,1,0
person145,60,9,E:\Thesis\Dataset\correct_angle_all\person145\right\60_degree09.png,0,0.09627234,3,0.9641159,60,0,1,1,0
person145,60,14,E:\Thesis\Dataset\correct_angle_all\person145\right\60_degree14.png,0,0.11094534,3,0.95802575,60,0,1,1,0
person145,60,18,E:\Thesis\Dataset\correct_angle_all\person145\right\60_degree18.png,0,0.10302041,3,0.99168587,60,0,1,1,0
person146,-75,2,E:\Thesis\Dataset\correct_angle_all\person146\left\75_degree_02.png,0,0.2884581,3,0.6395173,75,0,1,1,0
person146,-75,9,E:\Thesis\Dataset\correct_angle_all\person146\left\75_degree_09.png,0,0.1926809,3,0.8114765,75,0,1,1,0
person146,-60,2,E:\Thesis\Dataset\correct_angle_all\person146\left\60_degree_02.png,0,0.22010142,3,0.8646515,60,0,1,1,0
person146,-60,9,E:\Thesis\Dataset\correct_angle_all\person146\left\60_degree_09.png,0,0.1745385,3,0.99876803,60,0,1,1,0
person146,-60,14,E:\Thesis\Dataset\correct_angle_all\person146\left\60_degree_14.png,0,0.2521049,3,0.95513654,60,0,1,1,0
person146,-60,18,E:\Thesis\Dataset\correct_angle_all\person146\left\60_degree_18.png,0,0.28126562,3,0.9711874,60,0,1,1,0
person146,-45,2,E:\Thesis\Dataset\correct_angle_all\person146\left\45_degree_02.png,0,0.21418977,3,0.51238316,45,0,1,1,0
person146,-45,9,E:\Thesis\Dataset\correct_angle_all\person146\left\45_degree_09.png,0,0.14867355,3,0.46190083,45,0,1,1,0
person146,-30,2,E:\Thesis\Dataset\correct_angle_all\person146\left\30_degree_02.png,0,0.34506917,3,0.97825414,30,0,1,1,0
person146,-30,9,E:\Thesis\Dataset\correct_angle_all\person146\left\30_degree_09.png,0,0.28105196,3,0.9808908,30,0,1,1,0
person146,-30,14,E:\Thesis\Dataset\correct_angle_all\person146\left\30_degree_14.png,0,0.23621221,3,0.7687037,30,0,1,1,0
person146,-30,18,E:\Thesis\Dataset\correct_angle_all\person146\left\30_degree_18.png,0,0.31741825,3,0.92051935,30,0,1,1,0
person146,-15,2,E:\Thesis\Dataset\correct_angle_all\person146\left\15_degree02.png,0,0.21342134,3,0.7395533,15,0,1,1,0
person146,-15,9,E:\Thesis\Dataset\correct_angle_all\person146\left\15_degree09.png,0,0.16744703,3,0.34279108,15,0,1,1,0
person146,-15,14,E:\Thesis\Dataset\correct_angle_all\person146\left\15_degree14.png,0,0.1861447,3,0.58651394,15,0,1,1,0
person146,-15,18,E:\Thesis\Dataset\correct_angle_all\person146\left\15_degree18.png,0,0.1445481,3,0.40218294,15,0,1,1,0
person146,30,2,E:\Thesis\Dataset\correct_angle_all\person146\right\30_degree02.png,0,0.22247784,3,0.9344589,30,0,1,1,0
person146,30,9,E:\Thesis\Dataset\correct_angle_all\person146\right\30_degree09.png,0,0.23689122,3,0.98440146,30,0,1,1,0
person146,30,14,E:\Thesis\Dataset\correct_angle_all\person146\right\30_degree14.png,0,0.15661298,3,0.99045485,30,0,1,1,0
person146,30,18,E:\Thesis\Dataset\correct_angle_all\person146\right\30_degree18.png,0,0.21208562,3,0.9838752,30,0,1,1,0
person146,45,9,E:\Thesis\Dataset\correct_angle_all\person146\right\45_degree09.png,0,0.228595,3,0.5624845,45,0,1,1,0
person146,60,2,E:\Thesis\Dataset\correct_angle_all\person146\right\60_degree02.png,0,0.09398645,3,0.99574226,60,0,1,1,0
person146,60,9,E:\Thesis\Dataset\correct_angle_all\person146\right\60_degree09.png,0,0.099004336,3,0.91500586,60,0,1,1,0
person146,60,14,E:\Thesis\Dataset\correct_angle_all\person146\right\60_degree14.png,0,0.06735404,3,0.9308672,60,0,1,1,0
person146,60,18,E:\Thesis\Dataset\correct_angle_all\person146\right\60_degree18.png,0,0.082826436,3,0.9589099,60,0,1,1,0
person147,-75,2,E:\Thesis\Dataset\correct_angle_all\person147\left\75_degree_02.png,0,0.29744613,3,0.20390801,75,0,1,1,0
person147,-75,9,E:\Thesis\Dataset\correct_angle_all\person147\left\75_degree_09.png,0,0.14689972,3,0.32722846,75,0,1,1,0
person147,-75,18,E:\Thesis\Dataset\correct_angle_all\person147\left\75_degree_18.png,0,0.15121387,3,0.4795438,75,0,1,1,0
person147,-60,2,E:\Thesis\Dataset\correct_angle_all\person147\left\60_degree_02.png,0,0.16186295,3,0.9183753,60,0,1,1,0
person147,-60,9,E:\Thesis\Dataset\correct_angle_all\person147\left\60_degree_09.png,0,0.17443532,3,0.9731002,60,0,1,1,0
person147,-60,14,E:\Thesis\Dataset\correct_angle_all\person147\left\60_degree_14.png,0,0.15497811,3,0.98186713,60,0,1,1,0
person147,-60,18,E:\Thesis\Dataset\correct_angle_all\person147\left\60_degree_18.png,0,0.15218961,3,0.9918398,60,0,1,1,0
person147,-45,2,E:\Thesis\Dataset\correct_angle_all\person147\left\45_degree_02.png,0,0.11260015,3,0.6536078,45,0,1,1,0
person147,-45,9,E:\Thesis\Dataset\correct_angle_all\person147\left\45_degree_09.png,0,0.14804843,3,0.79250026,45,0,1,1,0
person147,-45,14,E:\Thesis\Dataset\correct_angle_all\person147\left\45_degree_14.png,0,0.14514758,3,0.4190935,45,0,1,1,0
person147,-45,18,E:\Thesis\Dataset\correct_angle_all\person147\left\45_degree_18.png,0,0.1317691,3,0.87171906,45,0,1,1,0
person147,-30,2,E:\Thesis\Dataset\correct_angle_all\person147\left\30_degree_02.png,0,0.15963049,3,0.89467925,30,0,1,1,0
person147,-30,9,E:\Thesis\Dataset\correct_angle_all\person147\left\30_degree_09.png,0,0.18526028,3,0.9944191,30,0,1,1,0
person147,-30,14,E:\Thesis\Dataset\correct_angle_all\person147\left\30_degree_14.png,0,0.1500328,3,0.82110924,30,0,1,1,0
person147,-30,18,E:\Thesis\Dataset\correct_angle_all\person147\left\30_degree_18.png,0,0.17162864,3,0.9962101,30,0,1,1,0
person147,-15,2,E:\Thesis\Dataset\correct_angle_all\person147\left\15_degree02.png,0,0.0647703,3,0.61767846,15,0,1,1,0
person147,-15,9,E:\Thesis\Dataset\correct_angle_all\person147\left\15_degree09.png,0,0.061488982,3,0.8127026,15,0,1,1,0
person147,-15,14,E:\Thesis\Dataset\correct_angle_all\person147\left\15_degree14.png,0,0.11965368,3,0.6289479,15,0,1,1,0
person147,-15,18,E:\Thesis\Dataset\correct_angle_all\person147\left\15_degree18.png,0,0.0707999,3,0.84645325,15,0,1,1,0
person147,15,2,E:\Thesis\Dataset\correct_angle_all\person147\right\15_degree02.png,0,0.097000755,3,0.80055636,15,0,1,1,0
person147,30,2,E:\Thesis\Dataset\correct_angle_all\person147\right\30_degree02.png,0,0.11384556,3,0.96378213,30,0,1,1,0
person147,30,9,E:\Thesis\Dataset\correct_angle_all\person147\right\30_degree09.png,0,0.1083233,3,0.99828523,30,0,1,1,0
person147,30,14,E:\Thesis\Dataset\correct_angle_all\person147\right\30_degree14.png,0,0.116135955,3,0.9962327,30,0,1,1,0
person147,30,18,E:\Thesis\Dataset\correct_angle_all\person147\right\30_degree18.png,0,0.11364591,3,0.99770904,30,0,1,1,0
person147,45,2,E:\Thesis\Dataset\correct_angle_all\person147\right\45_degree02.png,0,0.11136963,3,0.693206,45,0,1,1,0
person147,45,9,E:\Thesis\Dataset\correct_angle_all\person147\right\45_degree09.png,0,0.12007103,3,0.96644753,45,0,1,1,0
person147,45,14,E:\Thesis\Dataset\correct_angle_all\person147\right\45_degree14.png,0,0.16400109,3,0.8211746,45,0,1,1,0
person147,45,18,E:\Thesis\Dataset\correct_angle_all\person147\right\45_degree18.png,0,0.12745388,3,0.9769313,45,0,1,1,0
person147,60,2,E:\Thesis\Dataset\correct_angle_all\person147\right\60_degree02.png,0,0.12543465,3,0.98594636,60,0,1,1,0
person147,60,9,E:\Thesis\Dataset\correct_angle_all\person147\right\60_degree09.png,0,0.16970544,3,0.9970074,60,0,1,1,0
person147,60,14,E:\Thesis\Dataset\correct_angle_all\person147\right\60_degree14.png,0,0.14461026,3,0.92244816,60,0,1,1,0
person147,60,18,E:\Thesis\Dataset\correct_angle_all\person147\right\60_degree18.png,0,0.1775624,3,0.9980306,60,0,1,1,0
person147,75,9,E:\Thesis\Dataset\correct_angle_all\person147\right\75_degree09.png,0,0.18434711,3,0.82885104,75,0,1,1,0
person147,75,14,E:\Thesis\Dataset\correct_angle_all\person147\right\75_degree14.png,0,0.17797883,3,0.6984822,75,0,1,1,0
person147,75,18,E:\Thesis\Dataset\correct_angle_all\person147\right\75_degree18.png,0,0.19022389,3,0.9043552,75,0,1,1,0
person147,90,9,E:\Thesis\Dataset\correct_angle_all\person147\right\90_degree09.png,0,0.18899052,3,0.2791151,90,0,1,1,0
person147,90,14,E:\Thesis\Dataset\correct_angle_all\person147\right\90_degree14.png,0,0.17619735,3,0.40571514,90,0,1,1,0
person148,-60,2,E:\Thesis\Dataset\correct_angle_all\person148\left\60_degree_02.png,0,0.19620131,3,0.94806385,60,0,1,1,0
person148,-60,9,E:\Thesis\Dataset\correct_angle_all\person148\left\60_degree_09.png,0,0.2162899,3,0.9873883,60,0,1,1,0
person148,-60,14,E:\Thesis\Dataset\correct_angle_all\person148\left\60_degree_14.png,0,0.29371786,3,0.912018,60,0,1,1,0
person148,-60,18,E:\Thesis\Dataset\correct_angle_all\person148\left\60_degree_18.png,0,0.1626669,3,0.9772911,60,0,1,1,0
person148,-45,2,E:\Thesis\Dataset\correct_angle_all\person148\left\45_degree_02.png,0,0.18503626,3,0.72832966,45,0,1,1,0
person148,-45,9,E:\Thesis\Dataset\correct_angle_all\person148\left\45_degree_09.png,0,0.17446983,3,0.9156104,45,0,1,1,0
person148,-45,14,E:\Thesis\Dataset\correct_angle_all\person148\left\45_degree_14.png,0,0.27530926,3,0.75516814,45,0,1,1,0
person148,-45,18,E:\Thesis\Dataset\correct_angle_all\person148\left\45_degree_18.png,0,0.17486054,3,0.8158617,45,0,1,1,0
person148,-30,2,E:\Thesis\Dataset\correct_angle_all\person148\left\30_degree_02.png,0,0.26993692,3,0.7588186,30,0,1,1,0
person148,-30,9,E:\Thesis\Dataset\correct_angle_all\person148\left\30_degree_09.png,0,0.23364373,3,0.990515,30,0,1,1,0
person148,-30,14,E:\Thesis\Dataset\correct_angle_all\person148\left\30_degree_14.png,0,0.31173155,3,0.94354534,30,0,1,1,0
person148,-30,18,E:\Thesis\Dataset\correct_angle_all\person148\left\30_degree_18.png,0,0.30929804,3,0.9620263,30,0,1,1,0
person148,-15,9,E:\Thesis\Dataset\correct_angle_all\person148\left\15_degree09.png,0,0.13138372,3,0.8956349,15,0,1,1,0
person148,-15,14,E:\Thesis\Dataset\correct_angle_all\person148\left\15_degree14.png,0,0.092538975,3,0.81057376,15,0,1,1,0
person148,-15,18,E:\Thesis\Dataset\correct_angle_all\person148\left\15_degree18.png,0,0.14551313,3,0.8171286,15,0,1,1,0
person148,15,2,E:\Thesis\Dataset\correct_angle_all\person148\right\15_degree02.png,0,0.09074036,3,0.8645281,15,0,1,1,0
person148,15,9,E:\Thesis\Dataset\correct_angle_all\person148\right\15_degree09.png,0,0.19042198,3,0.79192734,15,0,1,1,0
person148,15,14,E:\Thesis\Dataset\correct_angle_all\person148\right\15_degree14.png,0,0.20503117,3,0.8013409,15,0,1,1,0
person148,30,2,E:\Thesis\Dataset\correct_angle_all\person148\right\30_degree02.png,0,0.17864585,3,0.98512936,30,0,1,1,0
person148,30,9,E:\Thesis\Dataset\correct_angle_all\person148\right\30_degree09.png,0,0.32706574,3,0.96645707,30,0,1,1,0
person148,30,14,E:\Thesis\Dataset\correct_angle_all\person148\right\30_degree14.png,0,0.22884434,3,0.97947615,30,0,1,1,0
person148,30,18,E:\Thesis\Dataset\correct_angle_all\person148\right\30_degree18.png,0,0.26393422,3,0.97833484,30,0,1,1,0
person148,60,2,E:\Thesis\Dataset\correct_angle_all\person148\right\60_degree02.png,0,0.07504647,3,0.8364904,60,0,1,1,0
person148,60,9,E:\Thesis\Dataset\correct_angle_all\person148\right\60_degree09.png,0,0.13478504,3,0.9950917,60,0,1,1,0
person148,60,14,E:\Thesis\Dataset\correct_angle_all\person148\right\60_degree14.png,0,0.13164355,3,0.99697304,60,0,1,1,0
person148,60,18,E:\Thesis\Dataset\correct_angle_all\person148\right\60_degree18.png,0,0.14437504,3,0.9976406,60,0,1,1,0
person149,-75,9,E:\Thesis\Dataset\correct_angle_all\person149\left\75_degree_09.png,0,0.16263045,3,0.46922445,75,0,1,1,0
person149,-75,18,E:\Thesis\Dataset\correct_angle_all\person149\left\75_degree_18.png,0,0.1737959,3,0.30107772,75,0,1,1,0
person149,-60,2,E:\Thesis\Dataset\correct_angle_all\person149\left\60_degree_02.png,0,0.22082452,3,0.80236983,60,0,1,1,0
person149,-60,9,E:\Thesis\Dataset\correct_angle_all\person149\left\60_degree_09.png,0,0.13223614,3,0.99484557,60,0,1,1,0
person149,-60,14,E:\Thesis\Dataset\correct_angle_all\person149\left\60_degree_14.png,0,0.10100464,3,0.98246604,60,0,1,1,0
person149,-60,18,E:\Thesis\Dataset\correct_angle_all\person149\left\60_degree_18.png,0,0.17302763,3,0.9957533,60,0,1,1,0
person149,-45,2,E:\Thesis\Dataset\correct_angle_all\person149\left\45_degree_02.png,0,0.24717544,3,0.89324427,45,0,1,1,0
person149,-45,9,E:\Thesis\Dataset\correct_angle_all\person149\left\45_degree_09.png,0,0.17944926,3,0.7249741,45,0,1,1,0
person149,-45,14,E:\Thesis\Dataset\correct_angle_all\person149\left\45_degree_14.png,0,0.25884187,3,0.64951676,45,0,1,1,0
person149,-45,18,E:\Thesis\Dataset\correct_angle_all\person149\left\45_degree_18.png,0,0.2893232,3,0.8087681,45,0,1,1,0
person149,-30,2,E:\Thesis\Dataset\correct_angle_all\person149\left\30_degree_02.png,0,0.18010771,3,0.9945645,30,0,1,1,0
person149,-30,9,E:\Thesis\Dataset\correct_angle_all\person149\left\30_degree_09.png,0,0.1900286,3,0.96004504,30,0,1,1,0
person149,-30,18,E:\Thesis\Dataset\correct_angle_all\person149\left\30_degree_18.png,0,0.26375017,3,0.97816366,30,0,1,1,0
person149,30,2,E:\Thesis\Dataset\correct_angle_all\person149\right\30_degree02.png,0,0.14667119,3,0.96167064,30,0,1,1,0
person149,30,9,E:\Thesis\Dataset\correct_angle_all\person149\right\30_degree09.png,0,0.29724506,3,0.9953651,30,0,1,1,0
person149,30,14,E:\Thesis\Dataset\correct_angle_all\person149\right\30_degree14.png,0,0.23955733,3,0.9951496,30,0,1,1,0
person149,30,18,E:\Thesis\Dataset\correct_angle_all\person149\right\30_degree18.png,0,0.32338962,3,0.99520016,30,0,1,1,0
person149,45,9,E:\Thesis\Dataset\correct_angle_all\person149\right\45_degree09.png,0,0.3871782,3,0.7035461,45,0,1,1,0
person149,45,18,E:\Thesis\Dataset\correct_angle_all\person149\right\45_degree18.png,0,0.31978783,3,0.67782193,45,0,1,1,0
person149,60,2,E:\Thesis\Dataset\correct_angle_all\person149\right\60_degree02.png,0,0.06367584,3,0.8388357,60,0,1,1,0
person149,60,9,E:\Thesis\Dataset\correct_angle_all\person149\right\60_degree09.png,0,0.10514488,3,0.99361277,60,0,1,1,0
person149,60,14,E:\Thesis\Dataset\correct_angle_all\person149\right\60_degree14.png,0,0.07021692,3,0.81963223,60,0,1,1,0
person149,60,18,E:\Thesis\Dataset\correct_angle_all\person149\right\60_degree18.png,0,0.10490072,3,0.99709034,60,0,1,1,0
person149,75,18,E:\Thesis\Dataset\correct_angle_all\person149\right\75_degree18.png,0,0.098592915,3,0.69424385,75,0,1,1,0
person149,90,18,E:\Thesis\Dataset\correct_angle_all\person149\right\90_degree18.png,0,0.07027532,3,0.3955731,90,0,1,1,0
person150,-60,2,E:\Thesis\Dataset\correct_angle_all\person150\left\60_degree_02.png,0,0.13279517,3,0.8349044,60,0,1,1,0
person150,-60,9,E:\Thesis\Dataset\correct_angle_all\person150\left\60_degree_09.png,0,0.12114203,3,0.9105861,60,0,1,1,0
person150,-60,14,E:\Thesis\Dataset\correct_angle_all\person150\left\60_degree_14.png,0,0.09869755,3,0.7958072,60,0,1,1,0
person150,-60,18,E:\Thesis\Dataset\correct_angle_all\person150\left\60_degree_18.png,0,0.13005547,3,0.7511293,60,0,1,1,0
person150,-45,9,E:\Thesis\Dataset\correct_angle_all\person150\left\45_degree_09.png,0,0.137004,3,0.5474363,45,0,1,1,0
person150,-45,14,E:\Thesis\Dataset\correct_angle_all\person150\left\45_degree_14.png,0,0.11938084,3,0.39916047,45,0,1,1,0
person150,-30,2,E:\Thesis\Dataset\correct_angle_all\person150\left\30_degree_02.png,0,0.079023324,3,0.9807274,30,0,1,1,0
person150,-30,9,E:\Thesis\Dataset\correct_angle_all\person150\left\30_degree_09.png,0,0.062047254,3,0.9952732,30,0,1,1,0
person150,-30,14,E:\Thesis\Dataset\correct_angle_all\person150\left\30_degree_14.png,0,0.076593444,3,0.99758667,30,0,1,1,0
person150,-30,18,E:\Thesis\Dataset\correct_angle_all\person150\left\30_degree_18.png,0,0.06833122,3,0.9945247,30,0,1,1,0
person150,-15,2,E:\Thesis\Dataset\correct_angle_all\person150\left\15_degree02.png,0,0.03991783,3,0.6877424,15,0,1,1,0
person150,-15,9,E:\Thesis\Dataset\correct_angle_all\person150\left\15_degree09.png,0,0.06175525,3,0.7569106,15,0,1,1,0
person150,-15,18,E:\Thesis\Dataset\correct_angle_all\person150\left\15_degree18.png,0,0.060961947,3,0.52011746,15,0,1,1,0
person150,15,2,E:\Thesis\Dataset\correct_angle_all\person150\right\15_degree02.png,0,0.0982343,3,0.9032912,15,0,1,1,0
person150,15,9,E:\Thesis\Dataset\correct_angle_all\person150\right\15_degree09.png,0,0.1268553,3,0.7789567,15,0,1,1,0
person150,15,14,E:\Thesis\Dataset\correct_angle_all\person150\right\15_degree14.png,0,0.21597254,3,0.8033406,15,0,1,1,0
person150,15,18,E:\Thesis\Dataset\correct_angle_all\person150\right\15_degree18.png,0,0.11997675,3,0.64107794,15,0,1,1,0
person150,30,2,E:\Thesis\Dataset\correct_angle_all\person150\right\30_degree02.png,0,0.1350918,3,0.99141437,30,0,1,1,0
person150,30,9,E:\Thesis\Dataset\correct_angle_all\person150\right\30_degree09.png,0,0.13496144,3,0.9706815,30,0,1,1,0
person150,30,14,E:\Thesis\Dataset\correct_angle_all\person150\right\30_degree14.png,0,0.16433269,3,0.963929,30,0,1,1,0
person150,30,18,E:\Thesis\Dataset\correct_angle_all\person150\right\30_degree18.png,0,0.13919388,3,0.958301,30,0,1,1,0
person150,45,2,E:\Thesis\Dataset\correct_angle_all\person150\right\45_degree02.png,0,0.19397128,3,0.77568674,45,0,1,1,0
person150,45,9,E:\Thesis\Dataset\correct_angle_all\person150\right\45_degree09.png,0,0.2564883,3,0.6045715,45,0,1,1,0
person150,45,14,E:\Thesis\Dataset\correct_angle_all\person150\right\45_degree14.png,0,0.24091196,3,0.7376612,45,0,1,1,0
person150,45,18,E:\Thesis\Dataset\correct_angle_all\person150\right\45_degree18.png,0,0.21061735,3,0.7834304,45,0,1,1,0
person150,60,2,E:\Thesis\Dataset\correct_angle_all\person150\right\60_degree02.png,0,0.09568399,3,0.92587185,60,0,1,1,0
person150,60,9,E:\Thesis\Dataset\correct_angle_all\person150\right\60_degree09.png,0,0.18286969,3,0.99541444,60,0,1,1,0
person150,60,14,E:\Thesis\Dataset\correct_angle_all\person150\right\60_degree14.png,0,0.12352251,3,0.93302566,60,0,1,1,0
person150,60,18,E:\Thesis\Dataset\correct_angle_all\person150\right\60_degree18.png,0,0.17522746,3,0.99439937,60,0,1,1,0
person150,75,9,E:\Thesis\Dataset\correct_angle_all\person150\right\75_degree09.png,0,0.15124667,3,0.9698117,75,0,1,1,0
person150,75,14,E:\Thesis\Dataset\correct_angle_all\person150\right\75_degree14.png,0,0.15259682,3,0.775801,75,0,1,1,0
person150,75,18,E:\Thesis\Dataset\correct_angle_all\person150\right\75_degree18.png,0,0.14551176,3,0.9513952,75,0,1,1,0
person150,90,2,E:\Thesis\Dataset\correct_angle_all\person150\right\90_degree02.png,0,0.08898207,3,0.2235213,90,0,1,1,0
person150,90,9,E:\Thesis\Dataset\correct_angle_all\person150\right\90_degree09.png,0,0.12469367,3,0.4448483,90,0,1,1,0
person150,90,14,E:\Thesis\Dataset\correct_angle_all\person150\right\90_degree14.png,0,0.1251394,3,0.4097604,90,0,1,1,0
person150,90,18,E:\Thesis\Dataset\correct_angle_all\person150\right\90_degree18.png,0,0.12789352,3,0.28106347,90,0,1,1,0
person151,-75,2,E:\Thesis\Dataset\correct_angle_all\person151\left\75_degree_02.png,0,0.18143515,3,0.6979311,75,0,1,1,0
person151,-75,9,E:\Thesis\Dataset\correct_angle_all\person151\left\75_degree_09.png,0,0.23713465,3,0.6654814,75,0,1,1,0
person151,-75,18,E:\Thesis\Dataset\correct_angle_all\person151\left\75_degree_18.png,0,0.25736272,3,0.45202133,75,0,1,1,0
person151,-60,2,E:\Thesis\Dataset\correct_angle_all\person151\left\60_degree_02.png,0,0.08405917,3,0.9741397,60,0,1,1,0
person151,-60,9,E:\Thesis\Dataset\correct_angle_all\person151\left\60_degree_09.png,0,0.1462834,3,0.9923429,60,0,1,1,0
person151,-60,14,E:\Thesis\Dataset\correct_angle_all\person151\left\60_degree_14.png,0,0.1321901,3,0.9261736,60,0,1,1,0
person151,-60,18,E:\Thesis\Dataset\correct_angle_all\person151\left\60_degree_18.png,0,0.1456619,3,0.98104334,60,0,1,1,0
person151,-45,9,E:\Thesis\Dataset\correct_angle_all\person151\left\45_degree_09.png,0,0.17504168,3,0.59670454,45,0,1,1,0
person151,-45,14,E:\Thesis\Dataset\correct_angle_all\person151\left\45_degree_14.png,0,0.14925413,3,0.4510481,45,0,1,1,0
person151,-45,18,E:\Thesis\Dataset\correct_angle_all\person151\left\45_degree_18.png,0,0.18836103,3,0.5888519,45,0,1,1,0
person151,-30,9,E:\Thesis\Dataset\correct_angle_all\person151\left\30_degree_09.png,0,0.24318397,3,0.9892676,30,0,1,1,0
person151,-30,14,E:\Thesis\Dataset\correct_angle_all\person151\left\30_degree_14.png,0,0.18724346,3,0.9516625,30,0,1,1,0
person151,-30,18,E:\Thesis\Dataset\correct_angle_all\person151\left\30_degree_18.png,0,0.32798982,3,0.98537606,30,0,1,1,0
person151,30,2,E:\Thesis\Dataset\correct_angle_all\person151\right\30_degree02.png,0,0.10616517,3,0.7783974,30,0,1,1,0
person151,30,9,E:\Thesis\Dataset\correct_angle_all\person151\right\30_degree09.png,0,0.09880211,3,0.9849544,30,0,1,1,0
person151,30,14,E:\Thesis\Dataset\correct_angle_all\person151\right\30_degree14.png,0,0.08360911,3,0.99636,30,0,1,1,0
person151,30,18,E:\Thesis\Dataset\correct_angle_all\person151\right\30_degree18.png,0,0.07716774,3,0.9905167,30,0,1,1,0
person151,45,2,E:\Thesis\Dataset\correct_angle_all\person151\right\45_degree02.png,0,0.16616985,3,0.6520574,45,0,1,1,0
person151,45,9,E:\Thesis\Dataset\correct_angle_all\person151\right\45_degree09.png,0,0.17789395,3,0.709708,45,0,1,1,0
person151,45,14,E:\Thesis\Dataset\correct_angle_all\person151\right\45_degree14.png,0,0.108467214,3,0.6307754,45,0,1,1,0
person151,45,18,E:\Thesis\Dataset\correct_angle_all\person151\right\45_degree18.png,0,0.15768604,3,0.6665117,45,0,1,1,0
person151,60,2,E:\Thesis\Dataset\correct_angle_all\person151\right\60_degree02.png,0,0.09189675,3,0.99493915,60,0,1,1,0
person151,60,9,E:\Thesis\Dataset\correct_angle_all\person151\right\60_degree09.png,0,0.054317385,3,0.9527974,60,0,1,1,0
person151,60,14,E:\Thesis\Dataset\correct_angle_all\person151\right\60_degree14.png,0,0.06541934,3,0.9766107,60,0,1,1,0
person151,60,18,E:\Thesis\Dataset\correct_angle_all\person151\right\60_degree18.png,0,0.06933335,3,0.9737513,60,0,1,1,0
person152,-90,2,E:\Thesis\Dataset\correct_angle_all\person152\left\90_degree_02.png,0,0.16492723,3,0.14169373,90,0,1,1,0
person152,-60,2,E:\Thesis\Dataset\correct_angle_all\person152\left\60_degree_02.png,0,0.12228143,3,0.5083247,60,0,1,1,0
person152,-60,9,E:\Thesis\Dataset\correct_angle_all\person152\left\60_degree_09.png,0,0.09280408,3,0.98975086,60,0,1,1,0
person152,-60,14,E:\Thesis\Dataset\correct_angle_all\person152\left\60_degree_14.png,0,0.088957846,3,0.6306279,60,0,1,1,0
person152,-60,18,E:\Thesis\Dataset\correct_angle_all\person152\left\60_degree_18.png,0,0.109403424,3,0.95773965,60,0,1,1,0
person152,-45,2,E:\Thesis\Dataset\correct_angle_all\person152\left\45_degree_02.png,0,0.31029746,3,0.74729997,45,0,1,1,0
person152,-45,9,E:\Thesis\Dataset\correct_angle_all\person152\left\45_degree_09.png,0,0.23029266,3,0.7904775,45,0,1,1,0
person152,-45,14,E:\Thesis\Dataset\correct_angle_all\person152\left\45_degree_14.png,0,0.17795236,3,0.33953568,45,0,1,1,0
person152,-45,18,E:\Thesis\Dataset\correct_angle_all\person152\left\45_degree_18.png,0,0.22829889,3,0.76880103,45,0,1,1,0
person152,-30,2,E:\Thesis\Dataset\correct_angle_all\person152\left\30_degree_02.png,0,0.409722,3,0.98677355,30,0,1,1,0
person152,-30,9,E:\Thesis\Dataset\correct_angle_all\person152\left\30_degree_09.png,0,0.36927533,3,0.996506,30,0,1,1,0
person152,-30,14,E:\Thesis\Dataset\correct_angle_all\person152\left\30_degree_14.png,0,0.3335587,3,0.95069027,30,0,1,1,0
person152,-30,18,E:\Thesis\Dataset\correct_angle_all\person152\left\30_degree_18.png,0,0.3828334,3,0.97988844,30,0,1,1,0
person152,-15,2,E:\Thesis\Dataset\correct_angle_all\person152\left\15_degree02.png,0,0.10628744,3,0.54632014,15,0,1,1,0
person152,-15,9,E:\Thesis\Dataset\correct_angle_all\person152\left\15_degree09.png,0,0.17623514,3,0.8266663,15,0,1,1,0
person152,-15,14,E:\Thesis\Dataset\correct_angle_all\person152\left\15_degree14.png,0,0.156627,3,0.6187007,15,0,1,1,0
person152,-15,18,E:\Thesis\Dataset\correct_angle_all\person152\left\15_degree18.png,0,0.15833978,3,0.8057483,15,0,1,1,0
person152,15,14,E:\Thesis\Dataset\correct_angle_all\person152\right\15_degree14.png,0,0.11304909,3,0.23287529,15,0,1,1,0
person152,30,2,E:\Thesis\Dataset\correct_angle_all\person152\right\30_degree02.png,0,0.10812968,3,0.9380646,30,0,1,1,0
person152,30,9,E:\Thesis\Dataset\correct_angle_all\person152\right\30_degree09.png,0,0.18869595,3,0.9782279,30,0,1,1,0
person152,30,14,E:\Thesis\Dataset\correct_angle_all\person152\right\30_degree14.png,0,0.18953215,3,0.9977018,30,0,1,1,0
person152,30,18,E:\Thesis\Dataset\correct_angle_all\person152\right\30_degree18.png,0,0.16028549,3,0.9881182,30,0,1,1,0
person152,45,14,E:\Thesis\Dataset\correct_angle_all\person152\right\45_degree14.png,0,0.17167006,3,0.38661864,45,0,1,1,0
person152,60,2,E:\Thesis\Dataset\correct_angle_all\person152\right\60_degree02.png,0,0.09991538,3,0.9041596,60,0,1,1,0
person152,60,9,E:\Thesis\Dataset\correct_angle_all\person152\right\60_degree09.png,0,0.1090901,3,0.5958851,60,0,1,1,0
person152,60,14,E:\Thesis\Dataset\correct_angle_all\person152\right\60_degree14.png,0,0.07700289,3,0.50034004,60,0,1,1,0
person152,60,18,E:\Thesis\Dataset\correct_angle_all\person152\right\60_degree18.png,0,0.11248679,3,0.7792775,60,0,1,1,0
person153,-75,2,E:\Thesis\Dataset\correct_angle_all\person153\left\75_degree_02.png,0,0.11862084,3,0.68392897,75,0,1,1,0
person153,-75,9,E:\Thesis\Dataset\correct_angle_all\person153\left\75_degree_09.png,0,0.12378082,3,0.8514622,75,0,1,1,0
person153,-75,14,E:\Thesis\Dataset\correct_angle_all\person153\left\75_degree_14.png,0,0.09089303,3,0.3557773,75,0,1,1,0
person153,-75,18,E:\Thesis\Dataset\correct_angle_all\person153\left\75_degree_18.png,0,0.114858545,3,0.96593326,75,0,1,1,0
person153,-60,2,E:\Thesis\Dataset\correct_angle_all\person153\left\60_degree_02.png,0,0.10748734,3,0.9392068,60,0,1,1,0
person153,-60,9,E:\Thesis\Dataset\correct_angle_all\person153\left\60_degree_09.png,0,0.12780535,3,0.99513507,60,0,1,1,0
person153,-60,14,E:\Thesis\Dataset\correct_angle_all\person153\left\60_degree_14.png,0,0.09181418,3,0.99695474,60,0,1,1,0
person153,-60,18,E:\Thesis\Dataset\correct_angle_all\person153\left\60_degree_18.png,0,0.120259605,3,0.9972067,60,0,1,1,0
person153,-45,2,E:\Thesis\Dataset\correct_angle_all\person153\left\45_degree_02.png,0,0.11284608,3,0.84071046,45,0,1,1,0
person153,-45,9,E:\Thesis\Dataset\correct_angle_all\person153\left\45_degree_09.png,0,0.08893017,3,0.9611923,45,0,1,1,0
person153,-45,14,E:\Thesis\Dataset\correct_angle_all\person153\left\45_degree_14.png,0,0.11785946,3,0.9040084,45,0,1,1,0
person153,-45,18,E:\Thesis\Dataset\correct_angle_all\person153\left\45_degree_18.png,0,0.095134236,3,0.94197816,45,0,1,1,0
person153,-30,2,E:\Thesis\Dataset\correct_angle_all\person153\left\30_degree_02.png,0,0.12402391,3,0.99377877,30,0,1,1,0
person153,-30,9,E:\Thesis\Dataset\correct_angle_all\person153\left\30_degree_09.png,0,0.10119862,3,0.99526525,30,0,1,1,0
person153,-30,14,E:\Thesis\Dataset\correct_angle_all\person153\left\30_degree_14.png,0,0.118441306,3,0.99324113,30,0,1,1,0
person153,-30,18,E:\Thesis\Dataset\correct_angle_all\person153\left\30_degree_18.png,0,0.09797145,3,0.996141,30,0,1,1,0
person153,-15,14,E:\Thesis\Dataset\correct_angle_all\person153\left\15_degree14.png,0,0.08090491,3,0.53606254,15,0,1,1,0
person153,15,2,E:\Thesis\Dataset\correct_angle_all\person153\right\15_degree02.png,0,0.07188785,3,0.84261197,15,0,1,1,0
person153,15,9,E:\Thesis\Dataset\correct_angle_all\person153\right\15_degree09.png,0,0.101468705,3,0.92374855,15,0,1,1,0
person153,15,14,E:\Thesis\Dataset\correct_angle_all\person153\right\15_degree14.png,0,0.08553844,3,0.70794195,15,0,1,1,0
person153,15,18,E:\Thesis\Dataset\correct_angle_all\person153\right\15_degree18.png,0,0.10098803,3,0.8589775,15,0,1,1,0
person153,30,2,E:\Thesis\Dataset\correct_angle_all\person153\right\30_degree02.png,0,0.13242723,3,0.99244326,30,0,1,1,0
person153,30,9,E:\Thesis\Dataset\correct_angle_all\person153\right\30_degree09.png,0,0.12350873,3,0.9975734,30,0,1,1,0
person153,30,14,E:\Thesis\Dataset\correct_angle_all\person153\right\30_degree14.png,0,0.12866874,3,0.9535534,30,0,1,1,0
person153,30,18,E:\Thesis\Dataset\correct_angle_all\person153\right\30_degree18.png,0,0.113077186,3,0.9949644,30,0,1,1,0
person153,45,2,E:\Thesis\Dataset\correct_angle_all\person153\right\45_degree02.png,0,0.11125833,3,0.78106767,45,0,1,1,0
person153,45,9,E:\Thesis\Dataset\correct_angle_all\person153\right\45_degree09.png,0,0.12651448,3,0.98616743,45,0,1,1,0
person153,45,14,E:\Thesis\Dataset\correct_angle_all\person153\right\45_degree14.png,0,0.105330326,3,0.4185295,45,0,1,1,0
person153,45,18,E:\Thesis\Dataset\correct_angle_all\person153\right\45_degree18.png,0,0.11795557,3,0.93211395,45,0,1,1,0
person153,60,2,E:\Thesis\Dataset\correct_angle_all\person153\right\60_degree02.png,0,0.08843911,3,0.8744008,60,0,1,1,0
person153,60,9,E:\Thesis\Dataset\correct_angle_all\person153\right\60_degree09.png,0,0.11972346,3,0.9812789,60,0,1,1,0
person153,60,14,E:\Thesis\Dataset\correct_angle_all\person153\right\60_degree14.png,0,0.1418223,3,0.89085346,60,0,1,1,0
person153,60,18,E:\Thesis\Dataset\correct_angle_all\person153\right\60_degree18.png,0,0.15171699,3,0.9814074,60,0,1,1,0
person153,75,9,E:\Thesis\Dataset\correct_angle_all\person153\right\75_degree09.png,0,0.086839974,3,0.6478463,75,0,1,1,0
person153,75,14,E:\Thesis\Dataset\correct_angle_all\person153\right\75_degree14.png,0,0.104442954,3,0.18886666,75,0,1,1,0
person153,75,18,E:\Thesis\Dataset\correct_angle_all\person153\right\75_degree18.png,0,0.10860761,3,0.38259578,75,0,1,1,0
person153,90,9,E:\Thesis\Dataset\correct_angle_all\person153\right\90_degree09.png,0,0.072279,3,0.33058533,90,0,1,1,0
person153,90,18,E:\Thesis\Dataset\correct_angle_all\person153\right\90_degree18.png,0,0.059362203,3,0.240466,90,0,1,1,0
